Date,Open,High,Low,Close,Volume,VWAP,EPS,PE
1983-08-04,0.90026,0.90026,0.90026,0.90026,3909969,0.90026,,
1983-08-05,0.90026,0.90026,0.90026,0.90026,1180605,0.90026,,
1983-08-08,0.88389,0.88389,0.88389,0.88389,763645,0.88389,,
1983-08-09,0.88389,0.88389,0.88389,0.88389,313084,0.88389,,
1983-08-10,0.88389,0.88389,0.88389,0.88389,206175,0.88389,,
1983-08-11,0.90026,0.90026,0.90026,0.90026,192422,0.90026,,
1983-08-12,0.90026,0.90026,0.90026,0.90026,171042,0.90026,,
1983-08-15,0.96573,0.96573,0.96573,0.96573,345163,0.96573,,
1983-08-16,1.06,1.06,1.06,1.06,453596,1.06,,
1983-08-17,1.06,1.06,1.06,1.06,251988,1.06,,
1983-08-18,1.06,1.06,1.06,1.06,210743,1.06,,
1983-08-19,1.06,1.06,1.06,1.06,149650,1.06,,
1983-08-22,1.03,1.03,1.03,1.03,326822,1.03,,
1983-08-23,1.03,1.03,1.03,1.03,934714,1.03,,
1983-08-24,1.01,1.01,1.01,1.01,398611,1.01,,
1983-08-25,1.01,1.01,1.01,1.01,111484,1.01,,
1983-08-26,1.01,1.01,1.01,1.01,167996,1.01,,
1983-08-29,1.01,1.01,1.01,1.01,361959,1.01,,
1983-08-30,1.01,1.01,1.01,1.01,201593,1.01,,
1983-08-31,1.01,1.01,1.01,1.01,64131,1.01,,
1983-09-01,0.9821,0.9821,0.9821,0.9821,59538,0.9821,,
1983-09-02,0.9821,0.9821,0.9821,0.9821,27469,0.9821,,
1983-09-06,0.99847,0.99847,0.99847,0.99847,158821,0.99847,,
1983-09-07,1.01,1.01,1.01,1.01,59538,1.01,,
1983-09-08,1.03,1.03,1.03,1.03,51913,1.03,,
1983-09-09,1.03,1.03,1.03,1.03,45802,1.03,,
1983-09-12,1.03,1.03,1.03,1.03,19835,1.03,,
1983-09-13,1.05,1.05,1.05,1.05,76351,1.05,,
1983-09-14,1.06,1.06,1.06,1.06,163402,1.06,,
1983-09-15,1.08,1.08,1.08,1.08,192422,1.08,,
1983-09-16,1.13,1.13,1.13,1.13,255038,1.13,,
1983-09-19,1.15,1.15,1.15,1.15,82451,1.15,,
1983-09-20,1.16,1.16,1.16,1.16,58021,1.16,,
1983-09-21,1.16,1.16,1.16,1.16,30527,1.16,,
1983-09-22,1.16,1.16,1.16,1.16,114530,1.16,,
1983-09-23,1.16,1.16,1.16,1.16,76351,1.16,,
1983-09-26,1.18,1.18,1.18,1.18,73296,1.18,,
1983-09-27,1.19,1.19,1.19,1.19,16784,1.19,,
1983-09-28,1.19,1.19,1.19,1.19,77883,1.19,,
1983-09-29,1.21,1.21,1.21,1.21,120630,1.21,,
1983-09-30,1.21,1.21,1.21,1.21,21360,1.21,,
1983-10-03,1.21,1.21,1.21,1.21,360420,1.21,,
1983-10-04,1.21,1.21,1.21,1.21,16784,1.21,,
1983-10-05,1.21,1.21,1.21,1.21,24417,1.21,,
1983-10-06,1.21,1.21,1.21,1.21,39692,1.21,,
1983-10-07,1.19,1.19,1.19,1.19,64131,1.19,,
1983-10-10,1.19,1.19,1.19,1.19,10663,1.19,,
1983-10-11,1.19,1.19,1.19,1.19,79405,1.19,,
1983-10-12,1.18,1.18,1.18,1.18,19835,1.18,,
1983-10-13,1.18,1.18,1.18,1.18,9140,1.18,,
1983-10-14,1.18,1.18,1.18,1.18,7615,1.18,,
1983-10-17,1.16,1.16,1.16,1.16,32056,1.16,,
1983-10-18,1.13,1.13,1.13,1.13,62608,1.13,,
1983-10-19,1.1,1.1,1.1,1.1,62608,1.1,,
1983-10-20,1.1,1.1,1.1,1.1,62608,1.1,,
1983-10-21,1.1,1.1,1.1,1.1,12197,1.1,,
1983-10-24,1.1,1.1,1.1,1.1,18313,1.1,,
1983-10-25,1.68,1.68,1.68,1.68,0,1.68,,
1983-10-26,1.08,1.08,1.08,1.08,15251,1.08,,
1983-10-27,1.09,1.09,1.09,1.09,1506,1.09,,
1983-10-28,1.08,1.08,1.08,1.08,1506,1.08,,
1983-10-31,1.08,1.08,1.08,1.08,13726,1.08,,
1983-11-01,1.05,1.05,1.05,1.05,15251,1.05,,
1983-11-02,1.07,1.07,1.07,1.07,35110,1.07,,
1983-11-03,1.07,1.07,1.07,1.07,12197,1.07,,
1983-11-04,1.06,1.06,1.06,1.06,4559,1.06,,
1983-11-07,1.06,1.06,1.06,1.06,12197,1.06,,
1983-11-08,1.05,1.05,1.05,1.05,16784,1.05,,
1983-11-09,1.05,1.05,1.05,1.05,6092,1.05,,
1983-11-10,1.05,1.05,1.05,1.05,90089,1.05,,
1983-11-11,1.06,1.06,1.06,1.06,35110,1.06,,
1983-11-14,1.06,1.06,1.06,1.06,21360,1.06,,
1983-11-15,1.06,1.06,1.06,1.06,32056,1.06,,
1983-11-16,1.08,1.08,1.08,1.08,64131,1.08,,
1983-11-17,1.08,1.08,1.08,1.08,3036,1.08,,
1983-11-18,1.08,1.08,1.08,1.08,132851,1.08,,
1983-11-21,1.13,1.13,1.13,1.13,45802,1.13,,
1983-11-22,1.13,1.13,1.13,1.13,13726,1.13,,
1983-11-23,1.13,1.13,1.13,1.13,76351,1.13,,
1983-11-25,1.73,1.73,1.73,1.73,0,1.73,,
1983-11-28,1.13,1.13,1.13,1.13,41214,1.13,,
1983-11-29,1.73,1.83,1.73,1.73,997,1.76,,
1983-11-30,1.2,1.2,1.2,1.2,178679,1.2,,
1983-12-01,1.23,1.23,1.23,1.23,157302,1.23,,
1983-12-02,1.25,1.25,1.25,1.25,21360,1.25,,
1983-12-05,1.26,1.26,1.26,1.26,4559,1.26,,
1983-12-06,1.24,1.24,1.24,1.24,83987,1.24,,
1983-12-07,1.23,1.23,1.23,1.23,3036,1.23,,
1983-12-08,1.23,1.23,1.23,1.23,4559,1.23,,
1983-12-09,1.23,1.23,1.23,1.23,3036,1.23,,
1983-12-12,1.23,1.23,1.23,1.23,4559,1.23,,
1983-12-13,1.23,1.23,1.23,1.23,1506,1.23,,
1983-12-14,1.23,1.23,1.23,1.23,1506,1.23,,
1983-12-15,1.23,1.23,1.23,1.23,3036,1.23,,
1983-12-16,1.23,1.23,1.23,1.23,59538,1.23,,
1983-12-19,1.18,1.18,1.18,1.18,32056,1.18,,
1983-12-20,1.16,1.16,1.16,1.16,531486,1.16,,
1983-12-21,1.16,1.16,1.16,1.16,45802,1.16,,
1983-12-22,1.16,1.16,1.16,1.16,140500,1.16,,
1983-12-23,1.16,1.16,1.16,1.16,18313,1.16,,
1983-12-27,1.16,1.16,1.16,1.16,30527,1.16,,
1983-12-28,1.15,1.15,1.15,1.15,15251,1.15,,
1983-12-29,1.15,1.15,1.15,1.15,16784,1.15,,
1983-12-30,1.15,1.15,1.15,1.15,15251,1.15,,
1984-01-03,1.76,1.76,1.76,1.76,0,1.76,,
1984-01-04,1.16,1.16,1.16,1.16,3036,1.16,,
1984-01-05,1.2,1.2,1.2,1.2,73296,1.2,,
1984-01-06,1.2,1.2,1.2,1.2,9140,1.2,,
1984-01-09,1.84,1.84,1.84,1.84,0,1.84,,
1984-01-10,1.21,1.21,1.21,1.21,7615,1.21,,
1984-01-11,1.21,1.21,1.21,1.21,39692,1.21,,
1984-01-12,1.21,1.21,1.21,1.21,38160,1.21,,
1984-01-13,1.21,1.21,1.21,1.21,15251,1.21,,
1984-01-16,1.22,1.22,1.22,1.22,7615,1.22,,
1984-01-17,1.22,1.22,1.22,1.22,12197,1.22,,
1984-01-18,1.22,1.22,1.22,1.22,15251,1.22,,
1984-01-19,1.21,1.21,1.21,1.21,21360,1.21,,
1984-01-20,1.16,1.16,1.16,1.16,39692,1.16,,
1984-01-23,1.15,1.15,1.15,1.15,3036,1.15,,
1984-01-24,1.15,1.15,1.15,1.15,38160,1.15,,
1984-01-25,1.76,1.83,1.76,1.76,0,1.77,,
1984-01-26,1.15,1.15,1.15,1.15,4559,1.15,,
1984-01-27,1.15,1.15,1.15,1.15,3036,1.15,,
1984-01-30,1.15,1.15,1.15,1.15,7615,1.15,,
1984-01-31,1.15,1.15,1.15,1.15,10663,1.15,,
1984-02-01,1.15,1.15,1.15,1.15,1506,1.15,,
1984-02-02,1.15,1.15,1.15,1.15,44260,1.15,,
1984-02-03,1.15,1.15,1.15,1.15,3036,1.15,,
1984-02-06,1.08,1.08,1.08,1.08,53435,1.08,,
1984-02-07,1.08,1.08,1.08,1.08,25939,1.08,,
1984-02-08,1.08,1.08,1.08,1.08,6092,1.08,,
1984-02-09,1.06,1.06,1.06,1.06,35110,1.06,,
1984-02-10,1.06,1.06,1.06,1.06,6092,1.06,,
1984-02-13,1.05,1.05,1.05,1.05,3036,1.05,,
1984-02-14,1.05,1.05,1.05,1.05,21360,1.05,,
1984-02-15,1.05,1.05,1.05,1.05,30527,1.05,,
1984-02-16,1.05,1.05,1.05,1.05,18313,1.05,,
1984-02-17,1.03,1.03,1.03,1.03,3036,1.03,,
1984-02-21,1.01,1.01,1.01,1.01,16784,1.01,,
1984-02-22,1.01,1.01,1.01,1.01,3036,1.01,,
1984-02-23,1.55,1.55,1.55,1.55,0,1.55,,
1984-02-24,1.55,1.6,1.55,1.55,0,1.57,,
1984-02-27,1.03,1.03,1.03,1.03,15251,1.03,,
1984-02-28,0.99847,0.99847,0.99847,0.99847,18313,0.99847,,
1984-02-29,0.96573,0.96573,0.96573,0.96573,16784,0.96573,,
1984-03-01,0.96573,0.96573,0.96573,0.96573,1506,0.96573,,
1984-03-02,0.9821,0.9821,0.9821,0.9821,29000,0.9821,,
1984-03-05,0.9821,0.9821,0.9821,0.9821,4559,0.9821,,
1984-03-06,0.9821,0.9821,0.9821,0.9821,114530,0.9821,,
1984-03-07,0.9821,0.9821,0.9821,0.9821,97729,0.9821,,
1984-03-08,0.9821,0.9821,0.9821,0.9821,29000,0.9821,,
1984-03-09,0.9821,0.9821,0.9821,0.9821,33588,0.9821,,
1984-03-12,0.9821,0.9821,0.9821,0.9821,3036,0.9821,,
1984-03-13,0.9821,0.9821,0.9821,0.9821,3036,0.9821,,
1984-03-14,0.99847,0.99847,0.99847,0.99847,3036,0.99847,,
1984-03-15,0.99847,0.99847,0.99847,0.99847,44260,0.99847,,
1984-03-16,0.99847,0.99847,0.99847,0.99847,7615,0.99847,,
1984-03-19,1.53,1.53,1.53,1.53,0,1.53,,
1984-03-20,0.99847,0.99847,0.99847,0.99847,15251,0.99847,,
1984-03-21,0.99847,0.99847,0.99847,0.99847,24417,0.99847,,
1984-03-22,0.99847,0.99847,0.99847,0.99847,6092,0.99847,,
1984-03-23,1.01,1.01,1.01,1.01,16784,1.01,,
1984-03-26,0.99847,0.99847,0.99847,0.99847,30527,0.99847,,
1984-03-27,0.99847,0.99847,0.99847,0.99847,32056,0.99847,,
1984-03-28,0.99847,0.99847,0.99847,0.99847,6092,0.99847,,
1984-03-29,0.99847,0.99847,0.99847,0.99847,122178,0.99847,,
1984-03-30,1.53,1.53,1.53,1.53,0,1.53,,
1984-04-02,1.53,1.53,1.53,1.53,0,1.53,,
1984-04-03,0.9821,0.9821,0.9821,0.9821,50388,0.9821,,
1984-04-04,0.9821,0.9821,0.9821,0.9821,3036,0.9821,,
1984-04-05,0.96573,0.96573,0.96573,0.96573,6092,0.96573,,
1984-04-06,0.96573,0.96573,0.96573,0.96573,9140,0.96573,,
1984-04-09,0.9821,0.9821,0.9821,0.9821,35110,0.9821,,
1984-04-10,1.5,1.5,1.5,1.5,0,1.5,,
1984-04-11,1.5,1.5,1.5,1.5,0,1.5,,
1984-04-12,0.96573,0.96573,0.96573,0.96573,76351,0.96573,,
1984-04-13,0.96573,0.96573,0.96573,0.96573,7615,0.96573,,
1984-04-16,0.96573,0.96573,0.96573,0.96573,143546,0.96573,,
1984-04-17,0.96573,0.96573,0.96573,0.96573,15251,0.96573,,
1984-04-18,0.96573,0.96573,0.96573,0.96573,50388,0.96573,,
1984-04-19,0.933,0.933,0.933,0.933,16784,0.933,,
1984-04-23,0.91663,0.91663,0.91663,0.91663,24417,0.91663,,
1984-04-24,0.91663,0.91663,0.91663,0.91663,1506,0.91663,,
1984-04-25,0.91663,0.91663,0.91663,0.91663,1506,0.91663,,
1984-04-26,0.91663,0.91663,0.91663,0.91663,7615,0.91663,,
1984-04-27,0.91663,0.91663,0.91663,0.91663,15251,0.91663,,
1984-04-30,1.4,1.4,1.4,1.4,0,1.4,,
1984-05-01,0.91663,0.91663,0.91663,0.91663,4559,0.91663,,
1984-05-02,0.91663,0.91663,0.91663,0.91663,1506,0.91663,,
1984-05-03,1.4,1.4,1.4,1.4,0,1.4,,
1984-05-04,1.4,1.4,1.4,1.4,0,1.4,,
1984-05-07,0.91663,0.91663,0.91663,0.91663,3036,0.91663,,
1984-05-08,0.91663,0.91663,0.91663,0.91663,701028,0.91663,,
1984-05-09,0.933,0.933,0.933,0.933,79405,0.933,,
1984-05-10,0.94937,0.94937,0.94937,0.94937,10663,0.94937,,
1984-05-11,0.9821,0.9821,0.9821,0.9821,61079,0.9821,,
1984-05-14,0.9821,0.9821,0.9821,0.9821,79405,0.9821,,
1984-05-15,0.9821,0.9821,0.9821,0.9821,38160,0.9821,,
1984-05-16,0.9821,0.9821,0.9821,0.9821,15251,0.9821,,
1984-05-17,0.9821,0.9821,0.9821,0.9821,3036,0.9821,,
1984-05-18,0.96573,0.96573,0.96573,0.96573,42743,0.96573,,
1984-05-21,0.96573,0.96573,0.96573,0.96573,73296,0.96573,,
1984-05-22,0.96573,0.96573,0.96573,0.96573,4559,0.96573,,
1984-05-23,1.48,1.48,1.48,1.48,0,1.48,,
1984-05-24,0.9821,0.9821,0.9821,0.9821,39692,0.9821,,
1984-05-25,0.99847,0.99847,0.99847,0.99847,65656,0.99847,,
1984-05-29,0.9821,0.9821,0.9821,0.9821,16784,0.9821,,
1984-05-30,0.9821,0.9821,0.9821,0.9821,33588,0.9821,,
1984-05-31,0.9821,0.9821,0.9821,0.9821,65656,0.9821,,
1984-06-01,1.5,1.55,1.5,1.5,0,1.52,,
1984-06-04,0.9821,0.9821,0.9821,0.9821,1506,0.9821,,
1984-06-05,1.5,1.5,1.5,1.5,0,1.5,,
1984-06-06,0.9821,0.9821,0.9821,0.9821,47331,0.9821,,
1984-06-07,0.9821,0.9821,0.9821,0.9821,3036,0.9821,,
1984-06-08,1.5,1.5,1.5,1.5,0,1.5,,
1984-06-11,1.5,1.5,1.5,1.5,0,1.5,,
1984-06-12,0.9821,0.9821,0.9821,0.9821,15251,0.9821,,
1984-06-13,1.5,1.5,1.5,1.5,0,1.5,,
1984-06-14,0.9821,0.9821,0.9821,0.9821,3036,0.9821,,
1984-06-15,0.9821,0.9821,0.9821,0.9821,36638,0.9821,,
1984-06-18,0.9821,0.9821,0.9821,0.9821,16784,0.9821,,
1984-06-19,1.05,1.05,1.05,1.05,51913,1.05,,
1984-06-20,1.11,1.11,1.11,1.11,326822,1.11,,
1984-06-21,1.08,1.08,1.08,1.08,169513,1.08,,
1984-06-22,1.08,1.08,1.08,1.08,216868,1.08,,
1984-06-25,1.08,1.08,1.08,1.08,97729,1.08,,
1984-06-26,1.06,1.06,1.06,1.06,13726,1.06,,
1984-06-27,1.05,1.05,1.05,1.05,297810,1.05,,
1984-06-28,1.05,1.05,1.05,1.05,13726,1.05,,
1984-06-29,1.6,1.6,1.6,1.6,0,1.6,,
1984-07-02,1.06,1.06,1.06,1.06,45802,1.06,,
1984-07-03,1.63,1.63,1.63,1.63,0,1.63,,
1984-07-05,1.06,1.06,1.06,1.06,244366,1.06,,
1984-07-06,1.05,1.05,1.05,1.05,10663,1.05,,
1984-07-09,1.05,1.05,1.05,1.05,7615,1.05,,
1984-07-10,1.05,1.05,1.05,1.05,3036,1.05,,
1984-07-11,1.05,1.05,1.05,1.05,7615,1.05,,
1984-07-12,1.05,1.06,1.05,1.05,62608,1.0525,,
1984-07-13,1.06,1.06,1.06,1.06,30527,1.06,,
1984-07-16,1.63,1.63,1.63,1.63,0,1.63,,
1984-07-17,1.63,1.63,1.63,1.63,0,1.63,,
1984-07-18,1.63,1.63,1.63,1.63,0,1.63,,
1984-07-19,1.63,1.63,1.63,1.63,0,1.63,,
1984-07-20,1.63,1.63,1.63,1.63,0,1.63,,
1984-07-23,1.03,1.03,1.01,1.03,22889,1.025,,
1984-07-24,1.58,1.58,1.58,1.58,0,1.58,,
1984-07-25,1.58,1.58,1.58,1.58,0,1.58,,
1984-07-26,1.01,1.01,1.01,1.01,76351,1.01,,
1984-07-27,1.55,1.55,1.55,1.55,0,1.55,,
1984-07-30,1.01,1.01,1.01,1.01,1506,1.01,,
1984-07-31,1.01,1.01,1.01,1.01,22889,1.01,,
1984-08-01,1.01,1.01,1.01,1.01,61079,1.01,,
1984-08-02,1.55,1.55,1.55,1.55,0,1.55,,
1984-08-03,1.01,1.03,1.01,1.01,418466,1.015,,
1984-08-06,1.01,1.03,1.01,1.01,16784,1.015,,
1984-08-07,1.01,1.03,1.01,1.02,61079,1.0175,,
1984-08-08,1.02,1.05,1.02,1.05,384871,1.035,,
1984-08-09,1.05,1.05,1.03,1.03,22889,1.04,,
1984-08-10,1.03,1.03,1.03,1.03,1506,1.03,,
1984-08-13,1.03,1.03,1.01,1.01,71758,1.02,,
1984-08-14,1.01,1.01,1.01,1.01,68712,1.01,,
1984-08-15,1.01,1.05,1.01,1.01,109949,1.02,,
1984-08-16,1.01,1.01,1.01,1.01,4559,1.01,,
1984-08-17,0.9821,0.9821,0.9821,0.9821,3036,0.9821,,
1984-08-20,0.99847,0.99847,0.99847,0.99847,1506,0.99847,,
1984-08-21,0.99847,0.99847,0.99847,0.99847,15251,0.99847,,
1984-08-22,0.9821,0.9821,0.9821,0.9821,9140,0.9821,,
1984-08-23,0.99847,1.05,0.99847,0.99847,16784,1.01135,,
1984-08-24,0.99847,1.03,0.99847,1.01,80933,1.00923,,
1984-08-27,1.03,1.03,1.03,1.03,4559,1.03,,
1984-08-28,1.03,1.03,1.03,1.03,7615,1.03,,
1984-08-29,1.03,1.03,0.99847,1.03,9140,1.02212,,
1984-08-30,1.03,1.05,0.99847,1.03,42743,1.02712,,
1984-08-31,1.03,1.05,1.01,1.05,4559,1.035,,
1984-09-04,1.05,1.06,0.99847,1.05,140500,1.03962,,
1984-09-05,1.05,1.05,0.99847,1.05,19835,1.03712,,
1984-09-06,1.05,1.05,1.03,1.05,82451,1.045,,
1984-09-07,1.05,1.1,1.04,1.1,114530,1.0725,,
1984-09-10,1.1,1.1,1.08,1.1,65656,1.095,,
1984-09-11,1.1,1.1,1.08,1.1,21360,1.095,,
1984-09-12,1.1,1.13,1.08,1.13,54964,1.11,,
1984-09-13,1.13,1.13,1.03,1.11,142025,1.1,,
1984-09-14,1.11,1.15,1.1,1.15,7615,1.1275,,
1984-09-17,1.15,1.15,1.1,1.13,67189,1.1325,,
1984-09-18,1.13,1.15,1.1,1.13,30527,1.1275,,
1984-09-19,1.13,1.13,1.1,1.1,15251,1.115,,
1984-09-20,1.1,1.11,1.1,1.11,36638,1.105,,
1984-09-21,1.11,1.13,1.1,1.1,161877,1.11,,
1984-09-24,1.68,1.68,1.68,1.68,0,1.68,,
1984-09-25,1.1,1.1,1.1,1.1,1069115,1.1,,
1984-09-26,1.13,1.13,1.13,1.13,4559,1.13,,
1984-09-27,1.15,1.15,1.15,1.15,1506,1.15,,
1984-09-28,1.76,1.76,1.76,1.76,0,1.76,,
1984-10-01,1.15,1.15,1.15,1.15,1506,1.15,,
1984-10-02,1.1,1.1,1.1,1.1,4559,1.1,,
1984-10-03,1.1,1.1,1.1,1.1,61079,1.1,,
1984-10-04,1.1,1.15,1.1,1.1,4559,1.1125,,
1984-10-05,1.1,1.1,1.1,1.1,7615,1.1,,
1984-10-08,1.1,1.1,1.08,1.1,25939,1.095,,
1984-10-09,1.11,1.11,1.11,1.11,1506,1.11,,
1984-10-10,1.06,1.06,1.06,1.06,3036,1.06,,
1984-10-11,1.06,1.06,1.06,1.06,15251,1.06,,
1984-10-12,1.06,1.06,1.05,1.06,44260,1.0575,,
1984-10-15,1.06,1.1,1.05,1.05,16784,1.065,,
1984-10-16,1.05,1.1,1.05,1.1,4559,1.075,,
1984-10-17,1.05,1.05,1.03,1.05,99254,1.045,,
1984-10-18,1.05,1.05,0.9821,0.99847,204643,1.02014,,
1984-10-19,0.99847,0.99847,0.91663,0.933,102309,0.96164,,
1984-10-22,0.933,0.96573,0.88389,0.90844,607858,0.92277,,
1984-10-23,0.90844,0.933,0.90026,0.933,297810,0.91868,,
1984-10-24,0.933,0.933,0.90026,0.90026,64131,0.91663,,
1984-10-25,0.933,0.95755,0.933,0.933,351274,0.93914,,
1984-10-26,0.92481,0.92481,0.91663,0.92481,175622,0.92277,,
1984-10-29,0.92481,0.94937,0.91663,0.94937,7615,0.93505,,
1984-10-30,0.933,0.933,0.933,0.933,1506,0.933,,
1984-10-31,0.91663,0.91663,0.91663,0.91663,1506,0.91663,,
1984-11-01,0.91663,0.933,0.90026,0.933,74812,0.92072,,
1984-11-02,0.92481,0.92481,0.90026,0.92481,24417,0.91867,,
1984-11-05,0.91663,0.91663,0.90026,0.91663,290176,0.91254,,
1984-11-06,0.91663,0.933,0.90026,0.933,22889,0.92072,,
1984-11-07,0.933,0.933,0.91663,0.91663,53435,0.92482,,
1984-11-08,0.91663,0.94937,0.91663,0.91663,103838,0.92482,,
1984-11-09,0.933,0.933,0.933,0.933,7615,0.933,,
1984-11-12,0.91663,0.91663,0.91663,0.91663,27469,0.91663,,
1984-11-13,0.91663,0.92481,0.91663,0.92481,91626,0.92072,,
1984-11-14,0.92481,0.94937,0.91663,0.94937,137445,0.93505,,
1984-11-15,0.91663,0.91663,0.91663,0.91663,7615,0.91663,,
1984-11-16,0.94118,0.94118,0.94118,0.94118,7615,0.94118,,
1984-11-19,0.94118,0.94118,0.933,0.933,83987,0.93709,,
1984-11-20,0.933,0.933,0.91663,0.933,171042,0.92891,,
1984-11-21,0.933,0.933,0.90026,0.91663,219917,0.92072,,
1984-11-23,0.91663,0.91663,0.90026,0.91663,18313,0.91254,,
1984-11-26,0.91663,0.933,0.90026,0.91663,85516,0.91663,,
1984-11-27,0.91663,0.91663,0.90026,0.90026,106904,0.90845,,
1984-11-28,0.90026,0.90026,0.86752,0.90026,38160,0.89208,,
1984-11-29,0.90026,0.90026,0.86752,0.90026,51913,0.89208,,
1984-11-30,0.88389,0.88389,0.85115,0.85115,331408,0.86752,,
1984-12-03,0.85115,0.88389,0.85115,0.85115,152721,0.85934,,
1984-12-04,0.85115,0.86752,0.85115,0.86752,68712,0.85934,,
1984-12-05,0.86752,0.86752,0.78568,0.81842,134391,0.83479,,
1984-12-06,0.81842,0.81842,0.80205,0.81842,96208,0.81433,,
1984-12-07,0.81842,0.81842,0.80205,0.81023,53435,0.81228,,
1984-12-10,0.81023,0.81842,0.80205,0.81023,24417,0.81023,,
1984-12-11,0.81842,0.81842,0.81842,0.81842,3036,0.81842,,
1984-12-12,0.81842,0.81842,0.80205,0.81842,207697,0.81433,,
1984-12-13,0.81842,0.81842,0.80205,0.81842,111484,0.81433,,
1984-12-14,0.81842,0.81842,0.80205,0.81842,90089,0.81433,,
1984-12-17,0.81842,0.81842,0.80205,0.81842,79405,0.81433,,
1984-12-18,0.81842,0.86752,0.80205,0.83479,88562,0.8307,,
1984-12-19,0.83479,0.88389,0.83479,0.83479,102309,0.84707,,
1984-12-20,1.28,1.28,1.28,1.28,0,1.28,,
1984-12-21,0.86752,0.90026,0.86752,0.86752,36638,0.87571,,
1984-12-24,0.88389,0.90026,0.88389,0.88389,24417,0.88798,,
1984-12-26,0.90026,0.90026,0.90026,0.90026,6092,0.90026,,
1984-12-27,0.90026,0.90026,0.90026,0.90026,18313,0.90026,,
1984-12-28,0.90026,0.90026,0.86752,0.86752,39692,0.88389,,
1984-12-31,0.86752,0.90026,0.86752,0.90026,29000,0.88389,,
1985-01-02,0.86752,0.86752,0.86752,0.86752,1506,0.86752,,
1985-01-03,0.86752,0.90026,0.86752,0.86752,261163,0.87571,,
1985-01-04,0.86752,0.86752,0.86752,0.86752,39692,0.86752,,
1985-01-07,0.88389,0.91663,0.88389,0.90026,184789,0.89617,,
1985-01-08,0.90026,0.94937,0.90026,0.94937,64131,0.92482,,
1985-01-09,0.94937,0.94937,0.91663,0.94937,6092,0.94119,,
1985-01-10,0.94937,0.94937,0.91663,0.91663,99254,0.933,,
1985-01-11,0.95755,0.96573,0.95755,0.96573,12197,0.96164,,
1985-01-14,0.95755,0.95755,0.933,0.95755,154238,0.95141,,
1985-01-15,0.95755,1.02,0.933,0.9821,138980,0.97316,,
1985-01-16,0.9821,1.03,0.9821,1.01,155775,1.00105,,
1985-01-17,0.99847,0.99847,0.99847,0.99847,32056,0.99847,,
1985-01-18,0.99847,1.03,0.99847,1.01,64131,1.00923,,
1985-01-21,1.01,1.01,0.99847,1.01,3036,1.00712,,
1985-01-22,1.01,1.03,1.01,1.03,93154,1.02,,
1985-01-23,1.03,1.03,1.03,1.03,32056,1.03,,
1985-01-24,1.03,1.05,1.03,1.05,151181,1.04,,
1985-01-25,1.05,1.05,1.03,1.03,71758,1.04,,
1985-01-28,1.03,1.06,1.03,1.05,142025,1.0425,,
1985-01-29,1.05,1.08,1.05,1.06,1246285,1.06,,
1985-01-30,1.06,1.08,1.05,1.08,316130,1.0675,,
1985-01-31,1.08,1.13,1.06,1.08,132851,1.0875,,
1985-02-01,1.1,1.13,1.1,1.1,209226,1.1075,,
1985-02-04,1.1,1.11,1.08,1.08,105355,1.0925,,
1985-02-05,1.1,1.11,1.1,1.11,48854,1.105,,
1985-02-06,1.11,1.11,1.1,1.11,41214,1.1075,,
1985-02-07,1.11,1.13,1.1,1.11,277965,1.1125,,
1985-02-08,1.12,1.15,1.12,1.14,439849,1.1325,,
1985-02-11,1.14,1.18,1.13,1.15,206175,1.15,,
1985-02-12,1.15,1.18,1.15,1.15,10663,1.1575,,
1985-02-13,1.15,1.18,1.15,1.16,109949,1.16,,
1985-02-14,1.18,1.19,1.18,1.18,88562,1.1825,,
1985-02-15,1.18,1.21,1.16,1.18,500946,1.1825,,
1985-02-19,1.18,1.23,1.18,1.19,195476,1.195,,
1985-02-20,1.19,1.23,1.19,1.19,39692,1.2,,
1985-02-21,1.19,1.23,1.18,1.18,93154,1.195,,
1985-02-22,1.18,1.19,1.18,1.18,10663,1.1825,,
1985-02-25,1.18,1.18,1.15,1.18,12197,1.1725,,
1985-02-26,1.18,1.19,1.15,1.16,93154,1.17,,
1985-02-27,1.15,1.15,1.15,1.15,25939,1.15,,
1985-02-28,1.15,1.18,1.15,1.18,19835,1.165,,
1985-03-01,1.18,1.18,1.15,1.15,7615,1.165,,
1985-03-04,1.18,1.18,1.18,1.18,3036,1.18,,
1985-03-05,1.18,1.18,1.15,1.18,6092,1.1725,,
1985-03-06,1.18,1.18,1.15,1.18,3036,1.1725,,
1985-03-07,1.18,1.18,1.18,1.18,6092,1.18,,
1985-03-08,1.18,1.18,1.15,1.15,108429,1.165,,
1985-03-11,1.15,1.15,1.15,1.15,16784,1.15,,
1985-03-12,1.15,1.15,1.13,1.13,39692,1.14,,
1985-03-13,1.13,1.18,1.13,1.18,30527,1.155,,
1985-03-14,1.16,1.16,1.13,1.15,93154,1.15,,
1985-03-15,1.15,1.16,1.11,1.12,126751,1.135,,
1985-03-18,1.12,1.13,1.11,1.11,94683,1.1175,,
1985-03-19,1.11,1.15,1.11,1.15,99254,1.13,,
1985-03-20,1.15,1.15,1.15,1.15,19835,1.15,,
1985-03-21,1.14,1.14,1.14,1.14,4559,1.14,,
1985-03-22,1.14,1.15,1.11,1.15,180201,1.1375,,
1985-03-25,1.15,1.15,1.11,1.15,33588,1.14,,
1985-03-26,1.1,1.1,1.05,1.05,13726,1.075,,
1985-03-27,1.08,1.08,1.08,1.08,13726,1.08,,
1985-03-28,1.08,1.11,1.06,1.1,111484,1.0875,,
1985-03-29,1.11,1.11,1.11,1.11,7615,1.11,,
1985-04-01,1.11,1.13,1.1,1.13,48854,1.1175,,
1985-04-02,1.13,1.16,1.11,1.16,3036,1.14,,
1985-04-03,1.18,1.21,1.18,1.18,51913,1.1875,,
1985-04-04,1.18,1.21,1.18,1.21,65656,1.195,,
1985-04-08,1.18,1.18,1.16,1.18,479567,1.175,,
1985-04-09,1.18,1.19,1.16,1.18,502475,1.1775,,
1985-04-10,1.18,1.19,1.15,1.15,12197,1.1675,,
1985-04-11,1.15,1.18,1.15,1.16,109949,1.16,,
1985-04-12,1.19,1.19,1.19,1.19,15251,1.19,,
1985-04-15,1.19,1.19,1.15,1.18,48854,1.1775,,
1985-04-16,1.81,1.81,1.81,1.81,0,1.81,,
1985-04-17,1.18,1.19,1.15,1.17,215337,1.1725,,
1985-04-18,1.17,1.19,1.15,1.19,10663,1.175,,
1985-04-19,1.19,1.19,1.19,1.19,12197,1.19,,
1985-04-22,1.19,1.19,1.15,1.19,415412,1.18,,
1985-04-23,1.19,1.19,1.15,1.18,276429,1.1775,,
1985-04-24,1.18,1.19,1.15,1.18,232138,1.175,,
1985-04-25,1.16,1.16,1.15,1.15,51913,1.155,,
1985-04-26,1.16,1.19,1.16,1.19,68712,1.175,,
1985-04-29,1.19,1.19,1.15,1.17,117584,1.175,,
1985-04-30,1.17,1.18,1.15,1.18,10663,1.17,,
1985-05-01,1.15,1.15,1.15,1.15,16784,1.15,,
1985-05-02,1.15,1.19,1.15,1.18,90089,1.1675,,
1985-05-03,1.18,1.18,1.15,1.15,4559,1.165,,
1985-05-06,1.15,1.19,1.15,1.16,41214,1.1625,,
1985-05-07,1.19,1.19,1.19,1.19,1506,1.19,,
1985-05-08,1.19,1.19,1.15,1.19,12197,1.18,,
1985-05-09,1.19,1.19,1.15,1.15,68712,1.17,,
1985-05-10,1.15,1.19,1.15,1.15,9140,1.16,,
1985-05-13,1.76,1.76,1.76,1.76,0,1.76,,
1985-05-14,1.15,1.19,1.15,1.19,303909,1.17,,
1985-05-15,1.19,1.19,1.15,1.18,68712,1.1775,,
1985-05-16,1.18,1.19,1.15,1.15,51913,1.1675,,
1985-05-17,1.19,1.19,1.19,1.19,7615,1.19,,
1985-05-20,1.15,1.15,1.11,1.11,128280,1.13,,
1985-05-21,1.11,1.13,1.11,1.13,16784,1.12,,
1985-05-22,1.13,1.13,1.13,1.13,1506,1.13,,
1985-05-23,1.13,1.13,1.1,1.1,166454,1.115,,
1985-05-24,1.1,1.1,1.09,1.1,50388,1.0975,,
1985-05-28,1.08,1.08,1.06,1.08,42743,1.075,,
1985-05-29,1.08,1.1,1.03,1.08,68712,1.0725,,
1985-05-30,1.08,1.1,1.06,1.1,27469,1.085,,
1985-05-31,1.1,1.1,1.06,1.1,47331,1.09,,
1985-06-03,1.08,1.08,1.08,1.08,3036,1.08,,
1985-06-04,1.08,1.1,1.06,1.06,12197,1.075,,
1985-06-05,1.06,1.1,1.06,1.06,6092,1.07,,
1985-06-06,1.06,1.09,1.06,1.08,259625,1.0725,,
1985-06-07,1.65,1.65,1.65,1.65,0,1.65,,
1985-06-10,1.65,1.65,1.65,1.65,0,1.65,,
1985-06-11,1.08,1.1,1.08,1.08,6092,1.085,,
1985-06-12,1.08,1.08,1.08,1.08,18313,1.08,,
1985-06-13,1.08,1.08,1.08,1.08,22889,1.08,,
1985-06-14,1.09,1.09,1.09,1.09,9140,1.09,,
1985-06-17,1.09,1.11,1.08,1.08,284067,1.09,,
1985-06-18,1.11,1.11,1.11,1.11,90089,1.11,,
1985-06-19,1.11,1.11,1.1,1.1,70242,1.105,,
1985-06-20,1.1,1.16,1.1,1.16,132851,1.13,,
1985-06-21,1.16,1.16,1.11,1.11,6092,1.135,,
1985-06-24,1.11,1.16,1.11,1.16,47331,1.135,,
1985-06-25,1.78,1.78,1.78,1.78,0,1.78,,
1985-06-26,1.78,1.78,1.78,1.78,0,1.78,,
1985-06-27,1.11,1.11,1.11,1.11,77883,1.11,,
1985-06-28,1.11,1.11,1.11,1.11,9140,1.11,,
1985-07-01,1.11,1.13,1.11,1.13,13726,1.12,,
1985-07-02,1.11,1.11,1.11,1.11,3036,1.11,,
1985-07-03,1.11,1.13,1.11,1.11,85516,1.115,,
1985-07-05,1.11,1.15,1.11,1.11,4559,1.12,,
1985-07-08,1.16,1.16,1.16,1.16,6092,1.16,,
1985-07-09,1.16,1.16,1.11,1.13,15251,1.14,,
1985-07-10,1.15,1.15,1.15,1.15,7615,1.15,,
1985-07-11,1.15,1.18,1.15,1.16,334462,1.16,,
1985-07-12,1.18,1.19,1.18,1.19,287118,1.185,,
1985-07-15,1.19,1.19,1.18,1.18,937760,1.185,,
1985-07-16,1.18,1.19,1.18,1.18,974415,1.1825,,
1985-07-17,1.18,1.19,1.18,1.18,733112,1.1825,,
1985-07-18,1.21,1.21,1.21,1.21,1506,1.21,,
1985-07-19,1.18,1.18,1.18,1.18,154238,1.18,,
1985-07-22,1.18,1.21,1.18,1.18,45802,1.1875,,
1985-07-23,1.18,1.21,1.18,1.19,158821,1.19,,
1985-07-24,1.19,1.19,1.15,1.19,198539,1.18,,
1985-07-25,1.18,1.18,1.18,1.18,3036,1.18,,
1985-07-26,1.18,1.18,1.18,1.18,76351,1.18,,
1985-07-29,1.16,1.16,1.16,1.16,12197,1.16,,
1985-07-30,1.16,1.19,1.16,1.19,67189,1.175,,
1985-07-31,1.18,1.18,1.16,1.16,27469,1.17,,
1985-08-01,1.16,1.19,1.16,1.19,171042,1.175,,
1985-08-02,1.18,1.18,1.18,1.18,15251,1.18,,
1985-08-05,1.18,1.18,1.16,1.18,25939,1.175,,
1985-08-06,1.18,1.18,1.16,1.16,186318,1.17,,
1985-08-07,1.16,1.18,1.16,1.16,42743,1.165,,
1985-08-08,1.16,1.16,1.15,1.16,6092,1.1575,,
1985-08-09,1.16,1.16,1.16,1.16,15251,1.16,,
1985-08-12,1.78,1.78,1.78,1.78,0,1.78,,
1985-08-13,1.16,1.16,1.16,1.16,1506,1.16,,
1985-08-14,1.13,1.13,1.13,1.13,30527,1.13,,
1985-08-15,1.13,1.13,1.13,1.13,30527,1.13,,
1985-08-16,1.13,1.13,1.13,1.13,30527,1.13,,
1985-08-19,1.13,1.15,1.11,1.11,80933,1.125,,
1985-08-20,1.15,1.15,1.15,1.15,3036,1.15,,
1985-08-21,1.11,1.11,1.11,1.11,19835,1.11,,
1985-08-22,1.11,1.13,1.11,1.11,218391,1.115,,
1985-08-23,1.71,1.71,1.71,1.71,0,1.71,,
1985-08-26,1.11,1.12,1.11,1.12,50388,1.115,,
1985-08-27,1.11,1.11,1.11,1.11,22889,1.11,,
1985-08-28,1.11,1.12,1.11,1.12,114530,1.115,,
1985-08-29,1.72,1.72,1.72,1.72,0,1.72,,
1985-08-30,1.13,1.13,1.13,1.13,1506,1.13,,
1985-09-03,1.12,1.12,1.12,1.12,1506,1.12,,
1985-09-04,1.12,1.12,1.1,1.12,53435,1.115,,
1985-09-05,1.12,1.12,1.1,1.1,12197,1.11,,
1985-09-06,1.1,1.1,1.1,1.1,4559,1.1,,
1985-09-09,1.1,1.12,1.1,1.1,41214,1.105,,
1985-09-10,1.1,1.1,1.1,1.1,15251,1.1,,
1985-09-11,1.08,1.08,1.08,1.08,4559,1.08,,
1985-09-12,1.06,1.06,1.06,1.06,45802,1.06,,
1985-09-13,1.05,1.05,1.05,1.05,1506,1.05,,
1985-09-16,1.06,1.06,1.06,1.06,3036,1.06,,
1985-09-17,1.06,1.1,1.05,1.08,200064,1.0725,,
1985-09-18,1.05,1.05,1.05,1.05,6092,1.05,,
1985-09-19,1.05,1.06,1.03,1.03,44260,1.0425,,
1985-09-20,1.05,1.06,1.05,1.06,180201,1.055,,
1985-09-23,1.06,1.08,1.05,1.05,18313,1.06,,
1985-09-24,1.05,1.05,1.05,1.05,4559,1.05,,
1985-09-25,1.05,1.08,1.05,1.05,245888,1.0575,,
1985-09-26,1.05,1.08,1.05,1.06,111484,1.06,,
1985-09-30,1.06,1.06,1.06,1.06,274900,1.06,0.03,35.333333333333336
1985-10-01,1.05,1.05,1.02,1.04,1037032,1.04,0.03,34.66666666666667
1985-10-02,1.05,1.06,1.05,1.06,2008421,1.055,0.03,35.333333333333336
1985-10-03,1.06,1.08,1.05,1.06,146600,1.0625,0.03,35.333333333333336
1985-10-04,1.06,1.08,1.05,1.08,12197,1.0675,0.03,36.00000000000001
1985-10-07,1.08,1.08,1.05,1.06,56492,1.0675,0.03,35.333333333333336
1985-10-08,1.06,1.06,1.06,1.06,29000,1.06,0.03,35.333333333333336
1985-10-09,1.08,1.08,1.08,1.08,15251,1.08,0.03,36.00000000000001
1985-10-10,1.08,1.08,1.05,1.08,22889,1.0725,0.03,36.00000000000001
1985-10-11,1.65,1.65,1.65,1.65,0,1.65,0.03,55.0
1985-10-14,1.1,1.1,1.1,1.1,3036,1.1,0.03,36.66666666666667
1985-10-15,1.06,1.06,1.06,1.06,9140,1.06,0.03,35.333333333333336
1985-10-16,1.1,1.1,1.1,1.1,15251,1.1,0.03,36.66666666666667
1985-10-17,1.06,1.06,1.06,1.06,7615,1.06,0.03,35.333333333333336
1985-10-18,1.1,1.1,1.1,1.1,15251,1.1,0.03,36.66666666666667
1985-10-21,1.1,1.1,1.1,1.1,1506,1.1,0.03,36.66666666666667
1985-10-22,1.1,1.1,1.1,1.1,7615,1.1,0.03,36.66666666666667
1985-10-23,1.1,1.11,1.08,1.08,6092,1.0925,0.03,36.00000000000001
1985-10-24,1.08,1.11,1.08,1.08,10663,1.0875,0.03,36.00000000000001
1985-10-25,1.65,1.65,1.65,1.65,0,1.65,0.03,55.0
1985-10-28,1.08,1.11,1.08,1.11,10663,1.095,0.03,37.00000000000001
1985-10-29,1.08,1.08,1.08,1.08,6092,1.08,0.03,36.00000000000001
1985-10-30,1.08,1.11,1.08,1.08,24417,1.0875,0.03,36.00000000000001
1985-10-31,1.08,1.11,1.08,1.11,44260,1.095,0.03,37.00000000000001
1985-11-01,1.11,1.11,1.08,1.08,29000,1.095,0.03,36.00000000000001
1985-11-04,1.08,1.11,1.08,1.1,427641,1.0925,0.03,36.66666666666667
1985-11-05,1.1,1.15,1.1,1.15,79405,1.125,0.03,38.33333333333333
1985-11-06,1.13,1.13,1.11,1.11,193951,1.12,0.03,37.00000000000001
1985-11-07,1.11,1.13,1.11,1.11,152721,1.115,0.03,37.00000000000001
1985-11-08,1.11,1.11,1.11,1.11,9140,1.11,0.03,37.00000000000001
1985-11-11,1.11,1.11,1.11,1.11,1506,1.11,0.03,37.00000000000001
1985-11-12,1.15,1.15,1.15,1.15,19835,1.15,0.03,38.33333333333333
1985-11-13,1.15,1.15,1.11,1.11,62608,1.13,0.03,37.00000000000001
1985-11-14,1.11,1.13,1.11,1.13,117584,1.12,0.03,37.666666666666664
1985-11-15,1.13,1.13,1.11,1.13,682698,1.125,0.03,37.666666666666664
1985-11-18,1.13,1.15,1.11,1.15,42743,1.135,0.03,38.33333333333333
1985-11-19,1.15,1.15,1.11,1.11,61079,1.13,0.03,37.00000000000001
1985-11-20,1.11,1.15,1.11,1.15,54964,1.13,0.03,38.33333333333333
1985-11-21,1.15,1.15,1.1,1.15,493311,1.1375,0.03,38.33333333333333
1985-11-22,1.15,1.16,1.11,1.16,82451,1.145,0.03,38.666666666666664
1985-11-25,1.16,1.18,1.15,1.16,54964,1.1625,0.03,38.666666666666664
1985-11-26,1.16,1.16,1.15,1.15,51913,1.155,0.03,38.33333333333333
1985-11-27,1.15,1.16,1.15,1.16,91626,1.155,0.03,38.666666666666664
1985-11-29,1.16,1.19,1.16,1.19,117584,1.175,0.03,39.666666666666664
1985-12-02,1.19,1.21,1.18,1.21,181730,1.1975,0.03,40.333333333333336
1985-12-03,1.21,1.21,1.18,1.18,24417,1.195,0.03,39.333333333333336
1985-12-04,1.18,1.23,1.18,1.23,131326,1.205,0.03,41.0
1985-12-05,1.23,1.24,1.2,1.24,733112,1.2275,0.03,41.333333333333336
1985-12-06,1.24,1.26,1.23,1.26,210743,1.2475,0.03,42.0
1985-12-09,1.26,1.27,1.24,1.26,305451,1.2575,0.03,42.0
1985-12-10,1.26,1.28,1.24,1.24,7615,1.255,0.03,41.333333333333336
1985-12-11,1.24,1.28,1.24,1.24,85516,1.25,0.03,41.333333333333336
1985-12-12,1.24,1.24,1.23,1.24,4559,1.2375,0.03,41.333333333333336
1985-12-13,1.24,1.26,1.24,1.26,64131,1.25,0.03,42.0
1985-12-16,1.26,1.26,1.24,1.26,140500,1.255,0.03,42.0
1985-12-17,1.26,1.28,1.26,1.28,35110,1.27,0.03,42.66666666666667
1985-12-18,1.28,1.28,1.26,1.26,47331,1.27,0.03,42.0
1985-12-19,1.28,1.28,1.28,1.28,1506,1.28,0.03,42.66666666666667
1985-12-20,1.28,1.28,1.26,1.28,869029,1.275,0.03,42.66666666666667
1985-12-23,1.28,1.28,1.24,1.28,1724347,1.27,0.03,42.66666666666667
1985-12-24,1.28,1.28,1.26,1.26,59538,1.27,0.03,42.0
1985-12-26,1.28,1.28,1.28,1.28,24417,1.28,0.03,42.66666666666667
1985-12-27,1.27,1.27,1.26,1.26,88562,1.265,0.03,42.0
1985-12-30,1.26,1.27,1.24,1.24,48854,1.2525,0.03,41.333333333333336
1985-12-31,1.24,1.27,1.24,1.27,163402,1.255,0.03,42.333333333333336
1986-01-02,1.27,1.28,1.26,1.28,97729,1.2725,0.03,42.66666666666667
1986-01-03,1.28,1.28,1.26,1.28,6092,1.275,0.03,42.66666666666667
1986-01-06,1.28,1.28,1.26,1.26,18313,1.27,0.03,42.0
1986-01-07,1.26,1.29,1.26,1.28,80933,1.2725,0.03,42.66666666666667
1986-01-08,1.28,1.31,1.28,1.28,50388,1.2875,0.03,42.66666666666667
1986-01-09,1.28,1.29,1.28,1.28,253516,1.2825,0.03,42.66666666666667
1986-01-10,1.28,1.31,1.28,1.31,99254,1.295,0.03,43.66666666666667
1986-01-13,1.31,1.31,1.28,1.31,25939,1.3025,0.03,43.66666666666667
1986-01-14,1.31,1.31,1.28,1.29,609382,1.2975,0.03,43.0
1986-01-15,1.29,1.31,1.29,1.31,183272,1.3,0.03,43.66666666666667
1986-01-16,1.31,1.31,1.29,1.31,406248,1.305,0.03,43.66666666666667
1986-01-17,1.31,1.31,1.29,1.31,22889,1.305,0.03,43.66666666666667
1986-01-20,1.31,1.31,1.31,1.31,38160,1.31,0.03,43.66666666666667
1986-01-21,1.31,1.31,1.29,1.29,39692,1.3,0.03,43.0
1986-01-22,1.29,1.31,1.29,1.29,120630,1.295,0.03,43.0
1986-01-23,1.98,1.98,1.98,1.98,0,1.98,0.03,66.0
1986-01-24,1.29,1.31,1.29,1.29,16784,1.295,0.03,43.0
1986-01-27,1.29,1.33,1.28,1.33,50388,1.3075,0.03,44.333333333333336
1986-01-28,1.33,1.34,1.31,1.33,129805,1.3275,0.03,44.333333333333336
1986-01-29,1.33,1.34,1.31,1.33,16784,1.3275,0.03,44.333333333333336
1986-01-30,1.33,1.34,1.31,1.33,58021,1.3275,0.03,44.333333333333336
1986-01-31,1.31,1.31,1.29,1.29,36638,1.3,0.03,43.0
1986-02-03,1.29,1.33,1.29,1.31,25939,1.305,0.03,43.66666666666667
1986-02-04,1.29,1.29,1.28,1.28,29000,1.285,0.03,42.66666666666667
1986-02-05,1.28,1.28,1.28,1.28,1506,1.28,0.03,42.66666666666667
1986-02-06,1.28,1.34,1.28,1.33,870565,1.3075,0.03,44.333333333333336
1986-02-07,1.33,1.33,1.28,1.33,496365,1.3175,0.03,44.333333333333336
1986-02-10,1.33,1.33,1.29,1.33,299339,1.32,0.03,44.333333333333336
1986-02-11,1.33,1.34,1.33,1.34,258099,1.335,0.03,44.66666666666667
1986-02-12,1.34,1.39,1.33,1.39,226017,1.3625,0.03,46.33333333333333
1986-02-13,1.39,1.42,1.36,1.42,412366,1.3975,0.03,47.333333333333336
1986-02-14,1.42,1.54,1.39,1.54,412366,1.4725,0.03,51.333333333333336
1986-02-18,1.54,1.55,1.49,1.55,348209,1.5325,0.03,51.66666666666667
1986-02-19,1.55,1.55,1.52,1.54,259625,1.54,0.03,51.333333333333336
1986-02-20,1.54,1.54,1.49,1.54,131326,1.5275,0.03,51.333333333333336
1986-02-21,1.54,1.54,1.51,1.54,35110,1.5325,0.03,51.333333333333336
1986-02-24,1.54,1.57,1.54,1.55,255038,1.55,0.03,51.66666666666667
1986-02-25,1.58,1.58,1.57,1.58,87456,1.5775,0.03,52.66666666666667
1986-02-26,1.58,1.58,1.57,1.57,244366,1.575,0.03,52.333333333333336
1986-02-27,1.58,1.6,1.58,1.58,93012,1.585,0.03,52.66666666666667
1986-02-28,1.58,1.6,1.58,1.58,73581,1.585,0.03,52.66666666666667
1986-03-03,1.58,1.6,1.57,1.57,43030,1.58,0.03,52.333333333333336
1986-03-04,1.58,1.6,1.58,1.6,112452,1.59,0.03,53.333333333333336
1986-03-05,1.6,1.6,1.57,1.6,44422,1.5925,0.03,53.333333333333336
1986-03-06,1.6,1.62,1.58,1.62,286011,1.605,0.03,54.00000000000001
1986-03-07,1.62,1.62,1.6,1.6,72190,1.61,0.03,53.333333333333336
1986-03-10,1.6,1.6,1.58,1.59,390151,1.5925,0.03,53.00000000000001
1986-03-11,1.59,1.6,1.58,1.58,11095,1.5875,0.03,52.66666666666667
1986-03-12,1.58,1.6,1.58,1.58,6932,1.585,0.03,52.66666666666667
1986-03-13,1.58,1.58,1.58,1.58,11095,1.58,0.03,52.66666666666667
1986-03-14,1.58,1.6,1.57,1.6,4145,1.5875,0.03,53.333333333333336
1986-03-17,1.6,1.61,1.58,1.61,158275,1.6,0.03,53.66666666666667
1986-03-18,1.61,1.62,1.6,1.62,206877,1.6125,0.03,54.00000000000001
1986-03-19,1.62,1.67,1.6,1.67,272137,1.64,0.03,55.666666666666664
1986-03-20,1.71,1.76,1.71,1.75,355448,1.7325,0.03,58.333333333333336
1986-03-21,1.75,1.82,1.73,1.82,154105,1.78,0.03,60.66666666666667
1986-03-24,1.82,1.82,1.78,1.78,86072,1.8,0.03,59.333333333333336
1986-03-25,1.78,1.78,1.78,1.78,1373,1.78,0.03,59.333333333333336
1986-03-26,1.78,1.8,1.76,1.76,30527,1.775,0.03,58.66666666666667
1986-03-27,1.78,1.8,1.78,1.78,147169,1.785,0.03,59.333333333333336
1986-03-31,1.78,1.8,1.76,1.8,55528,1.785,0.0,inf
1986-04-01,1.8,1.8,1.76,1.78,145777,1.785,0.0,inf
1986-04-02,1.78,1.78,1.76,1.78,41639,1.775,0.0,inf
1986-04-03,1.78,1.8,1.76,1.78,238802,1.78,0.0,inf
1986-04-04,1.78,1.8,1.76,1.76,54131,1.775,0.0,inf
1986-04-07,1.76,1.8,1.76,1.76,51358,1.77,0.0,inf
1986-04-08,1.76,1.78,1.76,1.78,56914,1.77,0.0,inf
1986-04-09,1.78,1.78,1.75,1.75,199933,1.765,0.0,inf
1986-04-10,1.76,1.76,1.76,1.76,44422,1.76,0.0,inf
1986-04-11,1.76,1.76,1.75,1.75,22207,1.755,0.0,inf
1986-04-14,1.76,1.76,1.76,1.76,91626,1.76,0.0,inf
1986-04-15,1.76,1.78,1.75,1.75,74963,1.76,0.0,inf
1986-04-16,1.75,1.76,1.75,1.76,48583,1.755,0.0,inf
1986-04-17,1.76,1.76,1.75,1.76,322113,1.7575,0.0,inf
1986-04-18,1.76,1.76,1.75,1.76,380430,1.7575,0.0,inf
1986-04-21,1.76,1.76,1.75,1.76,309624,1.7575,0.0,inf
1986-04-22,1.76,1.76,1.76,1.76,381815,1.76,0.0,inf
1986-04-23,1.76,1.76,1.73,1.73,619252,1.745,0.0,inf
1986-04-24,1.73,1.75,1.71,1.73,84682,1.73,0.0,inf
1986-04-25,1.69,1.69,1.66,1.66,141603,1.675,0.0,inf
1986-04-28,1.66,1.66,1.64,1.66,38865,1.655,0.0,inf
1986-04-29,1.67,1.68,1.67,1.67,113841,1.6725,0.0,inf
1986-04-30,1.67,1.69,1.67,1.69,11095,1.68,0.0,inf
1986-05-01,1.69,1.69,1.66,1.66,184658,1.675,0.0,inf
1986-05-02,1.67,1.67,1.67,1.67,20807,1.67,0.0,inf
1986-05-05,1.67,1.67,1.67,1.67,22207,1.67,0.0,inf
1986-05-06,1.67,1.68,1.66,1.67,186038,1.67,0.0,inf
1986-05-07,1.67,1.69,1.67,1.67,74963,1.675,0.0,inf
1986-05-08,1.67,1.67,1.67,1.67,13869,1.67,0.0,inf
1986-05-09,1.67,1.69,1.67,1.69,49974,1.68,0.0,inf
1986-05-12,1.69,1.75,1.69,1.75,204087,1.72,0.0,inf
1986-05-13,1.75,1.8,1.75,1.76,258249,1.765,0.0,inf
1986-05-14,1.76,1.78,1.76,1.76,112452,1.765,0.0,inf
1986-05-15,1.76,1.78,1.76,1.76,20807,1.765,0.0,inf
1986-05-16,1.76,1.78,1.76,1.76,245746,1.765,0.0,inf
1986-05-19,1.76,1.78,1.76,1.76,36082,1.765,0.0,inf
1986-05-20,1.75,1.75,1.75,1.75,9702,1.75,0.0,inf
1986-05-21,1.73,1.73,1.69,1.71,45802,1.715,0.0,inf
1986-05-22,1.71,1.71,1.67,1.67,19422,1.69,0.0,inf
1986-05-23,1.67,1.71,1.67,1.69,145777,1.685,0.0,inf
1986-05-27,1.69,1.71,1.67,1.71,70795,1.695,0.0,inf
1986-05-28,1.69,1.69,1.67,1.67,12485,1.68,0.0,inf
1986-05-29,1.67,1.69,1.67,1.69,55528,1.68,0.0,inf
1986-05-30,1.69,1.71,1.67,1.71,34696,1.695,0.0,inf
1986-06-02,1.71,1.71,1.69,1.71,180490,1.705,0.0,inf
1986-06-03,1.71,1.76,1.71,1.76,111071,1.735,0.0,inf
1986-06-04,1.76,1.76,1.73,1.73,68016,1.745,0.0,inf
1986-06-05,1.73,1.76,1.73,1.76,192976,1.745,0.0,inf
1986-06-06,1.75,1.75,1.75,1.75,20807,1.75,0.0,inf
1986-06-09,1.75,1.76,1.73,1.73,94409,1.7425,0.0,inf
1986-06-10,1.73,1.76,1.71,1.76,47192,1.74,0.0,inf
1986-06-11,1.76,1.76,1.75,1.75,8312,1.755,0.0,inf
1986-06-12,1.75,1.8,1.75,1.76,417919,1.765,0.0,inf
1986-06-13,1.78,1.8,1.78,1.8,106904,1.79,0.0,inf
1986-06-16,1.76,1.76,1.76,1.76,59688,1.76,0.0,inf
1986-06-17,1.76,1.78,1.76,1.76,76351,1.765,0.0,inf
1986-06-18,1.76,1.78,1.73,1.73,73581,1.75,0.0,inf
1986-06-19,1.71,1.71,1.71,1.71,1373,1.71,0.0,inf
1986-06-20,1.73,1.73,1.73,1.73,6932,1.73,0.0,inf
1986-06-23,1.73,1.75,1.67,1.69,227701,1.71,0.0,inf
1986-06-24,1.69,1.73,1.67,1.73,183272,1.705,0.0,inf
1986-06-25,1.69,1.69,1.69,1.69,1373,1.69,0.0,inf
1986-06-26,1.69,1.73,1.69,1.69,44422,1.7,0.0,inf
1986-06-27,1.69,1.73,1.69,1.69,51358,1.7,0.0,inf
1986-06-30,1.69,1.73,1.69,1.73,24977,1.71,0.03,57.66666666666667
1986-07-01,1.73,1.73,1.69,1.69,20807,1.71,0.03,56.333333333333336
1986-07-02,1.71,1.75,1.71,1.71,33309,1.72,0.03,57.0
1986-07-03,1.73,1.75,1.73,1.75,76351,1.74,0.03,58.333333333333336
1986-07-07,1.73,1.73,1.69,1.69,30527,1.71,0.03,56.333333333333336
1986-07-08,1.69,1.69,1.64,1.64,123563,1.665,0.03,54.666666666666664
1986-07-09,1.64,1.67,1.64,1.67,180490,1.655,0.03,55.666666666666664
1986-07-10,1.64,1.64,1.64,1.64,18033,1.64,0.03,54.666666666666664
1986-07-11,1.64,1.64,1.64,1.64,98564,1.64,0.03,54.666666666666664
1986-07-14,1.64,1.66,1.62,1.66,31914,1.645,0.03,55.333333333333336
1986-07-15,1.64,1.64,1.55,1.55,137445,1.595,0.03,51.66666666666667
1986-07-16,1.55,1.58,1.53,1.57,123563,1.5575,0.03,52.333333333333336
1986-07-17,1.57,1.58,1.55,1.56,119389,1.565,0.03,52.00000000000001
1986-07-18,1.57,1.58,1.57,1.58,55528,1.575,0.03,52.66666666666667
1986-07-21,2.21,2.21,2.21,2.21,0,2.21,0.03,73.66666666666667
1986-07-22,1.58,1.58,1.58,1.58,13869,1.58,0.03,52.66666666666667
1986-07-23,1.58,1.58,1.58,1.58,2758,1.58,0.03,52.66666666666667
1986-07-24,1.58,1.58,1.55,1.55,18033,1.565,0.03,51.66666666666667
1986-07-25,1.55,1.57,1.53,1.53,33309,1.545,0.03,51.0
1986-07-28,1.53,1.55,1.49,1.49,63858,1.515,0.03,49.66666666666667
1986-07-29,1.49,1.51,1.48,1.48,13869,1.49,0.03,49.333333333333336
1986-07-30,1.48,1.49,1.44,1.49,24977,1.475,0.03,49.66666666666667
1986-07-31,1.49,1.49,1.4,1.4,197150,1.445,0.03,46.666666666666664
1986-08-01,1.4,1.44,1.39,1.39,83291,1.405,0.03,46.33333333333333
1986-08-04,1.39,1.4,1.37,1.38,231862,1.385,0.03,46.0
1986-08-05,1.38,1.39,1.35,1.39,324896,1.3775,0.03,46.33333333333333
1986-08-06,1.39,1.39,1.37,1.39,417919,1.385,0.03,46.33333333333333
1986-08-07,1.39,1.39,1.35,1.37,84682,1.375,0.03,45.66666666666667
1986-08-08,1.37,1.37,1.37,1.37,44422,1.37,0.03,45.66666666666667
1986-08-11,1.37,1.39,1.35,1.37,26361,1.37,0.03,45.66666666666667
1986-08-12,1.37,1.39,1.37,1.39,201316,1.38,0.03,46.33333333333333
1986-08-13,1.39,1.39,1.37,1.39,1514821,1.385,0.03,46.33333333333333
1986-08-14,1.4,1.44,1.4,1.4,316563,1.41,0.03,46.666666666666664
1986-08-15,1.42,1.44,1.42,1.44,962211,1.43,0.03,48.0
1986-08-18,1.44,1.48,1.44,1.48,33309,1.46,0.03,49.333333333333336
1986-08-19,1.48,1.48,1.4,1.44,399874,1.45,0.03,48.0
1986-08-20,1.42,1.42,1.42,1.42,20807,1.42,0.03,47.333333333333336
1986-08-21,1.98,1.98,1.98,1.98,0,1.98,0.03,66.0
1986-08-22,1.42,1.42,1.4,1.4,752543,1.41,0.03,46.666666666666664
1986-08-25,1.96,1.96,1.96,1.96,0,1.96,0.03,65.33333333333333
1986-08-26,1.44,1.44,1.44,1.44,1373,1.44,0.03,48.0
1986-08-27,1.44,1.44,1.39,1.39,11095,1.415,0.03,46.33333333333333
1986-08-28,1.39,1.39,1.39,1.39,1373,1.39,0.03,46.33333333333333
1986-08-29,1.42,1.42,1.42,1.42,13869,1.42,0.03,47.333333333333336
1986-09-02,1.4,1.4,1.39,1.4,154105,1.3975,0.03,46.666666666666664
1986-09-03,1.4,1.4,1.39,1.4,16647,1.3975,0.03,46.666666666666664
1986-09-04,1.4,1.4,1.39,1.4,93012,1.3975,0.03,46.666666666666664
1986-09-05,1.4,1.4,1.39,1.39,242975,1.395,0.03,46.33333333333333
1986-09-08,1.39,1.4,1.35,1.35,306841,1.3725,0.03,45.00000000000001
1986-09-09,1.39,1.39,1.39,1.39,4145,1.39,0.03,46.33333333333333
1986-09-10,1.39,1.39,1.39,1.39,20807,1.39,0.03,46.33333333333333
1986-09-11,1.37,1.37,1.35,1.37,11095,1.365,0.03,45.66666666666667
1986-09-12,1.37,1.37,1.31,1.35,173553,1.35,0.03,45.00000000000001
1986-09-15,1.35,1.39,1.3,1.39,148549,1.3575,0.03,46.33333333333333
1986-09-16,1.35,1.35,1.33,1.33,49974,1.34,0.03,44.333333333333336
1986-09-17,1.35,1.39,1.35,1.35,34696,1.36,0.03,45.00000000000001
1986-09-18,1.35,1.37,1.35,1.35,45802,1.355,0.03,45.00000000000001
1986-09-19,1.88,1.88,1.88,1.88,0,1.88,0.03,62.666666666666664
1986-09-22,1.35,1.35,1.35,1.35,13869,1.35,0.03,45.00000000000001
1986-09-23,1.35,1.37,1.33,1.37,380430,1.355,0.03,45.66666666666667
1986-09-24,1.37,1.37,1.33,1.33,15251,1.35,0.03,44.333333333333336
1986-09-25,1.33,1.33,1.33,1.33,269352,1.33,0.03,44.333333333333336
1986-09-26,1.35,1.37,1.35,1.37,40253,1.36,0.03,45.66666666666667
1986-09-29,1.37,1.37,1.3,1.33,119389,1.3425,0.03,44.333333333333336
1986-09-30,1.33,1.33,1.3,1.3,508172,1.315,0.03,43.333333333333336
1986-10-01,1.3,1.33,1.3,1.31,199933,1.31,0.03,43.66666666666667
1986-10-02,1.31,1.31,1.3,1.3,31914,1.305,0.03,43.333333333333336
1986-10-03,1.3,1.31,1.3,1.31,15251,1.305,0.03,43.66666666666667
1986-10-06,1.31,1.31,1.3,1.3,79134,1.305,0.03,43.333333333333336
1986-10-07,1.3,1.31,1.3,1.3,27760,1.3025,0.03,43.333333333333336
1986-10-08,1.3,1.31,1.28,1.28,11095,1.2925,0.03,42.66666666666667
1986-10-09,1.78,1.78,1.78,1.78,0,1.78,0.03,59.333333333333336
1986-10-10,1.28,1.29,1.28,1.28,238802,1.2825,0.03,42.66666666666667
1986-10-13,1.28,1.28,1.21,1.22,197150,1.2475,0.03,40.666666666666664
1986-10-14,1.19,1.19,1.1,1.12,399874,1.15,0.03,37.333333333333336
1986-10-15,1.12,1.12,1.06,1.12,637292,1.105,0.03,37.333333333333336
1986-10-16,1.12,1.15,1.11,1.15,833084,1.1325,0.03,38.33333333333333
1986-10-17,1.15,1.2,1.15,1.19,501229,1.1725,0.03,39.666666666666664
1986-10-20,1.19,1.21,1.17,1.17,208252,1.185,0.03,39.0
1986-10-21,1.19,1.21,1.19,1.19,94409,1.195,0.03,39.666666666666664
1986-10-22,1.19,1.19,1.19,1.19,2758,1.19,0.03,39.666666666666664
1986-10-23,1.19,1.19,1.15,1.15,144392,1.17,0.03,38.33333333333333
1986-10-24,1.15,1.17,1.15,1.15,31914,1.155,0.03,38.33333333333333
1986-10-27,1.17,1.17,1.17,1.17,95794,1.17,0.03,39.0
1986-10-28,1.17,1.17,1.15,1.17,24977,1.165,0.03,39.0
1986-10-29,1.17,1.17,1.15,1.17,540109,1.165,0.03,39.0
1986-10-30,1.17,1.17,1.15,1.17,149940,1.165,0.03,39.0
1986-10-31,1.17,1.21,1.17,1.17,419310,1.18,0.03,39.0
1986-11-03,1.17,1.21,1.17,1.19,52740,1.185,0.03,39.666666666666664
1986-11-04,1.21,1.21,1.21,1.21,24977,1.21,0.03,40.333333333333336
1986-11-05,1.21,1.22,1.19,1.19,30527,1.2025,0.03,39.666666666666664
1986-11-06,1.2,1.22,1.2,1.2,181875,1.205,0.03,40.0
1986-11-07,1.2,1.24,1.19,1.22,229088,1.2125,0.03,40.666666666666664
1986-11-10,1.24,1.24,1.24,1.24,1373,1.24,0.03,41.333333333333336
1986-11-11,1.24,1.26,1.22,1.22,86072,1.235,0.03,40.666666666666664
1986-11-12,1.22,1.22,1.22,1.22,6932,1.22,0.03,40.666666666666664
1986-11-13,1.22,1.24,1.22,1.24,54131,1.23,0.03,41.333333333333336
1986-11-14,1.24,1.26,1.24,1.26,5547,1.25,0.03,42.0
1986-11-17,1.26,1.26,1.26,1.26,5547,1.26,0.03,42.0
1986-11-18,1.24,1.24,1.22,1.22,12485,1.23,0.03,40.666666666666664
1986-11-19,1.22,1.26,1.22,1.26,22207,1.24,0.03,42.0
1986-11-20,1.25,1.25,1.22,1.25,68016,1.2425,0.03,41.66666666666667
1986-11-21,1.25,1.33,1.22,1.28,372102,1.27,0.03,42.66666666666667
1986-11-24,1.28,1.31,1.28,1.28,145777,1.2875,0.03,42.66666666666667
1986-11-25,1.28,1.31,1.28,1.31,119389,1.295,0.03,43.66666666666667
1986-11-26,1.31,1.31,1.28,1.28,52740,1.295,0.03,42.66666666666667
1986-11-28,1.28,1.3,1.28,1.3,29144,1.29,0.03,43.333333333333336
1986-12-01,1.3,1.3,1.26,1.29,73581,1.2875,0.03,43.0
1986-12-02,1.28,1.28,1.28,1.28,12485,1.28,0.03,42.66666666666667
1986-12-03,1.28,1.3,1.28,1.3,527606,1.29,0.03,43.333333333333336
1986-12-04,1.3,1.3,1.28,1.28,12485,1.29,0.03,42.66666666666667
1986-12-05,1.28,1.3,1.28,1.28,94409,1.285,0.03,42.66666666666667
1986-12-08,1.28,1.3,1.28,1.3,11095,1.29,0.03,43.333333333333336
1986-12-09,1.3,1.3,1.28,1.3,162443,1.295,0.03,43.333333333333336
1986-12-10,1.3,1.3,1.28,1.28,167996,1.29,0.03,42.66666666666667
1986-12-11,1.28,1.29,1.26,1.26,163826,1.2725,0.03,42.0
1986-12-12,1.26,1.27,1.26,1.26,94409,1.2625,0.03,42.0
1986-12-15,1.26,1.26,1.22,1.22,16647,1.24,0.03,40.666666666666664
1986-12-16,1.22,1.28,1.22,1.22,66633,1.235,0.03,40.666666666666664
1986-12-17,1.22,1.28,1.22,1.24,74963,1.24,0.03,41.333333333333336
1986-12-18,1.22,1.22,1.22,1.22,56914,1.22,0.03,40.666666666666664
1986-12-19,1.22,1.24,1.22,1.22,208252,1.225,0.03,40.666666666666664
1986-12-22,1.22,1.26,1.22,1.22,72190,1.23,0.03,40.666666666666664
1986-12-23,1.22,1.26,1.22,1.26,377660,1.24,0.03,42.0
1986-12-24,1.76,1.76,1.76,1.76,0,1.76,0.03,58.66666666666667
1986-12-26,1.26,1.26,1.22,1.23,20807,1.2425,0.03,41.0
1986-12-29,1.23,1.23,1.23,1.23,8312,1.23,0.03,41.0
1986-12-30,1.22,1.22,1.22,1.22,26361,1.22,0.03,40.666666666666664
1986-12-31,1.22,1.24,1.22,1.24,73581,1.23,0.02,62.0
1987-01-02,1.24,1.3,1.22,1.3,348492,1.265,0.02,65.0
1987-01-05,1.3,1.37,1.28,1.33,199933,1.32,0.02,66.5
1987-01-06,1.37,1.4,1.37,1.4,267963,1.385,0.02,70.0
1987-01-07,1.4,1.46,1.4,1.42,147169,1.42,0.02,71.0
1987-01-08,1.42,1.46,1.42,1.44,65242,1.435,0.02,72.0
1987-01-09,1.44,1.49,1.44,1.46,483180,1.4575,0.02,73.0
1987-01-12,1.46,1.53,1.46,1.51,290176,1.49,0.02,75.5
1987-01-13,1.53,1.62,1.53,1.62,172154,1.575,0.02,81.0
1987-01-14,1.62,1.62,1.57,1.57,272137,1.595,0.02,78.5
1987-01-15,1.57,1.6,1.57,1.57,68016,1.5775,0.02,78.5
1987-01-16,1.57,1.58,1.57,1.57,195764,1.5725,0.02,78.5
1987-01-19,1.57,1.57,1.51,1.51,41639,1.54,0.02,75.5
1987-01-20,1.51,1.55,1.48,1.51,1031626,1.5125,0.02,75.5
1987-01-21,1.48,1.48,1.42,1.42,161052,1.45,0.02,71.0
1987-01-22,1.42,1.48,1.42,1.48,245746,1.45,0.02,74.0
1987-01-23,1.48,1.48,1.42,1.42,37465,1.45,0.02,71.0
1987-01-26,1.42,1.46,1.42,1.42,298506,1.43,0.02,71.0
1987-01-27,1.42,1.46,1.42,1.46,16647,1.44,0.02,73.0
1987-01-28,1.46,1.46,1.44,1.44,179101,1.45,0.02,72.0
1987-01-29,1.44,1.46,1.44,1.46,15251,1.45,0.02,73.0
1987-01-30,1.44,1.44,1.41,1.44,123563,1.4325,0.02,72.0
1987-02-02,1.44,1.44,1.4,1.44,159661,1.43,0.02,72.0
1987-02-03,1.44,1.44,1.42,1.44,387368,1.435,0.02,72.0
1987-02-04,1.44,1.44,1.4,1.4,242975,1.42,0.02,70.0
1987-02-05,1.4,1.42,1.37,1.41,144392,1.4,0.02,70.5
1987-02-06,1.4,1.4,1.37,1.39,652570,1.39,0.02,69.5
1987-02-09,1.39,1.39,1.35,1.35,66633,1.37,0.02,67.5
1987-02-10,1.35,1.37,1.35,1.37,38865,1.36,0.02,68.5
1987-02-11,1.37,1.37,1.37,1.37,6932,1.37,0.02,68.5
1987-02-12,1.37,1.39,1.35,1.35,286011,1.365,0.02,67.5
1987-02-13,1.35,1.36,1.35,1.35,136054,1.3525,0.02,67.5
1987-02-17,1.35,1.39,1.35,1.35,118009,1.36,0.02,67.5
1987-02-18,1.35,1.35,1.35,1.35,40253,1.35,0.02,67.5
1987-02-19,1.35,1.37,1.33,1.33,45802,1.345,0.02,66.5
1987-02-20,1.33,1.35,1.33,1.35,23590,1.34,0.02,67.5
1987-02-23,1.35,1.37,1.35,1.37,54131,1.36,0.02,68.5
1987-02-24,1.35,1.35,1.35,1.35,8312,1.35,0.02,67.5
1987-02-25,1.33,1.33,1.33,1.33,2758,1.33,0.02,66.5
1987-02-26,1.33,1.35,1.31,1.31,22207,1.325,0.02,65.5
1987-02-27,1.31,1.35,1.31,1.31,24977,1.32,0.02,65.5
1987-03-02,1.33,1.35,1.33,1.35,166605,1.34,0.02,67.5
1987-03-03,1.35,1.35,1.31,1.33,1345430,1.335,0.02,66.5
1987-03-04,1.33,1.35,1.33,1.33,87456,1.335,0.02,66.5
1987-03-05,1.33,1.35,1.33,1.35,68016,1.34,0.02,67.5
1987-03-06,1.35,1.35,1.33,1.33,81900,1.34,0.02,66.5
1987-03-09,1.33,1.35,1.31,1.31,97177,1.325,0.02,65.5
1987-03-10,1.31,1.33,1.3,1.33,30527,1.3175,0.02,66.5
1987-03-11,1.33,1.33,1.3,1.3,5547,1.315,0.02,65.0
1987-03-12,1.33,1.33,1.33,1.33,18033,1.33,0.02,66.5
1987-03-13,1.32,1.32,1.3,1.3,20807,1.31,0.02,65.0
1987-03-16,1.3,1.33,1.3,1.31,102731,1.31,0.02,65.5
1987-03-17,1.32,1.33,1.32,1.32,20807,1.3225,0.02,66.0
1987-03-18,1.3,1.3,1.3,1.3,12485,1.3,0.02,65.0
1987-03-19,1.31,1.37,1.31,1.37,574814,1.34,0.02,68.5
1987-03-20,1.37,1.54,1.35,1.53,1964684,1.4475,0.02,76.5
1987-03-23,1.53,1.71,1.51,1.69,1145490,1.61,0.02,84.5
1987-03-24,1.69,1.73,1.62,1.62,458184,1.665,0.02,81.0
1987-03-25,1.62,1.66,1.57,1.6,452627,1.6125,0.02,80.0
1987-03-26,1.6,1.64,1.6,1.64,562329,1.62,0.02,82.0
1987-03-27,1.64,1.64,1.6,1.64,192976,1.63,0.02,82.0
1987-03-30,1.6,1.6,1.55,1.6,338778,1.5875,0.0,inf
1987-03-31,1.58,1.58,1.55,1.57,140226,1.57,0.0,inf
1987-04-01,1.57,1.58,1.55,1.58,187428,1.57,0.0,inf
1987-04-02,1.58,1.6,1.57,1.58,347109,1.5825,0.0,inf
1987-04-03,1.58,1.6,1.57,1.6,201316,1.5875,0.0,inf
1987-04-06,1.6,1.6,1.6,1.6,37465,1.6,0.0,inf
1987-04-07,1.6,1.6,1.57,1.58,219362,1.5875,0.0,inf
1987-04-08,1.58,1.59,1.57,1.58,73581,1.58,0.0,inf
1987-04-09,1.58,1.59,1.57,1.57,23590,1.5775,0.0,inf
1987-04-10,1.57,1.58,1.57,1.58,70795,1.575,0.0,inf
1987-04-13,1.58,1.58,1.57,1.57,86072,1.575,0.0,inf
1987-04-14,1.57,1.57,1.53,1.57,233254,1.56,0.0,inf
1987-04-15,1.53,1.53,1.53,1.53,11095,1.53,0.0,inf
1987-04-16,1.57,1.57,1.57,1.57,1373,1.57,0.0,inf
1987-04-20,1.55,1.55,1.51,1.55,91626,1.54,0.0,inf
1987-04-21,1.55,1.55,1.53,1.53,111071,1.54,0.0,inf
1987-04-22,1.53,1.55,1.52,1.55,202703,1.5375,0.0,inf
1987-04-23,1.49,1.49,1.49,1.49,1373,1.49,0.0,inf
1987-04-24,1.49,1.5,1.46,1.48,163826,1.4825,0.0,inf
1987-04-27,1.44,1.44,1.44,1.44,20807,1.44,0.0,inf
1987-04-28,1.44,1.48,1.44,1.48,170763,1.46,0.0,inf
1987-04-29,1.48,1.51,1.46,1.48,319330,1.4825,0.0,inf
1987-04-30,1.48,1.51,1.48,1.51,66633,1.495,0.0,inf
1987-05-01,1.49,1.49,1.46,1.48,1087164,1.48,0.0,inf
1987-05-04,1.48,1.48,1.44,1.48,23590,1.47,0.0,inf
1987-05-05,1.48,1.48,1.44,1.44,12485,1.46,0.0,inf
1987-05-06,1.44,1.48,1.44,1.46,63858,1.455,0.0,inf
1987-05-07,1.46,1.46,1.42,1.46,6932,1.45,0.0,inf
1987-05-08,1.46,1.46,1.42,1.42,11095,1.44,0.0,inf
1987-05-11,1.42,1.46,1.42,1.42,22207,1.43,0.0,inf
1987-05-12,1.42,1.44,1.4,1.4,47192,1.415,0.0,inf
1987-05-13,1.44,1.44,1.44,1.44,13869,1.44,0.0,inf
1987-05-14,1.42,1.42,1.39,1.39,66633,1.405,0.0,inf
1987-05-15,1.39,1.4,1.37,1.37,74963,1.3825,0.0,inf
1987-05-18,1.37,1.4,1.37,1.4,13869,1.385,0.0,inf
1987-05-19,1.39,1.39,1.37,1.39,37465,1.385,0.0,inf
1987-05-20,1.39,1.4,1.37,1.37,1370411,1.3825,0.0,inf
1987-05-21,1.37,1.42,1.37,1.4,247137,1.39,0.0,inf
1987-05-22,1.4,1.44,1.39,1.44,94409,1.4175,0.0,inf
1987-05-26,1.44,1.48,1.42,1.48,279074,1.455,0.0,inf
1987-05-27,1.48,1.55,1.46,1.51,183272,1.5,0.0,inf
1987-05-28,1.53,1.62,1.53,1.6,211039,1.57,0.0,inf
1987-05-29,1.6,1.62,1.57,1.58,65242,1.5925,0.0,inf
1987-06-01,1.58,1.62,1.58,1.62,31914,1.6,0.0,inf
1987-06-02,1.62,1.62,1.58,1.62,95794,1.61,0.0,inf
1987-06-03,1.62,1.62,1.57,1.6,133284,1.6025,0.0,inf
1987-06-04,1.6,1.6,1.57,1.58,337386,1.5875,0.0,inf
1987-06-05,1.58,1.64,1.58,1.62,1151039,1.605,0.0,inf
1987-06-08,1.62,1.62,1.58,1.6,176324,1.605,0.0,inf
1987-06-09,1.6,1.6,1.58,1.6,108288,1.595,0.0,inf
1987-06-10,1.6,1.62,1.6,1.62,113841,1.61,0.0,inf
1987-06-11,1.62,1.62,1.53,1.58,733112,1.5875,0.0,inf
1987-06-12,1.58,1.6,1.57,1.6,479015,1.5875,0.0,inf
1987-06-15,1.6,1.6,1.58,1.6,19422,1.595,0.0,inf
1987-06-16,1.6,1.6,1.57,1.58,308225,1.5875,0.0,inf
1987-06-17,1.58,1.6,1.57,1.58,213813,1.5825,0.0,inf
1987-06-18,1.58,1.6,1.57,1.57,155504,1.58,0.0,inf
1987-06-19,1.57,1.58,1.53,1.58,259625,1.565,0.0,inf
1987-06-22,1.58,1.6,1.55,1.57,159661,1.575,0.0,inf
1987-06-23,1.57,1.6,1.57,1.57,281844,1.5775,0.0,inf
1987-06-24,1.57,1.6,1.57,1.6,408193,1.585,0.0,inf
1987-06-25,1.6,1.62,1.58,1.62,265186,1.605,0.0,inf
1987-06-26,1.62,1.62,1.62,1.62,473459,1.62,0.0,inf
1987-06-29,1.62,1.64,1.6,1.6,141603,1.615,0.0,inf
1987-06-30,1.6,1.64,1.6,1.64,242975,1.62,0.03,54.666666666666664
1987-07-01,1.64,1.67,1.6,1.67,329057,1.645,0.03,55.666666666666664
1987-07-02,1.67,1.73,1.66,1.71,709498,1.6925,0.03,57.0
1987-07-06,1.71,1.71,1.69,1.71,183272,1.705,0.03,57.0
1987-07-07,1.71,1.75,1.69,1.69,156878,1.71,0.03,56.333333333333336
1987-07-08,1.69,1.73,1.69,1.73,359598,1.71,0.03,57.66666666666667
1987-07-09,1.73,1.73,1.66,1.66,129115,1.695,0.03,55.333333333333336
1987-07-10,1.66,1.66,1.66,1.66,51358,1.66,0.03,55.333333333333336
1987-07-13,1.66,1.67,1.64,1.64,58305,1.6525,0.03,54.666666666666664
1987-07-14,1.64,1.67,1.64,1.67,187428,1.655,0.03,55.666666666666664
1987-07-15,1.67,1.67,1.64,1.64,24977,1.655,0.03,54.666666666666664
1987-07-16,1.64,1.64,1.62,1.62,34696,1.63,0.03,54.00000000000001
1987-07-17,1.62,1.62,1.62,1.62,99960,1.62,0.03,54.00000000000001
1987-07-20,1.62,1.62,1.53,1.53,148549,1.575,0.03,51.0
1987-07-21,1.53,1.55,1.53,1.53,161052,1.535,0.03,51.0
1987-07-22,1.53,1.55,1.51,1.51,70795,1.525,0.03,50.333333333333336
1987-07-23,1.51,1.53,1.49,1.49,86072,1.505,0.03,49.66666666666667
1987-07-24,1.49,1.51,1.46,1.51,97177,1.4925,0.03,50.333333333333336
1987-07-27,1.51,1.51,1.48,1.51,11095,1.5025,0.03,50.333333333333336
1987-07-28,1.51,1.53,1.48,1.48,141603,1.5,0.03,49.333333333333336
1987-07-29,1.48,1.51,1.48,1.51,116623,1.495,0.03,50.333333333333336
1987-07-30,1.51,1.51,1.49,1.51,11095,1.505,0.03,50.333333333333336
1987-07-31,1.51,1.53,1.49,1.53,69407,1.515,0.03,51.0
1987-08-03,1.53,1.53,1.49,1.53,13869,1.52,0.03,51.0
1987-08-04,1.53,1.53,1.49,1.53,6932,1.52,0.03,51.0
1987-08-05,1.53,1.53,1.49,1.52,113841,1.5175,0.03,50.66666666666667
1987-08-06,1.51,1.51,1.49,1.49,129115,1.5,0.03,49.66666666666667
1987-08-07,1.49,1.51,1.46,1.46,162443,1.48,0.03,48.666666666666664
1987-08-10,1.46,1.49,1.46,1.49,165213,1.475,0.03,49.66666666666667
1987-08-11,1.49,1.49,1.46,1.48,55528,1.48,0.03,49.333333333333336
1987-08-12,1.48,1.49,1.46,1.49,147169,1.48,0.03,49.66666666666667
1987-08-13,1.49,1.49,1.46,1.46,88856,1.475,0.03,48.666666666666664
1987-08-14,1.46,1.48,1.46,1.46,9702,1.465,0.03,48.666666666666664
1987-08-17,1.46,1.48,1.46,1.47,83291,1.4675,0.03,49.0
1987-08-18,1.47,1.48,1.46,1.46,52740,1.4675,0.03,48.666666666666664
1987-08-19,1.46,1.46,1.44,1.44,24977,1.45,0.03,48.0
1987-08-20,1.44,1.48,1.44,1.46,18033,1.455,0.03,48.666666666666664
1987-08-21,1.45,1.45,1.44,1.44,45802,1.445,0.03,48.0
1987-08-24,1.44,1.44,1.44,1.44,27760,1.44,0.03,48.0
1987-08-25,1.44,1.48,1.44,1.44,29144,1.45,0.03,48.0
1987-08-26,1.44,1.48,1.44,1.44,23590,1.45,0.03,48.0
1987-08-27,1.44,1.44,1.42,1.44,112452,1.435,0.03,48.0
1987-08-28,1.43,1.43,1.4,1.4,1244078,1.415,0.03,46.666666666666664
1987-08-31,1.4,1.44,1.4,1.44,23590,1.42,0.03,48.0
1987-09-01,1.44,1.44,1.4,1.44,177720,1.43,0.03,48.0
1987-09-02,1.44,1.44,1.42,1.44,61079,1.435,0.03,48.0
1987-09-03,1.46,1.48,1.46,1.48,61079,1.47,0.03,49.333333333333336
1987-09-04,1.48,1.49,1.44,1.45,69407,1.465,0.03,48.333333333333336
1987-09-08,1.45,1.48,1.44,1.44,63858,1.4525,0.03,48.0
1987-09-09,1.49,1.49,1.45,1.47,82029,1.475,0.03,49.0
1987-09-10,1.49,1.49,1.49,1.49,30289,1.49,0.03,49.66666666666667
1987-09-11,1.49,1.49,1.47,1.47,208252,1.48,0.03,49.0
1987-09-14,1.47,1.51,1.47,1.47,61837,1.48,0.03,49.0
1987-09-15,1.47,1.51,1.47,1.49,16388,1.485,0.03,49.66666666666667
1987-09-16,1.47,1.47,1.43,1.45,50481,1.455,0.03,48.333333333333336
1987-09-17,1.45,1.45,1.43,1.45,12606,1.445,0.03,48.333333333333336
1987-09-18,1.45,1.47,1.43,1.47,25233,1.455,0.03,49.0
1987-09-21,1.47,1.47,1.43,1.47,34070,1.46,0.03,49.0
1987-09-22,1.43,1.43,1.41,1.41,20186,1.42,0.03,47.0
1987-09-23,1.41,1.45,1.41,1.43,102230,1.425,0.03,47.666666666666664
1987-09-24,1.41,1.41,1.41,1.41,1243,1.41,0.03,47.0
1987-09-25,1.41,1.41,1.35,1.35,184278,1.38,0.03,45.00000000000001
1987-09-28,1.37,1.37,1.37,1.37,7560,1.37,0.03,45.66666666666667
1987-09-29,1.37,1.37,1.37,1.37,1243,1.37,0.03,45.66666666666667
1987-09-30,1.37,1.37,1.35,1.37,30289,1.365,0.03,45.66666666666667
1987-10-01,1.37,1.37,1.37,1.37,10087,1.37,0.03,45.66666666666667
1987-10-02,1.37,1.37,1.35,1.37,128739,1.365,0.03,45.66666666666667
1987-10-05,1.37,1.39,1.37,1.38,70676,1.3775,0.03,46.0
1987-10-06,1.38,1.41,1.37,1.37,6293,1.3825,0.03,45.66666666666667
1987-10-07,1.37,1.37,1.35,1.35,61837,1.36,0.03,45.00000000000001
1987-10-08,1.35,1.35,1.33,1.35,79504,1.345,0.03,45.00000000000001
1987-10-09,1.33,1.33,1.31,1.31,76974,1.32,0.03,43.66666666666667
1987-10-12,1.31,1.31,1.27,1.27,199431,1.29,0.03,42.333333333333336
1987-10-13,1.27,1.29,1.25,1.29,59312,1.275,0.03,43.0
1987-10-14,1.29,1.29,1.23,1.25,209521,1.265,0.03,41.66666666666667
1987-10-15,1.25,1.27,1.21,1.21,122422,1.235,0.03,40.333333333333336
1987-10-16,1.19,1.19,1.15,1.15,84557,1.17,0.03,38.33333333333333
1987-10-19,1.15,1.15,1.07,1.07,170387,1.11,0.03,35.66666666666667
1987-10-20,1.07,1.09,0.99029,0.99029,59312,1.03515,0.03,33.00966666666667
1987-10-21,0.99029,1.03,0.99029,1.03,316818,1.01015,0.03,34.333333333333336
1987-10-22,0.99029,0.99029,0.95068,0.97048,324384,0.97544,0.03,32.349333333333334
1987-10-23,0.95068,0.95068,0.89126,0.89126,171656,0.92097,0.03,29.70866666666667
1987-10-26,0.89126,0.93087,0.83184,0.85165,320605,0.87641,0.03,28.388333333333335
1987-10-27,0.85165,0.88136,0.85165,0.86155,208252,0.86155,0.03,28.718333333333337
1987-10-28,0.85165,0.85165,0.83184,0.83184,232247,0.84175,0.03,27.728
1987-10-29,0.83184,0.85165,0.83184,0.85165,1220590,0.84175,0.03,28.388333333333335
1987-10-30,0.85165,0.93087,0.85165,0.91106,554115,0.88631,0.03,30.368666666666666
1987-11-02,0.91106,0.91106,0.87145,0.89126,104753,0.89621,0.03,29.70866666666667
1987-11-03,0.89126,0.89126,0.87145,0.89126,109800,0.88631,0.03,29.70866666666667
1987-11-04,0.87145,0.87145,0.83184,0.85165,79504,0.8566,0.03,28.388333333333335
1987-11-05,0.85165,0.87145,0.83184,0.87145,59312,0.8566,0.03,29.048333333333332
1987-11-06,0.85165,0.85165,0.83184,0.83184,51734,0.84175,0.03,27.728
1987-11-09,0.83184,0.85165,0.83184,0.85165,36588,0.84175,0.03,28.388333333333335
1987-11-10,0.85165,0.85165,0.79223,0.83184,209521,0.83184,0.03,27.728
1987-11-11,0.83184,0.83184,0.81204,0.83184,292834,0.82689,0.03,27.728
1987-11-12,0.83184,0.85165,0.83184,0.85165,46683,0.84175,0.03,28.388333333333335
1987-11-13,0.85165,0.85165,0.83184,0.83184,246126,0.84175,0.03,27.728
1987-11-16,0.83184,0.85165,0.83184,0.85165,323135,0.84175,0.03,28.388333333333335
1987-11-17,0.85165,0.85165,0.83184,0.85165,698011,0.8467,0.03,28.388333333333335
1987-11-18,0.85165,0.87145,0.85165,0.85165,80779,0.8566,0.03,28.388333333333335
1987-11-19,0.85165,0.85165,0.85165,0.85165,35330,0.85165,0.03,28.388333333333335
1987-11-20,0.85165,0.87145,0.83184,0.85165,8818,0.85165,0.03,28.388333333333335
1987-11-23,0.85165,0.87145,0.83184,0.83184,21442,0.8467,0.03,27.728
1987-11-24,0.83184,0.87145,0.83184,0.83184,17657,0.84174,0.03,27.728
1987-11-25,0.83184,0.85165,0.83184,0.83184,54262,0.83679,0.03,27.728
1987-11-27,0.83184,0.83184,0.83184,0.83184,12606,0.83184,0.03,27.728
1987-11-30,0.83184,0.85165,0.81204,0.83184,473333,0.83184,0.03,27.728
1987-12-01,0.83184,0.84174,0.81204,0.83184,70676,0.82937,0.03,27.728
1987-12-02,0.83184,0.85165,0.83184,0.85165,31542,0.84175,0.03,28.388333333333335
1987-12-03,0.85165,0.85165,0.82194,0.82194,1088057,0.8368,0.03,27.398
1987-12-04,0.82194,0.85165,0.82194,0.82194,31542,0.82937,0.03,27.398
1987-12-07,0.82194,0.82194,0.82194,0.82194,10087,0.82194,0.03,27.398
1987-12-08,0.82194,0.82194,0.82194,0.82194,121173,0.82194,0.03,27.398
1987-12-09,0.82194,0.82194,0.82194,0.82194,6293,0.82194,0.03,27.398
1987-12-10,0.82194,0.83184,0.82194,0.82194,18916,0.82442,0.03,27.398
1987-12-11,0.82194,0.82194,0.82194,0.82194,16388,0.82194,0.03,27.398
1987-12-14,0.82194,0.84174,0.82194,0.83184,92127,0.82937,0.03,27.728
1987-12-15,0.83184,0.86155,0.83184,0.83184,30289,0.83927,0.03,27.728
1987-12-16,0.83184,0.85165,0.83184,0.85165,106019,0.84175,0.03,28.388333333333335
1987-12-17,0.85165,0.89126,0.82194,0.82194,186807,0.8467,0.03,27.398
1987-12-18,0.83184,0.85165,0.83184,0.85165,26491,0.84175,0.03,28.388333333333335
1987-12-21,0.85165,0.85165,0.82194,0.82194,138840,0.8368,0.03,27.398
1987-12-22,0.82194,0.85165,0.82194,0.82194,65625,0.82937,0.03,27.398
1987-12-23,0.82194,0.85165,0.82194,0.82194,214568,0.82937,0.03,27.398
1987-12-24,1.14,1.14,1.14,1.14,0,1.14,0.03,38.0
1987-12-28,0.82194,0.82194,0.82194,0.82194,39108,0.82194,0.03,27.398
1987-12-29,0.82194,0.83184,0.80213,0.82194,78252,0.81946,0.03,27.398
1987-12-30,0.82194,0.84174,0.81204,0.82194,175441,0.82442,0.03,27.398
1987-12-31,0.82194,0.84174,0.81204,0.84174,85821,0.82937,0.04,21.0435
1988-01-04,0.84174,0.84174,0.84174,0.84174,31542,0.84174,0.04,21.0435
1988-01-05,0.85165,0.85165,0.85165,0.85165,140095,0.85165,0.04,21.29125
1988-01-06,0.85165,0.89126,0.83184,0.89126,87076,0.8665,0.04,22.2815
1988-01-07,0.89126,0.91106,0.87145,0.91106,71935,0.89621,0.04,22.7765
1988-01-08,0.93087,0.97048,0.93087,0.93087,119897,0.94077,0.04,23.271749999999997
1988-01-11,0.93087,0.99029,0.93087,0.99029,209521,0.96058,0.04,24.75725
1988-01-12,0.99029,0.99029,0.99029,0.99029,3769,0.99029,0.04,24.75725
1988-01-13,0.97048,0.97048,0.97048,0.97048,20186,0.97048,0.04,24.262
1988-01-14,0.97048,0.97048,0.93087,0.97048,42898,0.96058,0.04,24.262
1988-01-15,0.97048,0.99029,0.95068,0.99029,40386,0.97544,0.04,24.75725
1988-01-18,0.99029,0.99029,0.97048,0.97048,11346,0.98039,0.04,24.262
1988-01-19,0.97048,0.97048,0.93087,0.97048,16388,0.96058,0.04,24.262
1988-01-20,0.93087,0.93087,0.93087,0.93087,90874,0.93087,0.04,23.271749999999997
1988-01-21,0.93087,0.93087,0.93087,0.93087,78252,0.93087,0.04,23.271749999999997
1988-01-22,0.93087,0.95068,0.93087,0.95068,21442,0.94077,0.04,23.767
1988-01-25,0.95068,0.95068,0.95068,0.95068,1243,0.95068,0.04,23.767
1988-01-26,0.95068,0.97048,0.91106,0.97048,16388,0.95068,0.04,24.262
1988-01-27,0.97048,0.97048,0.91106,0.97048,54262,0.95563,0.04,24.262
1988-01-28,0.97048,0.97048,0.97048,0.97048,12606,0.97048,0.04,24.262
1988-01-29,0.97048,1.01,0.97048,1.01,94658,0.99024,0.04,25.25
1988-02-01,1.05,1.15,1.05,1.11,388763,1.09,0.04,27.750000000000004
1988-02-02,1.11,1.11,1.05,1.11,39108,1.095,0.04,27.750000000000004
1988-02-03,1.11,1.11,1.05,1.05,22706,1.08,0.04,26.25
1988-02-04,1.05,1.09,1.03,1.09,61837,1.065,0.04,27.25
1988-02-05,1.07,1.07,1.01,1.01,51734,1.04,0.04,25.25
1988-02-08,1.01,1.05,0.99029,0.99029,118644,1.01015,0.04,24.75725
1988-02-09,0.99029,1.05,0.99029,0.99029,12606,1.00522,0.04,24.75725
1988-02-10,1.01,1.05,1.01,1.01,44164,1.02,0.04,25.25
1988-02-11,1.02,1.05,1.02,1.05,16388,1.035,0.04,26.25
1988-02-12,1.05,1.05,1.01,1.05,76974,1.04,0.04,26.25
1988-02-16,1.05,1.05,1.01,1.05,66884,1.04,0.04,26.25
1988-02-17,1.05,1.05,1.01,1.05,104753,1.04,0.04,26.25
1988-02-18,1.05,1.05,1.01,1.05,51734,1.04,0.04,26.25
1988-02-19,1.05,1.07,1.01,1.07,100971,1.05,0.04,26.75
1988-02-22,1.07,1.07,1.03,1.03,5033,1.05,0.04,25.75
1988-02-23,1.03,1.09,1.03,1.03,23972,1.045,0.04,25.75
1988-02-24,1.05,1.13,1.05,1.11,191858,1.085,0.04,27.750000000000004
1988-02-25,1.11,1.13,1.09,1.13,55528,1.115,0.04,28.249999999999996
1988-02-26,1.13,1.13,1.09,1.13,398866,1.12,0.04,28.249999999999996
1988-02-29,1.13,1.13,1.09,1.13,53000,1.12,0.04,28.249999999999996
1988-03-01,1.15,1.19,1.15,1.15,403917,1.16,0.04,28.749999999999996
1988-03-02,1.15,1.15,1.15,1.15,3769,1.15,0.04,28.749999999999996
1988-03-03,1.15,1.19,1.15,1.15,714431,1.16,0.04,28.749999999999996
1988-03-04,1.15,1.17,1.15,1.15,21442,1.155,0.04,28.749999999999996
1988-03-07,1.13,1.13,1.13,1.13,13869,1.13,0.04,28.249999999999996
1988-03-08,1.15,1.17,1.15,1.15,145146,1.155,0.04,28.749999999999996
1988-03-09,1.15,1.17,1.13,1.13,206999,1.145,0.04,28.249999999999996
1988-03-10,1.13,1.13,1.13,1.13,6293,1.13,0.04,28.249999999999996
1988-03-11,1.13,1.15,1.11,1.15,17657,1.135,0.04,28.749999999999996
1988-03-14,1.15,1.17,1.09,1.09,1267293,1.125,0.04,27.25
1988-03-15,1.09,1.15,1.09,1.09,213306,1.105,0.04,27.25
1988-03-16,1.11,1.15,1.11,1.13,85821,1.125,0.04,28.249999999999996
1988-03-17,1.13,1.17,1.13,1.13,209521,1.14,0.04,28.249999999999996
1988-03-18,1.16,1.21,1.16,1.19,410215,1.18,0.04,29.749999999999996
1988-03-21,1.19,1.23,1.19,1.23,170387,1.21,0.04,30.75
1988-03-22,1.23,1.25,1.19,1.19,39108,1.215,0.04,29.749999999999996
1988-03-23,1.21,1.23,1.21,1.21,65625,1.215,0.04,30.25
1988-03-24,1.21,1.25,1.21,1.21,42898,1.22,0.04,30.25
1988-03-25,1.21,1.25,1.21,1.25,150195,1.23,0.04,31.25
1988-03-28,1.23,1.23,1.21,1.23,204470,1.225,0.04,30.75
1988-03-29,1.23,1.23,1.21,1.21,7560,1.22,0.04,30.25
1988-03-30,1.21,1.23,1.21,1.21,263799,1.215,0.0,inf
1988-03-31,1.21,1.23,1.21,1.23,88346,1.22,0.0,inf
1988-04-04,1.23,1.23,1.21,1.21,8818,1.22,0.0,inf
1988-04-05,1.21,1.21,1.21,1.21,2509,1.21,0.0,inf
1988-04-06,1.21,1.25,1.21,1.21,78252,1.22,0.0,inf
1988-04-07,1.21,1.23,1.21,1.21,141365,1.215,0.0,inf
1988-04-08,1.21,1.23,1.21,1.21,46683,1.215,0.0,inf
1988-04-11,1.21,1.26,1.21,1.25,191858,1.2325,0.0,inf
1988-04-12,1.25,1.29,1.25,1.29,73201,1.27,0.0,inf
1988-04-13,1.29,1.29,1.25,1.25,13869,1.27,0.0,inf
1988-04-14,1.25,1.27,1.25,1.25,232247,1.255,0.0,inf
1988-04-15,1.25,1.27,1.25,1.25,83291,1.255,0.0,inf
1988-04-18,1.25,1.27,1.25,1.27,34070,1.26,0.0,inf
1988-04-19,1.27,1.27,1.27,1.27,13869,1.27,0.0,inf
1988-04-20,1.23,1.23,1.23,1.23,17657,1.23,0.0,inf
1988-04-21,1.23,1.27,1.23,1.23,18916,1.24,0.0,inf
1988-04-22,1.23,1.23,1.23,1.23,17657,1.23,0.0,inf
1988-04-25,1.23,1.23,1.23,1.23,2509,1.23,0.0,inf
1988-04-26,1.71,1.71,1.71,1.71,0,1.71,0.0,inf
1988-04-27,1.21,1.21,1.21,1.21,12606,1.21,0.0,inf
1988-04-28,1.21,1.21,1.21,1.21,20186,1.21,0.0,inf
1988-04-29,1.21,1.25,1.21,1.25,60579,1.23,0.0,inf
1988-05-02,1.19,1.19,1.19,1.19,11346,1.19,0.0,inf
1988-05-03,1.19,1.19,1.19,1.19,8818,1.19,0.0,inf
1988-05-04,1.19,1.19,1.19,1.19,1243,1.19,0.0,inf
1988-05-05,1.19,1.19,1.19,1.19,25233,1.19,0.0,inf
1988-05-06,1.19,1.23,1.19,1.23,30289,1.21,0.0,inf
1988-05-09,1.23,1.23,1.19,1.23,39108,1.22,0.0,inf
1988-05-10,1.19,1.19,1.19,1.19,16388,1.19,0.0,inf
1988-05-11,1.17,1.17,1.13,1.17,66884,1.16,0.0,inf
1988-05-12,1.16,1.16,1.13,1.13,66884,1.145,0.0,inf
1988-05-13,1.13,1.17,1.13,1.15,164078,1.145,0.0,inf
1988-05-16,1.15,1.15,1.13,1.13,23972,1.14,0.0,inf
1988-05-17,1.13,1.15,1.13,1.15,13869,1.14,0.0,inf
1988-05-18,1.15,1.15,1.07,1.07,21442,1.11,0.0,inf
1988-05-19,1.07,1.1,1.07,1.07,22706,1.0775,0.0,inf
1988-05-20,1.11,1.15,1.11,1.13,175441,1.125,0.0,inf
1988-05-23,1.13,1.15,1.11,1.15,47952,1.135,0.0,inf
1988-05-24,1.15,1.17,1.13,1.15,170387,1.15,0.0,inf
1988-05-25,1.16,1.16,1.16,1.16,8818,1.16,0.0,inf
1988-05-26,1.16,1.17,1.16,1.16,16388,1.1625,0.0,inf
1988-05-27,1.16,1.16,1.13,1.16,3769,1.1525,0.0,inf
1988-05-31,1.16,1.16,1.15,1.16,49211,1.1575,0.0,inf
1988-06-01,1.16,1.17,1.13,1.13,358470,1.1475,0.0,inf
1988-06-02,1.13,1.15,1.13,1.13,183012,1.135,0.0,inf
1988-06-03,1.13,1.15,1.12,1.15,39108,1.1375,0.0,inf
1988-06-06,1.12,1.12,1.12,1.12,12606,1.12,0.0,inf
1988-06-07,1.12,1.13,1.12,1.13,191858,1.125,0.0,inf
1988-06-08,1.13,1.15,1.12,1.15,13869,1.1375,0.0,inf
1988-06-09,1.15,1.15,1.13,1.15,222151,1.145,0.0,inf
1988-06-10,1.15,1.21,1.14,1.21,627328,1.1775,0.0,inf
1988-06-13,1.21,1.25,1.19,1.21,345847,1.215,0.0,inf
1988-06-14,1.21,1.27,1.21,1.27,150195,1.24,0.0,inf
1988-06-15,1.27,1.29,1.25,1.27,108547,1.27,0.0,inf
1988-06-16,1.27,1.31,1.27,1.27,148936,1.28,0.0,inf
1988-06-17,1.27,1.29,1.25,1.29,54262,1.275,0.0,inf
1988-06-20,1.29,1.31,1.23,1.23,102230,1.265,0.0,inf
1988-06-21,1.27,1.29,1.27,1.29,104753,1.28,0.0,inf
1988-06-22,1.29,1.31,1.27,1.31,94658,1.295,0.0,inf
1988-06-23,1.31,1.31,1.29,1.29,533921,1.3,0.0,inf
1988-06-24,1.31,1.37,1.31,1.33,111071,1.33,0.0,inf
1988-06-27,1.33,1.39,1.33,1.33,40386,1.345,0.0,inf
1988-06-28,1.33,1.37,1.33,1.37,636171,1.35,0.0,inf
1988-06-29,1.37,1.39,1.35,1.37,218354,1.37,0.0,inf
1988-06-30,1.37,1.37,1.35,1.37,570528,1.365,0.04,34.25
1988-07-01,1.36,1.36,1.35,1.36,261270,1.3575,0.04,34.0
1988-07-05,1.36,1.39,1.35,1.35,22706,1.3625,0.04,33.75
1988-07-06,1.35,1.39,1.35,1.35,98445,1.36,0.04,33.75
1988-07-07,1.35,1.37,1.35,1.37,129993,1.36,0.04,34.25
1988-07-08,1.37,1.51,1.35,1.45,454401,1.42,0.04,36.25
1988-07-11,1.45,1.49,1.45,1.45,127472,1.46,0.04,36.25
1988-07-12,1.45,1.47,1.45,1.45,84557,1.455,0.04,36.25
1988-07-13,1.45,1.51,1.45,1.47,262540,1.47,0.04,36.75
1988-07-14,1.47,1.51,1.47,1.47,305451,1.48,0.04,36.75
1988-07-15,1.47,1.51,1.47,1.47,87076,1.48,0.04,36.75
1988-07-18,1.47,1.51,1.47,1.47,359723,1.48,0.04,36.75
1988-07-19,1.47,1.51,1.47,1.5,205733,1.4875,0.04,37.5
1988-07-20,1.5,1.51,1.47,1.47,199431,1.4875,0.04,36.75
1988-07-21,1.47,1.48,1.47,1.47,236031,1.4725,0.04,36.75
1988-07-22,1.47,1.51,1.45,1.45,263799,1.47,0.04,36.25
1988-07-25,1.45,1.51,1.45,1.45,13869,1.465,0.04,36.25
1988-07-26,1.45,1.49,1.45,1.47,517516,1.465,0.04,36.75
1988-07-27,1.47,1.49,1.45,1.48,401394,1.4725,0.04,37.0
1988-07-28,1.48,1.49,1.45,1.48,425366,1.475,0.04,37.0
1988-07-29,1.48,1.49,1.45,1.49,102230,1.4775,0.04,37.25
1988-08-01,1.49,1.51,1.47,1.47,73201,1.485,0.04,36.75
1988-08-02,1.47,1.49,1.47,1.47,122422,1.475,0.04,36.75
1988-08-03,1.47,1.49,1.47,1.48,210780,1.4775,0.04,37.0
1988-08-04,1.48,1.48,1.47,1.48,511199,1.4775,0.04,37.0
1988-08-05,1.48,1.49,1.45,1.49,10087,1.4775,0.04,37.25
1988-08-08,1.49,1.49,1.45,1.45,92127,1.47,0.04,36.25
1988-08-09,1.45,1.49,1.45,1.45,191858,1.46,0.04,36.25
1988-08-10,1.45,1.45,1.41,1.45,55528,1.44,0.04,36.25
1988-08-11,1.42,1.42,1.39,1.4,204470,1.4075,0.04,35.0
1988-08-12,1.4,1.41,1.39,1.41,8818,1.4025,0.04,35.25
1988-08-15,1.41,1.45,1.39,1.39,7560,1.41,0.04,34.75
1988-08-16,1.39,1.41,1.35,1.41,88346,1.39,0.04,35.25
1988-08-17,1.37,1.37,1.37,1.37,8818,1.37,0.04,34.25
1988-08-18,1.37,1.41,1.37,1.37,60579,1.38,0.04,34.25
1988-08-19,1.37,1.39,1.37,1.37,51734,1.375,0.04,34.25
1988-08-22,1.37,1.39,1.37,1.39,34070,1.38,0.04,34.75
1988-08-23,1.39,1.39,1.37,1.39,17657,1.385,0.04,34.75
1988-08-24,1.39,1.39,1.39,1.39,32808,1.39,0.04,34.75
1988-08-25,1.37,1.37,1.37,1.37,5033,1.37,0.04,34.25
1988-08-26,1.37,1.39,1.37,1.37,90874,1.375,0.04,34.25
1988-08-29,1.37,1.37,1.37,1.37,2509,1.37,0.04,34.25
1988-08-30,1.37,1.39,1.37,1.38,92127,1.3775,0.04,34.5
1988-08-31,1.38,1.45,1.37,1.43,160288,1.4075,0.04,35.75
1988-09-01,1.43,1.45,1.39,1.45,10087,1.43,0.04,36.25
1988-09-02,1.45,1.45,1.45,1.45,6293,1.45,0.04,36.25
1988-09-06,1.45,1.45,1.39,1.43,53000,1.43,0.04,35.75
1988-09-07,1.43,1.45,1.41,1.41,8818,1.425,0.04,35.25
1988-09-08,1.43,1.45,1.43,1.43,41639,1.435,0.04,35.75
1988-09-09,1.47,1.47,1.43,1.47,29821,1.46,0.04,36.75
1988-09-12,1.47,1.5,1.46,1.5,91796,1.4825,0.04,37.5
1988-09-13,1.5,1.5,1.48,1.5,182439,1.495,0.04,37.5
1988-09-14,1.5,1.57,1.5,1.57,113590,1.535,0.04,39.25
1988-09-15,1.57,1.57,1.53,1.53,26378,1.55,0.04,38.25
1988-09-16,1.55,1.59,1.55,1.57,76872,1.565,0.04,39.25
1988-09-19,1.57,1.61,1.57,1.57,49328,1.58,0.04,39.25
1988-09-20,1.57,1.61,1.57,1.61,29821,1.59,0.04,40.25
1988-09-21,1.6,1.6,1.57,1.57,60805,1.585,0.04,39.25
1988-09-22,1.57,1.57,1.57,1.57,2283,1.57,0.04,39.25
1988-09-23,1.59,1.6,1.59,1.59,3431,1.5925,0.04,39.75
1988-09-26,2.21,2.21,2.21,2.21,0,2.21,0.04,55.25
1988-09-27,1.57,1.57,1.57,1.57,66540,1.57,0.04,39.25
1988-09-28,1.57,1.57,1.53,1.57,207688,1.56,0.04,39.25
1988-09-29,1.57,1.59,1.55,1.59,26378,1.575,0.04,39.75
1988-09-30,1.59,1.59,1.55,1.55,283423,1.57,0.04,38.75
1988-10-03,1.55,1.55,1.55,1.55,12606,1.55,0.04,38.75
1988-10-04,1.55,1.55,1.55,1.55,16050,1.55,0.04,38.75
1988-10-05,1.55,1.59,1.55,1.59,209981,1.57,0.04,39.75
1988-10-06,1.59,1.59,1.55,1.55,60805,1.57,0.04,38.75
1988-10-07,1.55,1.58,1.55,1.55,105563,1.5575,0.04,38.75
1988-10-10,1.55,1.59,1.55,1.59,53915,1.57,0.04,39.75
1988-10-11,1.57,1.57,1.53,1.57,230641,1.56,0.04,39.25
1988-10-12,1.57,1.57,1.53,1.57,45894,1.56,0.04,39.25
1988-10-13,1.55,1.55,1.53,1.55,37859,1.545,0.04,38.75
1988-10-14,2.15,2.15,2.15,2.15,0,2.15,0.04,53.75
1988-10-17,1.53,1.53,1.53,1.53,14904,1.53,0.04,38.25
1988-10-18,1.53,1.56,1.53,1.56,92942,1.545,0.04,39.0
1988-10-19,1.56,1.59,1.53,1.53,96383,1.5525,0.04,38.25
1988-10-20,1.53,1.59,1.53,1.59,25233,1.56,0.04,39.75
1988-10-21,1.59,1.59,1.55,1.59,50481,1.58,0.04,39.75
1988-10-24,1.59,1.59,1.55,1.55,16050,1.57,0.04,38.75
1988-10-25,1.55,1.56,1.55,1.55,17198,1.5525,0.04,38.75
1988-10-26,1.57,1.58,1.57,1.57,139982,1.5725,0.04,39.25
1988-10-27,1.57,1.6,1.55,1.57,338503,1.5725,0.04,39.25
1988-10-28,1.57,1.59,1.55,1.59,121624,1.575,0.04,39.75
1988-10-31,1.59,1.59,1.55,1.59,20644,1.58,0.04,39.75
1988-11-01,1.59,1.59,1.59,1.59,1137,1.59,0.04,39.75
1988-11-02,1.58,1.58,1.53,1.58,100971,1.5675,0.04,39.5
1988-11-03,1.58,1.58,1.53,1.53,25233,1.555,0.04,38.25
1988-11-04,1.53,1.58,1.53,1.58,117037,1.555,0.04,39.5
1988-11-07,1.57,1.57,1.55,1.56,108998,1.5625,0.04,39.0
1988-11-08,1.56,1.57,1.55,1.57,42447,1.5625,0.04,39.25
1988-11-09,1.57,1.59,1.55,1.55,87200,1.565,0.04,38.75
1988-11-10,1.55,1.57,1.55,1.55,130807,1.555,0.04,38.75
1988-11-11,1.55,1.57,1.55,1.57,24087,1.56,0.04,39.25
1988-11-14,1.55,1.55,1.48,1.48,33262,1.515,0.04,37.0
1988-11-15,1.48,1.53,1.46,1.53,29821,1.5,0.04,38.25
1988-11-16,1.53,1.53,1.48,1.48,30968,1.505,0.04,37.0
1988-11-17,2.06,2.06,2.06,2.06,0,2.06,0.04,51.5
1988-11-18,1.48,1.48,1.48,1.48,2283,1.48,0.04,37.0
1988-11-21,1.55,1.55,1.55,1.55,6871,1.55,0.04,38.75
1988-11-22,1.48,1.48,1.48,1.48,2283,1.48,0.04,37.0
1988-11-23,1.48,1.48,1.48,1.48,17198,1.48,0.04,37.0
1988-11-25,1.48,1.48,1.46,1.48,24087,1.475,0.04,37.0
1988-11-28,1.48,1.48,1.48,1.48,21791,1.48,0.04,37.0
1988-11-29,1.48,1.53,1.48,1.53,58511,1.505,0.04,38.25
1988-11-30,1.53,1.53,1.49,1.49,17198,1.51,0.04,37.25
1988-12-01,1.49,1.53,1.46,1.5,74578,1.495,0.04,37.5
1988-12-02,1.48,1.48,1.48,1.48,28675,1.48,0.04,37.0
1988-12-05,1.48,1.53,1.48,1.53,21791,1.505,0.04,38.25
1988-12-06,1.5,1.5,1.46,1.46,400466,1.48,0.04,36.5
1988-12-07,1.46,1.5,1.46,1.48,21791,1.475,0.04,37.0
1988-12-08,1.48,1.48,1.46,1.48,141129,1.475,0.04,37.0
1988-12-09,1.48,1.48,1.46,1.46,71133,1.47,0.04,36.5
1988-12-12,1.46,1.49,1.46,1.49,251293,1.475,0.04,37.25
1988-12-13,1.49,1.5,1.46,1.46,3431,1.4775,0.04,36.5
1988-12-14,1.46,1.5,1.46,1.46,39007,1.47,0.04,36.5
1988-12-15,1.46,1.46,1.46,1.46,5729,1.46,0.04,36.5
1988-12-16,1.46,1.46,1.46,1.46,14904,1.46,0.04,36.5
1988-12-19,1.46,1.5,1.46,1.46,52769,1.47,0.04,36.5
1988-12-20,1.46,1.5,1.46,1.5,16050,1.48,0.04,37.5
1988-12-21,1.46,1.46,1.46,1.46,128514,1.46,0.04,36.5
1988-12-22,1.42,1.42,1.39,1.39,33262,1.405,0.04,34.75
1988-12-23,1.39,1.46,1.39,1.39,13756,1.4075,0.04,34.75
1988-12-27,1.42,1.44,1.42,1.44,25233,1.43,0.04,36.0
1988-12-28,1.42,1.42,1.42,1.42,13756,1.42,0.04,35.5
1988-12-29,1.42,1.46,1.42,1.42,24087,1.43,0.04,35.5
1988-12-30,1.42,1.44,1.42,1.42,49328,1.425,0.04,35.5
1989-01-03,1.42,1.46,1.39,1.46,1039634,1.4325,0.05,29.2
1989-01-04,1.46,1.46,1.46,1.46,39007,1.46,0.05,29.2
1989-01-05,1.46,1.46,1.42,1.42,100971,1.44,0.05,28.4
1989-01-06,1.42,1.46,1.42,1.42,26378,1.43,0.05,28.4
1989-01-09,1.44,1.46,1.44,1.44,19500,1.445,0.05,28.799999999999997
1989-01-10,1.44,1.46,1.42,1.46,10316,1.445,0.05,29.2
1989-01-11,1.46,1.46,1.46,1.46,11463,1.46,0.05,29.2
1989-01-12,1.46,1.47,1.46,1.47,98677,1.465,0.05,29.4
1989-01-13,1.46,1.46,1.44,1.46,30968,1.455,0.05,29.2
1989-01-16,1.46,1.48,1.44,1.46,95230,1.46,0.05,29.2
1989-01-17,1.48,1.53,1.48,1.48,52769,1.4925,0.05,29.599999999999998
1989-01-18,1.48,1.53,1.48,1.48,10316,1.4925,0.05,29.599999999999998
1989-01-19,1.48,1.55,1.48,1.55,107852,1.515,0.05,31.0
1989-01-20,1.55,1.57,1.53,1.57,190475,1.555,0.05,31.4
1989-01-23,1.57,1.61,1.55,1.55,56217,1.57,0.05,31.0
1989-01-24,1.55,1.57,1.55,1.55,68839,1.555,0.05,31.0
1989-01-25,1.55,1.59,1.55,1.55,50481,1.56,0.05,31.0
1989-01-26,1.55,1.57,1.53,1.56,1060287,1.5525,0.05,31.2
1989-01-27,1.56,1.57,1.55,1.57,128514,1.5625,0.05,31.4
1989-01-30,1.57,1.59,1.55,1.57,341945,1.57,0.05,31.4
1989-01-31,1.59,1.63,1.59,1.61,212280,1.605,0.05,32.2
1989-02-01,1.62,1.63,1.62,1.63,111303,1.625,0.05,32.599999999999994
1989-02-02,1.63,1.63,1.61,1.61,183594,1.62,0.05,32.2
1989-02-03,1.61,1.63,1.61,1.63,136542,1.62,0.05,32.599999999999994
1989-02-06,1.63,1.63,1.57,1.61,236375,1.61,0.05,32.2
1989-02-07,1.61,1.61,1.56,1.57,1287497,1.5875,0.05,31.4
1989-02-08,1.57,1.59,1.57,1.59,119333,1.58,0.05,31.8
1989-02-09,1.59,1.59,1.57,1.59,56217,1.585,0.05,31.8
1989-02-10,1.59,1.59,1.57,1.58,55071,1.5825,0.05,31.6
1989-02-13,1.58,1.59,1.57,1.57,22940,1.5775,0.05,31.4
1989-02-14,1.57,1.63,1.57,1.59,454401,1.59,0.05,31.8
1989-02-15,1.59,1.63,1.58,1.63,61952,1.6075,0.05,32.599999999999994
1989-02-16,1.63,1.63,1.63,1.63,42447,1.63,0.05,32.599999999999994
1989-02-17,1.63,1.66,1.61,1.66,50481,1.64,0.05,33.199999999999996
1989-02-21,1.66,1.66,1.61,1.61,68839,1.635,0.05,32.2
1989-02-22,1.61,1.66,1.61,1.63,108998,1.6275,0.05,32.599999999999994
1989-02-23,1.63,1.66,1.61,1.61,122772,1.6275,0.05,32.2
1989-02-24,1.61,1.63,1.61,1.63,48182,1.62,0.05,32.599999999999994
1989-02-27,1.63,1.63,1.61,1.63,28675,1.625,0.05,32.599999999999994
1989-02-28,1.63,1.64,1.63,1.63,372933,1.6325,0.05,32.599999999999994
1989-03-01,1.63,1.68,1.63,1.66,252443,1.65,0.05,33.199999999999996
1989-03-02,1.68,1.68,1.68,1.68,14904,1.68,0.05,33.599999999999994
1989-03-03,1.68,1.68,1.68,1.68,20644,1.68,0.05,33.599999999999994
1989-03-06,1.68,1.72,1.66,1.68,439478,1.685,0.05,33.599999999999994
1989-03-07,1.68,1.74,1.68,1.68,811277,1.695,0.05,33.599999999999994
1989-03-08,1.68,1.72,1.68,1.72,716037,1.7,0.05,34.4
1989-03-09,1.72,1.72,1.68,1.68,644888,1.7,0.05,33.599999999999994
1989-03-10,1.68,1.68,1.66,1.66,179005,1.67,0.05,33.199999999999996
1989-03-13,1.66,1.68,1.66,1.68,128514,1.67,0.05,33.599999999999994
1989-03-14,1.68,1.7,1.66,1.7,35556,1.685,0.05,34.0
1989-03-15,1.7,1.7,1.66,1.7,464734,1.69,0.05,34.0
1989-03-16,1.7,1.7,1.66,1.67,455548,1.6825,0.05,33.4
1989-03-17,1.66,1.66,1.61,1.66,21791,1.6475,0.05,33.199999999999996
1989-03-20,1.63,1.63,1.61,1.61,57365,1.62,0.05,32.2
1989-03-21,1.61,1.66,1.61,1.64,44740,1.63,0.05,32.8
1989-03-22,1.64,1.66,1.61,1.61,18352,1.63,0.05,32.2
1989-03-23,1.63,1.66,1.63,1.66,129661,1.645,0.05,33.199999999999996
1989-03-27,1.66,1.66,1.64,1.66,520957,1.655,0.05,33.199999999999996
1989-03-28,1.66,1.7,1.66,1.7,5729,1.68,0.05,34.0
1989-03-29,1.7,1.7,1.66,1.7,457841,1.69,0.05,34.0
1989-03-30,1.7,1.7,1.66,1.7,208836,1.69,0.0,inf
1989-03-31,1.68,1.68,1.66,1.68,434890,1.675,0.0,inf
1989-04-03,1.68,1.68,1.66,1.66,175558,1.67,0.0,inf
1989-04-04,1.66,1.7,1.66,1.68,297195,1.675,0.0,inf
1989-04-05,1.68,1.7,1.67,1.69,1254219,1.685,0.0,inf
1989-04-06,1.69,1.69,1.68,1.68,9169,1.685,0.0,inf
1989-04-07,1.68,1.7,1.68,1.7,26378,1.69,0.0,inf
1989-04-10,1.7,1.7,1.7,1.7,47034,1.7,0.0,inf
1989-04-11,1.7,1.7,1.68,1.7,33262,1.695,0.0,inf
1989-04-12,1.7,1.7,1.68,1.7,41301,1.695,0.0,inf
1989-04-13,1.7,1.7,1.68,1.7,428009,1.695,0.0,inf
1989-04-14,1.7,1.72,1.7,1.72,65399,1.71,0.0,inf
1989-04-17,1.72,1.74,1.68,1.7,417685,1.71,0.0,inf
1989-04-18,1.7,1.74,1.7,1.74,416532,1.72,0.0,inf
1989-04-19,1.74,1.74,1.7,1.7,115891,1.72,0.0,inf
1989-04-20,1.7,1.74,1.7,1.74,49328,1.72,0.0,inf
1989-04-21,1.74,1.74,1.7,1.7,430303,1.72,0.0,inf
1989-04-24,1.7,1.74,1.7,1.74,198509,1.72,0.0,inf
1989-04-25,1.74,1.83,1.72,1.83,1331099,1.78,0.0,inf
1989-04-26,1.83,1.96,1.83,1.92,2299596,1.885,0.0,inf
1989-04-27,1.94,1.98,1.94,1.94,3131539,1.95,0.0,inf
1989-04-28,1.94,1.98,1.9,1.9,445226,1.93,0.0,inf
1989-05-01,1.9,1.94,1.9,1.92,128514,1.915,0.0,inf
1989-05-02,1.92,1.94,1.9,1.94,146876,1.925,0.0,inf
1989-05-03,1.94,1.94,1.9,1.92,971925,1.925,0.0,inf
1989-05-04,1.92,1.92,1.87,1.87,1284046,1.895,0.0,inf
1989-05-05,1.87,1.9,1.87,1.87,148021,1.8775,0.0,inf
1989-05-08,1.87,1.92,1.87,1.87,281130,1.8825,0.0,inf
1989-05-09,1.87,1.92,1.87,1.92,602431,1.895,0.0,inf
1989-05-10,1.92,1.92,1.9,1.92,81460,1.915,0.0,inf
1989-05-11,1.92,1.94,1.9,1.94,765375,1.925,0.0,inf
1989-05-12,1.94,1.94,1.9,1.94,556533,1.93,0.0,inf
1989-05-15,1.94,1.94,1.74,1.83,1661583,1.8625,0.0,inf
1989-05-16,1.83,1.85,1.76,1.85,1942716,1.8225,0.0,inf
1989-05-17,1.85,1.87,1.83,1.87,911110,1.855,0.0,inf
1989-05-18,1.87,1.87,1.83,1.85,440639,1.855,0.0,inf
1989-05-19,1.85,1.87,1.83,1.83,872098,1.845,0.0,inf
1989-05-22,1.83,1.85,1.81,1.83,6070303,1.83,0.0,inf
1989-05-23,1.83,1.83,1.81,1.83,257038,1.825,0.0,inf
1989-05-24,1.83,1.83,1.76,1.76,299492,1.795,0.0,inf
1989-05-25,1.76,1.81,1.76,1.79,84906,1.78,0.0,inf
1989-05-26,1.79,1.81,1.76,1.76,36713,1.78,0.0,inf
1989-05-30,1.76,1.81,1.76,1.81,176704,1.785,0.0,inf
1989-05-31,1.81,1.92,1.79,1.85,734399,1.8425,0.0,inf
1989-06-01,1.87,1.94,1.87,1.92,447513,1.9,0.0,inf
1989-06-02,1.92,1.98,1.88,1.96,2192877,1.935,0.0,inf
1989-06-05,1.96,2.05,1.96,2.05,393582,2.005,0.0,inf
1989-06-06,2.05,2.05,2.0,2.03,445226,2.0325,0.0,inf
1989-06-07,2.03,2.05,2.0,2.0,37859,2.02,0.0,inf
1989-06-08,2.0,2.07,2.0,2.03,76872,2.025,0.0,inf
1989-06-09,2.03,2.05,2.03,2.05,223753,2.04,0.0,inf
1989-06-12,2.05,2.05,2.03,2.03,254733,2.04,0.0,inf
1989-06-13,2.03,2.07,2.03,2.07,60805,2.05,0.0,inf
1989-06-14,2.07,2.11,2.05,2.09,534729,2.08,0.0,inf
1989-06-15,2.09,2.14,2.09,2.09,515222,2.1025,0.0,inf
1989-06-16,2.09,2.09,2.07,2.09,1300114,2.085,0.0,inf
1989-06-19,2.09,2.09,2.07,2.09,299492,2.085,0.0,inf
1989-06-20,2.09,2.11,2.07,2.11,36713,2.095,0.0,inf
1989-06-21,2.09,2.09,2.07,2.07,436043,2.08,0.0,inf
1989-06-22,2.07,2.09,2.05,2.09,118184,2.075,0.0,inf
1989-06-23,2.09,2.09,2.05,2.05,21791,2.07,0.0,inf
1989-06-26,2.05,2.07,2.03,2.03,18352,2.045,0.0,inf
1989-06-27,2.03,2.07,2.03,2.07,45894,2.05,0.0,inf
1989-06-28,2.07,2.07,2.03,2.07,112449,2.06,0.0,inf
1989-06-29,2.07,2.07,2.03,2.03,958158,2.05,0.0,inf
1989-06-30,2.03,2.03,2.0,2.03,387848,2.0225,0.04,50.74999999999999
1989-07-03,2.03,2.03,1.98,1.98,262771,2.005,0.04,49.5
1989-07-05,1.98,2.0,1.98,2.0,92942,1.99,0.04,50.0
1989-07-06,2.0,2.0,1.98,2.0,605881,1.995,0.04,50.0
1989-07-07,2.03,2.03,2.03,2.03,29821,2.03,0.04,50.74999999999999
1989-07-10,2.03,2.03,1.98,2.03,98677,2.0175,0.04,50.74999999999999
1989-07-11,2.03,2.05,2.0,2.03,269653,2.0275,0.04,50.74999999999999
1989-07-12,2.03,2.05,2.0,2.03,279986,2.0275,0.04,50.74999999999999
1989-07-13,2.03,2.05,2.0,2.0,48182,2.02,0.04,50.0
1989-07-14,2.0,2.05,2.0,2.05,187032,2.025,0.04,51.24999999999999
1989-07-17,2.05,2.05,2.0,2.05,243264,2.0375,0.04,51.24999999999999
1989-07-18,2.05,2.07,2.03,2.07,1134870,2.055,0.04,51.74999999999999
1989-07-19,2.07,2.14,2.05,2.11,316705,2.0925,0.04,52.74999999999999
1989-07-20,2.11,2.16,2.11,2.14,675871,2.13,0.04,53.5
1989-07-21,2.14,2.16,2.14,2.14,104411,2.145,0.04,53.5
1989-07-24,2.14,2.16,2.14,2.16,574890,2.15,0.04,54.0
1989-07-25,2.16,2.18,2.14,2.18,10316,2.165,0.04,54.5
1989-07-26,2.18,2.22,2.14,2.21,261625,2.1875,0.04,55.25
1989-07-27,2.21,2.27,2.18,2.27,228340,2.2325,0.04,56.75
1989-07-28,2.27,2.27,2.22,2.22,50481,2.245,0.04,55.50000000000001
1989-07-31,2.22,2.24,2.22,2.22,578337,2.225,0.04,55.50000000000001
1989-08-01,2.22,2.24,2.18,2.18,122772,2.205,0.04,54.5
1989-08-02,2.18,2.22,2.18,2.2,55071,2.195,0.04,55.0
1989-08-03,2.2,2.24,2.2,2.21,663249,2.2125,0.04,55.25
1989-08-04,2.21,2.22,2.18,2.18,250145,2.1975,0.04,54.5
1989-08-07,2.18,2.22,2.18,2.22,67686,2.2,0.04,55.50000000000001
1989-08-08,2.22,2.22,2.18,2.2,21791,2.205,0.04,55.0
1989-08-09,2.2,2.2,2.16,2.18,1513551,2.185,0.04,54.5
1989-08-10,2.18,2.2,2.16,2.2,244412,2.185,0.04,55.0
1989-08-11,2.2,2.2,2.16,2.2,265065,2.19,0.04,55.0
1989-08-14,2.2,2.2,2.16,2.2,25233,2.19,0.04,55.0
1989-08-15,2.2,2.2,2.16,2.18,496864,2.185,0.04,54.5
1989-08-16,2.18,2.2,2.16,2.18,183594,2.18,0.04,54.5
1989-08-17,2.16,2.16,2.14,2.14,29821,2.15,0.04,53.5
1989-08-18,2.16,2.18,2.16,2.16,18352,2.165,0.04,54.0
1989-08-21,2.16,2.19,2.16,2.19,30968,2.175,0.04,54.75
1989-08-22,2.18,2.18,2.11,2.11,128514,2.145,0.04,52.74999999999999
1989-08-23,2.11,2.18,2.11,2.11,29821,2.1275,0.04,52.74999999999999
1989-08-24,2.11,2.16,2.11,2.14,42447,2.13,0.04,53.5
1989-08-25,2.14,2.17,2.14,2.17,57365,2.155,0.04,54.25
1989-08-28,2.17,2.18,2.14,2.18,5729,2.1675,0.04,54.5
1989-08-29,2.18,2.18,2.14,2.14,122772,2.16,0.04,53.5
1989-08-30,2.14,2.2,2.11,2.2,134249,2.1625,0.04,55.0
1989-08-31,2.2,2.2,2.16,2.2,69987,2.19,0.04,55.0
1989-09-01,2.2,2.2,2.16,2.2,257038,2.19,0.04,55.0
1989-09-05,2.18,2.18,2.16,2.16,293757,2.17,0.04,54.0
1989-09-06,2.16,2.18,2.16,2.17,493413,2.1675,0.04,54.25
1989-09-07,2.17,2.18,2.16,2.16,766528,2.1675,0.04,54.0
1989-09-08,2.16,2.18,2.16,2.16,330476,2.165,0.04,54.0
1989-09-11,2.16,2.16,2.14,2.14,72274,2.15,0.04,53.5
1989-09-12,2.16,2.27,2.16,2.27,2226158,2.215,0.04,56.75
1989-09-13,2.27,2.33,2.27,2.31,1312740,2.295,0.04,57.75
1989-09-14,2.31,2.31,2.27,2.28,388995,2.2925,0.04,56.99999999999999
1989-09-15,2.28,2.31,2.27,2.29,418830,2.2875,0.04,57.25
1989-09-18,2.27,2.27,2.22,2.23,822752,2.2475,0.04,55.75
1989-09-19,2.23,2.24,2.22,2.24,447513,2.2325,0.04,56.00000000000001
1989-09-20,2.24,2.24,2.2,2.22,240965,2.225,0.04,55.50000000000001
1989-09-21,2.22,2.22,2.2,2.22,125067,2.215,0.04,55.50000000000001
1989-09-22,2.22,2.22,2.2,2.2,26378,2.21,0.04,55.0
1989-09-25,2.2,2.24,2.2,2.22,678165,2.215,0.04,55.50000000000001
1989-09-26,2.22,2.22,2.2,2.2,248999,2.21,0.04,55.0
1989-09-27,2.2,2.24,2.2,2.24,316705,2.22,0.04,56.00000000000001
1989-09-28,2.24,2.29,2.22,2.29,284574,2.26,0.04,57.25
1989-09-29,2.29,2.29,2.27,2.28,464734,2.2825,0.04,56.99999999999999
1989-10-02,2.31,2.31,2.26,2.31,123006,2.2975,0.0631,36.608557844690964
1989-10-03,2.31,2.42,2.31,2.42,662794,2.365,0.0631,38.35182250396196
1989-10-04,2.42,2.42,2.37,2.42,1381595,2.4075,0.0631,38.35182250396196
1989-10-05,2.42,2.42,2.37,2.42,25696,2.4075,0.0631,38.35182250396196
1989-10-06,2.42,2.45,2.4,2.41,142280,2.42,0.0631,38.193343898573694
1989-10-09,2.41,2.45,2.4,2.42,189100,2.42,0.0631,38.35182250396196
1989-10-10,2.42,2.45,2.4,2.45,385556,2.43,0.0631,38.82725832012678
1989-10-11,2.45,2.45,2.4,2.45,112903,2.4375,0.0631,38.82725832012678
1989-10-12,2.4,2.4,2.37,2.37,369950,2.385,0.0631,37.5594294770206
1989-10-13,2.37,2.42,2.31,2.31,172576,2.3525,0.0631,36.608557844690964
1989-10-16,2.31,2.34,2.23,2.29,546206,2.2925,0.0631,36.29160063391442
1989-10-17,2.29,2.34,2.29,2.29,772952,2.3025,0.0631,36.29160063391442
1989-10-18,2.29,2.31,2.26,2.31,479191,2.2925,0.0631,36.608557844690964
1989-10-19,2.31,2.34,2.29,2.34,438797,2.32,0.0631,37.08399366085578
1989-10-20,2.34,2.34,2.29,2.29,44059,2.315,0.0631,36.29160063391442
1989-10-23,2.29,2.34,2.29,2.34,46809,2.315,0.0631,37.08399366085578
1989-10-24,2.31,2.31,2.15,2.25,726134,2.255,0.0631,35.65768621236133
1989-10-25,2.25,2.29,2.23,2.29,139531,2.265,0.0631,36.29160063391442
1989-10-26,2.29,2.29,2.23,2.23,22940,2.26,0.0631,35.34072900158478
1989-10-27,2.23,2.29,2.23,2.23,94545,2.245,0.0631,35.34072900158478
1989-10-30,2.23,2.29,2.23,2.29,156051,2.26,0.0631,36.29160063391442
1989-10-31,2.29,2.29,2.23,2.29,190943,2.275,0.0631,36.29160063391442
1989-11-01,2.29,2.29,2.23,2.29,232247,2.275,0.0631,36.29160063391442
1989-11-02,2.29,2.29,2.26,2.29,304773,2.2825,0.0631,36.29160063391442
1989-11-03,2.29,2.29,2.23,2.27,255197,2.27,0.0631,35.97464342313788
1989-11-06,2.26,2.26,2.21,2.21,594863,2.235,0.0631,35.02377179080824
1989-11-07,2.21,2.26,2.21,2.23,821605,2.2275,0.0631,35.34072900158478
1989-11-08,2.23,2.23,2.18,2.23,402995,2.2175,0.0631,35.34072900158478
1989-11-09,2.23,2.26,2.23,2.26,260706,2.245,0.0631,35.8161648177496
1989-11-10,2.26,2.26,2.23,2.26,91796,2.2525,0.0631,35.8161648177496
1989-11-13,2.26,2.29,2.23,2.29,77106,2.2675,0.0631,36.29160063391442
1989-11-14,2.29,2.29,2.26,2.27,522340,2.2775,0.0631,35.97464342313788
1989-11-15,2.27,2.29,2.26,2.26,395650,2.27,0.0631,35.8161648177496
1989-11-16,2.29,2.34,2.29,2.29,328638,2.3025,0.0631,36.29160063391442
1989-11-17,2.29,2.34,2.29,2.29,579251,2.3025,0.0631,36.29160063391442
1989-11-20,2.29,2.34,2.29,2.34,33042,2.315,0.0631,37.08399366085578
1989-11-21,2.34,2.34,2.29,2.29,8254,2.315,0.0631,36.29160063391442
1989-11-22,2.31,2.34,2.31,2.33,212049,2.3225,0.0631,36.925515055467514
1989-11-24,2.33,2.33,2.31,2.33,7335,2.325,0.0631,36.925515055467514
1989-11-27,2.34,2.42,2.34,2.38,840888,2.37,0.0631,37.71790808240887
1989-11-28,2.38,2.42,2.37,2.4,933604,2.3925,0.0631,38.03486529318542
1989-11-29,2.4,2.42,2.4,2.42,603127,2.41,0.0631,38.35182250396196
1989-11-30,2.42,2.48,2.4,2.46,510403,2.44,0.0631,38.985736925515056
1989-12-01,2.48,2.53,2.48,2.53,331391,2.505,0.0631,40.09508716323296
1989-12-04,2.53,2.56,2.48,2.53,79857,2.525,0.0631,40.09508716323296
1989-12-05,2.53,2.53,2.48,2.53,87200,2.5175,0.0631,40.09508716323296
1989-12-06,2.53,2.53,2.48,2.53,1622108,2.5175,0.0631,40.09508716323296
1989-12-07,2.53,2.57,2.51,2.56,969412,2.5425,0.0631,40.57052297939778
1989-12-08,2.56,2.61,2.53,2.61,1642305,2.5775,0.0631,41.36291600633914
1989-12-11,2.61,2.61,2.56,2.56,17432,2.585,0.0631,40.57052297939778
1989-12-12,2.56,2.61,2.56,2.61,236838,2.585,0.0631,41.36291600633914
1989-12-13,2.61,2.61,2.56,2.59,296509,2.5925,0.0631,41.0459587955626
1989-12-14,2.59,2.61,2.56,2.61,14684,2.5925,0.0631,41.36291600633914
1989-12-15,2.61,2.61,2.56,2.61,27527,2.5975,0.0631,41.36291600633914
1989-12-18,2.61,2.61,2.53,2.53,153298,2.57,0.0631,40.09508716323296
1989-12-19,2.53,2.56,2.51,2.53,120252,2.5325,0.0631,40.09508716323296
1989-12-20,2.53,2.59,2.51,2.56,230408,2.5475,0.0631,40.57052297939778
1989-12-21,2.56,2.59,2.53,2.59,307519,2.5675,0.0631,41.0459587955626
1989-12-22,2.59,2.59,2.57,2.59,527842,2.585,0.0631,41.0459587955626
1989-12-26,3.6,3.6,3.6,3.6,0,3.6,0.0631,57.05229793977813
1989-12-27,2.59,2.61,2.59,2.61,19271,2.6,0.0631,41.36291600633914
1989-12-28,2.61,2.64,2.56,2.61,1106191,2.605,0.0631,41.36291600633914
1989-12-29,2.61,2.67,2.61,2.67,1357721,2.64,0.0631,42.31378763866878
1990-01-02,2.67,2.67,2.61,2.64,136778,2.6475,0.05,52.8
1990-01-03,2.64,2.67,2.59,2.67,145034,2.6425,0.05,53.4
1990-01-04,2.67,2.67,2.61,2.67,52318,2.655,0.05,53.4
1990-01-05,2.67,2.72,2.61,2.72,176253,2.68,0.05,54.4
1990-01-08,2.72,2.72,2.64,2.67,209301,2.6875,0.05,53.4
1990-01-09,2.67,2.7,2.64,2.64,120252,2.6625,0.05,52.8
1990-01-10,2.64,2.67,2.61,2.61,122088,2.6325,0.05,52.199999999999996
1990-01-11,2.61,2.64,2.61,2.61,41301,2.6175,0.05,52.199999999999996
1990-01-12,2.61,2.64,2.56,2.64,188181,2.6125,0.05,52.8
1990-01-15,2.59,2.59,2.51,2.51,78025,2.55,0.05,50.199999999999996
1990-01-16,2.51,2.51,2.45,2.48,118418,2.4875,0.05,49.599999999999994
1990-01-17,2.45,2.45,2.37,2.4,252443,2.4175,0.05,47.99999999999999
1990-01-18,2.37,2.37,2.26,2.29,716037,2.3225,0.05,45.8
1990-01-19,2.29,2.31,2.26,2.31,391978,2.2925,0.05,46.199999999999996
1990-01-22,2.31,2.31,2.18,2.18,276311,2.245,0.05,43.6
1990-01-23,2.23,2.26,2.23,2.23,104648,2.2375,0.05,44.599999999999994
1990-01-24,2.23,2.23,2.15,2.21,353426,2.205,0.05,44.199999999999996
1990-01-25,2.22,2.26,2.22,2.22,418604,2.23,0.05,44.4
1990-01-26,2.22,2.26,2.15,2.15,185428,2.195,0.05,42.99999999999999
1990-01-29,2.18,2.23,2.18,2.18,151464,2.1925,0.05,43.6
1990-01-30,2.18,2.23,2.18,2.18,22940,2.1925,0.05,43.6
1990-01-31,2.18,2.23,2.18,2.21,450729,2.2,0.05,44.199999999999996
1990-02-01,2.21,2.26,2.21,2.26,31204,2.235,0.05,45.199999999999996
1990-02-02,2.26,2.29,2.23,2.29,238677,2.2675,0.05,45.8
1990-02-05,2.29,2.31,2.23,2.26,134938,2.2725,0.05,45.199999999999996
1990-02-06,2.29,2.37,2.29,2.29,224906,2.31,0.05,45.8
1990-02-07,2.29,2.34,2.27,2.34,131263,2.31,0.05,46.8
1990-02-08,2.34,2.37,2.31,2.34,387390,2.34,0.05,46.8
1990-02-09,2.34,2.4,2.34,2.4,90874,2.37,0.05,47.99999999999999
1990-02-12,2.4,2.4,2.34,2.4,10087,2.385,0.05,47.99999999999999
1990-02-13,2.4,2.4,2.34,2.34,90874,2.37,0.05,46.8
1990-02-14,2.34,2.4,2.34,2.4,33957,2.37,0.05,47.99999999999999
1990-02-15,2.4,2.4,2.34,2.36,70676,2.375,0.05,47.199999999999996
1990-02-16,2.36,2.4,2.31,2.34,1416473,2.3525,0.05,46.8
1990-02-20,2.34,2.4,2.31,2.37,61498,2.355,0.05,47.4
1990-02-21,2.34,2.34,2.29,2.34,24774,2.3275,0.05,46.8
1990-02-22,2.34,2.37,2.29,2.34,213889,2.335,0.05,46.8
1990-02-23,2.34,2.37,2.31,2.37,12841,2.3475,0.05,47.4
1990-02-26,2.37,2.37,2.29,2.29,4581,2.33,0.05,45.8
1990-02-27,2.3,2.37,2.3,2.31,295591,2.32,0.05,46.199999999999996
1990-02-28,2.31,2.34,2.29,2.31,42217,2.3125,0.05,46.199999999999996
1990-03-01,2.31,2.34,2.29,2.31,507650,2.3125,0.05,46.199999999999996
1990-03-02,2.34,2.37,2.34,2.37,242348,2.355,0.05,47.4
1990-03-05,2.37,2.37,2.31,2.37,37629,2.355,0.05,47.4
1990-03-06,2.37,2.42,2.37,2.4,72510,2.39,0.05,47.99999999999999
1990-03-07,2.4,2.42,2.37,2.37,356181,2.39,0.05,47.4
1990-03-08,2.37,2.42,2.36,2.4,371785,2.3875,0.05,47.99999999999999
1990-03-09,2.4,2.4,2.37,2.37,12841,2.385,0.05,47.4
1990-03-12,2.37,2.4,2.34,2.34,495718,2.3625,0.05,46.8
1990-03-13,2.34,2.4,2.25,2.26,1272345,2.3125,0.05,45.199999999999996
1990-03-14,2.26,2.31,2.23,2.31,234081,2.2775,0.05,46.199999999999996
1990-03-15,2.31,2.31,2.31,2.31,9169,2.31,0.05,46.199999999999996
1990-03-16,2.31,2.37,2.29,2.37,302017,2.335,0.05,47.4
1990-03-19,2.37,2.37,2.31,2.31,259784,2.34,0.05,46.199999999999996
1990-03-20,2.31,2.4,2.31,2.36,513154,2.345,0.05,47.199999999999996
1990-03-21,2.36,2.4,2.31,2.4,17432,2.3675,0.05,47.99999999999999
1990-03-22,2.37,2.37,2.31,2.31,665548,2.34,0.05,46.199999999999996
1990-03-23,2.31,2.37,2.31,2.31,16517,2.325,0.05,46.199999999999996
1990-03-26,2.31,2.4,2.31,2.31,160638,2.3325,0.05,46.199999999999996
1990-03-27,2.34,2.4,2.34,2.4,60579,2.37,0.05,47.99999999999999
1990-03-28,2.37,2.37,2.31,2.37,13756,2.355,0.05,47.4
1990-03-29,2.31,2.31,2.31,2.31,912,2.31,0.05,46.199999999999996
1990-03-30,2.34,2.4,2.34,2.34,46809,2.355,0.05,46.8
1990-04-02,2.37,2.42,2.37,2.42,163400,2.395,0.06,40.333333333333336
1990-04-03,2.42,2.42,2.37,2.38,289161,2.3975,0.06,39.666666666666664
1990-04-04,2.38,2.42,2.38,2.42,112903,2.4,0.06,40.333333333333336
1990-04-05,2.42,2.42,2.37,2.42,314864,2.4075,0.06,40.333333333333336
1990-04-06,2.42,2.44,2.4,2.4,196445,2.415,0.06,40.0
1990-04-09,2.42,2.45,2.42,2.45,118418,2.435,0.06,40.833333333333336
1990-04-10,2.45,2.51,2.4,2.49,948292,2.4625,0.06,41.50000000000001
1990-04-11,2.53,2.56,2.53,2.56,38544,2.545,0.06,42.66666666666667
1990-04-12,2.56,2.56,2.51,2.53,219391,2.54,0.06,42.166666666666664
1990-04-16,2.53,2.56,2.51,2.51,159723,2.5275,0.06,41.83333333333333
1990-04-17,2.51,2.53,2.48,2.51,1431163,2.5075,0.06,41.83333333333333
1990-04-18,2.51,2.51,2.48,2.48,255197,2.495,0.06,41.333333333333336
1990-04-19,2.48,2.48,2.42,2.42,207463,2.45,0.06,40.333333333333336
1990-04-20,2.42,2.48,2.42,2.45,423192,2.4425,0.06,40.833333333333336
1990-04-23,2.45,2.45,2.4,2.45,111071,2.4375,0.06,40.833333333333336
1990-04-24,2.45,2.45,2.4,2.45,11922,2.4375,0.06,40.833333333333336
1990-04-25,2.42,2.42,2.4,2.42,87200,2.415,0.06,40.333333333333336
1990-04-26,2.42,2.42,2.37,2.41,391063,2.405,0.06,40.16666666666667
1990-04-27,2.41,2.45,2.4,2.45,9169,2.4275,0.06,40.833333333333336
1990-04-30,2.45,2.45,2.4,2.42,162481,2.43,0.06,40.333333333333336
1990-05-01,2.42,2.42,2.4,2.4,62420,2.41,0.06,40.0
1990-05-02,2.4,2.45,2.37,2.42,2458414,2.41,0.06,40.333333333333336
1990-05-03,2.45,2.51,2.45,2.48,1581715,2.4725,0.06,41.333333333333336
1990-05-04,2.48,2.51,2.45,2.48,670136,2.48,0.06,41.333333333333336
1990-05-07,2.48,2.51,2.48,2.48,268055,2.4875,0.06,41.333333333333336
1990-05-08,2.51,2.53,2.51,2.53,254282,2.52,0.06,42.166666666666664
1990-05-09,2.53,2.53,2.48,2.53,142280,2.5175,0.06,42.166666666666664
1990-05-10,2.53,2.53,2.48,2.53,43132,2.5175,0.06,42.166666666666664
1990-05-11,2.53,2.59,2.48,2.53,317620,2.5325,0.06,42.166666666666664
1990-05-14,2.56,2.61,2.56,2.57,1991148,2.575,0.06,42.833333333333336
1990-05-15,2.57,2.61,2.56,2.59,338740,2.5825,0.06,43.166666666666664
1990-05-16,2.59,2.72,2.56,2.72,1037340,2.6475,0.06,45.333333333333336
1990-05-17,2.72,2.8,2.67,2.8,517753,2.7475,0.06,46.666666666666664
1990-05-18,2.8,2.8,2.72,2.75,1395366,2.7675,0.06,45.833333333333336
1990-05-21,2.75,2.86,2.75,2.83,290999,2.7975,0.06,47.16666666666667
1990-05-22,2.83,2.86,2.8,2.83,358013,2.83,0.06,47.16666666666667
1990-05-23,2.83,2.86,2.8,2.8,153298,2.8225,0.06,46.666666666666664
1990-05-24,2.8,2.86,2.8,2.82,328638,2.82,0.06,47.0
1990-05-25,2.82,2.86,2.8,2.85,329554,2.8325,0.06,47.5
1990-05-29,2.85,2.86,2.8,2.8,11007,2.8275,0.06,46.666666666666664
1990-05-30,2.8,2.89,2.8,2.87,320374,2.84,0.06,47.833333333333336
1990-05-31,2.87,2.89,2.83,2.89,104648,2.87,0.06,48.16666666666667
1990-06-01,2.89,2.9,2.83,2.9,268970,2.88,0.06,48.333333333333336
1990-06-04,2.9,2.91,2.86,2.91,113824,2.895,0.06,48.50000000000001
1990-06-05,2.91,2.91,2.86,2.91,92711,2.8975,0.06,48.50000000000001
1990-06-06,2.91,2.91,2.86,2.86,74353,2.885,0.06,47.666666666666664
1990-06-07,2.86,2.89,2.8,2.83,197363,2.845,0.06,47.16666666666667
1990-06-08,2.83,2.89,2.78,2.78,835378,2.82,0.06,46.33333333333333
1990-06-11,2.78,2.85,2.78,2.85,185428,2.815,0.06,47.5
1990-06-12,2.85,2.89,2.83,2.89,117500,2.865,0.06,48.16666666666667
1990-06-13,2.89,2.94,2.86,2.94,121173,2.9075,0.06,49.0
1990-06-14,2.94,2.94,2.89,2.91,184513,2.92,0.06,48.50000000000001
1990-06-15,2.91,2.94,2.91,2.91,44059,2.9175,0.06,48.50000000000001
1990-06-18,2.91,2.97,2.91,2.97,151464,2.94,0.06,49.50000000000001
1990-06-19,2.97,3.0,2.91,2.94,55990,2.955,0.06,49.0
1990-06-20,2.94,3.0,2.91,2.91,287327,2.94,0.06,48.50000000000001
1990-06-21,2.91,2.94,2.89,2.94,169823,2.92,0.06,49.0
1990-06-22,2.94,2.97,2.91,2.91,16517,2.9325,0.06,48.50000000000001
1990-06-25,2.91,2.94,2.89,2.89,78025,2.9075,0.06,48.16666666666667
1990-06-26,2.89,2.94,2.89,2.9,296509,2.905,0.06,48.333333333333336
1990-06-27,2.9,2.97,2.89,2.94,367198,2.925,0.06,49.0
1990-06-28,2.94,2.97,2.91,2.97,673804,2.9475,0.06,49.50000000000001
1990-06-29,2.97,2.97,2.94,2.94,28446,2.955,0.06,49.0
1990-07-02,2.94,2.97,2.94,2.97,257953,2.955,0.05,59.4
1990-07-03,2.97,3.0,2.94,3.0,204705,2.9775,0.05,60.0
1990-07-05,3.0,3.0,2.94,3.0,54149,2.985,0.05,60.0
1990-07-06,3.0,3.0,2.94,3.0,23859,2.985,0.05,60.0
1990-07-09,3.0,3.0,2.94,2.94,385556,2.97,0.05,58.8
1990-07-10,2.97,3.0,2.97,3.0,625155,2.985,0.05,60.0
1990-07-11,3.0,3.0,2.94,2.97,50481,2.9775,0.05,59.4
1990-07-12,2.97,3.0,2.94,3.0,70676,2.9775,0.05,60.0
1990-07-13,3.0,3.02,2.97,3.02,293757,3.0025,0.05,60.4
1990-07-16,3.02,3.08,2.97,3.02,187266,3.0225,0.05,60.4
1990-07-17,3.02,3.1,3.02,3.02,560893,3.04,0.05,60.4
1990-07-18,3.02,3.05,3.0,3.0,589354,3.0175,0.05,60.0
1990-07-19,3.0,3.05,3.0,3.0,119333,3.0125,0.05,60.0
1990-07-20,3.0,3.05,3.0,3.05,140446,3.025,0.05,60.99999999999999
1990-07-23,3.0,3.0,3.0,3.0,71595,3.0,0.05,60.0
1990-07-24,3.0,3.05,3.0,3.05,262540,3.025,0.05,60.99999999999999
1990-07-25,3.05,3.19,3.0,3.1,443388,3.085,0.05,62.0
1990-07-26,3.13,3.24,3.13,3.16,244179,3.165,0.05,63.2
1990-07-27,3.16,3.24,3.16,3.16,287327,3.18,0.05,63.2
1990-07-30,3.16,3.21,3.16,3.16,471849,3.1725,0.05,63.2
1990-07-31,3.16,3.21,3.16,3.16,1421066,3.1725,0.05,63.2
1990-08-01,3.16,3.19,3.13,3.19,391978,3.1675,0.05,63.8
1990-08-02,3.16,3.16,3.08,3.08,70676,3.12,0.05,61.6
1990-08-03,3.08,3.1,3.05,3.08,1187889,3.0775,0.05,61.6
1990-08-06,3.05,3.05,2.94,3.0,1013475,3.01,0.05,60.0
1990-08-07,3.0,3.0,2.91,2.91,425026,2.955,0.05,58.2
1990-08-08,2.91,2.94,2.86,2.91,324050,2.905,0.05,58.2
1990-08-09,2.91,2.91,2.86,2.91,75269,2.8975,0.05,58.2
1990-08-10,2.91,2.91,2.86,2.86,127593,2.885,0.05,57.199999999999996
1990-08-13,2.86,2.89,2.83,2.83,297429,2.8525,0.05,56.6
1990-08-14,2.83,2.89,2.83,2.89,113824,2.86,0.05,57.8
1990-08-15,2.89,2.94,2.86,2.94,41301,2.9075,0.05,58.8
1990-08-16,2.91,2.91,2.86,2.89,64252,2.8925,0.05,57.8
1990-08-17,2.86,2.86,2.8,2.8,491123,2.83,0.05,55.99999999999999
1990-08-20,2.8,2.83,2.8,2.83,25696,2.815,0.05,56.6
1990-08-21,2.8,2.8,2.72,2.75,190015,2.7675,0.05,55.0
1990-08-22,2.75,2.75,2.67,2.67,336898,2.71,0.05,53.4
1990-08-23,2.61,2.61,2.51,2.51,224906,2.56,0.05,50.199999999999996
1990-08-24,2.51,2.59,2.51,2.59,801413,2.55,0.05,51.8
1990-08-27,2.61,2.7,2.61,2.67,141365,2.6475,0.05,53.4
1990-08-28,2.67,2.67,2.64,2.67,201033,2.6625,0.05,53.4
1990-08-29,2.7,2.8,2.7,2.8,180841,2.75,0.05,55.99999999999999
1990-08-30,2.8,2.89,2.8,2.86,358013,2.8375,0.05,57.199999999999996
1990-08-31,2.86,2.86,2.78,2.83,44974,2.8325,0.05,56.6
1990-09-04,2.83,2.83,2.75,2.83,16517,2.81,0.05,56.6
1990-09-05,2.83,2.83,2.75,2.78,103728,2.7975,0.05,55.599999999999994
1990-09-06,2.78,2.83,2.78,2.8,268970,2.7975,0.05,55.99999999999999
1990-09-07,2.8,2.86,2.8,2.86,33042,2.83,0.05,57.199999999999996
1990-09-10,2.86,2.89,2.83,2.83,93630,2.8525,0.05,56.6
1990-09-11,2.83,2.89,2.83,2.86,382803,2.8525,0.05,57.199999999999996
1990-09-12,2.86,2.91,2.83,2.91,201033,2.8775,0.05,58.2
1990-09-13,2.91,2.91,2.86,2.86,42217,2.885,0.05,57.199999999999996
1990-09-14,2.86,2.91,2.86,2.89,190015,2.88,0.05,57.8
1990-09-17,2.89,2.91,2.86,2.91,141365,2.8925,0.05,58.2
1990-09-18,2.91,2.91,2.86,2.91,358013,2.8975,0.05,58.2
1990-09-19,2.91,2.94,2.86,2.94,97298,2.9125,0.05,58.8
1990-09-20,2.94,2.97,2.89,2.89,1242975,2.9225,0.05,57.8
1990-09-21,2.89,2.94,2.87,2.87,958395,2.8925,0.05,57.4
1990-09-24,2.87,2.89,2.86,2.86,239592,2.87,0.05,57.199999999999996
1990-09-25,2.86,2.91,2.86,2.91,157891,2.885,0.05,58.2
1990-09-26,2.91,2.91,2.83,2.86,123921,2.8775,0.05,57.199999999999996
1990-09-27,2.86,2.89,2.78,2.8,1108023,2.8325,0.05,55.99999999999999
1990-09-28,2.8,2.8,2.59,2.72,830790,2.7275,0.05,54.4
1990-10-01,2.79,2.79,2.72,2.79,145407,2.7725,0.05,55.8
1990-10-02,2.86,2.96,2.86,2.96,940034,2.91,0.05,59.199999999999996
1990-10-03,2.96,2.96,2.89,2.96,89590,2.9425,0.05,59.199999999999996
1990-10-04,2.96,3.03,2.93,2.96,1479820,2.97,0.05,59.199999999999996
1990-10-05,2.96,2.96,2.89,2.91,306975,2.93,0.05,58.2
1990-10-08,2.91,2.91,2.86,2.91,146876,2.8975,0.05,58.2
1990-10-09,2.86,2.86,2.79,2.83,417870,2.835,0.05,56.6
1990-10-10,2.83,2.93,2.83,2.93,367932,2.88,0.05,58.6
1990-10-11,2.93,2.93,2.79,2.79,769652,2.86,0.05,55.8
1990-10-12,2.83,2.86,2.83,2.83,37446,2.8375,0.05,56.6
1990-10-15,2.86,2.93,2.86,2.93,642594,2.895,0.05,58.6
1990-10-16,2.93,2.93,2.86,2.93,43320,2.9125,0.05,58.6
1990-10-17,2.93,2.96,2.89,2.96,901107,2.935,0.05,59.199999999999996
1990-10-18,2.96,3.06,2.91,3.06,672712,2.9975,0.05,61.199999999999996
1990-10-19,3.06,3.2,3.06,3.15,636720,3.1175,0.05,62.99999999999999
1990-10-22,3.15,3.27,3.13,3.23,556672,3.195,0.05,64.6
1990-10-23,3.23,3.3,3.2,3.3,58748,3.2575,0.05,65.99999999999999
1990-10-24,3.3,3.37,3.27,3.37,371604,3.3275,0.05,67.39999999999999
1990-10-25,3.37,3.37,3.3,3.34,892296,3.345,0.05,66.8
1990-10-26,3.34,3.4,3.3,3.4,288617,3.36,0.05,68.0
1990-10-29,3.4,3.4,3.3,3.37,71964,3.3675,0.05,67.39999999999999
1990-10-30,3.37,3.37,3.3,3.34,167442,3.345,0.05,66.8
1990-10-31,3.34,3.37,3.34,3.34,403917,3.3475,0.05,66.8
1990-11-01,3.34,3.37,3.34,3.34,425949,3.3475,0.05,66.8
1990-11-02,3.34,3.37,3.34,3.37,69761,3.355,0.05,67.39999999999999
1990-11-05,3.37,3.37,3.27,3.3,262912,3.3275,0.05,65.99999999999999
1990-11-06,3.3,3.3,3.27,3.27,42587,3.285,0.05,65.39999999999999
1990-11-07,3.27,3.28,3.13,3.2,230596,3.22,0.05,64.0
1990-11-08,3.2,3.2,3.13,3.13,474418,3.165,0.05,62.599999999999994
1990-11-09,3.17,3.2,3.17,3.18,191677,3.18,0.05,63.6
1990-11-12,3.18,3.2,3.17,3.2,262178,3.1875,0.05,64.0
1990-11-13,3.2,3.2,3.13,3.2,1221309,3.1825,0.05,64.0
1990-11-14,3.2,3.23,3.17,3.23,320195,3.2075,0.05,64.6
1990-11-15,3.23,3.27,3.17,3.25,472216,3.23,0.05,65.0
1990-11-16,3.25,3.27,3.2,3.27,23495,3.2475,0.05,65.39999999999999
1990-11-19,3.27,3.27,3.2,3.2,885686,3.235,0.05,64.0
1990-11-20,3.2,3.27,3.2,3.25,339287,3.23,0.05,65.0
1990-11-21,3.25,3.34,3.2,3.23,229864,3.255,0.05,64.6
1990-11-23,3.23,3.34,3.23,3.28,264383,3.27,0.05,65.6
1990-11-26,3.28,3.34,3.23,3.28,122639,3.2825,0.05,65.6
1990-11-27,3.3,3.47,3.3,3.4,173316,3.3675,0.05,68.0
1990-11-28,3.47,3.54,3.47,3.54,148343,3.505,0.05,70.8
1990-11-29,3.54,3.54,3.47,3.51,106483,3.515,0.05,70.19999999999999
1990-11-30,3.51,3.68,3.51,3.68,486168,3.595,0.05,73.6
1990-12-03,3.68,3.71,3.64,3.66,237944,3.6725,0.05,73.2
1990-12-04,3.66,3.71,3.64,3.71,463401,3.68,0.05,74.19999999999999
1990-12-05,3.71,3.86,3.68,3.85,1051663,3.775,0.05,77.0
1990-12-06,3.85,3.95,3.78,3.78,742475,3.84,0.05,75.6
1990-12-07,3.78,3.81,3.64,3.71,906249,3.735,0.05,74.19999999999999
1990-12-10,3.71,3.74,3.71,3.73,509670,3.7225,0.05,74.6
1990-12-11,3.73,3.74,3.68,3.68,348103,3.7075,0.05,73.6
1990-12-12,3.68,3.71,3.61,3.64,188004,3.66,0.05,72.8
1990-12-13,3.64,3.68,3.61,3.68,204161,3.6525,0.05,73.6
1990-12-14,3.68,3.68,3.61,3.61,63153,3.645,0.05,72.19999999999999
1990-12-17,3.61,3.68,3.54,3.64,313584,3.6175,0.05,72.8
1990-12-18,3.64,3.64,3.54,3.59,718974,3.6025,0.05,71.8
1990-12-19,3.59,3.64,3.57,3.59,251895,3.5975,0.05,71.8
1990-12-20,3.59,3.64,3.57,3.63,340759,3.6075,0.05,72.6
1990-12-21,3.63,3.71,3.61,3.66,168176,3.6525,0.05,73.2
1990-12-24,3.66,3.71,3.63,3.64,12478,3.66,0.05,72.8
1990-12-26,3.64,3.64,3.61,3.64,49936,3.6325,0.05,72.8
1990-12-27,3.64,3.68,3.61,3.68,232070,3.6525,0.05,73.6
1990-12-28,3.68,3.68,3.61,3.64,756433,3.6525,0.05,72.8
1990-12-31,3.64,3.66,3.57,3.64,1731720,3.6275,0.07,52.0
1991-01-02,3.64,3.68,3.61,3.66,140264,3.6475,0.07,52.285714285714285
1991-01-03,3.66,3.68,3.61,3.63,205629,3.645,0.07,51.857142857142854
1991-01-04,3.63,3.85,3.61,3.74,2045313,3.7075,0.07,53.42857142857142
1991-01-07,3.74,3.76,3.68,3.74,705024,3.73,0.07,53.42857142857142
1991-01-08,3.74,3.74,3.68,3.68,533171,3.71,0.07,52.57142857142857
1991-01-09,3.68,3.74,3.54,3.59,795352,3.6375,0.07,51.28571428571428
1991-01-10,3.59,3.64,3.57,3.61,155692,3.6025,0.07,51.57142857142856
1991-01-11,3.61,3.64,3.57,3.61,1038443,3.6075,0.07,51.57142857142856
1991-01-14,3.61,3.66,3.4,3.66,389229,3.5825,0.07,52.285714285714285
1991-01-15,3.66,3.71,3.61,3.71,508937,3.6725,0.07,52.99999999999999
1991-01-16,3.71,3.74,3.64,3.68,182127,3.6925,0.07,52.57142857142857
1991-01-17,3.81,3.91,3.81,3.81,766716,3.835,0.07,54.42857142857142
1991-01-18,3.81,3.85,3.74,3.78,41853,3.795,0.07,53.99999999999999
1991-01-21,3.78,3.81,3.78,3.81,27168,3.795,0.07,54.42857142857142
1991-01-22,3.88,4.19,3.88,4.05,3047774,4.0,0.07,57.85714285714285
1991-01-23,4.05,4.08,3.98,4.02,1196341,4.0325,0.07,57.428571428571416
1991-01-24,4.02,4.08,4.02,4.02,1670031,4.035,0.07,57.428571428571416
1991-01-25,4.02,4.02,3.95,4.02,1115554,4.0025,0.07,57.428571428571416
1991-01-28,4.02,4.02,3.91,3.98,375273,3.9825,0.07,56.857142857142854
1991-01-29,3.98,4.05,3.95,4.02,536111,4.0,0.07,57.428571428571416
1991-01-30,4.02,4.15,3.98,4.08,635987,4.0575,0.07,58.285714285714285
1991-01-31,4.08,4.15,4.08,4.15,429622,4.115,0.07,59.285714285714285
1991-02-01,4.15,4.36,4.15,4.32,268788,4.245,0.07,61.714285714285715
1991-02-04,4.32,4.36,4.26,4.32,818853,4.315,0.07,61.714285714285715
1991-02-05,4.32,4.32,4.26,4.26,786541,4.29,0.07,60.85714285714285
1991-02-06,4.26,4.49,4.22,4.43,688130,4.35,0.07,63.28571428571428
1991-02-07,4.43,4.49,4.29,4.29,1102337,4.375,0.07,61.28571428571428
1991-02-08,4.29,4.36,4.29,4.32,246020,4.315,0.07,61.714285714285715
1991-02-11,4.32,4.46,4.32,4.46,160826,4.39,0.07,63.71428571428571
1991-02-12,4.46,4.56,4.36,4.51,1292548,4.4725,0.07,64.42857142857142
1991-02-13,4.51,4.6,4.46,4.6,358387,4.5425,0.07,65.71428571428571
1991-02-14,4.6,4.7,4.56,4.65,129252,4.6275,0.07,66.42857142857143
1991-02-15,4.65,4.7,4.63,4.7,973081,4.67,0.07,67.14285714285714
1991-02-19,4.7,4.77,4.63,4.71,1422537,4.7025,0.07,67.28571428571428
1991-02-20,4.71,4.9,4.7,4.83,1133178,4.785,0.07,69.0
1991-02-21,4.83,5.04,4.83,4.97,1801490,4.9175,0.07,70.99999999999999
1991-02-22,4.97,5.04,4.82,4.83,787279,4.915,0.07,69.0
1991-02-25,4.83,4.9,4.73,4.73,326804,4.7975,0.07,67.57142857142857
1991-02-26,4.7,4.7,4.49,4.66,1276387,4.6375,0.07,66.57142857142857
1991-02-27,4.66,4.7,4.63,4.63,353977,4.655,0.07,66.14285714285714
1991-02-28,4.63,4.66,4.56,4.6,227659,4.6125,0.07,65.71428571428571
1991-03-01,4.6,4.63,4.53,4.6,370138,4.59,0.07,65.71428571428571
1991-03-04,4.6,4.66,4.6,4.66,761573,4.63,0.07,66.57142857142857
1991-03-05,4.66,4.77,4.6,4.73,1074425,4.69,0.07,67.57142857142857
1991-03-06,4.77,4.9,4.77,4.9,558144,4.835,0.07,70.0
1991-03-07,4.9,4.94,4.8,4.87,948110,4.8775,0.07,69.57142857142857
1991-03-08,4.83,4.83,4.73,4.73,186534,4.78,0.07,67.57142857142857
1991-03-11,4.73,4.83,4.73,4.73,106483,4.755,0.07,67.57142857142857
1991-03-12,4.73,4.73,4.53,4.56,523627,4.6375,0.07,65.14285714285712
1991-03-13,4.56,4.6,4.46,4.53,1009064,4.5375,0.07,64.71428571428571
1991-03-14,4.56,4.7,4.56,4.68,946644,4.625,0.07,66.85714285714285
1991-03-15,4.7,4.83,4.7,4.7,463401,4.7325,0.07,67.14285714285714
1991-03-18,4.7,4.73,4.66,4.73,580173,4.705,0.07,67.57142857142857
1991-03-19,4.7,4.7,4.6,4.63,925348,4.6575,0.07,66.14285714285714
1991-03-20,4.63,4.66,4.56,4.63,898908,4.62,0.07,66.14285714285714
1991-03-21,4.63,4.63,4.56,4.58,4692109,4.6,0.07,65.42857142857142
1991-03-22,4.58,4.6,4.56,4.56,779200,4.575,0.07,65.14285714285712
1991-03-25,4.56,4.6,4.56,4.58,1491570,4.575,0.07,65.42857142857142
1991-03-26,4.58,4.77,4.56,4.77,1761831,4.67,0.07,68.14285714285712
1991-03-27,4.77,4.9,4.77,4.87,1129509,4.8275,0.07,69.57142857142857
1991-03-28,4.87,4.87,4.8,4.83,938566,4.8425,0.07,69.0
1991-04-01,4.83,4.83,4.77,4.77,614692,4.8,0.08,59.62499999999999
1991-04-02,4.77,4.97,4.77,4.97,688130,4.87,0.08,62.12499999999999
1991-04-03,4.97,5.21,4.97,5.12,992912,5.0675,0.08,64.0
1991-04-04,5.12,5.14,5.07,5.09,953984,5.105,0.08,63.625
1991-04-05,5.09,5.11,5.04,5.04,584583,5.07,0.08,63.0
1991-04-08,5.04,5.14,5.0,5.07,1159619,5.0625,0.08,63.375
1991-04-09,5.07,5.14,5.0,5.04,214443,5.0625,0.08,63.0
1991-04-10,5.04,5.14,4.97,5.11,384824,5.065,0.08,63.875
1991-04-11,5.11,5.11,5.04,5.09,1191198,5.0875,0.08,63.625
1991-04-12,5.11,5.17,5.11,5.11,194611,5.125,0.08,63.875
1991-04-15,5.11,5.17,5.11,5.17,220319,5.14,0.08,64.625
1991-04-16,5.17,5.38,5.17,5.38,818121,5.275,0.08,67.25
1991-04-17,5.38,5.41,5.24,5.24,1366724,5.3175,0.08,65.5
1991-04-18,5.24,5.31,5.11,5.16,998047,5.205,0.08,64.5
1991-04-19,5.14,5.14,5.04,5.04,181392,5.09,0.08,63.0
1991-04-22,4.97,4.97,4.66,4.8,526564,4.85,0.08,60.0
1991-04-23,4.83,4.94,4.83,4.85,442838,4.8625,0.08,60.62499999999999
1991-04-24,4.85,4.9,4.83,4.83,232070,4.8525,0.08,60.375
1991-04-25,4.83,4.9,4.83,4.87,339287,4.8575,0.08,60.875
1991-04-26,4.87,4.9,4.77,4.87,201955,4.8525,0.08,60.875
1991-04-29,4.87,4.87,4.7,4.7,249694,4.785,0.08,58.75
1991-04-30,4.7,4.77,4.66,4.73,2280323,4.715,0.08,59.12500000000001
1991-05-01,4.73,4.9,4.66,4.83,594129,4.78,0.08,60.375
1991-05-02,4.83,5.0,4.83,4.9,395838,4.89,0.08,61.25
1991-05-03,4.9,4.9,4.83,4.87,271723,4.875,0.08,60.875
1991-05-06,4.87,4.9,4.83,4.85,942971,4.8625,0.08,60.62499999999999
1991-05-07,4.87,4.94,4.87,4.9,414934,4.895,0.08,61.25
1991-05-08,4.9,4.94,4.87,4.87,724116,4.895,0.08,60.875
1991-05-09,4.87,4.94,4.87,4.94,1595855,4.905,0.08,61.75000000000001
1991-05-10,4.94,5.0,4.9,4.94,254098,4.945,0.08,61.75000000000001
1991-05-13,4.94,4.97,4.9,4.97,1044317,4.945,0.08,62.12499999999999
1991-05-14,4.97,4.97,4.9,4.9,599273,4.935,0.08,61.25
1991-05-15,4.9,4.97,4.83,4.9,426682,4.9,0.08,61.25
1991-05-16,4.94,5.11,4.94,5.0,1849959,4.9975,0.08,62.5
1991-05-17,5.0,5.11,5.0,5.06,275396,5.0425,0.08,63.24999999999999
1991-05-20,5.06,5.14,5.0,5.14,848969,5.085,0.08,64.25
1991-05-21,5.14,5.24,5.07,5.24,2090845,5.1725,0.08,65.5
1991-05-22,5.24,5.28,5.17,5.17,682256,5.215,0.08,64.625
1991-05-23,5.17,5.24,5.17,5.17,410524,5.1875,0.08,64.625
1991-05-24,5.17,5.24,5.17,5.21,74170,5.1975,0.08,65.125
1991-05-28,5.21,5.28,5.17,5.28,1065614,5.235,0.08,66.0
1991-05-29,5.28,5.34,5.28,5.28,1216905,5.295,0.08,66.0
1991-05-30,5.28,5.34,5.28,5.28,712364,5.295,0.08,66.0
1991-05-31,5.28,5.34,5.17,5.24,959127,5.2575,0.08,65.5
1991-06-03,5.24,5.28,5.14,5.17,497186,5.2075,0.08,64.625
1991-06-04,5.17,5.24,5.14,5.24,317258,5.1975,0.08,65.5
1991-06-05,5.24,5.24,5.17,5.17,159360,5.205,0.08,64.625
1991-06-06,5.17,5.34,5.17,5.31,1905773,5.2475,0.08,66.375
1991-06-07,5.31,5.38,5.24,5.24,1871260,5.2925,0.08,65.5
1991-06-10,5.24,5.34,5.24,5.34,371604,5.29,0.08,66.75
1991-06-11,5.34,5.62,5.31,5.55,2830389,5.455,0.08,69.375
1991-06-12,5.55,5.55,5.41,5.48,1112616,5.4975,0.08,68.5
1991-06-13,5.48,5.48,5.45,5.45,373072,5.465,0.08,68.125
1991-06-14,5.45,5.65,5.45,5.65,915797,5.55,0.08,70.625
1991-06-17,5.65,5.65,5.58,5.62,687398,5.625,0.08,70.25
1991-06-18,5.62,5.65,5.55,5.55,381148,5.5925,0.08,69.375
1991-06-19,5.55,5.62,5.41,5.48,444309,5.515,0.08,68.5
1991-06-20,5.48,5.48,5.31,5.34,431088,5.4025,0.08,66.75
1991-06-21,5.34,5.41,5.34,5.41,63887,5.375,0.08,67.625
1991-06-24,5.38,5.38,5.28,5.34,157891,5.345,0.08,66.75
1991-06-25,5.34,5.41,5.28,5.34,351037,5.3425,0.08,66.75
1991-06-26,5.34,5.34,5.11,5.21,600006,5.25,0.08,65.125
1991-06-27,5.21,5.28,5.14,5.21,351037,5.21,0.08,65.125
1991-06-28,5.21,5.21,5.0,5.09,652145,5.1275,0.08,63.625
1991-07-01,5.09,5.21,5.04,5.21,803435,5.1375,0.06,86.83333333333334
1991-07-02,5.21,5.45,5.14,5.34,1672233,5.285,0.06,89.0
1991-07-03,5.34,5.62,5.34,5.55,1246284,5.4625,0.06,92.5
1991-07-05,5.51,5.51,5.45,5.51,96939,5.495,0.06,91.83333333333333
1991-07-08,5.51,5.62,5.41,5.57,422274,5.5275,0.06,92.83333333333334
1991-07-09,5.57,5.65,5.55,5.62,956189,5.5975,0.06,93.66666666666667
1991-07-10,5.62,5.75,5.51,5.72,400980,5.65,0.06,95.33333333333333
1991-07-11,5.72,5.75,5.68,5.7,257770,5.7125,0.06,95.0
1991-07-12,5.7,5.96,5.68,5.96,598533,5.825,0.06,99.33333333333334
1991-07-15,5.96,6.06,5.89,6.03,607347,5.985,0.06,100.50000000000001
1991-07-16,6.03,6.09,5.99,6.03,906982,6.035,0.06,100.50000000000001
1991-07-17,6.03,6.09,5.99,6.06,243820,6.0425,0.06,101.0
1991-07-18,6.06,6.09,6.03,6.06,559611,6.06,0.06,101.0
1991-07-19,6.06,6.09,6.03,6.06,887891,6.06,0.06,101.0
1991-07-22,6.06,6.09,5.86,5.86,366461,5.9675,0.06,97.66666666666667
1991-07-23,5.86,5.96,5.68,5.72,951046,5.805,0.06,95.33333333333333
1991-07-24,5.72,5.92,5.68,5.86,829138,5.795,0.06,97.66666666666667
1991-07-25,5.86,5.89,5.75,5.86,932689,5.84,0.06,97.66666666666667
1991-07-26,5.86,5.86,5.79,5.82,482500,5.8325,0.06,97.00000000000001
1991-07-29,5.82,5.82,5.72,5.79,229864,5.7875,0.06,96.5
1991-07-30,5.79,5.79,5.72,5.77,1776520,5.7675,0.06,96.16666666666666
1991-07-31,5.77,5.79,5.72,5.75,587523,5.7575,0.06,95.83333333333334
1991-08-01,5.75,5.79,5.5,5.65,1045789,5.6725,0.06,94.16666666666667
1991-08-02,5.65,5.68,5.62,5.68,780666,5.6575,0.06,94.66666666666667
1991-08-05,5.68,5.72,5.65,5.72,350305,5.6925,0.06,95.33333333333333
1991-08-06,5.72,5.79,5.68,5.72,490579,5.7275,0.06,95.33333333333333
1991-08-07,5.75,6.03,5.75,5.96,1017880,5.8725,0.06,99.33333333333334
1991-08-08,5.96,5.99,5.89,5.99,327536,5.9575,0.06,99.83333333333334
1991-08-09,5.99,5.99,5.86,5.99,105012,5.9575,0.06,99.83333333333334
1991-08-12,5.99,5.99,5.86,5.99,74170,5.9575,0.06,99.83333333333334
1991-08-13,5.99,6.09,5.89,5.99,919473,5.99,0.06,99.83333333333334
1991-08-14,6.03,6.2,6.03,6.2,418604,6.115,0.06,103.33333333333334
1991-08-15,6.2,6.3,6.09,6.16,746151,6.1875,0.06,102.66666666666667
1991-08-16,6.16,6.2,6.06,6.2,530236,6.155,0.06,103.33333333333334
1991-08-19,6.2,6.23,5.89,6.2,608818,6.13,0.06,103.33333333333334
1991-08-20,6.2,6.3,6.06,6.06,1089115,6.155,0.06,101.0
1991-08-21,6.06,6.2,6.06,6.16,222519,6.12,0.06,102.66666666666667
1991-08-22,6.16,6.16,6.06,6.13,120440,6.1275,0.06,102.16666666666667
1991-08-23,6.13,6.13,6.06,6.13,313584,6.1125,0.06,102.16666666666667
1991-08-26,6.13,6.13,6.06,6.13,130718,6.1125,0.06,102.16666666666667
1991-08-27,6.13,6.13,5.92,6.03,223254,6.0525,0.06,100.50000000000001
1991-08-28,6.03,6.13,5.92,6.03,423013,6.0275,0.06,100.50000000000001
1991-08-29,6.03,6.13,6.03,6.11,191677,6.075,0.06,101.83333333333334
1991-08-30,6.11,6.13,6.03,6.09,78573,6.09,0.06,101.5
1991-09-03,6.09,6.09,6.03,6.03,55071,6.06,0.06,100.50000000000001
1991-09-04,6.03,6.13,6.03,6.13,918733,6.08,0.06,102.16666666666667
1991-09-05,6.13,6.13,6.03,6.13,107217,6.105,0.06,102.16666666666667
1991-09-06,6.13,6.13,6.03,6.04,230596,6.0825,0.06,100.66666666666667
1991-09-09,6.04,6.06,5.86,5.96,141002,5.98,0.06,99.33333333333334
1991-09-10,5.96,5.96,5.82,5.82,341493,5.89,0.06,97.00000000000001
1991-09-11,5.82,5.89,5.8,5.84,1365990,5.8375,0.06,97.33333333333333
1991-09-12,5.84,5.92,5.82,5.92,77106,5.875,0.06,98.66666666666667
1991-09-13,5.92,6.16,5.92,6.06,449450,6.015,0.06,101.0
1991-09-16,6.13,6.26,6.13,6.26,197551,6.195,0.06,104.33333333333333
1991-09-17,6.26,6.26,6.16,6.26,184328,6.235,0.06,104.33333333333333
1991-09-18,6.26,6.4,6.2,6.37,240143,6.3075,0.06,106.16666666666667
1991-09-19,6.37,6.54,6.3,6.43,840888,6.41,0.06,107.16666666666667
1991-09-20,6.43,6.5,6.4,6.47,841621,6.45,0.06,107.83333333333333
1991-09-23,6.47,6.47,6.4,6.43,403183,6.4425,0.06,107.16666666666667
1991-09-24,6.43,6.5,6.4,6.4,290822,6.4325,0.06,106.66666666666667
1991-09-25,6.4,6.47,6.4,6.47,123375,6.435,0.06,107.83333333333333
1991-09-26,6.47,6.47,6.4,6.47,500126,6.4525,0.06,107.83333333333333
1991-09-27,6.47,6.47,6.3,6.37,378211,6.4025,0.06,106.16666666666667
1991-09-30,6.37,6.43,6.3,6.43,329742,6.3825,0.07,91.85714285714285
1991-10-01,6.6,6.6,6.43,6.55,475890,6.545,0.07,93.57142857142856
1991-10-02,6.51,6.51,6.26,6.32,1024639,6.4,0.07,90.28571428571428
1991-10-03,6.3,6.3,6.13,6.13,253220,6.215,0.07,87.57142857142856
1991-10-04,6.13,6.26,6.13,6.21,246171,6.1825,0.07,88.71428571428571
1991-10-07,6.13,6.13,5.83,5.87,1261409,5.99,0.07,83.85714285714285
1991-10-08,5.87,6.04,5.83,6.04,953546,5.945,0.07,86.28571428571428
1991-10-09,6.04,6.08,5.91,6.08,612198,6.0275,0.07,86.85714285714285
1991-10-10,6.08,6.17,6.0,6.13,881281,6.095,0.07,87.57142857142856
1991-10-11,6.13,6.17,5.96,6.08,271432,6.085,0.07,86.85714285714285
1991-10-14,6.08,6.08,5.96,5.96,612784,6.02,0.07,85.14285714285714
1991-10-15,6.08,6.21,6.08,6.17,118090,6.135,0.07,88.14285714285714
1991-10-16,6.17,6.21,6.08,6.17,394813,6.1575,0.07,88.14285714285714
1991-10-17,6.17,6.17,6.04,6.08,154515,6.115,0.07,86.85714285714285
1991-10-18,6.08,6.13,5.96,5.96,1260235,6.0325,0.07,85.14285714285714
1991-10-21,5.96,6.04,5.79,5.83,200928,5.905,0.07,83.28571428571428
1991-10-22,5.83,5.91,5.53,5.53,882457,5.7,0.07,79.0
1991-10-23,5.53,5.57,5.15,5.23,2455848,5.37,0.07,74.71428571428571
1991-10-24,5.19,5.19,4.85,5.11,1332500,5.085,0.07,73.0
1991-10-25,5.11,5.15,5.0,5.0,358387,5.065,0.07,71.42857142857142
1991-10-28,5.0,5.19,4.98,5.06,2992844,5.0575,0.07,72.28571428571428
1991-10-29,5.06,5.19,5.06,5.19,977636,5.125,0.07,74.14285714285714
1991-10-30,5.19,5.19,5.08,5.11,809018,5.1425,0.07,73.0
1991-10-31,5.11,5.19,5.11,5.17,1350125,5.145,0.07,73.85714285714285
1991-11-01,5.17,5.19,5.06,5.11,771416,5.1325,0.07,73.0
1991-11-04,5.11,5.15,5.06,5.15,458851,5.1175,0.07,73.57142857142857
1991-11-05,5.15,5.23,5.11,5.15,1184446,5.16,0.07,73.57142857142857
1991-11-06,5.15,5.23,5.15,5.23,1240260,5.19,0.07,74.71428571428571
1991-11-07,5.23,5.32,5.19,5.32,832520,5.265,0.07,76.0
1991-11-08,5.32,5.49,5.23,5.43,954722,5.3675,0.07,77.57142857142856
1991-11-11,5.49,5.66,5.49,5.57,342521,5.5525,0.07,79.57142857142857
1991-11-12,5.57,5.57,5.49,5.51,1543424,5.535,0.07,78.71428571428571
1991-11-13,5.51,5.53,5.4,5.4,200343,5.46,0.07,77.14285714285714
1991-11-14,5.4,5.53,5.4,5.49,1203247,5.455,0.07,78.42857142857143
1991-11-15,5.49,5.53,5.26,5.28,1749643,5.39,0.07,75.42857142857143
1991-11-18,5.28,5.36,5.19,5.34,328420,5.2925,0.07,76.28571428571428
1991-11-19,5.34,5.36,5.23,5.23,643334,5.29,0.07,74.71428571428571
1991-11-20,5.23,5.49,5.21,5.21,1257884,5.285,0.07,74.42857142857142
1991-11-21,5.21,5.32,5.15,5.17,611609,5.2125,0.07,73.85714285714285
1991-11-22,5.17,5.23,5.06,5.15,289646,5.1525,0.07,73.57142857142857
1991-11-25,5.15,5.19,5.02,5.02,508203,5.095,0.07,71.71428571428571
1991-11-26,5.02,5.11,5.02,5.06,532881,5.0525,0.07,72.28571428571428
1991-11-27,5.06,5.11,4.3,4.47,5113804,4.735,0.07,63.85714285714285
1991-11-29,4.47,4.55,4.38,4.51,890682,4.4775,0.07,64.42857142857142
1991-12-02,4.43,4.68,4.34,4.6,746740,4.5125,0.07,65.71428571428571
1991-12-03,4.6,4.72,4.6,4.72,1661515,4.66,0.07,67.42857142857142
1991-12-04,4.6,4.72,4.43,4.49,1693240,4.56,0.07,64.14285714285714
1991-12-05,4.47,4.51,4.47,4.51,921822,4.49,0.07,64.42857142857142
1991-12-06,4.47,4.51,4.38,4.4,402451,4.44,0.07,62.857142857142854
1991-12-09,4.47,4.47,4.26,4.3,1547535,4.375,0.07,61.42857142857142
1991-12-10,4.26,4.34,4.21,4.26,860719,4.2675,0.07,60.85714285714285
1991-12-11,4.21,4.3,4.08,4.21,1083976,4.2,0.07,60.14285714285714
1991-12-12,4.21,4.21,4.08,4.13,740276,4.1575,0.07,58.99999999999999
1991-12-13,4.08,4.17,3.83,4.0,3509866,4.02,0.07,57.14285714285714
1991-12-16,3.91,4.13,3.91,4.04,3273680,3.9975,0.07,57.71428571428571
1991-12-17,4.11,4.13,3.96,4.08,1668565,4.07,0.07,58.285714285714285
1991-12-18,4.0,4.08,4.0,4.08,1562810,4.04,0.07,58.285714285714285
1991-12-19,4.04,4.08,4.0,4.0,1037565,4.03,0.07,57.14285714285714
1991-12-20,4.08,4.08,3.91,3.98,1429443,4.0125,0.07,56.857142857142854
1991-12-23,4.0,4.04,3.91,3.91,863656,3.965,0.07,55.857142857142854
1991-12-24,3.96,4.04,3.91,4.04,705613,3.9875,0.07,57.71428571428571
1991-12-26,4.04,4.51,3.96,4.51,1931188,4.255,0.07,64.42857142857142
1991-12-27,4.55,5.06,4.51,5.06,2787798,4.795,0.07,72.28571428571428
1991-12-30,4.94,5.06,4.89,4.98,1340140,4.9675,0.07,71.14285714285714
1991-12-31,4.94,5.23,4.94,5.19,1459996,5.075,0.09,57.66666666666667
1992-01-02,5.11,5.23,4.98,4.98,884220,5.075,0.09,55.33333333333334
1992-01-03,4.98,5.23,4.98,5.11,2094519,5.075,0.09,56.777777777777786
1992-01-06,5.11,5.11,4.89,4.98,2166784,5.0225,0.09,55.33333333333334
1992-01-07,4.94,5.06,4.77,4.85,981747,4.905,0.09,53.888888888888886
1992-01-08,4.77,4.85,4.68,4.72,1681489,4.755,0.09,52.44444444444444
1992-01-09,4.68,4.85,4.68,4.85,2295452,4.765,0.09,53.888888888888886
1992-01-10,4.77,4.94,4.64,4.72,1542835,4.7675,0.09,52.44444444444444
1992-01-13,4.72,4.81,4.51,4.77,809603,4.7025,0.09,53.0
1992-01-14,4.81,4.81,4.72,4.81,574596,4.7875,0.09,53.44444444444444
1992-01-15,4.81,4.81,4.64,4.68,690336,4.735,0.09,52.0
1992-01-16,4.68,4.72,4.43,4.47,1352475,4.575,0.09,49.666666666666664
1992-01-17,4.51,4.51,4.43,4.51,867181,4.49,0.09,50.11111111111111
1992-01-20,4.51,4.55,4.43,4.55,469427,4.51,0.09,50.55555555555556
1992-01-21,4.68,4.98,4.68,4.68,3456398,4.755,0.09,52.0
1992-01-22,4.68,4.94,4.68,4.89,2333054,4.7975,0.09,54.33333333333333
1992-01-23,5.02,5.02,4.94,4.98,1151544,4.99,0.09,55.33333333333334
1992-01-24,4.98,4.98,4.89,4.94,1713802,4.9475,0.09,54.88888888888889
1992-01-27,5.02,5.02,4.94,5.02,793742,5.0,0.09,55.77777777777778
1992-01-28,5.02,5.06,4.98,5.06,991737,5.03,0.09,56.22222222222222
1992-01-29,5.06,5.28,5.02,5.15,803729,5.1275,0.09,57.22222222222223
1992-01-30,5.02,5.15,5.02,5.11,1039326,5.075,0.09,56.777777777777786
1992-01-31,5.15,5.28,5.06,5.15,656846,5.16,0.09,57.22222222222223
1992-02-03,5.28,5.28,5.15,5.28,1197958,5.2475,0.09,58.66666666666667
1992-02-04,5.28,5.32,5.23,5.23,471190,5.265,0.09,58.11111111111112
1992-02-05,5.23,5.66,5.23,5.66,1519333,5.445,0.09,62.88888888888889
1992-02-06,5.57,5.79,5.57,5.64,806669,5.6425,0.09,62.666666666666664
1992-02-07,5.7,5.7,5.57,5.66,1400066,5.6575,0.09,62.88888888888889
1992-02-10,5.66,5.66,5.57,5.57,408325,5.615,0.09,61.88888888888889
1992-02-11,5.66,5.66,5.57,5.57,1189146,5.615,0.09,61.88888888888889
1992-02-12,5.57,5.79,5.57,5.79,251456,5.68,0.09,64.33333333333334
1992-02-13,5.79,5.79,5.66,5.72,608084,5.74,0.09,63.55555555555556
1992-02-14,5.7,5.74,5.66,5.66,1003487,5.69,0.09,62.88888888888889
1992-02-18,5.66,5.74,5.45,5.45,882457,5.575,0.09,60.55555555555556
1992-02-19,5.49,5.53,5.4,5.4,1502883,5.455,0.09,60.00000000000001
1992-02-20,5.4,5.53,5.4,5.53,1156245,5.465,0.09,61.44444444444445
1992-02-21,5.45,5.53,5.45,5.45,349571,5.47,0.09,60.55555555555556
1992-02-24,5.53,5.53,5.4,5.49,169203,5.4875,0.09,61.00000000000001
1992-02-25,5.4,5.53,5.4,5.45,320784,5.445,0.09,60.55555555555556
1992-02-26,5.4,5.45,5.4,5.4,531119,5.4125,0.09,60.00000000000001
1992-02-27,5.4,5.45,5.32,5.32,662723,5.3725,0.09,59.111111111111114
1992-02-28,5.23,5.36,5.23,5.28,503503,5.275,0.09,58.66666666666667
1992-03-02,5.28,5.36,5.28,5.28,186243,5.3,0.09,58.66666666666667
1992-03-03,5.28,5.32,5.23,5.26,346047,5.2725,0.09,58.44444444444444
1992-03-04,5.23,5.32,5.23,5.28,122201,5.265,0.09,58.66666666666667
1992-03-05,5.23,5.32,5.11,5.13,284945,5.1975,0.09,57.0
1992-03-06,5.11,5.23,5.02,5.02,163915,5.095,0.09,55.77777777777778
1992-03-09,5.02,5.15,4.98,5.15,517019,5.075,0.09,57.22222222222223
1992-03-10,5.06,5.4,5.06,5.32,376598,5.21,0.09,59.111111111111114
1992-03-11,5.32,5.6,5.32,5.47,476478,5.4275,0.09,60.77777777777778
1992-03-12,5.36,5.49,5.36,5.43,490579,5.41,0.09,60.333333333333336
1992-03-13,5.4,5.45,5.28,5.28,324896,5.3525,0.09,58.66666666666667
1992-03-16,5.23,5.36,5.15,5.21,247345,5.2375,0.09,57.88888888888889
1992-03-17,5.28,5.28,5.15,5.15,180367,5.215,0.09,57.22222222222223
1992-03-18,5.15,5.19,5.15,5.15,279071,5.16,0.09,57.22222222222223
1992-03-19,5.15,5.23,5.15,5.15,1358941,5.17,0.09,57.22222222222223
1992-03-20,5.28,5.28,5.15,5.19,272606,5.225,0.09,57.66666666666667
1992-03-23,5.15,5.19,5.11,5.19,172727,5.16,0.09,57.66666666666667
1992-03-24,5.19,5.28,5.11,5.23,226781,5.2025,0.09,58.11111111111112
1992-03-25,5.19,5.28,5.19,5.19,309034,5.2125,0.09,57.66666666666667
1992-03-26,5.23,5.28,5.11,5.17,337236,5.1975,0.09,57.44444444444444
1992-03-27,5.11,5.23,5.11,5.11,60511,5.14,0.09,56.777777777777786
1992-03-30,5.11,5.23,5.11,5.15,209743,5.15,0.1,51.5
1992-03-31,5.17,5.23,5.11,5.23,86949,5.185,0.1,52.300000000000004
1992-04-01,5.02,5.15,4.98,5.02,671535,5.0425,0.1,50.199999999999996
1992-04-02,5.11,5.11,5.02,5.06,586933,5.075,0.1,50.599999999999994
1992-04-03,5.11,5.11,4.94,5.02,268495,5.045,0.1,50.199999999999996
1992-04-06,5.06,5.06,4.85,4.85,1060475,4.955,0.1,48.49999999999999
1992-04-07,4.94,4.94,4.77,4.77,981747,4.855,0.1,47.699999999999996
1992-04-08,4.72,4.81,4.68,4.72,511729,4.7325,0.1,47.199999999999996
1992-04-09,4.68,4.81,4.68,4.74,708548,4.7275,0.1,47.4
1992-04-10,4.77,4.81,4.72,4.79,466490,4.7725,0.1,47.9
1992-04-13,4.77,4.81,4.77,4.81,99289,4.79,0.1,48.099999999999994
1992-04-14,4.81,4.89,4.72,4.74,550505,4.79,0.1,47.4
1992-04-15,4.72,4.81,4.68,4.72,706198,4.7325,0.1,47.199999999999996
1992-04-16,4.72,4.81,4.55,4.64,1164470,4.68,0.1,46.39999999999999
1992-04-20,4.64,4.64,4.34,4.43,560495,4.5125,0.1,44.3
1992-04-21,4.43,4.43,4.34,4.34,639221,4.385,0.1,43.4
1992-04-22,4.43,4.49,4.34,4.38,1350125,4.41,0.1,43.8
1992-04-23,4.38,4.43,4.38,4.43,420075,4.405,0.1,44.3
1992-04-24,4.43,4.43,4.34,4.38,270846,4.395,0.1,43.8
1992-04-27,4.43,4.43,4.26,4.32,453566,4.36,0.1,43.2
1992-04-28,4.26,4.36,4.04,4.21,1888296,4.2175,0.1,42.099999999999994
1992-04-29,4.21,4.26,4.13,4.26,703263,4.215,0.1,42.599999999999994
1992-04-30,4.34,4.38,4.26,4.3,329010,4.32,0.1,42.99999999999999
1992-05-01,4.38,4.38,4.3,4.38,387762,4.36,0.1,43.8
1992-05-04,4.38,4.47,4.3,4.43,398924,4.395,0.1,44.3
1992-05-05,4.51,4.77,4.43,4.72,515254,4.6075,0.1,47.199999999999996
1992-05-06,4.74,4.77,4.64,4.77,504680,4.73,0.1,47.699999999999996
1992-05-07,4.77,4.81,4.6,4.64,923584,4.705,0.1,46.39999999999999
1992-05-08,4.6,4.64,4.47,4.55,686224,4.565,0.1,45.49999999999999
1992-05-11,4.68,4.94,4.68,4.94,1190320,4.81,0.1,49.4
1992-05-12,4.98,5.11,4.85,4.89,1146255,4.9575,0.1,48.89999999999999
1992-05-13,4.94,4.94,4.85,4.89,1070464,4.905,0.1,48.89999999999999
1992-05-14,4.85,4.89,4.85,4.89,2118020,4.87,0.1,48.89999999999999
1992-05-15,4.85,4.89,4.85,4.89,804318,4.87,0.1,48.89999999999999
1992-05-18,4.89,4.89,4.85,4.85,724414,4.87,0.1,48.49999999999999
1992-05-19,4.94,4.94,4.85,4.89,254394,4.905,0.1,48.89999999999999
1992-05-20,4.85,4.94,4.85,4.87,1364815,4.8775,0.1,48.699999999999996
1992-05-21,4.94,4.98,4.85,4.89,455326,4.915,0.1,48.89999999999999
1992-05-22,5.06,5.11,4.94,5.06,191528,5.0425,0.1,50.599999999999994
1992-05-26,5.11,5.11,4.98,5.0,377772,5.05,0.1,50.0
1992-05-27,5.02,5.02,4.85,4.94,645685,4.9575,0.1,49.4
1992-05-28,4.94,4.98,4.85,4.87,388350,4.91,0.1,48.699999999999996
1992-05-29,4.98,4.98,4.89,4.98,68738,4.9575,0.1,49.800000000000004
1992-06-01,4.89,4.94,4.81,4.94,300808,4.895,0.1,49.4
1992-06-02,4.85,4.94,4.77,4.77,433588,4.8325,0.1,47.699999999999996
1992-06-03,4.6,5.06,4.6,5.06,3714912,4.83,0.1,50.599999999999994
1992-06-04,5.06,5.06,4.94,4.96,608673,5.005,0.1,49.599999999999994
1992-06-05,5.02,5.02,4.85,4.85,685636,4.935,0.1,48.49999999999999
1992-06-08,4.85,4.98,4.85,4.98,353686,4.915,0.1,49.800000000000004
1992-06-09,4.98,5.02,4.94,5.02,1239085,4.99,0.1,50.199999999999996
1992-06-10,5.02,5.02,4.94,4.98,574007,4.99,0.1,49.800000000000004
1992-06-11,5.02,5.02,4.94,5.02,117500,5.0,0.1,50.199999999999996
1992-06-12,5.02,5.02,4.94,4.94,162152,4.98,0.1,49.4
1992-06-15,4.94,5.02,4.94,5.02,17035,4.98,0.1,50.199999999999996
1992-06-16,4.89,5.02,4.89,4.96,84599,4.94,0.1,49.599999999999994
1992-06-17,5.02,5.02,4.72,4.81,324309,4.8925,0.1,48.099999999999994
1992-06-18,4.64,4.68,4.6,4.68,282007,4.65,0.1,46.8
1992-06-19,4.64,4.89,4.64,4.89,331947,4.765,0.1,48.89999999999999
1992-06-22,4.89,4.89,4.77,4.89,120440,4.86,0.1,48.89999999999999
1992-06-23,4.94,4.98,4.85,4.98,240881,4.9375,0.1,49.800000000000004
1992-06-24,4.89,4.98,4.89,4.94,360737,4.925,0.1,49.4
1992-06-25,5.02,5.02,4.89,4.94,858369,4.9675,0.1,49.4
1992-06-26,4.98,4.98,4.89,4.89,401274,4.935,0.1,48.89999999999999
1992-06-29,5.02,5.11,4.94,5.06,138652,5.0325,0.1,50.599999999999994
1992-06-30,5.02,5.23,5.02,5.11,535231,5.095,0.07,73.0
1992-07-01,5.19,5.32,5.11,5.32,247345,5.235,0.07,76.0
1992-07-02,5.4,5.53,5.36,5.49,575182,5.445,0.07,78.42857142857143
1992-07-06,5.57,5.57,5.32,5.4,778467,5.465,0.07,77.14285714285714
1992-07-07,5.4,5.4,5.32,5.32,492928,5.36,0.07,76.0
1992-07-08,5.19,5.23,5.11,5.15,297872,5.17,0.07,73.57142857142857
1992-07-09,5.28,5.32,5.19,5.32,186828,5.2775,0.07,76.0
1992-07-10,5.32,5.32,5.19,5.28,149226,5.2775,0.07,75.42857142857143
1992-07-13,5.19,5.23,5.15,5.19,126315,5.19,0.07,74.14285714285714
1992-07-14,5.19,5.21,5.11,5.19,280833,5.175,0.07,74.14285714285714
1992-07-15,5.28,5.32,5.19,5.28,196228,5.2675,0.07,75.42857142857143
1992-07-16,5.28,5.32,5.23,5.32,42885,5.2875,0.07,76.0
1992-07-17,5.32,5.32,4.94,5.02,751440,5.15,0.07,71.71428571428571
1992-07-20,4.98,5.06,4.91,5.06,217969,5.0025,0.07,72.28571428571428
1992-07-21,5.06,5.06,4.98,5.06,451215,5.04,0.07,72.28571428571428
1992-07-22,5.02,5.06,4.98,5.06,217969,5.03,0.07,72.28571428571428
1992-07-23,5.02,5.02,4.94,5.02,183304,5.0,0.07,71.71428571428571
1992-07-24,4.94,4.98,4.94,4.94,167442,4.95,0.07,70.57142857142857
1992-07-27,4.98,4.98,4.89,4.98,106340,4.9575,0.07,71.14285714285714
1992-07-28,4.98,4.98,4.89,4.89,64037,4.935,0.07,69.85714285714285
1992-07-29,4.94,4.98,4.89,4.94,625710,4.9375,0.07,70.57142857142857
1992-07-30,4.94,4.94,4.89,4.91,80487,4.92,0.07,70.14285714285714
1992-07-31,4.98,5.02,4.89,5.02,887157,4.9775,0.07,71.71428571428571
1992-08-03,5.02,5.15,5.02,5.11,475301,5.075,0.07,73.0
1992-08-04,5.19,5.23,5.11,5.15,467077,5.17,0.07,73.57142857142857
1992-08-05,5.11,5.15,5.06,5.11,377772,5.1075,0.07,73.0
1992-08-06,5.06,5.19,5.06,5.15,391873,5.115,0.07,73.57142857142857
1992-08-07,5.15,5.15,5.02,5.11,199754,5.1075,0.07,73.0
1992-08-10,5.11,5.11,5.02,5.02,186828,5.065,0.07,71.71428571428571
1992-08-11,5.02,5.06,4.98,4.98,296697,5.01,0.07,71.14285714285714
1992-08-12,4.98,5.06,4.98,5.06,35836,5.02,0.07,72.28571428571428
1992-08-13,4.98,5.06,4.98,5.06,273195,5.02,0.07,72.28571428571428
1992-08-14,5.02,5.06,4.98,4.98,462966,5.01,0.07,71.14285714285714
1992-08-17,5.04,5.06,4.98,5.06,515843,5.035,0.07,72.28571428571428
1992-08-18,5.02,5.19,4.98,5.19,928284,5.095,0.07,74.14285714285714
1992-08-19,5.06,5.15,5.02,5.02,187417,5.0625,0.07,71.71428571428571
1992-08-20,5.04,5.11,4.98,5.11,312558,5.06,0.07,73.0
1992-08-21,5.06,5.06,4.85,4.89,1600998,4.965,0.07,69.85714285714285
1992-08-24,4.81,4.89,4.77,4.77,1249074,4.81,0.07,68.14285714285712
1992-08-25,4.81,4.81,4.6,4.68,1414753,4.725,0.07,66.85714285714285
1992-08-26,4.6,4.68,4.6,4.68,1159180,4.64,0.07,66.85714285714285
1992-08-27,4.68,4.68,4.53,4.6,1407116,4.6225,0.07,65.71428571428571
1992-08-28,4.64,4.89,4.6,4.87,1899461,4.75,0.07,69.57142857142857
1992-08-31,4.85,4.89,4.81,4.81,571656,4.84,0.07,68.71428571428571
1992-09-01,4.77,4.85,4.68,4.68,751440,4.745,0.07,66.85714285714285
1992-09-02,4.68,4.81,4.68,4.81,1059890,4.745,0.07,68.71428571428571
1992-09-03,4.68,4.85,4.68,4.79,2360668,4.75,0.07,68.42857142857142
1992-09-04,4.83,4.85,4.81,4.85,428888,4.835,0.07,69.28571428571428
1992-09-08,4.94,4.94,4.85,4.89,854255,4.905,0.07,69.85714285714285
1992-09-09,4.85,4.98,4.81,4.94,1887711,4.895,0.07,70.57142857142857
1992-09-10,4.94,4.94,4.85,4.85,813719,4.895,0.07,69.28571428571428
1992-09-11,4.85,4.94,4.85,4.85,506443,4.8725,0.07,69.28571428571428
1992-09-14,4.94,4.94,4.85,4.94,1467044,4.9175,0.07,70.57142857142857
1992-09-15,4.87,4.94,4.85,4.85,1210883,4.8775,0.07,69.28571428571428
1992-09-16,4.85,4.94,4.85,4.85,797268,4.8725,0.07,69.28571428571428
1992-09-17,4.85,4.94,4.85,4.85,803729,4.8725,0.07,69.28571428571428
1992-09-18,4.85,4.98,4.85,4.94,253220,4.905,0.07,70.57142857142857
1992-09-21,4.98,5.02,4.94,5.02,128075,4.99,0.07,71.71428571428571
1992-09-22,5.02,5.02,4.85,4.85,1089853,4.935,0.07,69.28571428571428
1992-09-23,4.85,4.94,4.85,4.94,1089853,4.895,0.07,70.57142857142857
1992-09-24,4.94,4.94,4.85,4.94,301983,4.9175,0.07,70.57142857142857
1992-09-25,4.94,5.02,4.85,4.98,484702,4.9475,0.07,71.14285714285714
1992-09-28,5.02,5.02,4.85,4.85,983512,4.935,0.07,69.28571428571428
1992-09-29,4.94,4.94,4.85,4.94,1663865,4.9175,0.07,70.57142857142857
1992-09-30,4.85,4.94,4.85,4.94,1082802,4.895,0.11,44.909090909090914
1992-10-01,4.85,4.94,4.81,4.83,501153,4.8575,0.11,43.90909090909091
1992-10-02,4.81,4.89,4.72,4.72,180953,4.785,0.11,42.90909090909091
1992-10-05,4.77,4.77,4.47,4.64,617484,4.6625,0.11,42.18181818181818
1992-10-06,4.68,4.72,4.6,4.64,527593,4.66,0.11,42.18181818181818
1992-10-07,4.64,4.72,4.62,4.7,38185,4.67,0.11,42.72727272727273
1992-10-08,4.55,4.68,4.55,4.68,112800,4.615,0.11,42.54545454545454
1992-10-09,4.55,4.68,4.55,4.55,79312,4.5825,0.11,41.36363636363636
1992-10-12,4.64,4.64,4.26,4.38,826644,4.48,0.11,39.81818181818182
1992-10-13,4.34,4.38,4.34,4.34,2439983,4.35,0.11,39.45454545454545
1992-10-14,4.38,4.47,4.34,4.47,401863,4.415,0.11,40.63636363636363
1992-10-15,4.38,4.47,4.38,4.47,628644,4.425,0.11,40.63636363636363
1992-10-16,4.47,4.47,4.3,4.3,1970550,4.385,0.11,39.090909090909086
1992-10-19,4.51,4.55,4.43,4.51,1665626,4.5,0.11,41.0
1992-10-20,4.55,4.68,4.55,4.64,1321924,4.605,0.11,42.18181818181818
1992-10-21,4.72,4.72,4.49,4.6,1885945,4.6325,0.11,41.81818181818181
1992-10-22,4.51,4.6,4.51,4.6,130426,4.555,0.11,41.81818181818181
1992-10-23,4.6,4.6,4.38,4.47,998786,4.5125,0.11,40.63636363636363
1992-10-26,4.47,4.47,4.38,4.38,1087502,4.425,0.11,39.81818181818182
1992-10-27,4.43,4.43,4.3,4.43,290233,4.3975,0.11,40.27272727272727
1992-10-28,4.43,4.43,4.38,4.43,482941,4.4175,0.11,40.27272727272727
1992-10-29,4.43,4.51,4.38,4.51,690924,4.4575,0.11,41.0
1992-10-30,4.55,4.6,4.47,4.6,599857,4.555,0.11,41.81818181818181
1992-11-02,4.64,4.64,4.55,4.6,354860,4.6075,0.11,41.81818181818181
1992-11-03,4.64,4.64,4.51,4.6,700912,4.5975,0.11,41.81818181818181
1992-11-04,4.6,4.6,4.47,4.53,335470,4.55,0.11,41.18181818181819
1992-11-05,4.47,4.6,4.47,4.6,295523,4.535,0.11,41.81818181818181
1992-11-06,4.55,4.64,4.51,4.51,351922,4.5525,0.11,41.0
1992-11-09,4.6,4.6,4.51,4.51,471190,4.555,0.11,41.0
1992-11-10,4.47,4.55,4.47,4.47,213854,4.49,0.11,40.63636363636363
1992-11-11,4.47,4.6,4.47,4.6,300223,4.535,0.11,41.81818181818181
1992-11-12,4.6,4.6,4.51,4.6,415375,4.5775,0.11,41.81818181818181
1992-11-13,4.51,4.68,4.51,4.68,816070,4.595,0.11,42.54545454545454
1992-11-16,4.6,4.68,4.6,4.68,215029,4.64,0.11,42.54545454545454
1992-11-17,4.68,4.68,4.6,4.68,317258,4.66,0.11,42.54545454545454
1992-11-18,4.68,4.68,4.6,4.68,1047551,4.66,0.11,42.54545454545454
1992-11-19,4.68,4.68,4.6,4.68,184478,4.66,0.11,42.54545454545454
1992-11-20,4.68,4.68,4.6,4.68,1665626,4.66,0.11,42.54545454545454
1992-11-23,4.68,4.68,4.6,4.68,261446,4.66,0.11,42.54545454545454
1992-11-24,4.68,4.68,4.6,4.68,847795,4.66,0.11,42.54545454545454
1992-11-25,4.68,4.68,4.6,4.6,802554,4.64,0.11,41.81818181818181
1992-11-27,4.68,4.68,4.6,4.66,373661,4.655,0.11,42.36363636363637
1992-11-30,4.68,4.68,4.64,4.66,1249074,4.665,0.11,42.36363636363637
1992-12-01,4.6,4.66,4.6,4.64,1865385,4.625,0.11,42.18181818181818
1992-12-02,4.64,4.64,4.51,4.51,1873610,4.575,0.11,41.0
1992-12-03,4.55,4.55,4.47,4.53,1603349,4.525,0.11,41.18181818181819
1992-12-04,4.47,4.6,4.47,4.51,586933,4.5125,0.11,41.0
1992-12-07,4.6,4.64,4.51,4.57,709724,4.58,0.11,41.54545454545455
1992-12-08,4.64,4.68,4.55,4.64,465901,4.6275,0.11,42.18181818181818
1992-12-09,4.68,4.72,4.6,4.64,1179746,4.66,0.11,42.18181818181818
1992-12-10,4.72,4.72,4.64,4.68,310208,4.69,0.11,42.54545454545454
1992-12-11,4.72,4.72,4.64,4.72,103989,4.7,0.11,42.90909090909091
1992-12-14,4.72,4.77,4.64,4.77,395989,4.725,0.11,43.36363636363636
1992-12-15,4.77,4.77,4.64,4.72,382473,4.725,0.11,42.90909090909091
1992-12-16,4.64,4.72,4.64,4.72,242055,4.68,0.11,42.90909090909091
1992-12-17,4.77,4.89,4.68,4.85,960597,4.7975,0.11,44.090909090909086
1992-12-18,4.89,4.98,4.81,4.89,374249,4.8925,0.11,44.45454545454545
1992-12-21,4.94,4.98,4.89,4.89,293757,4.925,0.11,44.45454545454545
1992-12-22,4.89,5.06,4.89,5.02,735576,4.965,0.11,45.63636363636363
1992-12-23,5.06,5.19,5.02,5.15,752615,5.105,0.11,46.81818181818182
1992-12-24,5.15,5.15,5.02,5.02,203868,5.085,0.11,45.63636363636363
1992-12-28,5.11,5.11,4.98,5.02,242644,5.055,0.11,45.63636363636363
1992-12-29,5.06,5.06,4.89,4.98,695624,4.9975,0.11,45.27272727272727
1992-12-30,4.98,5.11,4.89,5.02,723238,5.0,0.11,45.63636363636363
1992-12-31,5.02,5.15,5.02,5.15,155103,5.085,0.1,51.5
1993-01-04,5.06,5.15,5.02,5.02,335470,5.0625,0.1,50.199999999999996
1993-01-05,5.02,5.15,5.02,5.06,298457,5.0625,0.1,50.599999999999994
1993-01-06,5.02,5.11,4.89,4.91,1619799,4.9825,0.1,49.1
1993-01-07,4.89,4.94,4.89,4.91,1287260,4.9075,0.1,49.1
1993-01-08,4.94,4.94,4.83,4.89,321958,4.9,0.1,48.89999999999999
1993-01-11,4.81,4.89,4.77,4.81,705613,4.82,0.1,48.099999999999994
1993-01-12,4.81,4.81,4.55,4.68,1776671,4.7125,0.1,46.8
1993-01-13,4.68,4.68,4.51,4.6,2297216,4.6175,0.1,45.99999999999999
1993-01-14,4.55,4.64,4.55,4.64,529944,4.595,0.1,46.39999999999999
1993-01-15,4.64,4.64,4.47,4.55,1065764,4.575,0.1,45.49999999999999
1993-01-18,4.55,4.6,4.47,4.6,1230860,4.555,0.1,45.99999999999999
1993-01-19,4.6,4.6,4.51,4.55,1012887,4.565,0.1,45.49999999999999
1993-01-20,4.51,4.77,4.51,4.68,2632103,4.6175,0.1,46.8
1993-01-21,4.68,4.68,4.64,4.68,3038083,4.67,0.1,46.8
1993-01-22,4.64,4.72,4.64,4.72,524070,4.68,0.1,47.199999999999996
1993-01-25,4.68,4.77,4.64,4.77,4387037,4.715,0.1,47.699999999999996
1993-01-26,4.81,4.81,4.68,4.81,2461723,4.7775,0.1,48.099999999999994
1993-01-27,4.77,4.81,4.72,4.72,76372,4.755,0.1,47.199999999999996
1993-01-28,4.72,4.81,4.72,4.81,409500,4.765,0.1,48.099999999999994
1993-01-29,4.72,4.81,4.72,4.81,107514,4.765,0.1,48.099999999999994
1993-02-01,4.77,4.85,4.77,4.85,692098,4.81,0.1,48.49999999999999
1993-02-02,4.85,4.85,4.77,4.81,801969,4.82,0.1,48.099999999999994
1993-02-03,4.85,4.85,4.77,4.85,732050,4.83,0.1,48.49999999999999
1993-02-04,4.77,4.85,4.77,4.85,291407,4.81,0.1,48.49999999999999
1993-02-05,4.85,4.85,4.77,4.77,225604,4.81,0.1,47.699999999999996
1993-02-08,4.79,4.85,4.72,4.81,935923,4.7925,0.1,48.099999999999994
1993-02-09,4.81,4.94,4.77,4.85,384824,4.8425,0.1,48.49999999999999
1993-02-10,4.94,5.02,4.85,4.94,482941,4.9375,0.1,49.4
1993-02-11,4.85,4.94,4.85,4.85,245582,4.8725,0.1,48.49999999999999
1993-02-12,4.94,4.94,4.64,4.66,646860,4.795,0.1,46.6
1993-02-16,4.68,4.68,4.6,4.6,1000548,4.64,0.1,45.99999999999999
1993-02-17,4.6,4.6,4.43,4.43,1541658,4.515,0.1,44.3
1993-02-18,4.55,4.6,4.47,4.51,874819,4.5325,0.1,45.099999999999994
1993-02-19,4.51,4.6,4.51,4.6,1197372,4.555,0.1,45.99999999999999
1993-02-22,4.6,4.6,4.17,4.17,2347744,4.385,0.1,41.699999999999996
1993-02-23,4.21,4.3,4.21,4.3,2093930,4.255,0.1,42.99999999999999
1993-02-24,4.3,4.38,4.21,4.38,3053358,4.3175,0.1,43.8
1993-02-25,4.38,4.47,4.3,4.43,1320750,4.395,0.1,44.3
1993-02-26,4.47,4.47,4.38,4.38,1154480,4.425,0.1,43.8
1993-03-01,4.38,4.47,4.38,4.43,848969,4.415,0.1,44.3
1993-03-02,4.38,4.47,4.3,4.3,891857,4.3625,0.1,42.99999999999999
1993-03-03,4.38,4.43,4.3,4.38,994086,4.3725,0.1,43.8
1993-03-04,4.43,4.43,4.34,4.34,68148,4.385,0.1,43.4
1993-03-05,4.43,4.43,4.34,4.38,282596,4.395,0.1,43.8
1993-03-08,4.34,4.43,4.34,4.43,1251424,4.385,0.1,44.3
1993-03-09,4.43,4.51,4.34,4.51,724414,4.4475,0.1,45.099999999999994
1993-03-10,4.51,4.55,4.43,4.55,1010538,4.51,0.1,45.49999999999999
1993-03-11,4.51,4.72,4.47,4.7,1884185,4.6,0.1,47.0
1993-03-12,4.72,4.72,4.64,4.72,140414,4.7,0.1,47.199999999999996
1993-03-15,4.68,4.72,4.64,4.68,890682,4.68,0.1,46.8
1993-03-16,4.64,4.72,4.64,4.72,2198512,4.68,0.1,47.199999999999996
1993-03-17,4.72,4.77,4.64,4.68,1295487,4.7025,0.1,46.8
1993-03-18,4.77,4.77,4.68,4.72,970586,4.735,0.1,47.199999999999996
1993-03-19,4.77,4.85,4.68,4.85,893620,4.7875,0.1,48.49999999999999
1993-03-22,4.85,4.85,4.72,4.72,272606,4.785,0.1,47.199999999999996
1993-03-23,4.81,4.83,4.77,4.81,1414753,4.805,0.1,48.099999999999994
1993-03-24,4.81,4.81,4.77,4.77,631584,4.79,0.1,47.699999999999996
1993-03-25,4.81,4.81,4.77,4.81,2795436,4.8,0.1,48.099999999999994
1993-03-26,4.85,4.85,4.77,4.85,702086,4.83,0.1,48.49999999999999
1993-03-29,4.85,4.85,4.77,4.77,603973,4.81,0.1,47.699999999999996
1993-03-30,4.77,4.85,4.77,4.85,2043993,4.81,0.13,37.30769230769231
1993-03-31,4.81,5.06,4.81,5.06,1383027,4.935,0.13,38.92307692307692
1993-04-01,5.06,5.06,4.98,5.0,885982,5.025,0.13,38.46153846153846
1993-04-02,4.94,5.02,4.85,4.89,368372,4.925,0.13,37.61538461538461
1993-04-05,4.94,4.94,4.81,4.81,185654,4.875,0.13,36.99999999999999
1993-04-06,4.85,4.85,4.68,4.68,343697,4.765,0.13,36.0
1993-04-07,4.77,4.85,4.68,4.72,385999,4.755,0.13,36.30769230769231
1993-04-08,4.77,4.77,4.51,4.6,948260,4.6625,0.13,35.38461538461538
1993-04-12,4.55,4.64,4.55,4.62,378949,4.59,0.13,35.53846153846154
1993-04-13,4.55,4.64,4.47,4.51,1518158,4.5425,0.13,34.692307692307686
1993-04-14,4.6,4.6,4.51,4.51,98699,4.555,0.13,34.692307692307686
1993-04-15,4.51,4.64,4.51,4.64,184478,4.575,0.13,35.692307692307686
1993-04-16,4.64,4.64,4.6,4.64,884220,4.63,0.13,35.692307692307686
1993-04-19,4.64,4.66,4.6,4.6,199168,4.625,0.13,35.38461538461538
1993-04-20,4.64,4.72,4.64,4.66,151576,4.665,0.13,35.84615384615385
1993-04-21,4.64,4.77,4.64,4.68,378362,4.6825,0.13,36.0
1993-04-22,4.68,4.77,4.64,4.77,93999,4.715,0.13,36.692307692307686
1993-04-23,4.68,4.77,4.68,4.77,202105,4.725,0.13,36.692307692307686
1993-04-26,4.68,4.77,4.68,4.68,286707,4.7025,0.13,36.0
1993-04-27,4.77,4.85,4.72,4.83,150402,4.7925,0.13,37.15384615384615
1993-04-28,4.77,4.85,4.77,4.85,57571,4.81,0.13,37.30769230769231
1993-04-29,4.77,4.85,4.77,4.77,722064,4.79,0.13,36.692307692307686
1993-04-30,4.77,4.89,4.77,4.89,1324273,4.83,0.13,37.61538461538461
1993-05-03,4.89,4.94,4.77,4.89,824881,4.8725,0.13,37.61538461538461
1993-05-04,4.94,5.06,4.94,4.94,356622,4.97,0.13,38.0
1993-05-05,4.94,5.02,4.94,5.02,227955,4.98,0.13,38.61538461538461
1993-05-06,5.02,5.02,4.94,4.96,388939,4.985,0.13,38.15384615384615
1993-05-07,4.94,5.02,4.94,4.96,326659,4.965,0.13,38.15384615384615
1993-05-10,4.96,5.02,4.94,5.02,703848,4.985,0.13,38.61538461538461
1993-05-11,4.98,5.11,4.98,5.04,1360701,5.0275,0.13,38.76923076923077
1993-05-12,5.11,5.11,4.94,4.94,243231,5.025,0.13,38.0
1993-05-13,4.94,4.98,4.89,4.98,843094,4.9475,0.13,38.30769230769231
1993-05-14,4.89,4.94,4.85,4.94,99873,4.905,0.13,38.0
1993-05-17,4.85,4.94,4.81,4.89,101639,4.8725,0.13,37.61538461538461
1993-05-18,4.81,4.89,4.81,4.85,464140,4.84,0.13,37.30769230769231
1993-05-19,4.81,4.94,4.81,4.89,944145,4.8625,0.13,37.61538461538461
1993-05-20,4.98,4.98,4.89,4.94,354271,4.9475,0.13,38.0
1993-05-21,4.98,4.98,4.85,4.85,389524,4.915,0.13,37.30769230769231
1993-05-24,4.94,4.98,4.85,4.98,767301,4.9375,0.13,38.30769230769231
1993-05-25,4.98,5.02,4.81,4.89,174493,4.925,0.13,37.61538461538461
1993-05-26,4.81,4.89,4.81,4.81,491168,4.83,0.13,36.99999999999999
1993-05-27,4.89,4.89,4.81,4.85,166853,4.86,0.13,37.30769230769231
1993-05-28,4.81,4.89,4.81,4.89,84012,4.85,0.13,37.61538461538461
1993-06-01,4.81,4.89,4.81,4.89,215618,4.85,0.13,37.61538461538461
1993-06-02,4.81,4.89,4.81,4.89,2730806,4.85,0.13,37.61538461538461
1993-06-03,4.81,4.89,4.81,4.89,342521,4.85,0.13,37.61538461538461
1993-06-04,4.81,4.89,4.81,4.81,280833,4.83,0.13,36.99999999999999
1993-06-07,4.89,4.89,4.81,4.81,133364,4.85,0.13,36.99999999999999
1993-06-08,4.81,4.89,4.68,4.68,733814,4.765,0.13,36.0
1993-06-09,4.68,4.72,4.68,4.72,827230,4.7,0.13,36.30769230769231
1993-06-10,4.68,4.72,4.68,4.7,834871,4.695,0.13,36.15384615384615
1993-06-11,4.68,4.72,4.34,4.38,1822497,4.53,0.13,33.69230769230769
1993-06-14,4.43,4.6,4.43,4.55,2218487,4.5025,0.13,35.0
1993-06-15,4.6,4.6,4.51,4.6,269672,4.5775,0.13,35.38461538461538
1993-06-16,4.51,4.6,4.51,4.6,407151,4.555,0.13,35.38461538461538
1993-06-17,4.51,4.6,4.51,4.57,209154,4.5475,0.13,35.15384615384615
1993-06-18,4.6,4.68,4.51,4.6,1203832,4.5975,0.13,35.38461538461538
1993-06-21,4.68,4.77,4.55,4.72,357211,4.68,0.13,36.30769230769231
1993-06-22,4.68,4.77,4.68,4.74,200928,4.7175,0.13,36.46153846153846
1993-06-23,4.77,4.85,4.68,4.81,647445,4.7775,0.13,36.99999999999999
1993-06-24,4.77,4.85,4.77,4.85,201518,4.81,0.13,37.30769230769231
1993-06-25,4.85,5.02,4.85,5.0,555795,4.93,0.13,38.46153846153846
1993-06-28,4.98,5.11,4.98,5.02,1231449,5.0225,0.13,38.61538461538461
1993-06-29,5.11,5.11,4.89,4.98,317846,5.0225,0.13,38.30769230769231
1993-06-30,4.98,4.98,4.85,4.85,244405,4.915,0.1,48.49999999999999
1993-07-01,4.94,4.94,4.85,4.94,170377,4.9175,0.1,49.4
1993-07-02,4.85,4.94,4.51,4.72,1044026,4.755,0.1,47.199999999999996
1993-07-06,4.64,4.77,4.64,4.72,115151,4.6925,0.1,47.199999999999996
1993-07-07,4.64,4.72,4.64,4.72,200928,4.68,0.1,47.199999999999996
1993-07-08,4.72,4.81,4.64,4.77,331359,4.735,0.1,47.699999999999996
1993-07-09,4.74,4.77,4.64,4.68,281422,4.7075,0.1,46.8
1993-07-12,4.64,4.72,4.64,4.64,294346,4.66,0.1,46.39999999999999
1993-07-13,4.72,4.81,4.64,4.77,776117,4.735,0.1,47.699999999999996
1993-07-14,4.81,4.81,4.72,4.72,148052,4.765,0.1,47.199999999999996
1993-07-15,4.81,4.81,4.72,4.77,225019,4.7775,0.1,47.699999999999996
1993-07-16,4.72,4.79,4.64,4.64,349571,4.6975,0.1,46.39999999999999
1993-07-19,4.64,4.72,4.64,4.66,461200,4.665,0.1,46.6
1993-07-20,4.64,4.72,4.64,4.68,556972,4.67,0.1,46.8
1993-07-21,4.72,4.81,4.72,4.79,244994,4.76,0.1,47.9
1993-07-22,4.81,4.81,4.68,4.7,237944,4.75,0.1,47.0
1993-07-23,4.77,4.77,4.68,4.68,172727,4.725,0.1,46.8
1993-07-26,4.68,4.81,4.68,4.77,1500532,4.735,0.1,47.699999999999996
1993-07-27,4.72,4.81,4.72,4.81,230893,4.765,0.1,48.099999999999994
1993-07-28,4.81,4.98,4.81,4.94,775527,4.885,0.1,49.4
1993-07-29,4.89,5.11,4.89,5.11,625125,5.0,0.1,51.1
1993-07-30,5.02,5.11,5.02,5.06,1190320,5.0525,0.1,50.599999999999994
1993-08-02,5.11,5.11,4.94,4.94,669186,5.025,0.1,49.4
1993-08-03,5.02,5.02,4.89,4.94,253220,4.9675,0.1,49.4
1993-08-04,4.85,4.94,4.77,4.85,738514,4.8525,0.1,48.49999999999999
1993-08-05,4.89,4.98,4.85,4.98,769652,4.925,0.1,49.800000000000004
1993-08-06,4.89,4.98,4.89,4.94,464140,4.925,0.1,49.4
1993-08-09,4.94,5.15,4.94,5.11,490579,5.035,0.1,51.1
1993-08-10,5.06,5.15,5.06,5.06,1155069,5.0825,0.1,50.599999999999994
1993-08-11,5.15,5.15,5.06,5.15,647445,5.1275,0.1,51.5
1993-08-12,5.06,5.15,5.06,5.06,205044,5.0825,0.1,50.599999999999994
1993-08-13,5.06,5.23,5.06,5.23,1307238,5.145,0.1,52.300000000000004
1993-08-16,5.15,5.23,5.15,5.15,192705,5.17,0.1,51.5
1993-08-17,5.23,5.23,5.15,5.15,345460,5.19,0.1,51.5
1993-08-18,5.15,5.45,5.15,5.45,1187382,5.3,0.1,54.5
1993-08-19,5.45,5.74,5.45,5.74,1472920,5.595,0.1,57.4
1993-08-20,5.62,5.96,5.62,5.87,647445,5.7675,0.1,58.699999999999996
1993-08-23,5.83,5.87,5.7,5.7,700323,5.775,0.1,57.0
1993-08-24,5.7,5.79,5.62,5.72,2135647,5.7075,0.1,57.199999999999996
1993-08-25,5.7,5.79,5.7,5.79,608084,5.745,0.1,57.9
1993-08-26,5.7,5.83,5.7,5.83,290233,5.765,0.1,58.3
1993-08-27,5.7,5.83,5.7,5.74,116914,5.7425,0.1,57.4
1993-08-30,5.7,5.96,5.7,5.87,1387142,5.8075,0.1,58.699999999999996
1993-08-31,5.87,6.17,5.87,6.13,1958214,6.01,0.1,61.3
1993-09-01,6.13,6.13,6.04,6.04,269672,6.085,0.1,60.4
1993-09-02,6.04,6.13,6.04,6.04,404800,6.0625,0.1,60.4
1993-09-03,6.13,6.51,6.08,6.34,1555174,6.265,0.1,63.4
1993-09-07,6.21,6.3,6.13,6.13,635695,6.1925,0.1,61.3
1993-09-08,6.04,6.13,6.04,6.08,352511,6.0725,0.1,60.8
1993-09-09,6.08,6.08,6.04,6.08,250282,6.07,0.1,60.8
1993-09-10,6.04,6.34,6.04,6.26,1671499,6.17,0.1,62.599999999999994
1993-09-13,6.26,6.43,6.26,6.34,1173870,6.3225,0.1,63.4
1993-09-14,6.3,6.38,6.17,6.26,877756,6.2775,0.1,62.599999999999994
1993-09-15,6.26,6.38,6.26,6.38,546982,6.32,0.1,63.8
1993-09-16,6.38,6.38,6.26,6.3,581645,6.33,0.1,62.99999999999999
1993-09-17,6.3,6.34,6.21,6.3,160977,6.2875,0.1,62.99999999999999
1993-09-20,6.34,6.34,6.17,6.26,358387,6.2775,0.1,62.599999999999994
1993-09-21,6.26,6.26,6.13,6.26,843679,6.2275,0.1,62.599999999999994
1993-09-22,6.26,6.3,6.21,6.3,655085,6.2675,0.1,62.99999999999999
1993-09-23,6.3,6.3,6.21,6.3,363087,6.2775,0.1,62.99999999999999
1993-09-24,6.3,6.3,6.21,6.3,831931,6.2775,0.1,62.99999999999999
1993-09-27,6.3,6.3,6.19,6.21,715013,6.25,0.1,62.099999999999994
1993-09-28,6.26,6.26,6.13,6.13,357797,6.195,0.1,61.3
1993-09-29,6.21,6.21,6.13,6.21,67561,6.19,0.1,62.099999999999994
1993-09-30,6.26,6.26,6.13,6.26,306097,6.2275,0.09,69.55555555555556
1993-10-01,6.26,6.26,6.13,6.13,368961,6.195,0.09,68.11111111111111
1993-10-04,6.21,6.34,6.13,6.26,532881,6.235,0.09,69.55555555555556
1993-10-05,6.26,6.34,6.26,6.34,296108,6.3,0.09,70.44444444444444
1993-10-06,6.3,6.34,6.26,6.34,638044,6.31,0.09,70.44444444444444
1993-10-07,6.26,6.34,6.26,6.34,311973,6.3,0.09,70.44444444444444
1993-10-08,6.26,6.34,6.13,6.21,478827,6.235,0.09,69.0
1993-10-11,6.21,6.26,6.17,6.21,296697,6.2125,0.09,69.0
1993-10-12,6.43,6.89,6.43,6.81,2811886,6.64,0.09,75.66666666666667
1993-10-13,6.89,7.45,6.81,7.36,4566822,7.1275,0.09,81.77777777777779
1993-10-14,7.36,7.53,7.28,7.49,2642678,7.415,0.09,83.22222222222223
1993-10-15,7.49,7.53,7.49,7.53,1649764,7.51,0.09,83.66666666666667
1993-10-18,7.36,7.66,7.32,7.6,1503472,7.485,0.09,84.44444444444444
1993-10-19,7.57,7.83,7.57,7.74,834281,7.6775,0.09,86.0
1993-10-20,7.74,7.83,7.66,7.74,717364,7.7425,0.09,86.0
1993-10-21,7.66,7.74,7.62,7.62,542282,7.66,0.09,84.66666666666667
1993-10-22,7.62,7.87,7.53,7.62,1014064,7.66,0.09,84.66666666666667
1993-10-25,7.62,7.62,7.49,7.57,1447069,7.575,0.09,84.11111111111111
1993-10-26,7.57,7.57,7.32,7.4,2450559,7.465,0.09,82.22222222222223
1993-10-27,7.32,7.4,7.28,7.28,918883,7.32,0.09,80.8888888888889
1993-10-28,7.36,7.4,7.28,7.4,1906512,7.36,0.09,82.22222222222223
1993-10-29,7.36,7.4,7.28,7.32,375423,7.34,0.09,81.33333333333334
1993-11-01,7.32,7.4,7.32,7.4,904198,7.36,0.09,82.22222222222223
1993-11-02,7.4,7.57,7.36,7.57,638044,7.475,0.09,84.11111111111111
1993-11-03,7.57,7.79,7.53,7.79,387173,7.67,0.09,86.55555555555556
1993-11-04,7.66,7.74,7.57,7.57,515254,7.635,0.09,84.11111111111111
1993-11-05,7.53,7.66,7.49,7.57,417140,7.5625,0.09,84.11111111111111
1993-11-08,7.53,7.87,7.53,7.83,1370102,7.69,0.09,87.0
1993-11-09,7.91,7.96,7.83,7.87,190943,7.8925,0.09,87.44444444444444
1993-11-10,7.87,8.04,7.87,8.04,664486,7.955,0.09,89.33333333333333
1993-11-11,7.96,8.17,7.96,8.0,1350714,8.0225,0.09,88.88888888888889
1993-11-12,8.0,8.0,7.83,7.91,887157,7.935,0.09,87.8888888888889
1993-11-15,7.87,7.96,7.83,7.83,900082,7.8725,0.09,87.0
1993-11-16,7.74,7.87,7.74,7.83,81072,7.795,0.09,87.0
1993-11-17,7.74,7.83,7.66,7.74,408325,7.7425,0.09,86.0
1993-11-18,7.66,7.74,7.66,7.74,382473,7.7,0.09,86.0
1993-11-19,7.66,7.72,7.62,7.66,205044,7.665,0.09,85.11111111111111
1993-11-22,7.64,7.7,7.57,7.66,283182,7.6425,0.09,85.11111111111111
1993-11-23,7.62,7.66,7.53,7.62,283182,7.6075,0.09,84.66666666666667
1993-11-24,7.53,7.66,7.53,7.66,146291,7.595,0.09,85.11111111111111
1993-11-26,7.62,7.66,7.57,7.57,5283,7.605,0.09,84.11111111111111
1993-11-29,7.57,7.66,7.45,7.45,850729,7.5325,0.09,82.77777777777779
1993-11-30,7.45,7.53,7.45,7.45,561670,7.47,0.09,82.77777777777779
1993-12-01,7.45,7.53,7.45,7.45,537581,7.47,0.09,82.77777777777779
1993-12-02,7.45,7.53,7.4,7.4,335470,7.445,0.09,82.22222222222223
1993-12-03,7.4,7.57,7.4,7.51,1050489,7.47,0.09,83.44444444444444
1993-12-06,7.49,7.57,7.49,7.57,280833,7.53,0.09,84.11111111111111
1993-12-07,7.49,7.53,7.45,7.47,304923,7.485,0.09,83.0
1993-12-08,7.53,7.53,7.19,7.19,472367,7.36,0.09,79.8888888888889
1993-12-09,7.32,7.32,7.19,7.32,471190,7.2875,0.09,81.33333333333334
1993-12-10,7.23,7.32,7.23,7.32,249694,7.275,0.09,81.33333333333334
1993-12-13,7.19,7.28,7.19,7.28,166266,7.235,0.09,80.8888888888889
1993-12-14,7.28,7.32,7.19,7.28,1360115,7.2675,0.09,80.8888888888889
1993-12-15,7.28,7.28,7.19,7.21,427714,7.24,0.09,80.11111111111111
1993-12-16,7.28,7.53,7.19,7.53,657435,7.3825,0.09,83.66666666666667
1993-12-17,7.57,7.57,7.49,7.49,217380,7.53,0.09,83.22222222222223
1993-12-20,7.49,7.57,7.49,7.49,292583,7.51,0.09,83.22222222222223
1993-12-21,7.49,7.79,7.49,7.7,754966,7.6175,0.09,85.55555555555556
1993-12-22,7.79,7.87,7.7,7.7,410674,7.765,0.09,85.55555555555556
1993-12-23,7.7,7.91,7.7,7.91,323720,7.805,0.09,87.8888888888889
1993-12-27,7.91,8.21,7.87,8.11,483528,8.025,0.09,90.11111111111111
1993-12-28,8.17,8.17,8.08,8.13,173904,8.1375,0.09,90.33333333333334
1993-12-29,8.13,8.17,8.13,8.17,272606,8.15,0.09,90.77777777777779
1993-12-30,8.17,8.17,8.08,8.17,607498,8.1475,0.09,90.77777777777779
1993-12-31,8.08,8.17,8.0,8.08,319020,8.0825,0.09,89.77777777777779
1994-01-03,8.0,8.04,7.79,7.83,786691,7.915,0.09,87.0
1994-01-04,7.79,7.91,7.79,7.79,900671,7.82,0.09,86.55555555555556
1994-01-05,7.79,7.87,7.66,7.74,320784,7.765,0.09,86.0
1994-01-06,7.74,7.83,7.74,7.79,317258,7.775,0.09,86.55555555555556
1994-01-07,7.79,7.79,7.66,7.79,549920,7.7575,0.09,86.55555555555556
1994-01-10,7.7,7.83,7.7,7.74,263795,7.7425,0.09,86.0
1994-01-11,7.83,7.83,7.74,7.74,200928,7.785,0.09,86.0
1994-01-12,7.74,7.83,7.7,7.7,297872,7.7425,0.09,85.55555555555556
1994-01-13,7.66,7.74,7.66,7.74,135715,7.7,0.09,86.0
1994-01-14,7.66,7.74,7.49,7.49,437114,7.595,0.09,83.22222222222223
1994-01-17,7.57,7.57,7.49,7.51,244994,7.535,0.09,83.44444444444444
1994-01-18,7.51,7.53,7.49,7.49,425364,7.505,0.09,83.22222222222223
1994-01-19,7.53,7.57,7.49,7.49,1165056,7.52,0.09,83.22222222222223
1994-01-20,7.53,7.53,7.49,7.49,337236,7.51,0.09,83.22222222222223
1994-01-21,7.49,7.53,7.32,7.32,592808,7.415,0.09,81.33333333333334
1994-01-24,7.32,7.4,7.06,7.08,1606287,7.215,0.09,78.66666666666667
1994-01-25,7.19,7.36,7.15,7.28,2083945,7.245,0.09,80.8888888888889
1994-01-26,7.23,7.34,7.19,7.32,981747,7.27,0.09,81.33333333333334
1994-01-27,7.36,7.45,7.32,7.43,927110,7.39,0.09,82.55555555555556
1994-01-28,7.45,7.45,7.32,7.32,311973,7.385,0.09,81.33333333333334
1994-01-31,7.4,7.49,7.32,7.47,1056951,7.42,0.09,83.0
1994-02-01,7.4,7.49,7.32,7.4,227955,7.4025,0.09,82.22222222222223
1994-02-02,7.32,7.49,7.32,7.49,1599823,7.405,0.09,83.22222222222223
1994-02-03,7.49,7.7,7.36,7.7,609847,7.5625,0.09,85.55555555555556
1994-02-04,7.7,7.7,7.57,7.57,160392,7.635,0.09,84.11111111111111
1994-02-07,7.55,7.7,7.49,7.57,518780,7.5775,0.09,84.11111111111111
1994-02-08,7.66,7.7,7.57,7.7,190943,7.6575,0.09,85.55555555555556
1994-02-09,7.7,7.87,7.68,7.87,515843,7.78,0.11,71.54545454545455
1994-02-10,7.79,8.0,7.79,7.96,690336,7.885,0.11,72.36363636363636
1994-02-11,7.91,7.96,7.87,7.91,882457,7.9125,0.11,71.9090909090909
1994-02-14,7.91,8.0,7.87,8.0,518780,7.945,0.11,72.72727272727273
1994-02-15,7.87,8.08,7.87,8.04,394813,7.965,0.11,73.09090909090908
1994-02-16,8.08,8.17,8.04,8.15,506443,8.11,0.11,74.0909090909091
1994-02-17,8.17,8.17,8.0,8.0,495279,8.085,0.11,72.72727272727273
1994-02-18,8.04,8.08,8.0,8.08,311384,8.05,0.11,73.45454545454545
1994-02-22,8.08,8.13,7.96,8.11,636870,8.07,0.11,73.72727272727272
1994-02-23,8.08,8.3,8.08,8.28,855429,8.185,0.11,75.27272727272727
1994-02-24,8.25,8.3,8.17,8.3,512318,8.255,0.11,75.45454545454547
1994-02-25,8.21,8.3,8.21,8.25,82249,8.2425,0.11,75.0
1994-02-28,8.23,8.3,8.21,8.21,1273747,8.2375,0.11,74.63636363636364
1994-03-01,8.3,8.38,8.21,8.34,754966,8.3075,0.11,75.81818181818181
1994-03-02,8.25,8.43,8.21,8.43,1686777,8.33,0.11,76.63636363636364
1994-03-03,8.3,8.62,8.3,8.6,1736718,8.455,0.11,78.18181818181817
1994-03-04,8.51,8.64,8.51,8.6,1213233,8.565,0.11,78.18181818181817
1994-03-07,8.6,8.64,8.55,8.64,1177396,8.6075,0.11,78.54545454545455
1994-03-08,8.6,8.64,8.3,8.43,821355,8.4925,0.11,76.63636363636364
1994-03-09,8.38,8.43,8.38,8.4,113389,8.3975,0.11,76.36363636363636
1994-03-10,8.43,8.43,8.25,8.32,922410,8.3575,0.11,75.63636363636364
1994-03-11,8.25,8.38,8.25,8.32,527004,8.3,0.11,75.63636363636364
1994-03-14,8.34,8.47,8.25,8.38,761427,8.36,0.11,76.18181818181819
1994-03-15,8.38,8.55,8.38,8.49,370138,8.45,0.11,77.18181818181819
1994-03-16,8.55,8.55,8.34,8.47,2318953,8.4775,0.11,77.0
1994-03-17,8.43,8.51,8.43,8.49,467077,8.465,0.11,77.18181818181819
1994-03-18,8.51,8.51,8.47,8.51,430064,8.5,0.11,77.36363636363636
1994-03-21,8.47,8.51,8.17,8.25,555206,8.35,0.11,75.0
1994-03-22,8.25,8.3,8.17,8.25,366023,8.2425,0.11,75.0
1994-03-23,8.25,8.3,8.23,8.3,232655,8.27,0.11,75.45454545454547
1994-03-24,8.3,8.3,8.21,8.3,270257,8.2775,0.11,75.45454545454547
1994-03-25,8.21,8.3,8.21,8.3,790217,8.255,0.11,75.45454545454547
1994-03-28,8.21,8.3,8.08,8.13,571656,8.18,0.11,73.90909090909092
1994-03-29,8.17,8.17,8.08,8.11,1054014,8.1325,0.11,73.72727272727272
1994-03-30,8.08,8.13,8.0,8.0,478241,8.0525,0.11,72.72727272727273
1994-03-31,8.0,8.02,7.66,7.83,805492,7.8775,0.11,71.18181818181819
1994-04-04,7.66,7.79,7.66,7.74,719124,7.7125,0.11,70.36363636363636
1994-04-05,7.83,8.04,7.74,8.0,683873,7.9025,0.11,72.72727272727273
1994-04-06,8.08,8.13,8.04,8.04,337236,8.0725,0.11,73.09090909090908
1994-04-07,8.08,8.34,8.04,8.34,349571,8.2,0.11,75.81818181818181
1994-04-08,8.34,8.34,8.17,8.21,191528,8.265,0.11,74.63636363636364
1994-04-11,8.17,8.3,8.17,8.21,61097,8.2125,0.11,74.63636363636364
1994-04-12,8.3,8.3,8.17,8.17,439465,8.235,0.11,74.27272727272727
1994-04-13,8.17,8.19,8.04,8.13,474716,8.1325,0.11,73.90909090909092
1994-04-14,8.04,8.17,8.04,8.08,224430,8.0825,0.11,73.45454545454545
1994-04-15,8.17,8.21,7.87,7.96,884808,8.0525,0.11,72.36363636363636
1994-04-18,7.87,7.91,7.66,7.79,749089,7.8075,0.11,70.81818181818181
1994-04-19,7.7,8.04,7.7,7.91,628644,7.8375,0.11,71.9090909090909
1994-04-20,8.04,8.08,7.96,7.96,347221,8.01,0.11,72.36363636363636
1994-04-21,7.96,8.08,7.96,8.04,1259058,8.01,0.11,73.09090909090908
1994-04-22,7.96,8.04,7.87,7.87,728525,7.935,0.11,71.54545454545455
1994-04-25,7.87,7.87,7.66,7.74,1482320,7.785,0.11,70.36363636363636
1994-04-26,7.74,7.83,7.62,7.66,604558,7.7125,0.11,69.63636363636364
1994-04-28,7.57,7.66,7.4,7.49,832520,7.53,0.11,68.0909090909091
1994-04-29,7.4,7.49,7.23,7.32,921233,7.36,0.11,66.54545454545455
1994-05-02,7.4,7.66,7.36,7.57,1598649,7.4975,0.11,68.81818181818183
1994-05-03,7.7,8.08,7.66,8.0,2369479,7.86,0.11,72.72727272727273
1994-05-04,8.13,8.25,8.08,8.23,683873,8.1725,0.11,74.81818181818183
1994-05-05,8.25,8.25,8.08,8.1,1076342,8.17,0.11,73.63636363636363
1994-05-06,8.04,8.08,7.79,7.83,582822,7.935,0.11,71.18181818181819
1994-05-09,7.79,7.83,7.7,7.83,495279,7.7875,0.11,71.18181818181819
1994-05-10,7.83,8.0,7.83,7.87,209743,7.8825,0.11,71.54545454545455
1994-05-11,7.96,8.08,7.96,8.0,495279,8.0,-0.088,-90.90909090909092
1994-05-12,8.0,8.04,7.96,7.96,314909,7.99,-0.088,-90.45454545454545
1994-05-13,8.0,8.0,7.91,8.0,154515,7.9775,-0.088,-90.90909090909092
1994-05-16,7.91,8.0,7.91,7.96,48760,7.945,-0.088,-90.45454545454545
1994-05-17,8.0,8.13,7.91,8.11,202694,8.0375,-0.088,-92.1590909090909
1994-05-18,8.13,8.17,8.08,8.17,386588,8.1375,-0.088,-92.8409090909091
1994-05-19,8.08,8.17,8.0,8.08,350160,8.0825,-0.088,-91.81818181818183
1994-05-20,8.0,8.08,8.0,8.04,112800,8.03,-0.088,-91.36363636363636
1994-05-23,8.08,8.08,7.87,7.95,524070,7.995,-0.088,-90.3409090909091
1994-05-24,7.87,8.0,7.87,8.0,528770,7.935,-0.088,-90.90909090909092
1994-05-25,7.91,8.04,7.91,8.0,309034,7.965,-0.088,-90.90909090909092
1994-05-26,8.04,8.04,7.91,7.96,368961,7.9875,-0.088,-90.45454545454545
1994-05-27,7.87,7.96,7.87,7.96,300223,7.915,-0.088,-90.45454545454545
1994-05-31,7.96,8.21,7.91,8.14,1015824,8.055,-0.088,-92.50000000000001
1994-06-01,8.13,8.25,8.13,8.25,410089,8.19,-0.088,-93.75
1994-06-02,8.25,8.72,8.19,8.55,2553373,8.4275,-0.088,-97.15909090909092
1994-06-03,8.51,8.77,8.51,8.66,1481731,8.6125,-0.088,-98.40909090909092
1994-06-06,8.64,8.81,8.64,8.68,552271,8.6925,-0.088,-98.63636363636364
1994-06-07,8.6,8.64,8.43,8.47,711487,8.535,-0.088,-96.25000000000001
1994-06-08,8.43,8.55,8.3,8.3,392462,8.395,-0.088,-94.31818181818183
1994-06-09,8.3,8.34,8.08,8.17,881281,8.2225,-0.088,-92.8409090909091
1994-06-10,8.17,8.25,8.13,8.25,804318,8.2,-0.088,-93.75
1994-06-13,8.25,8.47,8.23,8.4,989386,8.3375,-0.088,-95.45454545454547
1994-06-14,8.38,8.64,8.38,8.57,833105,8.4925,-0.088,-97.38636363636364
1994-06-15,8.6,8.6,8.3,8.3,629233,8.45,-0.088,-94.31818181818183
1994-06-16,8.3,8.38,8.3,8.38,1426505,8.34,-0.088,-95.22727272727275
1994-06-17,8.34,8.38,8.25,8.3,867770,8.3175,-0.088,-94.31818181818183
1994-06-20,8.34,8.35,8.25,8.34,445926,8.32,-0.088,-94.77272727272728
1994-06-21,8.25,8.34,8.25,8.34,706787,8.295,-0.088,-94.77272727272728
1994-06-22,8.34,8.34,8.25,8.34,630995,8.3175,-0.088,-94.77272727272728
1994-06-23,8.34,8.34,8.17,8.17,826055,8.255,-0.088,-92.8409090909091
1994-06-24,8.13,8.21,8.13,8.13,225604,8.15,-0.088,-92.38636363636365
1994-06-27,8.13,8.21,8.13,8.17,80487,8.16,-0.088,-92.8409090909091
1994-06-28,8.21,8.34,8.17,8.25,447689,8.2425,-0.088,-93.75
1994-06-29,8.34,8.43,8.34,8.38,1230860,8.3725,-0.088,-95.22727272727275
1994-06-30,8.43,8.43,8.25,8.34,835455,8.3625,-0.088,-94.77272727272728
1994-07-01,8.35,8.46,8.14,8.14,542871,8.2725,-0.088,-92.50000000000001
1994-07-05,8.19,8.24,8.16,8.19,354860,8.195,-0.088,-93.06818181818181
1994-07-06,8.19,8.35,8.14,8.35,747797,8.2575,-0.088,-94.88636363636364
1994-07-07,8.3,8.4,8.3,8.38,278716,8.345,-0.088,-95.22727272727275
1994-07-08,8.24,8.62,8.24,8.56,1839653,8.415,-0.088,-97.27272727272728
1994-07-11,8.67,9.1,8.62,8.72,3183906,8.7775,-0.088,-99.09090909090911
1994-07-12,8.72,8.78,8.46,8.78,879871,8.685,-0.088,-99.77272727272727
1994-07-13,8.78,8.78,8.56,8.56,680584,8.67,-0.088,-97.27272727272728
1994-07-14,8.51,8.51,8.24,8.4,1453766,8.415,-0.088,-95.45454545454547
1994-07-15,8.35,8.38,8.24,8.35,863890,8.33,-0.088,-94.88636363636364
1994-07-18,8.24,8.35,8.24,8.35,623714,8.295,-0.088,-94.88636363636364
1994-07-19,8.3,8.35,8.08,8.14,607733,8.2175,-0.088,-92.50000000000001
1994-07-20,8.14,8.24,8.08,8.19,585172,8.1625,-0.088,-93.06818181818181
1994-07-21,8.08,8.14,7.87,7.87,543811,7.99,-0.088,-89.43181818181819
1994-07-22,7.87,7.9,7.77,7.79,295168,7.8325,-0.088,-88.52272727272728
1994-07-25,7.77,7.98,7.77,7.98,422544,7.875,-0.088,-90.68181818181819
1994-07-26,7.98,8.14,7.77,8.03,1608872,7.98,-0.088,-91.25
1994-07-27,8.14,8.24,7.98,8.14,3150064,8.125,-0.088,-92.50000000000001
1994-07-28,8.24,8.24,8.14,8.16,526890,8.195,-0.088,-92.72727272727273
1994-07-29,8.16,8.24,8.14,8.2,1950575,8.185,-0.088,-93.18181818181817
1994-08-01,8.14,8.24,8.14,8.14,760017,8.165,-0.088,-92.50000000000001
1994-08-02,8.24,8.24,8.08,8.16,823470,8.18,-0.088,-92.72727272727273
1994-08-03,8.19,8.19,8.14,8.16,1474445,8.17,-0.088,-92.72727272727273
1994-08-04,8.19,8.19,8.08,8.19,106691,8.1625,-0.088,-93.06818181818181
1994-08-05,8.08,8.14,8.03,8.08,159332,8.0825,-0.088,-91.81818181818183
1994-08-08,8.14,8.14,8.03,8.14,342170,8.1125,-0.088,-92.50000000000001
1994-08-09,8.08,8.14,8.08,8.11,321958,8.1025,-0.088,-92.1590909090909
1994-08-10,8.1,8.24,8.08,8.19,1169876,8.1525,-0.088,-93.06818181818181
1994-08-11,8.24,8.24,8.14,8.19,417374,8.2025,-0.088,-93.06818181818181
1994-08-12,8.24,8.24,8.14,8.24,444635,8.215,-0.088,-93.63636363636364
1994-08-15,8.14,8.24,8.14,8.24,185654,8.19,-0.088,-93.63636363636364
1994-08-16,8.14,8.24,8.14,8.24,136302,8.19,-0.088,-93.63636363636364
1994-08-17,8.08,8.24,8.03,8.22,564961,8.1425,-0.088,-93.40909090909092
1994-08-18,8.24,8.24,8.14,8.22,570602,8.21,-0.088,-93.40909090909092
1994-08-19,8.19,8.24,8.08,8.19,261796,8.175,-0.088,-93.06818181818181
1994-08-22,8.08,8.19,7.98,8.0,842268,8.0625,-0.088,-90.90909090909092
1994-08-23,8.08,8.24,8.03,8.14,349220,8.1225,-0.088,-92.50000000000001
1994-08-24,8.24,8.24,8.14,8.19,334650,8.2025,-0.088,-93.06818181818181
1994-08-25,8.14,8.3,8.14,8.14,431945,8.18,-0.088,-92.50000000000001
1994-08-26,8.24,8.35,8.19,8.24,456386,8.255,-0.088,-93.63636363636364
1994-08-29,8.35,8.35,8.24,8.32,296577,8.315,-0.088,-94.54545454545456
1994-08-30,8.35,8.35,8.24,8.31,316318,8.3125,-0.088,-94.43181818181819
1994-08-31,8.24,8.35,8.24,8.24,167793,8.2675,-0.088,-93.63636363636364
1994-09-01,8.24,8.35,8.24,8.3,126901,8.2825,-0.088,-94.31818181818183
1994-09-02,8.35,8.35,8.24,8.24,58748,8.295,0.16,51.5
1994-09-06,8.24,8.24,8.14,8.19,173904,8.2025,0.16,51.18749999999999
1994-09-07,8.19,8.27,8.19,8.27,120791,8.23,0.16,51.68749999999999
1994-09-08,8.27,8.48,8.27,8.48,98699,8.375,0.16,53.0
1994-09-09,8.48,8.48,8.4,8.48,110920,8.46,0.16,53.0
1994-09-12,8.43,8.48,8.43,8.48,40887,8.455,0.16,53.0
1994-09-13,8.51,8.62,8.51,8.62,147111,8.565,0.16,53.87499999999999
1994-09-14,8.62,8.62,8.48,8.54,213854,8.565,0.16,53.37499999999999
1994-09-15,8.54,8.54,8.35,8.35,224194,8.445,0.16,52.1875
1994-09-16,8.38,8.38,8.3,8.32,392462,8.345,0.16,52.0
1994-09-19,8.32,8.35,8.24,8.3,1145435,8.3025,0.16,51.875
1994-09-20,8.35,8.51,8.32,8.51,10400111,8.4225,0.16,53.1875
1994-09-21,8.62,8.64,8.48,8.64,1635663,8.595,0.16,54.0
1994-09-22,8.62,8.8,8.56,8.56,901022,8.635,0.16,53.5
1994-09-23,8.51,8.72,8.51,8.72,774118,8.615,0.16,54.5
1994-09-26,8.64,8.64,8.56,8.64,308798,8.62,0.16,54.0
1994-09-27,8.64,8.96,8.59,8.96,665543,8.7875,0.16,56.00000000000001
1994-09-28,8.94,8.96,8.88,8.91,504798,8.9225,0.16,55.6875
1994-09-29,8.86,8.94,8.75,8.8,603973,8.8375,0.16,55.0
1994-09-30,8.75,8.91,8.75,8.91,241115,8.83,0.16,55.6875
1994-10-03,8.91,8.91,8.75,8.83,308798,8.85,0.16,55.1875
1994-10-04,8.83,8.86,8.7,8.75,500568,8.785,0.16,54.6875
1994-10-05,8.78,9.04,8.56,8.99,827230,8.8425,0.16,56.1875
1994-10-06,8.99,9.18,8.99,9.18,588463,9.085,0.16,57.375
1994-10-07,9.15,9.25,9.12,9.15,602563,9.1675,0.16,57.1875
1994-10-10,9.15,9.2,9.12,9.18,149932,9.1625,0.16,57.375
1994-10-11,9.25,9.41,9.25,9.41,574362,9.33,0.16,58.8125
1994-10-12,9.36,9.57,9.25,9.28,591283,9.365,0.16,57.99999999999999
1994-10-13,9.25,9.33,9.12,9.12,371312,9.205,0.16,56.99999999999999
1994-10-14,9.15,9.49,9.12,9.41,1213588,9.2925,0.16,58.8125
1994-10-17,9.36,9.52,9.31,9.52,350631,9.4275,0.16,59.49999999999999
1994-10-18,9.57,9.73,9.57,9.65,375541,9.63,0.16,60.3125
1994-10-19,9.65,9.68,9.55,9.68,297048,9.64,0.16,60.5
1994-10-20,9.65,9.73,9.65,9.71,329479,9.685,0.16,60.68750000000001
1994-10-21,9.71,9.71,9.57,9.57,335119,9.64,0.16,59.8125
1994-10-24,9.52,9.52,9.25,9.31,596923,9.4,0.16,58.1875
1994-10-25,9.28,9.44,9.28,9.41,354391,9.3525,0.16,58.8125
1994-10-26,9.41,9.71,9.41,9.65,3204586,9.545,0.16,60.3125
1994-10-27,9.65,9.71,9.55,9.71,696094,9.655,0.16,60.68750000000001
1994-10-28,9.71,9.81,9.71,9.76,448395,9.7475,0.16,61.0
1994-10-31,9.81,9.97,9.81,9.95,519369,9.885,0.16,62.18749999999999
1994-11-01,9.95,9.95,9.73,9.84,472367,9.8675,0.16,61.5
1994-11-02,9.84,9.84,9.68,9.71,408914,9.7675,0.16,60.68750000000001
1994-11-03,9.71,9.79,9.71,9.76,201165,9.7425,0.16,61.0
1994-11-04,9.79,9.89,9.79,9.79,565901,9.815,0.16,61.18749999999999
1994-11-07,9.79,9.95,9.79,9.92,491168,9.8625,0.16,62.0
1994-11-08,9.87,9.87,9.73,9.73,290937,9.8,0.11,88.45454545454545
1994-11-09,9.76,9.76,9.6,9.63,125492,9.6875,0.11,87.54545454545455
1994-11-10,9.68,9.71,9.63,9.63,383533,9.6625,0.11,87.54545454545455
1994-11-11,9.63,9.68,9.6,9.65,204925,9.64,0.11,87.72727272727273
1994-11-14,9.6,9.68,9.6,9.6,458266,9.62,0.11,87.27272727272727
1994-11-15,9.63,9.65,9.63,9.65,297048,9.64,0.11,87.72727272727273
1994-11-16,9.6,9.65,9.52,9.65,396223,9.605,0.11,87.72727272727273
1994-11-17,9.65,9.92,9.65,9.92,373661,9.785,0.11,90.18181818181819
1994-11-18,10.05,10.27,9.97,10.27,1191497,10.14,0.11,93.36363636363636
1994-11-21,10.19,10.19,9.84,9.84,569662,10.015,0.11,89.45454545454545
1994-11-22,9.79,9.79,9.2,9.23,1009598,9.5025,0.11,83.9090909090909
1994-11-23,9.23,9.41,9.1,9.41,888331,9.2875,0.11,85.54545454545455
1994-11-25,9.36,9.41,9.36,9.36,18326,9.3725,0.11,85.09090909090908
1994-11-28,9.36,9.36,9.33,9.33,374132,9.345,0.11,84.81818181818181
1994-11-29,9.36,9.47,9.33,9.47,357211,9.4075,0.11,86.0909090909091
1994-11-30,9.49,9.73,9.49,9.68,108100,9.5975,0.11,88.0
1994-12-01,9.68,9.71,9.49,9.49,240175,9.5925,0.11,86.27272727272728
1994-12-02,9.49,9.55,9.49,9.49,250985,9.505,0.11,86.27272727272728
1994-12-05,9.55,9.68,9.49,9.57,464846,9.5725,0.11,87.0
1994-12-06,9.63,9.71,9.63,9.71,476127,9.67,0.11,88.27272727272728
1994-12-07,9.68,9.79,9.65,9.79,803260,9.7275,0.11,88.99999999999999
1994-12-08,9.79,9.95,9.49,9.55,752497,9.695,0.11,86.81818181818183
1994-12-09,9.49,9.49,9.12,9.18,945205,9.32,0.11,83.45454545454545
1994-12-12,9.12,9.12,8.91,8.99,597392,9.035,0.11,81.72727272727273
1994-12-13,9.04,9.04,8.99,9.04,262737,9.0275,0.11,82.18181818181817
1994-12-14,9.04,9.36,9.02,9.28,704554,9.175,0.11,84.36363636363636
1994-12-15,9.28,9.36,9.23,9.25,213383,9.28,0.11,84.0909090909091
1994-12-16,9.12,9.15,8.96,9.07,324779,9.075,0.11,82.45454545454545
1994-12-19,9.07,9.1,9.04,9.1,299868,9.0775,0.11,82.72727272727272
1994-12-20,9.07,9.41,9.07,9.33,333239,9.22,0.11,84.81818181818181
1994-12-21,9.31,9.36,9.23,9.31,373192,9.3025,0.11,84.63636363636364
1994-12-22,9.28,9.36,9.28,9.33,252396,9.3125,0.11,84.81818181818181
1994-12-23,9.31,9.47,9.28,9.33,134892,9.3475,0.11,84.81818181818181
1994-12-27,9.33,9.44,9.31,9.39,63917,9.3675,0.11,85.36363636363637
1994-12-28,9.39,9.84,9.39,9.76,501978,9.595,0.11,88.72727272727272
1994-12-29,9.76,9.79,9.6,9.79,272137,9.735,0.11,88.99999999999999
1994-12-30,9.79,9.87,9.73,9.87,175784,9.815,0.11,89.72727272727272
1995-01-03,9.92,9.92,9.57,9.6,330419,9.7525,0.11,87.27272727272727
1995-01-04,9.65,9.73,9.52,9.65,224194,9.6375,0.11,87.72727272727273
1995-01-05,9.68,9.87,9.65,9.76,176253,9.74,0.11,88.72727272727272
1995-01-06,9.76,9.79,9.47,9.47,196465,9.6225,0.11,86.0909090909091
1995-01-09,9.47,9.55,9.47,9.55,35247,9.51,0.11,86.81818181818183
1995-01-10,9.6,9.63,9.49,9.49,288117,9.5525,0.11,86.27272727272728
1995-01-11,9.49,9.49,9.31,9.41,242525,9.425,0.11,85.54545454545455
1995-01-12,9.41,9.57,9.41,9.57,391993,9.49,0.11,87.0
1995-01-13,9.63,9.63,9.47,9.55,166383,9.57,0.11,86.81818181818183
1995-01-16,9.52,9.57,9.49,9.57,164032,9.5375,0.11,87.0
1995-01-17,9.57,9.63,9.49,9.63,321018,9.58,0.11,87.54545454545455
1995-01-18,9.6,9.81,9.6,9.71,248165,9.68,0.11,88.27272727272728
1995-01-19,9.65,9.68,9.49,9.49,320549,9.5775,0.11,86.27272727272728
1995-01-20,9.55,9.55,9.44,9.47,130192,9.5025,0.11,86.0909090909091
1995-01-23,9.47,9.65,9.44,9.63,216203,9.5475,0.11,87.54545454545455
1995-01-24,9.63,9.84,9.63,9.81,1050020,9.7275,0.11,89.18181818181819
1995-01-25,9.79,9.92,9.79,9.89,445105,9.8475,0.11,89.90909090909092
1995-01-26,9.84,9.84,9.76,9.79,562141,9.8075,0.11,88.99999999999999
1995-01-27,9.84,9.87,9.79,9.79,125961,9.8225,0.11,88.99999999999999
1995-01-30,9.84,9.87,9.79,9.84,168733,9.835,0.11,89.45454545454545
1995-01-31,9.84,9.89,9.81,9.81,348751,9.8375,0.11,89.18181818181819
1995-02-01,9.87,9.97,9.84,9.89,328539,9.8925,0.11,89.90909090909092
1995-02-02,9.95,10.13,9.95,10.05,500098,10.02,0.11,91.36363636363637
1995-02-03,10.05,10.35,10.05,10.24,1015707,10.1725,0.11,93.0909090909091
1995-02-06,10.29,10.4,10.24,10.37,136772,10.325,0.11,94.27272727272727
1995-02-07,10.37,10.61,10.29,10.58,314909,10.4625,0.11,96.18181818181819
1995-02-08,10.56,10.58,10.32,10.32,350631,10.445,0.15,68.80000000000001
1995-02-09,10.35,10.4,10.32,10.4,397633,10.3675,0.15,69.33333333333334
1995-02-10,10.4,10.4,10.32,10.35,110920,10.3675,0.15,69.0
1995-02-13,10.37,10.37,10.29,10.32,81309,10.3375,0.15,68.80000000000001
1995-02-14,10.37,10.53,10.37,10.53,286236,10.45,0.15,70.2
1995-02-15,10.53,10.64,10.48,10.53,713015,10.545,0.15,70.2
1995-02-16,10.53,10.82,10.5,10.82,848379,10.6675,0.15,72.13333333333334
1995-02-17,10.82,10.82,10.58,10.64,337470,10.715,0.15,70.93333333333334
1995-02-21,10.64,10.64,10.58,10.64,152752,10.625,0.15,70.93333333333334
1995-02-22,10.64,10.69,10.64,10.66,168733,10.6575,0.15,71.06666666666668
1995-02-23,10.66,10.72,10.53,10.61,966826,10.63,0.15,70.73333333333333
1995-02-24,10.61,10.61,10.5,10.5,485528,10.555,0.15,70.0
1995-02-27,10.5,10.5,10.32,10.37,228424,10.4225,0.15,69.13333333333333
1995-02-28,10.37,10.53,10.32,10.53,360031,10.4375,0.15,70.2
1995-03-01,10.53,10.69,10.53,10.64,395753,10.5975,0.15,70.93333333333334
1995-03-02,10.64,10.74,10.64,10.72,358620,10.685,0.15,71.46666666666667
1995-03-03,10.72,10.72,10.64,10.64,54517,10.68,0.15,70.93333333333334
1995-03-06,10.58,10.58,10.43,10.53,251456,10.53,0.15,70.2
1995-03-07,10.48,10.53,10.48,10.5,120321,10.4975,0.15,70.0
1995-03-08,10.56,10.56,10.5,10.5,339819,10.53,0.15,70.0
1995-03-09,10.5,10.5,10.37,10.4,84129,10.4425,0.15,69.33333333333334
1995-03-10,10.4,10.48,10.4,10.48,188474,10.44,0.15,69.86666666666667
1995-03-13,10.43,10.5,10.43,10.5,101050,10.465,0.15,70.0
1995-03-14,10.53,10.72,10.53,10.69,266497,10.6175,0.15,71.26666666666667
1995-03-15,10.64,10.64,10.56,10.64,435234,10.62,0.15,70.93333333333334
1995-03-16,10.64,10.64,10.56,10.58,380712,10.605,0.15,70.53333333333333
1995-03-17,10.58,10.72,10.58,10.69,288587,10.6425,0.15,71.26666666666667
1995-03-20,10.72,10.82,10.61,10.61,318198,10.69,0.15,70.73333333333333
1995-03-21,10.69,10.69,10.56,10.56,891151,10.625,0.15,70.4
1995-03-22,10.58,10.58,10.43,10.43,277777,10.505,0.15,69.53333333333333
1995-03-23,10.45,10.45,10.21,10.21,392462,10.33,0.15,68.06666666666668
1995-03-24,10.21,10.24,9.97,10.21,812190,10.1575,0.15,68.06666666666668
1995-03-27,10.16,10.19,10.13,10.16,537230,10.16,0.15,67.73333333333333
1995-03-28,10.16,10.16,10.11,10.13,277307,10.14,0.15,67.53333333333335
1995-03-29,10.13,10.13,10.03,10.05,72378,10.085,0.15,67.00000000000001
1995-03-30,10.05,10.21,9.92,10.21,552271,10.0975,0.15,68.06666666666668
1995-03-31,10.16,10.21,10.08,10.13,694684,10.145,0.15,67.53333333333335
1995-04-03,10.08,10.19,10.0,10.03,1040620,10.075,0.15,66.86666666666666
1995-04-04,10.0,10.0,9.55,9.6,1867855,9.7875,0.15,64.0
1995-04-05,9.6,9.95,9.6,9.87,1213118,9.755,0.15,65.8
1995-04-06,9.95,10.0,9.79,9.79,433825,9.8825,0.15,65.26666666666667
1995-04-07,9.81,9.92,9.81,9.92,238764,9.865,0.15,66.13333333333334
1995-04-10,9.89,10.05,9.89,10.03,120791,9.965,0.15,66.86666666666666
1995-04-11,10.05,10.16,10.0,10.11,1239909,10.08,0.15,67.4
1995-04-12,10.11,10.13,10.05,10.11,1015238,10.1,0.15,67.4
1995-04-13,10.11,10.11,10.0,10.0,216674,10.055,0.15,66.66666666666667
1995-04-17,9.97,10.03,9.97,9.97,701263,9.985,0.15,66.46666666666667
1995-04-18,9.95,9.95,9.63,9.73,534410,9.815,0.15,64.86666666666667
1995-04-19,9.76,9.79,9.55,9.6,148992,9.675,0.15,64.0
1995-04-20,9.6,9.79,9.52,9.68,312558,9.6475,0.15,64.53333333333333
1995-04-21,9.73,10.08,9.63,10.08,534880,9.88,0.15,67.2
1995-04-24,10.0,10.03,9.92,10.0,717715,9.9875,0.15,66.66666666666667
1995-04-25,9.97,10.05,9.97,10.0,444165,9.9975,0.15,66.66666666666667
1995-04-26,10.03,10.03,9.89,9.97,206805,9.98,0.15,66.46666666666667
1995-04-27,9.97,9.97,9.87,9.87,224194,9.92,0.15,65.8
1995-04-28,9.84,9.84,9.76,9.81,465786,9.8125,0.15,65.4
1995-05-01,9.81,9.95,9.76,9.95,432885,9.8675,0.15,66.33333333333333
1995-05-02,9.92,9.97,9.92,9.95,700323,9.94,0.15,66.33333333333333
1995-05-03,9.92,9.95,9.87,9.89,475187,9.9075,0.15,65.93333333333334
1995-05-04,9.89,9.92,9.84,9.87,205865,9.88,0.15,65.8
1995-05-05,9.87,9.89,9.76,9.79,459206,9.8275,0.15,65.26666666666667
1995-05-08,9.76,9.76,9.65,9.65,313029,9.705,0.15,64.33333333333334
1995-05-09,9.65,9.65,9.47,9.47,857309,9.56,0.15,63.13333333333334
1995-05-10,9.52,9.63,9.52,9.55,1272336,9.555,0.15,63.66666666666667
1995-05-11,9.57,9.57,9.39,9.55,1066001,9.52,0.18,53.055555555555564
1995-05-12,9.52,9.57,9.2,9.2,364732,9.3725,0.18,51.11111111111111
1995-05-15,9.25,9.36,9.04,9.12,1809102,9.1925,0.18,50.666666666666664
1995-05-16,9.18,9.23,8.96,9.2,3149593,9.1425,0.18,51.11111111111111
1995-05-17,9.2,9.23,9.04,9.23,1640363,9.175,0.18,51.27777777777778
1995-05-18,9.18,9.49,9.18,9.36,1710396,9.3025,0.18,52.0
1995-05-19,9.31,9.31,9.15,9.23,556972,9.25,0.18,51.27777777777778
1995-05-22,9.23,9.23,8.83,8.99,847439,9.07,0.18,49.94444444444445
1995-05-23,9.04,9.52,9.04,9.49,1816152,9.2725,0.18,52.72222222222223
1995-05-24,9.47,9.57,9.41,9.57,213383,9.505,0.18,53.16666666666667
1995-05-25,9.68,9.73,9.63,9.71,250516,9.6875,0.18,53.94444444444445
1995-05-26,9.65,9.81,9.65,9.76,554621,9.7175,0.18,54.22222222222222
1995-05-30,9.79,9.79,9.73,9.79,316789,9.775,0.18,54.388888888888886
1995-05-31,9.79,9.79,9.6,9.71,380242,9.7225,0.18,53.94444444444445
1995-06-01,9.71,9.73,9.57,9.57,431945,9.645,0.18,53.16666666666667
1995-06-02,9.57,9.65,9.57,9.57,101990,9.59,0.18,53.16666666666667
1995-06-05,9.63,9.65,9.57,9.6,171553,9.6125,0.18,53.333333333333336
1995-06-06,9.6,9.6,9.49,9.49,207275,9.545,0.18,52.72222222222223
1995-06-07,9.49,9.52,9.41,9.41,358620,9.4575,0.18,52.27777777777778
1995-06-08,9.41,9.44,9.25,9.31,524070,9.3525,0.18,51.72222222222223
1995-06-09,9.33,9.33,9.23,9.33,289527,9.305,0.18,51.833333333333336
1995-06-12,9.39,9.39,9.2,9.2,483177,9.295,0.18,51.11111111111111
1995-06-13,9.25,9.28,9.1,9.15,390113,9.195,0.18,50.833333333333336
1995-06-14,9.18,9.2,9.12,9.15,1177396,9.1625,0.18,50.833333333333336
1995-06-15,9.15,9.23,9.12,9.12,1272807,9.155,0.18,50.666666666666664
1995-06-16,9.12,9.44,9.12,9.44,732756,9.28,0.18,52.44444444444444
1995-06-19,9.39,9.68,9.39,9.65,388233,9.5275,0.18,53.611111111111114
1995-06-20,9.68,9.89,9.68,9.89,1420394,9.785,0.18,54.94444444444445
1995-06-21,9.89,9.92,9.84,9.92,476596,9.8925,0.18,55.111111111111114
1995-06-22,9.89,9.97,9.89,9.97,400454,9.93,0.18,55.38888888888889
1995-06-23,9.97,10.03,9.95,10.03,172024,9.995,0.18,55.72222222222222
1995-06-26,9.97,10.0,9.92,9.97,179544,9.965,0.18,55.38888888888889
1995-06-27,9.97,10.05,9.95,9.95,414554,9.98,0.18,55.27777777777778
1995-06-28,9.89,10.0,9.87,10.0,514198,9.94,0.18,55.55555555555556
1995-06-29,10.0,10.05,9.92,9.97,71438,9.985,0.18,55.38888888888889
1995-06-30,9.95,10.19,9.95,10.05,603973,10.035,0.18,55.83333333333334
1995-07-03,10.08,10.16,10.08,10.11,47937,10.1075,0.18,56.166666666666664
1995-07-05,10.05,10.16,10.0,10.0,503858,10.0525,0.18,55.55555555555556
1995-07-06,10.03,10.03,9.92,10.03,475187,10.0025,0.18,55.72222222222222
1995-07-07,10.03,10.08,9.95,9.97,424893,10.0075,0.18,55.38888888888889
1995-07-10,9.92,9.92,9.65,9.65,175313,9.785,0.18,53.611111111111114
1995-07-11,9.71,9.79,9.65,9.65,911832,9.7,0.18,53.611111111111114
1995-07-12,9.68,9.71,9.63,9.65,234064,9.6675,0.18,53.611111111111114
1995-07-13,9.64,9.71,9.63,9.63,169203,9.6525,0.18,53.50000000000001
1995-07-14,9.52,9.55,9.47,9.52,387762,9.515,0.18,52.888888888888886
1995-07-17,9.55,9.6,9.52,9.52,1041089,9.5475,0.18,52.888888888888886
1995-07-18,9.52,9.57,9.47,9.52,454035,9.52,0.18,52.888888888888886
1995-07-19,9.41,9.49,9.39,9.39,1066001,9.42,0.18,52.16666666666667
1995-07-20,9.41,9.41,9.28,9.31,1094203,9.3525,0.18,51.72222222222223
1995-07-21,9.25,9.49,9.25,9.49,1517687,9.37,0.18,52.72222222222223
1995-07-24,9.55,9.55,9.47,9.47,663192,9.51,0.18,52.611111111111114
1995-07-25,9.41,9.41,9.31,9.33,982336,9.365,0.18,51.833333333333336
1995-07-26,9.79,10.21,9.71,10.19,2224597,9.975,0.18,56.61111111111111
1995-07-27,10.21,10.43,10.21,10.32,679644,10.2925,0.18,57.333333333333336
1995-07-28,10.32,10.53,10.32,10.53,433354,10.425,0.18,58.5
1995-07-31,10.5,10.85,10.5,10.8,900552,10.6625,0.18,60.00000000000001
1995-08-01,10.77,10.8,10.74,10.77,522190,10.77,0.18,59.833333333333336
1995-08-02,10.74,10.9,10.74,10.85,494457,10.8075,0.18,60.27777777777778
1995-08-03,10.8,10.85,10.72,10.85,228424,10.805,0.18,60.27777777777778
1995-08-04,10.85,10.98,10.85,10.96,203515,10.91,0.18,60.88888888888889
1995-08-07,10.98,10.98,10.85,10.85,156043,10.915,0.18,60.27777777777778
1995-08-08,10.85,10.9,10.8,10.85,448866,10.85,0.18,60.27777777777778
1995-08-09,10.9,11.01,10.88,11.01,287647,10.95,0.18,61.166666666666664
1995-08-10,11.01,11.12,11.01,11.12,489288,11.065,0.18,61.77777777777778
1995-08-11,11.09,11.12,11.09,11.12,192705,11.105,0.18,61.77777777777778
1995-08-14,11.12,11.25,11.12,11.25,186594,11.185,0.18,62.5
1995-08-15,11.22,11.36,11.22,11.22,855429,11.255,0.18,62.333333333333336
1995-08-16,11.17,11.33,11.17,11.33,504329,11.25,0.18,62.94444444444445
1995-08-17,11.33,11.73,11.33,11.7,511849,11.5225,0.18,65.0
1995-08-18,11.57,11.68,11.44,11.62,415494,11.5775,0.18,64.55555555555556
1995-08-21,11.65,11.75,11.65,11.68,1067410,11.6825,0.18,64.88888888888889
1995-08-22,11.68,11.68,11.6,11.62,195994,11.645,0.18,64.55555555555556
1995-08-23,11.65,11.68,11.6,11.68,104340,11.6525,0.18,64.88888888888889
1995-08-24,11.65,11.68,11.57,11.62,254745,11.63,0.18,64.55555555555556
1995-08-25,11.62,11.7,11.6,11.7,587052,11.655,0.18,65.0
1995-08-28,11.68,11.68,11.3,11.49,1075871,11.5375,0.18,63.833333333333336
1995-08-29,11.46,11.49,11.33,11.36,844619,11.41,0.18,63.11111111111111
1995-08-30,11.38,11.38,11.33,11.38,592692,11.3675,0.18,63.22222222222223
1995-08-31,11.38,11.38,11.33,11.38,86479,11.3675,0.18,63.22222222222223
1995-09-01,11.33,11.38,11.28,11.33,557910,11.33,0.18,62.94444444444445
1995-09-05,11.28,11.38,11.25,11.36,557441,11.3175,0.18,63.11111111111111
1995-09-06,11.3,11.3,11.25,11.28,701263,11.2825,0.18,62.666666666666664
1995-09-07,11.28,11.28,11.22,11.25,614313,11.2575,0.18,62.5
1995-09-08,11.25,11.25,11.2,11.2,476596,11.225,0.18,62.22222222222222
1995-09-11,11.17,11.25,11.17,11.22,538640,11.2025,0.18,62.333333333333336
1995-09-12,11.22,11.3,11.2,11.28,1087151,11.25,0.18,62.666666666666664
1995-09-13,11.3,11.62,11.28,11.6,798559,11.45,0.18,64.44444444444444
1995-09-14,11.7,11.94,11.7,11.89,791039,11.8075,0.18,66.05555555555556
1995-09-15,11.89,11.89,11.83,11.86,289057,11.8675,0.18,65.88888888888889
1995-09-18,11.86,11.91,11.83,11.91,357680,11.8775,0.18,66.16666666666667
1995-09-19,11.86,11.86,11.83,11.86,220434,11.8525,0.18,65.88888888888889
1995-09-20,11.86,11.91,11.83,11.91,31956,11.8775,0.18,66.16666666666667
1995-09-21,11.97,12.05,11.91,12.02,683873,11.9875,0.15,80.13333333333334
1995-09-22,11.97,11.97,11.89,11.94,313029,11.9425,0.15,79.6
1995-09-25,11.97,12.02,11.94,11.94,224664,11.9675,0.15,79.6
1995-09-26,11.91,11.91,11.83,11.86,352511,11.8775,0.15,79.06666666666666
1995-09-27,11.89,11.89,11.83,11.83,275897,11.86,0.15,78.86666666666667
1995-09-28,11.78,11.91,11.73,11.89,316318,11.8275,0.15,79.26666666666668
1995-09-29,11.83,11.86,11.73,11.78,498218,11.8,0.15,78.53333333333333
1995-10-02,11.75,11.75,11.68,11.73,203045,11.7275,0.15,78.2
1995-10-03,11.7,11.73,11.62,11.73,198345,11.695,0.15,78.2
1995-10-04,11.73,11.75,11.7,11.73,212443,11.7275,0.15,78.2
1995-10-05,11.75,11.89,11.73,11.86,251456,11.8075,0.15,79.06666666666666
1995-10-06,11.89,11.94,11.89,11.94,130192,11.915,0.15,79.6
1995-10-09,11.94,11.99,11.91,11.97,499628,11.9525,0.15,79.80000000000001
1995-10-10,11.97,11.97,11.86,11.91,449335,11.9275,0.15,79.4
1995-10-11,11.91,12.05,11.91,12.05,621834,11.98,0.15,80.33333333333334
1995-10-12,12.05,12.23,12.05,12.23,519369,12.14,0.15,81.53333333333335
1995-10-13,12.21,12.26,12.21,12.23,174373,12.2275,0.15,81.53333333333335
1995-10-16,12.29,12.37,12.26,12.31,304568,12.3075,0.15,82.06666666666668
1995-10-17,12.31,12.31,12.23,12.23,195994,12.27,0.15,81.53333333333335
1995-10-18,12.26,12.26,12.18,12.18,268377,12.22,0.15,81.2
1995-10-19,12.18,12.18,12.13,12.13,17855,12.155,0.15,80.86666666666667
1995-10-20,12.1,12.1,11.99,11.99,297048,12.045,0.15,79.93333333333334
1995-10-23,11.99,11.99,11.86,11.86,507618,11.925,0.15,79.06666666666666
1995-10-24,11.89,11.89,11.73,11.75,444635,11.815,0.15,78.33333333333334
1995-10-25,11.75,11.83,11.73,11.83,1135563,11.785,0.15,78.86666666666667
1995-10-26,11.81,11.81,11.6,11.62,377422,11.71,0.15,77.46666666666667
1995-10-27,11.6,11.6,11.44,11.57,658492,11.5525,0.15,77.13333333333334
1995-10-30,11.57,11.57,11.36,11.41,704554,11.4775,0.15,76.06666666666668
1995-10-31,11.41,11.41,10.93,10.93,791508,11.17,0.15,72.86666666666667
1995-11-01,10.96,11.38,10.96,11.36,3327732,11.165,0.15,75.73333333333333
1995-11-02,11.36,11.52,11.33,11.49,1469275,11.425,0.15,76.60000000000001
1995-11-03,11.54,11.62,11.52,11.54,1835893,11.555,0.15,76.93333333333334
1995-11-06,11.52,11.6,11.49,11.6,1323099,11.5525,0.14,82.85714285714285
1995-11-07,11.6,11.6,11.44,11.46,2092049,11.525,0.14,81.85714285714286
1995-11-08,11.46,11.52,11.46,11.46,1928484,11.475,0.14,81.85714285714286
1995-11-09,11.46,11.46,11.33,11.38,1274216,11.4075,0.14,81.28571428571428
1995-11-10,11.38,11.38,11.33,11.36,663663,11.3625,0.14,81.14285714285712
1995-11-13,11.38,11.44,11.36,11.41,760487,11.3975,0.14,81.5
1995-11-14,11.36,11.46,11.33,11.46,997377,11.4025,0.14,81.85714285714286
1995-11-15,11.7,11.7,11.36,11.41,564961,11.5425,0.14,81.5
1995-11-16,11.41,11.41,11.25,11.28,675883,11.3375,0.14,80.57142857142856
1995-11-17,11.22,11.33,11.22,11.25,726645,11.255,0.14,80.35714285714285
1995-11-20,11.28,11.28,10.98,11.04,352040,11.145,0.14,78.85714285714285
1995-11-21,11.06,11.06,10.93,10.96,724295,11.0025,0.14,78.28571428571428
1995-11-22,10.98,11.06,10.88,10.9,488817,10.955,0.14,77.85714285714285
1995-11-24,10.9,10.98,10.88,10.88,51227,10.91,0.14,77.71428571428571
1995-11-27,10.88,11.01,10.88,11.01,1026988,10.945,0.14,78.64285714285714
1995-11-28,11.04,11.06,10.96,11.01,527359,11.0175,0.14,78.64285714285714
1995-11-29,11.06,11.54,11.06,11.54,1384202,11.3,0.14,82.42857142857142
1995-11-30,11.6,11.68,11.44,11.49,955075,11.5525,0.14,82.07142857142857
1995-12-01,11.49,11.65,11.49,11.52,1525208,11.5375,0.14,82.28571428571428
1995-12-04,11.49,11.54,11.41,11.46,1162825,11.475,0.14,81.85714285714286
1995-12-05,11.52,11.81,11.52,11.81,1215939,11.665,0.14,84.35714285714285
1995-12-06,11.81,11.99,11.68,11.97,1255415,11.8625,0.14,85.5
1995-12-07,11.97,12.18,11.97,12.1,578122,12.055,0.14,86.42857142857142
1995-12-08,12.1,12.13,11.91,12.07,268846,12.0525,0.14,86.21428571428571
1995-12-11,12.02,12.02,11.89,11.94,619014,11.9675,0.14,85.28571428571428
1995-12-12,11.94,11.94,11.81,11.89,224194,11.895,0.14,84.92857142857143
1995-12-13,11.86,11.97,11.86,11.97,725235,11.915,0.14,85.5
1995-12-14,11.97,12.13,11.97,12.02,502449,12.0225,0.14,85.85714285714285
1995-12-15,11.94,11.99,11.78,11.83,676823,11.885,0.14,84.49999999999999
1995-12-18,11.7,11.73,11.38,11.38,1476796,11.5475,0.14,81.28571428571428
1995-12-19,11.33,11.33,11.06,11.09,1371042,11.2025,0.14,79.21428571428571
1995-12-20,11.09,11.2,10.82,11.14,3503519,11.0625,0.14,79.57142857142857
1995-12-21,11.12,11.33,11.12,11.3,2656545,11.2175,0.14,80.71428571428571
1995-12-22,11.33,11.36,11.28,11.28,171083,11.3125,0.14,80.57142857142856
1995-12-26,11.3,11.3,11.17,11.25,290467,11.255,0.14,80.35714285714285
1995-12-27,11.22,11.57,11.22,11.44,459206,11.3625,0.14,81.71428571428571
1995-12-28,11.41,11.65,11.38,11.65,547100,11.5225,0.14,83.21428571428571
1995-12-29,11.65,11.73,11.6,11.65,437114,11.6575,0.14,83.21428571428571
1996-01-02,11.6,11.6,11.44,11.57,1153895,11.5525,0.14,82.64285714285714
1996-01-03,11.57,11.57,11.44,11.44,1110653,11.505,0.14,81.71428571428571
1996-01-04,11.46,11.46,11.28,11.28,807489,11.37,0.14,80.57142857142856
1996-01-05,11.3,11.41,11.3,11.38,1059890,11.3475,0.14,81.28571428571428
1996-01-08,11.38,11.38,11.36,11.36,8925,11.37,0.14,81.14285714285712
1996-01-09,11.41,11.54,11.3,11.46,797619,11.4275,0.14,81.85714285714286
1996-01-10,11.41,11.49,11.28,11.3,1508757,11.37,0.14,80.71428571428571
1996-01-11,11.3,11.33,11.22,11.28,999257,11.2825,0.14,80.57142857142856
1996-01-12,11.25,11.28,11.17,11.25,247225,11.2375,0.14,80.35714285714285
1996-01-15,11.25,11.25,11.16,11.17,332299,11.2075,0.14,79.78571428571428
1996-01-16,11.22,11.38,11.22,11.38,1023228,11.3,0.14,81.28571428571428
1996-01-17,11.36,11.41,11.33,11.36,79429,11.365,0.14,81.14285714285712
1996-01-18,11.38,11.54,11.38,11.52,702203,11.455,0.14,82.28571428571428
1996-01-19,11.46,11.54,11.25,11.33,282947,11.395,0.14,80.92857142857142
1996-01-22,11.38,11.83,11.38,11.75,2980389,11.585,0.14,83.92857142857142
1996-01-23,11.78,11.97,11.78,11.94,2368894,11.8675,0.14,85.28571428571428
1996-01-24,12.07,12.13,12.02,12.05,1291608,12.0675,0.14,86.07142857142857
1996-01-25,12.05,12.13,12.05,12.13,420193,12.09,0.14,86.64285714285714
1996-01-26,12.07,12.15,12.07,12.13,369901,12.105,0.14,86.64285714285714
1996-01-29,12.15,12.23,12.13,12.15,666483,12.165,0.14,86.78571428571428
1996-01-30,12.21,12.53,12.21,12.53,533000,12.37,0.14,89.49999999999999
1996-01-31,12.69,12.79,12.63,12.69,1358821,12.7,0.14,90.64285714285712
1996-02-01,12.69,13.19,12.69,13.14,696563,12.9275,0.14,93.85714285714285
1996-02-02,13.24,13.24,12.79,12.98,1451415,13.0625,0.14,92.71428571428571
1996-02-05,12.93,12.93,12.71,12.71,785399,12.82,0.14,90.78571428571428
1996-02-06,12.74,12.74,12.63,12.63,789628,12.685,0.14,90.21428571428571
1996-02-07,11.97,12.37,11.73,12.1,17431599,12.0425,0.14,86.42857142857142
1996-02-08,12.1,12.31,12.1,12.15,4736849,12.165,0.14,86.78571428571428
1996-02-09,12.21,12.29,12.18,12.23,2553139,12.2275,0.14,87.35714285714285
1996-02-12,12.29,12.29,12.13,12.26,2627403,12.2425,0.11,111.45454545454545
1996-02-13,12.26,12.29,12.18,12.29,1444366,12.255,0.11,111.72727272727272
1996-02-14,12.26,12.45,12.26,12.45,2524468,12.355,0.11,113.18181818181817
1996-02-15,12.42,12.5,12.39,12.47,2194986,12.445,0.11,113.36363636363637
1996-02-16,12.45,12.5,12.45,12.5,2035649,12.475,0.11,113.63636363636364
1996-02-20,12.47,12.47,12.37,12.39,2024839,12.425,0.11,112.63636363636364
1996-02-21,12.37,12.37,12.15,12.37,2313902,12.315,0.11,112.45454545454545
1996-02-22,12.37,12.47,12.34,12.47,1542598,12.4125,0.11,113.36363636363637
1996-02-23,12.47,12.61,12.47,12.61,1976896,12.54,0.11,114.63636363636363
1996-02-26,12.58,12.79,12.58,12.79,1365401,12.685,0.11,116.27272727272727
1996-02-27,12.77,12.77,12.66,12.69,815480,12.7225,0.11,115.36363636363636
1996-02-28,12.74,12.85,12.71,12.85,1210298,12.7875,0.11,116.81818181818181
1996-02-29,12.85,12.93,12.77,12.82,907603,12.8425,0.11,116.54545454545455
1996-03-01,12.85,12.93,12.82,12.85,771767,12.8625,0.11,116.81818181818181
1996-03-04,12.85,12.85,12.74,12.74,1336730,12.795,0.11,115.81818181818181
1996-03-05,12.74,12.82,12.71,12.82,1575030,12.7725,0.11,116.54545454545455
1996-03-06,12.82,12.95,12.82,12.9,846029,12.8725,0.11,117.27272727272728
1996-03-07,12.93,12.93,12.87,12.9,701263,12.9075,0.11,117.27272727272728
1996-03-08,12.85,12.85,12.66,12.71,575771,12.7675,0.11,115.54545454545455
1996-03-11,12.71,12.71,12.63,12.63,394342,12.67,0.11,114.81818181818183
1996-03-12,12.61,12.61,12.37,12.45,642981,12.51,0.11,113.18181818181817
1996-03-13,12.42,12.47,12.42,12.47,157452,12.445,0.11,113.36363636363637
1996-03-14,12.47,12.71,12.47,12.71,1378562,12.59,0.11,115.54545454545455
1996-03-15,12.71,12.74,12.69,12.69,420193,12.7075,0.11,115.36363636363636
1996-03-18,12.69,12.77,12.69,12.77,484588,12.73,0.11,116.0909090909091
1996-03-19,12.77,12.77,12.55,12.58,408443,12.6675,0.11,114.36363636363636
1996-03-20,12.58,12.77,12.58,12.74,506209,12.6675,0.11,115.81818181818181
1996-03-21,12.77,12.87,12.77,12.85,510438,12.815,0.11,116.81818181818181
1996-03-22,12.85,13.11,12.82,13.11,851669,12.9725,0.11,119.18181818181817
1996-03-25,13.19,13.35,13.16,13.27,1458467,13.2425,0.11,120.63636363636363
1996-03-26,13.27,13.32,13.16,13.3,521719,13.2625,0.11,120.90909090909092
1996-03-27,13.3,13.4,13.22,13.4,834281,13.33,0.11,121.81818181818183
1996-03-28,13.35,13.46,13.22,13.46,702203,13.3725,0.11,122.36363636363637
1996-03-29,13.51,13.67,13.48,13.67,872821,13.5825,0.11,124.27272727272727
1996-04-01,13.72,13.72,13.51,13.64,591752,13.6475,0.11,124.0
1996-04-02,13.59,13.8,13.54,13.78,1360701,13.6775,0.11,125.27272727272727
1996-04-03,13.8,13.8,13.51,13.59,1454236,13.675,0.11,123.54545454545455
1996-04-04,13.54,13.54,13.43,13.54,646742,13.5125,0.11,123.09090909090908
1996-04-08,13.19,13.3,13.14,13.3,883161,13.2325,0.11,120.90909090909092
1996-04-09,13.3,13.35,13.27,13.3,438525,13.305,0.11,120.90909090909092
1996-04-10,13.27,13.27,13.08,13.08,518899,13.175,0.11,118.9090909090909
1996-04-11,13.08,13.08,12.79,12.82,493517,12.9425,0.11,116.54545454545455
1996-04-12,12.77,13.24,12.77,13.24,2759008,13.005,0.11,120.36363636363636
1996-04-15,13.4,13.4,13.24,13.27,778348,13.3275,0.11,120.63636363636363
1996-04-16,13.27,13.43,13.27,13.35,621834,13.33,0.11,121.36363636363636
1996-04-17,13.35,13.59,13.32,13.4,655202,13.415,0.11,121.81818181818183
1996-04-18,13.38,13.51,13.38,13.46,356271,13.4325,0.11,122.36363636363637
1996-04-19,13.48,13.56,13.4,13.43,548040,13.4675,0.11,122.0909090909091
1996-04-22,13.48,13.51,13.4,13.48,459675,13.4675,0.11,122.54545454545455
1996-04-23,13.51,13.59,13.51,13.51,1006307,13.53,0.11,122.81818181818181
1996-04-24,13.51,13.56,13.35,13.4,675883,13.455,0.11,121.81818181818183
1996-04-25,13.4,13.4,13.27,13.3,660842,13.3425,0.11,120.90909090909092
1996-04-26,13.27,13.27,13.06,13.19,838508,13.1975,0.11,119.9090909090909
1996-04-29,13.24,13.51,13.24,13.4,2180414,13.3475,0.11,121.81818181818183
1996-04-30,13.43,13.46,13.32,13.35,367552,13.39,0.11,121.36363636363636
1996-05-01,13.38,13.56,13.38,13.51,1157655,13.4575,0.11,122.81818181818181
1996-05-02,13.54,13.59,13.3,13.35,1213118,13.445,0.11,121.36363636363636
1996-05-03,13.32,13.48,13.32,13.48,640161,13.4,0.22,61.27272727272727
1996-05-06,13.43,13.51,13.4,13.48,216674,13.455,0.22,61.27272727272727
1996-05-07,13.43,13.51,13.32,13.4,1230979,13.415,0.22,60.909090909090914
1996-05-08,13.35,13.48,13.06,13.48,1250721,13.3425,0.22,61.27272727272727
1996-05-09,13.43,13.62,13.35,13.48,583762,13.47,0.22,61.27272727272727
1996-05-10,13.51,13.51,13.4,13.4,1597592,13.455,0.22,60.909090909090914
1996-05-13,13.46,13.46,13.32,13.43,576711,13.4175,0.22,61.04545454545455
1996-05-14,13.4,13.51,13.38,13.46,1041560,13.4375,0.22,61.18181818181819
1996-05-15,13.48,13.8,13.48,13.75,577182,13.6275,0.22,62.5
1996-05-16,13.75,13.8,13.67,13.8,293288,13.755,0.22,62.727272727272734
1996-05-17,13.8,13.88,13.67,13.67,431474,13.755,0.22,62.13636363636363
1996-05-20,13.72,13.72,13.56,13.56,486468,13.64,0.22,61.63636363636364
1996-05-21,13.59,13.62,13.4,13.46,989386,13.5175,0.22,61.18181818181819
1996-05-22,13.48,13.54,13.43,13.51,561670,13.49,0.22,61.40909090909091
1996-05-23,13.51,13.8,13.43,13.78,648151,13.63,0.22,62.63636363636363
1996-05-24,13.75,13.88,13.75,13.88,291407,13.815,0.22,63.09090909090909
1996-05-28,13.83,13.88,13.67,13.72,368492,13.775,0.22,62.36363636363637
1996-05-29,13.7,13.7,13.4,13.48,488817,13.57,0.22,61.27272727272727
1996-05-30,13.48,13.62,13.43,13.59,227484,13.53,0.22,61.77272727272727
1996-05-31,13.59,13.64,13.46,13.59,172964,13.57,0.22,61.77272727272727
1996-06-03,13.59,14.31,13.59,14.23,1159065,13.93,0.22,64.68181818181819
1996-06-04,14.89,15.0,14.68,14.97,3588124,14.885,0.22,68.04545454545455
1996-06-05,15.21,15.21,14.97,15.08,1661984,15.1175,0.22,68.54545454545455
1996-06-06,15.05,15.42,15.03,15.37,1404884,15.2175,0.22,69.86363636363636
1996-06-07,15.42,15.56,15.21,15.32,1356941,15.3775,0.22,69.63636363636364
1996-06-10,15.29,15.4,15.24,15.4,768947,15.3325,0.22,70.0
1996-06-11,15.4,15.85,15.32,15.8,1005367,15.5925,0.22,71.81818181818183
1996-06-12,15.8,16.12,15.8,16.01,1465984,15.9325,0.22,72.77272727272728
1996-06-13,15.98,16.04,15.82,15.98,1677025,15.955,0.22,72.63636363636364
1996-06-14,15.96,16.28,15.96,15.96,1057070,16.04,0.22,72.54545454545455
1996-06-17,15.93,16.01,15.8,15.9,577651,15.91,0.22,72.27272727272728
1996-06-18,15.93,15.93,15.8,15.82,514198,15.87,0.22,71.9090909090909
1996-06-19,15.82,16.06,15.82,16.01,598332,15.9275,0.22,72.77272727272728
1996-06-20,16.01,16.06,15.93,15.96,837568,15.99,0.22,72.54545454545455
1996-06-21,15.96,15.96,15.85,15.96,831461,15.9325,0.22,72.54545454545455
1996-06-24,15.93,16.01,15.9,15.93,794799,15.9425,0.22,72.4090909090909
1996-06-25,15.9,16.01,15.85,15.9,946614,15.915,0.22,72.27272727272728
1996-06-26,15.85,15.85,15.42,15.42,1140734,15.635,0.22,70.0909090909091
1996-06-27,15.35,15.48,15.21,15.35,1459876,15.3475,0.22,69.77272727272727
1996-06-28,15.32,15.56,15.32,15.35,976225,15.3875,0.22,69.77272727272727
1996-07-01,15.35,15.42,15.32,15.4,689984,15.3725,0.22,70.0
1996-07-02,15.37,15.45,15.21,15.21,757666,15.31,0.22,69.13636363636364
1996-07-03,15.27,15.29,15.11,15.11,517959,15.195,0.22,68.68181818181817
1996-07-05,15.08,15.11,14.84,14.84,189414,14.9675,0.22,67.45454545454545
1996-07-08,14.81,14.81,14.52,14.55,1070230,14.6725,0.22,66.13636363636364
1996-07-09,14.55,14.84,14.39,14.81,1690655,14.6475,0.22,67.31818181818181
1996-07-10,14.76,14.89,14.6,14.84,818301,14.7725,0.22,67.45454545454545
1996-07-11,14.79,14.79,14.57,14.76,584232,14.7275,0.22,67.0909090909091
1996-07-12,14.73,15.0,14.73,14.87,2649024,14.8325,0.22,67.5909090909091
1996-07-15,14.89,14.97,14.81,14.95,663192,14.905,0.22,67.95454545454545
1996-07-16,14.87,14.87,14.25,14.81,1307589,14.7,0.22,67.31818181818181
1996-07-17,14.81,14.87,14.49,14.55,540991,14.68,0.22,66.13636363636364
1996-07-18,14.55,14.76,14.49,14.71,1401593,14.6275,0.22,66.86363636363637
1996-07-19,14.76,14.84,14.76,14.79,1641303,14.7875,0.22,67.22727272727272
1996-07-22,14.79,14.81,14.68,14.71,1151075,14.7475,0.22,66.86363636363637
1996-07-23,14.71,14.73,14.65,14.71,934864,14.7,0.22,66.86363636363637
1996-07-24,14.68,14.71,14.07,14.25,3695289,14.4275,0.22,64.77272727272727
1996-07-25,14.31,14.44,14.31,14.33,1543069,14.3475,0.22,65.13636363636364
1996-07-26,14.31,14.6,14.28,14.6,1080102,14.4475,0.22,66.36363636363636
1996-07-29,14.6,15.13,14.55,15.08,1000197,14.84,0.22,68.54545454545455
1996-07-30,15.11,15.19,14.95,15.19,1261526,15.11,0.22,69.04545454545455
1996-07-31,14.97,15.0,14.79,14.79,1398303,14.8875,0.22,67.22727272727272
1996-08-01,14.81,14.89,14.79,14.81,1583020,14.825,0.22,67.31818181818181
1996-08-02,14.89,15.19,14.89,15.11,257566,15.02,0.22,68.68181818181817
1996-08-05,15.05,15.08,14.92,15.05,276367,15.025,0.22,68.4090909090909
1996-08-06,15.03,15.08,14.95,14.95,299868,15.0025,0.22,67.95454545454545
1996-08-07,14.97,14.97,14.81,14.92,669772,14.9175,0.22,67.81818181818181
1996-08-08,14.92,14.92,14.84,14.87,378832,14.8875,0.22,67.5909090909091
1996-08-09,14.87,14.87,14.73,14.79,569191,14.815,0.22,67.22727272727272
1996-08-12,14.87,14.89,14.79,14.89,1065530,14.86,0.22,67.68181818181819
1996-08-13,14.97,15.21,14.97,15.16,828641,15.0775,0.22,68.9090909090909
1996-08-14,15.21,15.21,15.08,15.13,1034979,15.1575,0.22,68.77272727272728
1996-08-15,15.13,15.16,15.08,15.16,633110,15.1325,0.22,68.9090909090909
1996-08-16,15.11,15.42,15.05,15.42,818301,15.25,0.22,70.0909090909091
1996-08-19,15.42,15.42,15.19,15.24,554151,15.3175,0.22,69.27272727272727
1996-08-20,15.29,15.35,15.27,15.32,550861,15.3075,0.22,69.63636363636364
1996-08-21,15.32,15.64,15.24,15.64,1024168,15.46,0.22,71.0909090909091
1996-08-22,15.64,16.06,15.64,16.04,909952,15.845,0.22,72.9090909090909
1996-08-23,16.01,16.04,15.93,15.96,582822,15.985,0.22,72.54545454545455
1996-08-26,15.96,15.98,15.72,15.74,1125223,15.85,0.14,112.42857142857142
1996-08-27,15.77,15.96,15.69,15.82,758137,15.81,0.14,112.99999999999999
1996-08-28,15.85,16.25,15.85,16.22,1259175,16.0425,0.14,115.85714285714283
1996-08-29,16.14,16.14,15.66,15.74,1364461,15.92,0.14,112.42857142857142
1996-08-30,15.74,15.74,15.61,15.61,334650,15.675,0.14,111.49999999999999
1996-09-03,15.56,15.56,15.42,15.45,409383,15.4975,0.14,110.35714285714285
1996-09-04,15.48,15.58,15.45,15.53,550391,15.51,0.14,110.92857142857142
1996-09-05,15.53,15.69,15.48,15.5,519839,15.55,0.14,110.71428571428571
1996-09-06,15.45,15.72,15.45,15.69,357211,15.5775,0.14,112.07142857142856
1996-09-09,15.66,15.77,15.66,15.74,452626,15.7075,0.14,112.42857142857142
1996-09-10,15.74,16.28,15.72,16.28,1312758,16.005,0.14,116.28571428571428
1996-09-11,16.28,16.46,16.2,16.38,830991,16.33,0.14,116.99999999999999
1996-09-12,16.41,16.49,16.3,16.33,1229569,16.3825,0.14,116.64285714285712
1996-09-13,16.36,16.44,16.28,16.28,1169405,16.34,0.14,116.28571428571428
1996-09-16,16.28,16.3,16.22,16.3,1296778,16.275,0.14,116.42857142857142
1996-09-17,16.3,16.36,16.17,16.22,773647,16.2625,0.14,115.85714285714283
1996-09-18,16.2,16.36,16.12,16.3,188944,16.245,0.14,116.42857142857142
1996-09-19,16.3,16.44,16.25,16.28,373661,16.3175,0.14,116.28571428571428
1996-09-20,16.3,16.3,16.17,16.17,771298,16.235,0.14,115.5
1996-09-23,16.14,16.33,16.09,16.25,355800,16.2025,0.14,116.07142857142856
1996-09-24,16.25,16.41,16.2,16.25,409383,16.2775,0.14,116.07142857142856
1996-09-25,16.28,16.57,16.17,16.57,1003487,16.3975,0.14,118.35714285714285
1996-09-26,16.62,16.99,16.62,16.91,2268309,16.785,0.14,120.78571428571428
1996-09-27,16.86,16.89,16.75,16.83,830051,16.8325,0.14,120.2142857142857
1996-09-30,16.73,17.58,16.73,17.58,2290870,17.155,0.14,125.57142857142854
1996-10-01,17.63,17.77,17.37,17.39,2024839,17.54,0.14,124.21428571428571
1996-10-02,17.45,17.45,17.34,17.42,1395952,17.415,0.14,124.42857142857143
1996-10-03,17.45,17.45,17.34,17.34,518899,17.395,0.14,123.85714285714285
1996-10-04,17.42,17.63,17.39,17.5,1226749,17.485,0.14,124.99999999999999
1996-10-07,17.53,17.61,17.53,17.58,339350,17.5625,0.14,125.57142857142854
1996-10-08,17.55,17.55,17.31,17.37,503389,17.445,0.14,124.07142857142857
1996-10-09,17.34,17.34,16.89,17.05,1352241,17.155,0.14,121.78571428571428
1996-10-10,17.1,17.26,17.1,17.26,684344,17.18,0.14,123.28571428571429
1996-10-11,17.23,17.53,17.18,17.45,823470,17.3475,0.14,124.64285714285712
1996-10-14,17.47,18.16,17.47,18.16,1081982,17.815,0.14,129.7142857142857
1996-10-15,18.16,18.32,17.92,18.03,1593831,18.1075,0.14,128.78571428571428
1996-10-16,17.98,18.0,17.55,17.74,753906,17.8175,0.14,126.7142857142857
1996-10-17,17.71,17.87,17.63,17.87,766127,17.77,0.14,127.64285714285714
1996-10-18,17.92,17.92,17.77,17.79,391053,17.85,0.14,127.07142857142856
1996-10-21,17.79,17.82,17.5,17.63,716775,17.685,0.14,125.92857142857142
1996-10-22,17.55,17.61,17.34,17.37,395753,17.4675,0.14,124.07142857142857
1996-10-23,17.37,17.58,17.37,17.42,440405,17.435,0.14,124.42857142857143
1996-10-24,17.42,17.42,17.1,17.1,613373,17.26,0.14,122.14285714285714
1996-10-25,17.1,17.1,16.86,17.05,606324,17.0275,0.14,121.78571428571428
1996-10-28,16.99,17.23,16.99,17.15,426774,17.09,0.14,122.49999999999997
1996-10-29,17.1,17.1,16.81,16.81,545691,16.955,0.14,120.07142857142856
1996-10-30,16.75,16.97,16.75,16.86,754846,16.8325,0.14,120.42857142857142
1996-10-31,16.86,16.86,16.7,16.7,835222,16.78,0.14,119.28571428571426
1996-11-01,16.75,16.83,16.49,16.57,1672794,16.66,0.14,118.35714285714285
1996-11-04,16.54,16.83,16.49,16.83,941914,16.6725,0.14,120.2142857142857
1996-11-05,16.81,17.45,16.81,17.42,1036859,17.1225,0.14,124.42857142857143
1996-11-06,17.39,17.74,17.34,17.61,840859,17.52,0.17,103.58823529411764
1996-11-07,17.5,17.58,17.37,17.53,433825,17.495,0.17,103.11764705882352
1996-11-08,17.58,17.71,17.55,17.71,820650,17.6375,0.17,104.17647058823529
1996-11-11,17.66,17.71,17.58,17.69,241115,17.66,0.17,104.05882352941177
1996-11-12,17.69,17.82,17.69,17.77,400923,17.7425,0.17,104.52941176470587
1996-11-13,17.74,17.9,17.74,17.87,390582,17.8125,0.17,105.11764705882352
1996-11-14,17.9,18.14,17.9,18.06,1695826,18.0,0.17,106.23529411764704
1996-11-15,18.06,18.06,17.98,18.03,487877,18.0325,0.17,106.05882352941177
1996-11-18,18.0,18.06,18.0,18.0,317258,18.015,0.17,105.88235294117646
1996-11-19,17.98,18.24,17.98,18.16,605853,18.09,0.17,106.8235294117647
1996-11-20,18.19,18.27,18.14,18.27,537230,18.2175,0.17,107.4705882352941
1996-11-21,18.22,18.24,18.14,18.14,331830,18.185,0.17,106.70588235294117
1996-11-22,18.19,18.3,18.14,18.3,675883,18.2325,0.17,107.6470588235294
1996-11-25,18.4,18.59,18.35,18.4,1207007,18.435,0.17,108.23529411764704
1996-11-26,18.43,18.46,18.22,18.4,1136034,18.3775,0.17,108.23529411764704
1996-11-27,18.38,18.4,17.95,17.98,2353853,18.1775,0.17,105.76470588235294
1996-11-29,17.95,17.98,17.63,17.79,2130592,17.8375,0.17,104.6470588235294
1996-12-02,17.79,17.79,17.61,17.69,1004427,17.72,0.17,104.05882352941177
1996-12-03,17.69,17.98,17.66,17.89,984686,17.805,0.17,105.23529411764706
1996-12-04,17.9,18.11,17.87,18.11,496337,17.9975,0.17,106.52941176470587
1996-12-05,18.11,18.22,18.06,18.11,1194317,18.125,0.17,106.52941176470587
1996-12-06,18.03,18.03,17.85,17.92,804200,17.9575,0.17,105.41176470588236
1996-12-09,17.92,18.19,17.92,18.19,502918,18.055,0.17,107.0
1996-12-10,18.16,18.51,18.16,18.51,2067142,18.335,0.17,108.88235294117648
1996-12-11,18.46,18.46,18.3,18.39,1064121,18.4025,0.17,108.17647058823529
1996-12-12,18.43,18.67,18.43,18.56,1253535,18.5225,0.17,109.17647058823528
1996-12-13,18.48,18.54,18.38,18.51,751086,18.4775,0.17,108.88235294117648
1996-12-16,18.46,18.48,18.38,18.41,1044380,18.4325,0.17,108.29411764705881
1996-12-17,18.31,18.31,17.83,17.99,736679,18.11,0.17,105.8235294117647
1996-12-18,18.03,18.23,17.99,18.11,845409,18.09,0.17,106.52941176470587
1996-12-19,18.03,18.07,17.99,18.07,535509,18.04,0.17,106.29411764705881
1996-12-20,18.19,18.23,17.79,17.91,1040625,18.03,0.17,105.35294117647058
1996-12-23,17.91,17.91,17.71,17.83,625439,17.84,0.17,104.88235294117645
1996-12-24,17.79,18.07,17.79,17.99,148524,17.91,0.17,105.8235294117647
1996-12-26,18.07,18.11,17.87,18.11,346561,18.04,0.17,106.52941176470587
1996-12-27,18.31,18.43,18.23,18.35,500727,18.33,0.17,107.94117647058823
1996-12-30,18.35,18.67,18.27,18.63,1097342,18.48,0.17,109.58823529411764
1996-12-31,18.67,18.67,18.47,18.59,747646,18.6,0.17,109.35294117647058
1997-01-02,18.51,18.55,18.23,18.35,662101,18.41,0.17,107.94117647058823
1997-01-03,18.27,18.51,18.23,18.47,441191,18.37,0.17,108.64705882352939
1997-01-06,18.35,18.99,18.27,18.99,1933353,18.65,0.17,111.70588235294116
1997-01-07,19.03,19.07,18.91,19.07,1066320,19.02,0.17,112.17647058823529
1997-01-08,19.03,19.47,19.03,19.47,2158963,19.25,0.17,114.52941176470587
1997-01-09,19.47,19.59,19.39,19.55,3276989,19.5,0.17,115.0
1997-01-10,19.47,19.63,19.27,19.63,561202,19.5,0.17,115.4705882352941
1997-01-13,19.71,20.19,19.71,20.11,1455497,19.93,0.17,118.29411764705881
1997-01-14,20.07,20.23,19.99,20.19,2486413,20.12,0.17,118.76470588235294
1997-01-15,20.23,20.86,20.23,20.46,1773859,20.445,0.17,120.35294117647058
1997-01-16,20.42,20.42,19.95,19.95,854183,20.185,0.17,117.35294117647058
1997-01-17,19.79,20.15,19.75,20.15,843842,19.96,0.17,118.52941176470587
1997-01-20,20.15,20.15,19.43,19.47,2174631,19.8,0.17,114.52941176470587
1997-01-21,19.47,19.47,18.67,19.35,2393975,19.24,0.17,113.82352941176471
1997-01-22,19.15,19.95,19.07,19.95,9060760,19.53,0.17,117.35294117647058
1997-01-23,19.87,19.95,19.51,19.91,1476805,19.81,0.17,117.11764705882352
1997-01-24,19.79,19.87,19.67,19.83,1601519,19.79,0.17,116.64705882352939
1997-01-27,19.83,19.87,19.47,19.55,461245,19.68,0.17,115.0
1997-01-28,19.55,19.67,19.51,19.55,376016,19.57,0.17,115.0
1997-01-29,19.63,19.63,19.35,19.51,711611,19.53,0.17,114.76470588235294
1997-01-30,19.51,19.91,19.51,19.91,693437,19.71,0.17,117.11764705882352
1997-01-31,19.91,20.15,19.83,19.99,565903,19.97,0.17,117.58823529411762
1997-02-03,20.11,20.19,19.75,19.95,719758,20.0,0.17,117.35294117647058
1997-02-04,19.87,20.07,19.75,20.07,670875,19.94,0.17,118.05882352941175
1997-02-05,19.99,20.15,19.71,19.79,748586,19.91,0.17,116.41176470588233
1997-02-06,19.79,19.83,19.63,19.75,668055,19.75,0.17,116.17647058823529
1997-02-07,19.71,19.75,19.39,19.67,1284409,19.63,0.17,115.70588235294117
1997-02-10,19.67,19.67,19.35,19.55,1151238,19.56,0.17,115.0
1997-02-11,19.59,19.87,19.55,19.63,942548,19.66,0.17,115.4705882352941
1997-02-12,19.67,19.83,19.59,19.71,439624,19.7,0.17,115.94117647058823
1997-02-13,19.79,19.95,19.71,19.79,805616,19.81,0.17,116.41176470588233
1997-02-14,19.79,20.19,19.75,20.07,671815,19.95,0.17,118.05882352941175
1997-02-18,20.07,20.07,19.95,19.99,561516,20.02,0.17,117.58823529411762
1997-02-19,19.95,20.23,19.87,20.15,945995,20.05,0.17,118.52941176470587
1997-02-20,20.15,20.15,19.83,19.99,632020,20.03,0.17,117.58823529411762
1997-02-21,19.99,20.27,19.99,20.15,1021197,20.1,0.17,118.52941176470587
1997-02-24,20.11,20.27,20.07,20.15,494774,20.15,0.17,118.52941176470587
1997-02-25,20.03,20.07,19.63,19.75,575930,19.87,0.17,116.17647058823529
1997-02-26,19.75,20.03,19.75,19.91,562143,19.86,0.17,117.11764705882352
1997-02-27,19.91,19.91,19.55,19.67,762060,19.76,0.17,115.70588235294117
1997-02-28,19.67,19.67,19.47,19.63,726025,19.61,0.17,115.4705882352941
1997-03-03,19.55,19.59,19.31,19.43,550863,19.47,0.17,114.29411764705881
1997-03-04,19.43,19.91,19.43,19.71,828491,19.62,0.17,115.94117647058823
1997-03-05,19.63,19.71,19.55,19.67,386670,19.64,0.17,115.70588235294117
1997-03-06,19.71,19.71,19.51,19.51,1044699,19.61,0.17,114.76470588235294
1997-03-07,19.51,19.75,19.51,19.71,685289,19.62,0.17,115.94117647058823
1997-03-10,19.75,19.91,19.71,19.87,365049,19.81,0.17,116.88235294117646
1997-03-11,19.83,20.03,19.79,19.87,479419,19.88,0.17,116.88235294117646
1997-03-12,19.91,20.23,19.71,19.79,383850,19.91,0.17,116.41176470588233
1997-03-13,19.79,19.91,19.71,19.79,912779,19.8,0.17,116.41176470588233
1997-03-14,19.75,19.79,19.67,19.67,746079,19.72,0.17,115.70588235294117
1997-03-17,19.63,19.63,19.19,19.31,469392,19.44,0.17,113.58823529411764
1997-03-18,19.35,19.67,19.35,19.59,621052,19.49,0.17,115.23529411764704
1997-03-19,19.59,19.79,19.51,19.79,1016810,19.67,0.17,116.41176470588233
1997-03-20,19.79,19.79,19.55,19.59,995503,19.68,0.17,115.23529411764704
1997-03-21,19.59,19.63,19.43,19.47,667115,19.53,0.17,114.52941176470587
1997-03-24,19.47,19.47,18.83,19.07,1559530,19.21,0.17,112.17647058823529
1997-03-25,19.07,19.35,18.99,19.31,1062246,19.18,0.17,113.58823529411764
1997-03-26,19.35,19.35,18.63,18.67,1504693,19.0,0.17,109.82352941176471
1997-03-27,18.67,18.71,17.99,18.11,1206388,18.37,0.17,106.52941176470587
1997-03-31,17.99,18.07,17.31,17.35,2056187,17.68,0.17,102.05882352941177
1997-04-01,17.07,17.19,16.87,16.95,1022764,17.02,0.17,99.70588235294116
1997-04-02,16.99,17.03,16.48,16.91,1294750,16.8525,0.17,99.47058823529412
1997-04-03,16.99,17.79,16.99,17.67,1247123,17.36,0.17,103.94117647058823
1997-04-04,17.55,18.27,17.55,18.23,1196047,17.9,0.17,107.23529411764706
1997-04-07,18.19,18.43,18.15,18.27,876117,18.26,0.17,107.4705882352941
1997-04-08,18.31,18.35,18.19,18.31,1160012,18.29,0.17,107.70588235294116
1997-04-09,18.35,18.43,18.19,18.43,1214535,18.35,0.17,108.41176470588235
1997-04-10,18.39,18.43,18.31,18.43,750780,18.39,0.17,108.41176470588235
1997-04-11,18.39,18.39,17.67,17.67,819090,18.03,0.17,103.94117647058823
1997-04-14,17.63,17.87,17.35,17.71,1006156,17.64,0.17,104.17647058823529
1997-04-15,17.71,18.11,17.67,18.03,852616,17.88,0.17,106.05882352941177
1997-04-16,17.99,18.03,17.71,17.79,652388,17.88,0.17,104.6470588235294
1997-04-17,17.83,18.11,17.75,17.87,376643,17.89,0.17,105.11764705882352
1997-04-18,17.87,17.87,17.39,17.39,494774,17.63,0.17,102.29411764705883
1997-04-21,17.39,17.39,16.83,17.07,2439097,17.17,0.17,100.41176470588235
1997-04-22,16.99,16.99,16.44,16.67,2990274,16.7725,0.17,98.05882352941177
1997-04-23,16.59,17.27,16.56,17.27,2217246,16.9225,0.17,101.58823529411764
1997-04-24,17.23,17.75,17.23,17.55,1378728,17.44,0.17,103.23529411764706
1997-04-25,17.47,17.51,17.15,17.15,624499,17.32,0.17,100.88235294117645
1997-04-28,17.11,17.15,16.44,16.59,1189153,16.8225,0.17,97.58823529411764
1997-04-29,16.59,16.83,16.44,16.48,2121048,16.585,0.17,96.94117647058823
1997-04-30,16.56,16.99,16.48,16.99,1907345,16.755,0.17,99.94117647058822
1997-05-01,16.95,16.99,16.67,16.75,744826,16.84,0.17,98.52941176470587
1997-05-02,16.75,17.43,16.75,17.39,927820,17.08,0.17,102.29411764705883
1997-05-05,17.39,17.79,17.39,17.63,913093,17.55,0.17,103.70588235294116
1997-05-06,17.63,17.79,17.59,17.71,670562,17.68,0.17,104.17647058823529
1997-05-07,17.71,17.71,17.15,17.23,514201,17.45,0.17,101.35294117647058
1997-05-08,17.19,17.71,17.19,17.55,570603,17.41,0.17,103.23529411764706
1997-05-09,17.55,17.95,17.55,17.87,793082,17.73,0.17,105.11764705882352
1997-05-12,17.95,18.31,17.87,18.31,1127423,18.11,0.17,107.70588235294116
1997-05-13,18.23,18.27,18.03,18.11,713178,18.16,0.17,106.52941176470587
1997-05-14,18.19,18.59,18.15,18.39,1479312,18.33,0.17,108.17647058823529
1997-05-15,18.39,18.51,18.19,18.23,1116143,18.33,0.17,107.23529411764706
1997-05-16,18.19,18.19,17.67,17.79,457171,17.96,0.17,104.6470588235294
1997-05-19,17.75,17.75,16.87,17.19,1525061,17.39,0.17,101.11764705882354
1997-05-20,17.27,17.31,16.48,17.03,3242834,17.0225,0.17,100.17647058823529
1997-05-21,17.39,17.71,17.27,17.47,2202832,17.46,0.17,102.76470588235293
1997-05-22,17.51,17.51,17.07,17.07,1165339,17.29,0.17,100.41176470588235
1997-05-23,18.51,18.67,18.23,18.51,22356732,18.48,0.17,108.88235294117648
1997-05-27,18.47,18.47,18.27,18.43,5017633,18.41,0.17,108.41176470588235
1997-05-28,18.43,18.59,18.19,18.27,1998844,18.37,0.17,107.4705882352941
1997-05-29,18.23,18.31,18.15,18.19,1168786,18.22,0.17,107.0
1997-05-30,18.07,18.59,17.99,18.59,1310417,18.31,0.17,109.35294117647058
1997-06-02,18.59,18.59,18.43,18.55,1113636,18.54,0.17,109.11764705882352
1997-06-03,18.55,18.55,18.19,18.23,821597,18.38,0.17,107.23529411764706
1997-06-04,18.19,18.35,18.03,18.35,613845,18.23,0.17,107.94117647058823
1997-06-05,18.35,18.51,18.31,18.43,593478,18.4,0.17,108.41176470588235
1997-06-06,18.39,18.71,18.39,18.67,785562,18.54,0.17,109.82352941176471
1997-06-09,18.59,19.31,18.59,19.19,1238663,18.92,0.17,112.88235294117646
1997-06-10,19.43,19.79,19.35,19.79,1144031,19.59,0.17,116.41176470588233
1997-06-11,19.79,20.34,19.07,19.15,4510952,19.5875,0.17,112.64705882352939
1997-06-12,18.11,18.83,17.47,18.51,15838478,18.23,0.17,108.88235294117648
1997-06-13,18.51,18.83,18.19,18.75,3579995,18.57,0.17,110.29411764705881
1997-06-16,18.99,19.19,18.87,19.15,2850836,19.05,0.17,112.64705882352939
1997-06-17,19.15,19.15,18.79,18.87,1880084,18.99,0.17,111.0
1997-06-18,18.99,19.01,18.75,18.99,674949,18.935,0.17,111.70588235294116
1997-06-19,18.99,19.23,18.87,18.99,1357107,19.02,0.17,111.70588235294116
1997-06-20,19.11,19.11,18.95,19.03,1120530,19.05,0.17,111.94117647058823
1997-06-23,19.03,19.03,18.83,18.87,923747,18.94,0.17,111.0
1997-06-24,18.89,18.99,18.71,18.75,1781066,18.835,0.17,110.29411764705881
1997-06-25,18.71,18.75,18.51,18.57,1572377,18.635,0.17,109.23529411764706
1997-06-26,18.65,18.79,18.53,18.55,781175,18.63,0.17,109.11764705882352
1997-06-27,18.53,18.63,18.35,18.39,1233649,18.475,0.17,108.17647058823529
1997-06-30,18.35,18.35,18.07,18.27,1653848,18.26,0.17,107.4705882352941
1997-07-01,18.33,18.35,18.19,18.27,1822427,18.285,0.17,107.4705882352941
1997-07-02,18.35,18.51,18.21,18.49,1248377,18.39,0.17,108.76470588235293
1997-07-03,18.55,18.95,18.55,18.93,1025584,18.745,0.17,111.35294117647058
1997-07-07,18.93,19.03,18.63,18.77,2152069,18.84,0.17,110.41176470588235
1997-07-08,18.59,18.91,18.57,18.75,1768845,18.705,0.17,110.29411764705881
1997-07-09,18.83,18.85,18.25,18.41,2192805,18.585,0.17,108.29411764705881
1997-07-10,18.41,18.53,18.23,18.31,1765712,18.37,0.17,107.70588235294116
1997-07-11,18.35,19.11,18.33,19.11,2853656,18.725,0.17,112.41176470588235
1997-07-14,19.11,20.03,19.11,20.03,1854389,19.57,0.17,117.82352941176471
1997-07-15,20.03,20.17,19.79,19.85,1570497,19.96,0.17,116.76470588235294
1997-07-16,19.87,19.87,19.55,19.79,1171292,19.77,0.17,116.41176470588233
1997-07-17,19.87,20.6,19.79,20.3,1694895,20.14,0.17,119.41176470588235
1997-07-18,20.5,20.5,19.71,19.79,1541982,20.125,0.17,116.41176470588233
1997-07-21,19.77,19.77,19.41,19.49,568096,19.61,0.17,114.64705882352939
1997-07-22,19.55,20.42,19.55,20.34,886145,19.965,0.17,119.6470588235294
1997-07-23,20.34,20.72,20.34,20.6,1441083,20.5,0.17,121.17647058823529
1997-07-24,20.62,20.62,20.4,20.4,1108622,20.51,0.17,119.99999999999999
1997-07-25,20.42,20.42,20.01,20.07,631706,20.23,0.17,118.05882352941175
1997-07-28,20.07,20.07,19.87,19.91,942861,19.98,0.17,117.11764705882352
1997-07-29,19.91,19.99,19.73,19.79,1018691,19.855,0.17,116.41176470588233
1997-07-30,19.91,20.15,19.71,20.11,1190093,19.97,0.17,118.29411764705881
1997-07-31,20.11,20.11,19.87,19.87,666802,19.99,0.17,116.88235294117646
1997-08-01,19.47,19.47,19.11,19.33,1974089,19.345,0.17,113.70588235294116
1997-08-04,19.31,19.49,19.21,19.23,1487459,19.31,0.17,113.11764705882352
1997-08-05,19.13,19.15,18.87,19.03,2594203,19.045,0.17,111.94117647058823
1997-08-06,19.03,19.03,18.79,18.89,1639748,18.935,0.17,111.11764705882352
1997-08-07,18.91,19.11,18.85,18.95,1315118,18.955,0.17,111.4705882352941
1997-08-08,18.91,18.91,18.43,18.59,927507,18.71,0.17,109.35294117647058
1997-08-11,18.59,18.59,18.03,18.03,1015557,18.31,0.17,106.05882352941177
1997-08-12,18.07,18.45,18.07,18.27,3329005,18.215,0.17,107.4705882352941
1997-08-13,18.19,18.19,17.73,17.81,1329845,17.98,0.17,104.76470588235293
1997-08-14,17.87,17.91,17.39,17.43,2093473,17.65,0.17,102.52941176470587
1997-08-15,17.47,17.93,17.39,17.87,3574355,17.665,0.17,105.11764705882352
1997-08-18,18.23,18.51,18.07,18.33,2938572,18.285,0.17,107.82352941176468
1997-08-19,18.53,18.93,18.53,18.93,3001242,18.73,0.17,111.35294117647058
1997-08-20,19.01,20.03,19.01,19.75,2363893,19.45,0.17,116.17647058823529
1997-08-21,19.77,20.3,19.55,19.99,1658549,19.9025,0.17,117.58823529411762
1997-08-22,19.93,20.07,19.71,19.89,2032999,19.9,0.17,117.0
1997-08-25,19.63,21.16,19.55,20.92,10005505,20.315,0.17,123.05882352941177
1997-08-26,20.94,21.08,20.48,20.58,5070276,20.77,0.17,121.05882352941174
1997-08-27,20.58,21.22,20.58,21.02,3144755,20.85,0.17,123.6470588235294
1997-08-28,21.14,21.24,21.08,21.16,2062767,21.155,0.17,124.47058823529412
1997-08-29,21.14,21.28,21.06,21.14,2291509,21.155,0.17,124.35294117647058
1997-09-02,21.22,21.38,21.14,21.2,1504380,21.235,0.17,124.70588235294116
1997-09-03,21.18,21.56,21.18,21.54,1704609,21.365,0.17,126.70588235294116
1997-09-04,21.46,22.5,21.38,22.28,2868697,21.905,0.17,131.05882352941177
1997-09-05,22.28,22.52,22.18,22.32,2087522,22.325,0.17,131.2941176470588
1997-09-08,22.32,22.46,22.28,22.34,2429070,22.35,0.17,131.41176470588235
1997-09-09,22.32,22.32,22.24,22.28,1560470,22.29,0.17,131.05882352941177
1997-09-10,22.28,22.42,22.18,22.2,1410062,22.27,0.17,130.58823529411762
1997-09-11,22.16,22.16,21.56,21.7,1282842,21.895,0.17,127.64705882352939
1997-09-12,21.74,21.74,21.28,21.62,1637868,21.595,0.17,127.17647058823529
1997-09-15,21.7,21.86,21.32,21.44,1160012,21.58,0.17,126.11764705882352
1997-09-16,21.42,21.7,21.42,21.58,1342379,21.53,0.17,126.94117647058822
1997-09-17,21.6,21.92,21.6,21.66,1315744,21.695,0.17,127.41176470588235
1997-09-18,21.78,22.1,21.78,21.88,1127423,21.885,0.17,128.70588235294116
1997-09-19,21.38,22.06,21.38,22.06,820344,21.72,0.17,129.76470588235293
1997-09-22,22.04,22.44,22.02,22.4,723205,22.225,0.17,131.76470588235293
1997-09-23,22.4,22.58,21.8,22.48,3509491,22.315,0.17,132.23529411764704
1997-09-24,22.42,22.5,22.16,22.38,1970955,22.365,0.17,131.6470588235294
1997-09-25,22.28,22.36,21.9,22.08,2115721,22.155,0.17,129.88235294117646
1997-09-26,22.06,22.58,21.86,22.32,3589082,22.205,0.17,131.2941176470588
1997-09-29,22.22,22.7,22.22,22.68,1045952,22.455,0.17,133.41176470588235
1997-09-30,22.64,22.9,22.62,22.66,1163459,22.705,0.17,133.2941176470588
1997-10-01,22.74,23.1,22.64,22.68,917480,22.79,0.17,133.41176470588235
1997-10-02,22.68,23.9,22.68,23.06,1263728,23.08,0.17,135.6470588235294
1997-10-03,23.18,23.42,23.1,23.28,1078227,23.245,0.17,136.94117647058823
1997-10-06,23.44,23.5,23.08,23.5,876744,23.38,0.17,138.23529411764704
1997-10-07,23.58,23.74,23.42,23.7,902752,23.61,0.17,139.41176470588235
1997-10-08,23.62,23.62,23.32,23.54,629200,23.525,0.17,138.47058823529412
1997-10-09,23.46,23.5,23.24,23.44,649881,23.41,0.17,137.88235294117646
1997-10-10,23.36,23.66,23.14,23.64,533316,23.45,0.17,139.05882352941177
1997-10-13,23.82,23.9,23.24,23.28,790262,23.56,0.17,136.94117647058823
1997-10-14,23.36,23.5,23.18,23.28,853869,23.33,0.17,136.94117647058823
1997-10-15,23.22,23.22,22.92,23.0,665235,23.09,0.17,135.2941176470588
1997-10-16,23.06,23.36,23.06,23.06,444011,23.135,0.17,135.6470588235294
1997-10-17,22.9,23.04,22.46,22.7,677142,22.775,0.17,133.52941176470586
1997-10-20,22.68,23.84,22.68,23.8,889278,23.25,0.17,140.0
1997-10-21,23.88,23.88,23.46,23.54,1102982,23.69,0.17,138.47058823529412
1997-10-22,23.54,24.47,23.54,24.41,977955,23.99,0.17,143.58823529411762
1997-10-23,24.09,24.11,23.46,23.82,1111442,23.87,0.17,140.1176470588235
1997-10-24,23.94,24.01,23.28,23.4,1073214,23.6575,0.17,137.6470588235294
1997-10-27,23.32,23.42,21.9,21.9,1223309,22.635,0.17,128.8235294117647
1997-10-28,21.82,23.0,21.4,22.92,2116974,22.285,0.17,134.8235294117647
1997-10-29,22.92,23.06,22.36,22.36,1265922,22.675,0.17,131.52941176470586
1997-10-30,22.18,23.52,22.14,22.76,877371,22.65,0.17,133.88235294117646
1997-10-31,22.9,24.09,22.9,23.7,1314804,23.3975,0.17,139.41176470588235
1997-11-03,23.74,23.97,23.66,23.94,757360,23.8275,0.17,140.8235294117647
1997-11-04,23.8,23.88,23.34,23.44,974823,23.615,0.17,137.88235294117646
1997-11-05,23.52,23.92,23.3,23.9,1325145,23.66,0.17,140.58823529411762
1997-11-06,23.92,24.41,23.92,24.15,886145,24.1,0.17,142.05882352941174
1997-11-07,23.88,23.92,23.5,23.72,619486,23.755,0.17,139.52941176470586
1997-11-10,23.8,24.03,23.56,23.64,861703,23.7575,0.17,139.05882352941177
1997-11-11,23.64,23.64,23.32,23.58,1396274,23.545,0.17,138.70588235294116
1997-11-12,23.58,23.8,22.98,23.2,1763832,23.39,0.17,136.47058823529412
1997-11-13,23.22,23.5,23.14,23.4,571230,23.315,0.17,137.6470588235294
1997-11-14,23.42,23.6,23.26,23.26,581257,23.385,0.17,136.8235294117647
1997-11-17,23.46,23.92,23.44,23.92,917480,23.685,0.17,140.7058823529412
1997-11-18,23.97,24.75,23.96,24.47,1787647,24.2875,0.17,143.94117647058823
1997-11-19,24.41,24.81,24.35,24.43,720698,24.5,0.17,143.70588235294116
1997-11-20,24.45,24.75,24.37,24.45,1249317,24.505,0.17,143.8235294117647
1997-11-21,24.21,24.81,24.13,24.81,1040625,24.49,0.17,145.9411764705882
1997-11-24,24.77,25.13,24.53,24.57,861703,24.75,0.17,144.52941176470588
1997-11-25,24.59,24.71,24.41,24.51,580630,24.555,0.17,144.1764705882353
1997-11-26,24.47,24.65,24.23,24.23,1045639,24.395,0.17,142.52941176470588
1997-11-28,24.37,24.37,24.01,24.17,685916,24.23,0.17,142.1764705882353
1997-12-01,24.25,24.33,24.01,24.09,638600,24.17,0.17,141.70588235294116
1997-12-02,24.07,24.15,23.86,24.01,1137137,24.0225,0.17,141.23529411764704
1997-12-03,24.03,24.49,23.97,24.43,1668263,24.23,0.17,143.70588235294116
1997-12-04,24.51,24.85,24.51,24.83,573737,24.675,0.17,146.05882352941174
1997-12-05,24.83,24.83,24.19,24.45,1184766,24.575,0.17,143.8235294117647
1997-12-08,24.45,24.49,24.13,24.29,421136,24.34,0.17,142.88235294117646
1997-12-09,24.37,24.37,24.13,24.19,639854,24.265,0.17,142.2941176470588
1997-12-10,24.03,24.17,23.97,24.05,791829,24.055,0.17,141.47058823529412
1997-12-11,23.94,23.94,23.46,23.72,1546369,23.765,0.17,139.52941176470586
1997-12-12,23.76,23.82,23.46,23.56,504801,23.65,0.17,138.58823529411762
1997-12-15,23.62,23.7,23.12,23.18,1466465,23.405,0.17,136.35294117647058
1997-12-16,23.24,23.24,22.74,23.04,1556396,23.065,0.17,135.52941176470586
1997-12-17,23.02,23.7,23.02,23.62,1270935,23.34,0.17,138.94117647058823
1997-12-18,23.64,23.8,23.14,23.16,1068200,23.435,0.17,136.23529411764704
1997-12-19,22.86,22.98,22.58,22.6,1608413,22.755,0.17,132.94117647058823
1997-12-22,22.6,22.62,22.34,22.34,1113949,22.475,0.17,131.41176470588235
1997-12-23,22.42,23.04,22.38,22.94,1267488,22.695,0.17,134.94117647058823
1997-12-24,22.94,23.26,22.68,22.8,630453,22.92,0.17,134.11764705882354
1997-12-26,22.72,22.84,22.56,22.58,336534,22.675,0.17,132.8235294117647
1997-12-29,22.66,23.28,22.58,23.16,755480,22.92,0.17,136.23529411764704
1997-12-30,23.24,23.68,23.2,23.68,550237,23.45,0.17,139.2941176470588
1997-12-31,23.7,24.13,23.58,23.97,1709936,23.845,0.17,140.99999999999997
1998-01-02,24.21,24.45,24.09,24.39,776475,24.285,0.17,143.47058823529412
1998-01-05,24.31,24.87,24.23,24.81,982028,24.555,0.17,145.9411764705882
1998-01-06,24.77,24.85,24.55,24.73,754540,24.725,0.17,145.47058823529412
1998-01-07,24.73,24.73,24.11,24.49,936594,24.515,0.23,106.4782608695652
1998-01-08,24.49,24.49,23.54,23.7,1210461,24.055,0.23,103.04347826086956
1998-01-09,23.7,23.7,22.6,22.64,2299656,23.16,0.23,98.43478260869566
1998-01-12,22.58,23.34,22.46,23.02,1238349,22.85,0.23,100.08695652173913
1998-01-13,22.94,23.18,22.82,22.92,455918,22.965,0.23,99.65217391304348
1998-01-14,22.98,22.98,22.64,22.68,1205761,22.82,0.23,98.6086956521739
1998-01-15,22.74,22.74,22.42,22.64,1182573,22.635,0.23,98.43478260869566
1998-01-16,22.7,22.78,22.56,22.66,1090761,22.675,0.23,98.52173913043478
1998-01-20,22.66,22.9,22.66,22.82,1087314,22.76,0.23,99.21739130434783
1998-01-21,22.88,22.88,22.34,22.54,973256,22.66,0.23,97.99999999999999
1998-01-22,22.38,22.54,22.24,22.34,1213595,22.375,0.23,97.13043478260869
1998-01-23,22.26,22.82,22.24,22.74,1028718,22.515,0.23,98.8695652173913
1998-01-26,22.82,23.26,22.82,23.1,1515661,23.0,0.23,100.43478260869566
1998-01-27,22.98,23.18,22.92,23.14,1638181,23.055,0.23,100.6086956521739
1998-01-28,23.46,24.41,23.46,24.37,1303837,23.925,0.23,105.95652173913044
1998-01-29,24.35,25.09,24.33,24.89,1458318,24.665,0.23,108.21739130434783
1998-01-30,24.81,24.91,24.61,24.71,1297257,24.76,0.23,107.43478260869566
1998-02-02,24.77,25.39,24.77,25.37,1178813,25.075,0.23,110.30434782608695
1998-02-03,25.29,25.71,25.15,25.71,1159072,25.465,0.23,111.78260869565217
1998-02-04,25.63,25.63,24.85,24.93,1158132,25.26,0.23,108.39130434782608
1998-02-05,25.01,25.03,24.55,24.55,644554,24.785,0.23,106.73913043478261
1998-02-06,24.69,25.33,24.69,25.25,1257148,24.99,0.23,109.78260869565217
1998-02-09,25.33,25.33,24.97,25.11,504487,25.185,0.23,109.17391304347825
1998-02-10,25.19,25.91,25.19,25.79,1120530,25.52,0.23,112.13043478260869
1998-02-11,25.79,26.01,25.65,25.95,767387,25.85,0.27,96.1111111111111
1998-02-12,25.95,26.15,25.47,26.15,581257,25.93,0.27,96.85185185185183
1998-02-13,26.07,26.07,25.75,25.99,427716,25.97,0.27,96.25925925925925
1998-02-17,26.07,26.13,25.55,25.67,620112,25.855,0.27,95.07407407407408
1998-02-18,25.69,26.05,25.65,26.01,510441,25.85,0.27,96.33333333333333
1998-02-19,25.93,26.01,25.77,25.97,218088,25.92,0.27,96.18518518518518
1998-02-20,26.09,26.09,25.45,25.75,859196,25.845,0.27,95.37037037037037
1998-02-23,25.73,27.55,25.73,27.45,1647268,26.615,0.27,101.66666666666666
1998-02-24,25.61,26.25,25.37,25.47,2900972,25.675,0.27,94.33333333333333
1998-02-25,25.47,26.15,25.23,25.97,2032999,25.705,0.27,96.18518518518518
1998-02-26,25.91,26.13,25.89,26.11,541776,26.01,0.27,96.7037037037037
1998-02-27,26.17,26.37,26.05,26.13,1514721,26.18,0.27,96.77777777777777
1998-03-02,25.97,26.25,25.89,26.07,501981,26.045,0.27,96.55555555555556
1998-03-03,26.05,26.05,25.21,25.21,865150,25.63,0.27,93.37037037037037
1998-03-04,24.73,25.53,24.65,25.47,3770196,25.095,0.27,94.33333333333333
1998-03-05,25.29,25.31,24.99,25.07,659281,25.165,0.27,92.85185185185185
1998-03-06,25.15,25.61,25.15,25.53,616039,25.36,0.27,94.55555555555556
1998-03-09,25.45,26.15,25.41,25.85,985475,25.715,0.27,95.74074074074073
1998-03-10,25.87,26.57,25.87,26.51,646121,26.205,0.27,98.18518518518519
1998-03-11,26.49,27.05,26.37,26.89,614785,26.7,0.27,99.5925925925926
1998-03-12,26.81,27.43,26.81,27.43,844782,27.12,0.27,101.59259259259258
1998-03-13,27.43,27.47,27.31,27.31,535822,27.38,0.27,101.14814814814814
1998-03-16,27.31,27.47,27.21,27.43,540836,27.355,0.27,101.59259259259258
1998-03-17,27.43,27.49,27.31,27.37,347501,27.4,0.27,101.37037037037037
1998-03-18,27.37,27.39,26.93,26.93,444637,27.155,0.27,99.74074074074073
1998-03-19,26.77,26.99,26.65,26.69,404218,26.775,0.27,98.85185185185185
1998-03-20,26.77,27.21,26.67,27.17,1074780,26.955,0.27,100.62962962962963
1998-03-23,27.17,27.74,27.13,27.65,691556,27.4225,0.27,102.40740740740739
1998-03-24,27.8,27.88,27.49,27.78,910899,27.7375,0.27,102.88888888888889
1998-03-25,28.12,28.38,27.65,27.65,883638,27.95,0.27,102.40740740740739
1998-03-26,27.55,27.84,27.43,27.84,625753,27.665,0.27,103.1111111111111
1998-03-27,27.84,27.96,27.43,27.76,1137450,27.7475,0.27,102.81481481481481
1998-03-30,27.59,27.98,27.59,27.66,568096,27.705,0.27,102.44444444444444
1998-03-31,27.74,28.36,27.74,28.14,504801,27.995,0.27,104.22222222222221
1998-04-01,28.16,29.28,27.88,29.06,827864,28.595,0.27,107.62962962962962
1998-04-02,29.14,29.86,29.0,29.6,825984,29.4,0.27,109.62962962962963
1998-04-03,29.72,30.12,29.56,29.88,647061,29.82,0.27,110.66666666666666
1998-04-06,29.8,29.92,29.4,29.92,704717,29.76,0.27,110.81481481481481
1998-04-07,30.0,30.28,29.36,29.92,616979,29.89,0.27,110.81481481481481
1998-04-08,29.92,29.92,28.6,29.18,952888,29.405,0.27,108.07407407407406
1998-04-09,29.2,29.72,29.16,29.66,323373,29.435,0.27,109.85185185185185
1998-04-13,29.36,29.68,28.86,29.54,580317,29.36,0.27,109.40740740740739
1998-04-14,29.36,29.4,28.96,29.28,415812,29.25,0.27,108.44444444444444
1998-04-15,29.28,29.28,28.58,28.8,753287,28.985,0.27,106.66666666666666
1998-04-16,28.72,28.76,28.62,28.68,659595,28.695,0.27,106.22222222222221
1998-04-17,28.72,29.22,28.6,29.22,1552636,28.94,0.27,108.22222222222221
1998-04-20,29.18,29.5,28.24,28.72,1274382,28.91,0.27,106.37037037037035
1998-04-21,28.7,28.7,28.2,28.28,399831,28.47,0.27,104.74074074074073
1998-04-22,28.28,30.0,28.28,29.72,1484952,29.07,0.27,110.07407407407406
1998-04-23,29.68,29.98,29.32,29.68,883324,29.665,0.27,109.92592592592592
1998-04-24,29.64,29.76,29.2,29.4,1029971,29.5,0.27,108.88888888888887
1998-04-27,29.32,29.32,28.24,28.32,850423,28.8,0.27,104.88888888888889
1998-04-28,28.88,28.88,28.48,28.64,920613,28.72,0.27,106.07407407407408
1998-04-29,28.64,29.88,28.64,29.84,1055039,29.25,0.27,110.5185185185185
1998-04-30,29.96,31.08,29.91,30.72,1553576,30.4175,0.27,113.77777777777777
1998-05-01,30.76,30.76,30.18,30.24,771148,30.485,0.27,111.99999999999999
1998-05-04,30.24,30.68,30.2,30.32,1028404,30.36,0.27,112.29629629629629
1998-05-05,30.4,30.44,30.2,30.32,652074,30.34,0.27,112.29629629629629
1998-05-06,30.36,30.72,30.36,30.72,622619,30.54,0.27,113.77777777777777
1998-05-07,30.68,30.68,30.2,30.32,572796,30.47,0.27,112.29629629629629
1998-05-08,30.16,30.16,29.68,29.74,605385,29.935,0.27,110.14814814814814
1998-05-11,29.9,30.1,29.72,29.74,407038,29.865,0.27,110.14814814814814
1998-05-12,29.82,30.08,29.82,30.04,488193,29.94,0.27,111.25925925925925
1998-05-13,29.96,30.04,29.74,29.98,407038,29.93,0.27,111.03703703703704
1998-05-14,29.94,30.2,29.94,30.12,221221,30.05,0.27,111.55555555555556
1998-05-15,30.2,30.82,30.2,30.56,649881,30.445,0.27,113.18518518518518
1998-05-18,30.56,30.56,28.56,28.72,5576646,29.6,0.27,106.37037037037035
1998-05-19,29.5,29.68,28.66,28.68,4865661,29.13,0.27,106.22222222222221
1998-05-20,28.68,28.76,27.88,28.1,2463852,28.355,0.27,104.07407407407408
1998-05-21,28.1,28.22,27.13,27.92,2979307,27.8425,0.27,103.4074074074074
1998-05-22,28.08,28.5,28.08,28.4,3481291,28.265,0.27,105.18518518518518
1998-05-26,28.4,28.4,28.16,28.16,1593998,28.28,0.27,104.29629629629629
1998-05-27,28.18,28.18,27.68,27.82,973883,27.965,0.27,103.03703703703704
1998-05-28,27.88,28.5,27.61,28.44,1844988,28.1075,0.27,105.33333333333333
1998-05-29,28.72,28.72,28.44,28.48,2420296,28.59,0.27,105.48148148148148
1998-06-01,28.44,28.44,28.06,28.14,847289,28.27,0.27,104.22222222222221
1998-06-02,28.14,28.16,27.66,27.72,746079,27.92,0.27,102.66666666666666
1998-06-03,27.76,27.88,27.23,27.33,1123976,27.55,0.27,101.22222222222221
1998-06-04,27.29,27.84,27.25,27.76,1000516,27.535,0.27,102.81481481481481
1998-06-05,27.86,28.14,27.86,28.08,947248,27.985,0.27,103.99999999999999
1998-06-08,28.0,28.08,27.61,27.65,1524748,27.835,0.27,102.40740740740739
1998-06-09,27.66,28.38,27.51,28.36,2353553,27.9775,0.27,105.03703703703702
1998-06-10,28.32,28.34,28.0,28.14,1157505,28.2,0.27,104.22222222222221
1998-06-11,28.14,28.6,28.08,28.38,1545116,28.3,0.27,105.1111111111111
1998-06-12,28.34,29.02,28.0,29.0,2101307,28.59,0.27,107.4074074074074
1998-06-15,28.96,29.0,28.56,28.6,1772292,28.78,0.27,105.92592592592592
1998-06-16,28.72,28.72,28.22,28.56,1478372,28.555,0.27,105.77777777777777
1998-06-17,28.72,28.72,28.36,28.42,1872877,28.555,0.27,105.25925925925925
1998-06-18,28.46,28.46,28.3,28.38,968242,28.4,0.27,105.1111111111111
1998-06-19,28.38,28.6,28.26,28.6,1472732,28.46,0.27,105.92592592592592
1998-06-22,28.6,28.76,28.36,28.44,838202,28.54,0.27,105.33333333333333
1998-06-23,28.46,28.64,28.4,28.64,2049293,28.535,0.27,106.07407407407408
1998-06-24,28.72,29.84,28.68,29.84,2520566,29.27,0.27,110.5185185185185
1998-06-25,30.08,30.22,29.82,30.22,859823,30.085,0.27,111.92592592592591
1998-06-26,30.18,30.28,29.82,29.88,1271562,30.04,0.27,110.66666666666666
1998-06-29,29.94,30.08,29.48,29.48,534569,29.745,0.27,109.18518518518518
1998-06-30,29.5,30.56,29.5,29.92,1790467,29.87,0.27,110.81481481481481
1998-07-01,30.12,30.56,30.04,30.44,1153745,30.29,0.27,112.74074074074073
1998-07-02,30.62,30.68,30.58,30.62,1506887,30.625,0.27,113.4074074074074
1998-07-06,30.8,31.51,30.56,31.33,899932,31.05,0.27,116.03703703703702
1998-07-07,31.43,32.17,31.43,32.05,1923639,31.77,0.27,118.70370370370368
1998-07-08,32.05,32.55,32.05,32.23,1923013,32.22,0.27,119.37037037037035
1998-07-09,32.59,32.63,31.16,31.47,1326085,31.9625,0.27,116.55555555555554
1998-07-10,31.39,31.49,30.96,31.06,1640688,31.225,0.27,115.03703703703702
1998-07-13,30.98,31.2,30.92,31.1,1301644,31.05,0.27,115.18518518518518
1998-07-14,31.12,31.91,30.96,31.18,1571437,31.2925,0.27,115.48148148148147
1998-07-15,31.1,31.89,31.08,31.47,1993517,31.385,0.27,116.55555555555554
1998-07-16,31.45,32.73,31.37,32.49,2582296,32.01,0.27,120.33333333333333
1998-07-17,32.41,32.63,32.13,32.51,1279709,32.42,0.27,120.40740740740739
1998-07-20,32.39,32.47,31.81,31.85,1199181,32.13,0.27,117.96296296296296
1998-07-21,31.91,31.91,30.78,30.8,1290050,31.35,0.27,114.07407407407408
1998-07-22,30.88,31.57,30.7,30.86,941294,31.0025,0.27,114.29629629629629
1998-07-23,30.64,30.98,30.08,30.16,1345826,30.465,0.27,111.7037037037037
1998-07-24,30.22,30.74,30.06,30.2,2189358,30.305,0.27,111.85185185185185
1998-07-27,30.16,31.12,29.88,30.9,2582609,30.515,0.27,114.44444444444443
1998-07-28,30.9,31.83,30.56,30.76,2147682,31.0125,0.27,113.92592592592592
1998-07-29,30.76,31.57,30.76,31.28,2031745,31.0925,0.27,115.85185185185185
1998-07-30,31.28,31.81,31.06,31.16,1681107,31.3275,0.27,115.4074074074074
1998-07-31,31.2,31.63,30.62,30.66,1529448,31.0275,0.27,113.55555555555554
1998-08-03,29.52,30.72,29.52,30.64,4203556,30.1,0.27,113.48148148148148
1998-08-04,30.64,31.2,29.46,29.56,2402435,30.215,0.27,109.48148148148147
1998-08-05,30.08,30.08,29.18,29.62,2630552,29.74,0.27,109.7037037037037
1998-08-06,29.58,29.68,29.16,29.62,1380608,29.51,0.27,109.7037037037037
1998-08-07,29.48,30.64,29.18,30.64,4831819,29.985,0.27,113.48148148148148
1998-08-10,30.58,31.67,30.38,31.02,2051173,30.9125,0.27,114.88888888888889
1998-08-11,30.96,30.98,30.2,30.98,1841228,30.78,0.27,114.74074074074073
1998-08-12,30.98,31.04,30.56,30.88,1697401,30.865,0.27,114.37037037037035
1998-08-13,30.96,31.22,30.42,30.58,1368701,30.795,0.27,113.25925925925925
1998-08-14,30.62,30.94,29.9,30.36,1302270,30.455,0.27,112.44444444444443
1998-08-17,30.44,30.96,30.16,30.94,982655,30.625,0.27,114.5925925925926
1998-08-18,30.96,31.67,30.9,31.59,1611859,31.28,0.27,116.99999999999999
1998-08-19,31.59,32.21,31.43,31.89,1230516,31.78,0.27,118.1111111111111
1998-08-20,31.81,31.87,31.18,31.49,1028091,31.5875,0.27,116.62962962962962
1998-08-21,31.37,31.37,29.92,31.06,1546683,30.93,0.27,115.03703703703702
1998-08-24,31.33,31.57,30.88,30.94,1302584,31.18,0.27,114.5925925925926
1998-08-25,31.83,31.83,30.98,31.12,2470746,31.44,0.27,115.25925925925925
1998-08-26,31.12,31.28,30.88,31.18,1969702,31.115,0.27,115.48148148148147
1998-08-27,31.2,31.2,30.0,30.3,2127001,30.675,0.27,112.22222222222221
1998-08-28,30.32,30.76,29.84,30.72,2006051,30.41,0.27,113.77777777777777
1998-08-31,30.88,30.92,27.92,27.92,2243253,29.41,0.27,103.4074074074074
1998-09-01,28.4,28.48,27.41,27.43,3456850,27.93,0.23,119.26086956521739
1998-09-02,27.45,28.3,27.45,28.08,2478893,27.82,0.23,122.08695652173911
1998-09-03,27.49,27.7,25.85,27.55,3097752,27.1475,0.23,119.78260869565217
1998-09-04,27.53,27.55,26.29,26.65,2302163,27.005,0.23,115.8695652173913
1998-09-08,27.09,27.68,26.99,27.45,2000410,27.3025,0.23,119.34782608695652
1998-09-09,27.37,27.68,27.03,27.13,1621260,27.3025,0.23,117.95652173913042
1998-09-10,26.81,28.14,26.81,27.17,2635879,27.2325,0.23,118.1304347826087
1998-09-11,27.09,27.68,27.09,27.39,1313864,27.3125,0.23,119.08695652173913
1998-09-14,27.76,28.28,27.68,28.16,1232396,27.97,0.23,122.43478260869564
1998-09-15,28.08,29.08,27.9,29.06,2786599,28.53,0.23,126.34782608695652
1998-09-16,29.06,30.02,29.06,29.84,2665332,29.495,0.23,129.7391304347826
1998-09-17,29.84,30.16,28.72,29.36,3382586,29.52,0.23,127.65217391304347
1998-09-18,29.36,29.58,29.1,29.5,1487146,29.385,0.23,128.26086956521738
1998-09-21,29.2,30.88,29.08,30.88,1101729,30.01,0.23,134.26086956521738
1998-09-22,31.26,31.67,30.84,31.28,1391889,31.2625,0.23,136.0
1998-09-23,31.43,33.03,31.43,32.61,2166170,32.125,0.23,141.78260869565216
1998-09-24,32.61,33.29,32.47,32.71,1967195,32.77,0.23,142.2173913043478
1998-09-25,32.23,32.63,32.05,32.21,2311250,32.28,0.23,140.04347826086956
1998-09-28,32.87,33.11,32.71,32.93,1562663,32.905,0.23,143.17391304347825
1998-09-29,32.87,34.23,32.85,33.99,1654475,33.485,0.23,147.7826086956522
1998-09-30,33.91,33.99,32.39,32.95,1680167,33.31,0.23,143.2608695652174
1998-10-01,32.55,32.67,30.8,31.67,1950901,31.9225,0.23,137.69565217391303
1998-10-02,31.59,32.43,31.2,32.23,2031119,31.8625,0.23,140.1304347826087
1998-10-05,32.15,32.91,31.16,31.43,1761325,31.9125,0.23,136.65217391304347
1998-10-06,31.59,32.55,31.59,32.19,2242940,31.98,0.23,139.9565217391304
1998-10-07,32.11,32.19,30.16,30.56,2249520,31.255,0.23,132.86956521739128
1998-10-08,28.96,29.68,28.22,29.58,3367858,29.11,0.23,128.6086956521739
1998-10-09,27.45,27.45,25.71,26.77,20815366,26.845,0.23,116.39130434782608
1998-10-12,27.05,27.8,27.05,27.27,5654357,27.2925,0.23,118.56521739130434
1998-10-13,27.49,27.49,26.23,26.25,3734164,26.865,0.23,114.13043478260869
1998-10-14,26.29,27.76,26.15,27.39,2825141,26.8975,0.23,119.08695652173913
1998-10-15,27.39,29.12,27.37,29.12,4397519,28.25,0.23,126.6086956521739
1998-10-16,29.84,29.84,29.4,29.76,3929064,29.71,0.23,129.3913043478261
1998-10-19,29.7,29.7,29.16,29.42,1792033,29.495,0.23,127.91304347826087
1998-10-20,29.5,30.04,28.28,28.3,2633059,29.03,0.23,123.04347826086956
1998-10-21,28.54,29.04,27.39,28.04,2832975,28.2525,0.23,121.91304347826086
1998-10-22,28.04,28.08,27.53,27.61,1481819,27.815,0.23,120.04347826086956
1998-10-23,27.61,28.84,27.23,28.38,1843422,28.015,0.23,123.39130434782608
1998-10-26,28.72,28.92,27.17,27.45,3293910,28.065,0.23,119.34782608695652
1998-10-27,27.92,28.04,27.53,27.82,2968027,27.8275,0.23,120.95652173913044
1998-10-28,28.0,28.46,27.76,28.38,1529448,28.15,0.23,123.39130434782608
1998-10-29,28.56,29.84,28.56,29.68,3899297,29.16,0.23,129.04347826086956
1998-10-30,29.8,30.5,29.72,30.2,2621151,30.055,0.23,131.30434782608694
1998-11-02,30.19,31.38,30.07,30.82,2521206,30.615,0.23,134.0
1998-11-03,30.85,30.91,30.55,30.7,2639444,30.7525,0.23,133.47826086956522
1998-11-04,31.03,31.56,30.94,31.44,1477545,31.2425,0.23,136.69565217391303
1998-11-05,31.44,31.74,31.0,31.71,1342179,31.4725,0.23,137.8695652173913
1998-11-06,31.8,31.83,30.7,30.91,1912474,31.31,0.23,134.3913043478261
1998-11-09,31.12,31.29,30.55,31.21,1129727,31.0425,0.23,135.69565217391303
1998-11-10,31.35,31.77,31.18,31.47,1394193,31.4425,0.23,136.82608695652172
1998-11-11,31.35,31.41,30.43,30.49,1747443,30.92,0.23,132.56521739130434
1998-11-12,30.37,30.46,29.68,30.34,2128058,30.2125,0.23,131.91304347826087
1998-11-13,31.24,31.24,30.58,30.88,1402967,30.985,0.23,134.26086956521738
1998-11-16,31.18,31.24,30.91,31.09,1017757,31.105,0.23,135.17391304347825
1998-11-17,31.21,31.59,30.76,31.44,1835390,31.25,0.23,136.69565217391303
1998-11-18,31.56,31.95,30.46,31.8,2129312,31.4425,0.23,138.26086956521738
1998-11-19,31.77,33.03,31.47,32.79,1876961,32.265,0.23,142.56521739130434
1998-11-20,33.45,33.96,33.15,33.57,1319200,33.5325,0.23,145.95652173913044
1998-11-23,33.51,34.83,33.06,33.24,1524965,33.66,0.23,144.52173913043478
1998-11-24,32.85,33.51,32.79,32.79,1151035,32.985,0.23,142.56521739130434
1998-11-25,32.91,33.48,32.91,33.45,1293923,33.1875,0.23,145.43478260869566
1998-11-27,33.45,33.45,33.27,33.42,478170,33.3975,0.23,145.30434782608697
1998-11-30,33.03,33.39,32.85,32.97,1077921,33.06,0.23,143.3478260869565
1998-12-01,32.67,32.7,31.83,32.34,1700440,32.385,0.23,140.60869565217394
1998-12-02,32.28,33.42,32.01,33.15,1409025,32.715,0.23,144.1304347826087
1998-12-03,33.27,33.75,32.88,32.91,1061418,33.2025,0.23,143.0869565217391
1998-12-04,32.79,34.29,32.79,34.2,1024860,33.5175,0.23,148.69565217391306
1998-12-07,34.29,34.47,33.6,34.2,984542,34.14,0.23,148.69565217391306
1998-12-08,33.93,34.77,33.72,34.05,1319617,34.1175,0.23,148.04347826086953
1998-12-09,33.93,35.54,33.93,35.39,2062046,34.6975,0.23,153.8695652173913
1998-12-10,35.39,35.78,34.26,34.38,1001045,34.9525,0.23,149.47826086956522
1998-12-11,34.41,34.47,33.54,34.2,725089,34.155,0.23,148.69565217391306
1998-12-14,34.29,35.12,33.84,34.35,895342,34.4,0.23,149.34782608695653
1998-12-15,34.83,34.83,33.84,34.29,1061209,34.4475,0.23,149.08695652173913
1998-12-16,34.38,34.92,34.05,34.65,1661586,34.5,0.23,150.65217391304347
1998-12-17,34.77,34.83,34.02,34.59,1031336,34.5525,0.23,150.3913043478261
1998-12-18,34.35,34.62,33.75,33.93,1047630,34.1625,0.23,147.52173913043478
1998-12-21,33.66,34.35,33.6,33.6,843952,33.8025,0.23,146.08695652173913
1998-12-22,33.99,34.32,33.3,34.29,1405683,33.975,0.23,149.08695652173913
1998-12-23,33.99,34.11,33.51,33.96,1056195,33.8925,0.23,147.65217391304347
1998-12-24,34.08,34.11,33.69,34.02,312094,33.975,0.23,147.91304347826087
1998-12-28,34.02,34.89,34.02,34.53,1271361,34.365,0.23,150.1304347826087
1998-12-29,34.65,35.42,34.5,35.42,1323795,34.9975,0.23,154.0
1998-12-30,35.42,35.93,35.12,35.87,850846,35.585,0.23,155.9565217391304
1998-12-31,35.99,36.56,35.66,36.32,1459788,36.1325,0.23,157.91304347826087
1999-01-04,36.62,37.04,34.71,35.12,1527890,35.8725,0.23,152.69565217391303
1999-01-05,35.0,35.72,34.95,35.39,1383959,35.265,0.23,153.8695652173913
1999-01-06,35.54,35.54,34.32,35.0,1869859,35.1,0.23,152.17391304347825
1999-01-07,35.06,35.12,34.26,34.65,1054106,34.7725,0.23,150.65217391304347
1999-01-08,34.68,34.8,33.45,34.08,1332360,34.2525,0.23,148.17391304347825
1999-01-11,34.2,34.2,32.79,33.21,2257784,33.6,0.23,144.3913043478261
1999-01-12,33.33,33.63,33.03,33.15,1419053,33.285,0.23,144.1304347826087
1999-01-13,32.85,33.27,32.58,32.7,1017131,32.85,0.23,142.17391304347828
1999-01-14,32.79,33.69,32.7,33.6,1698351,33.195,0.23,146.08695652173913
1999-01-15,33.96,33.96,33.24,33.36,1388137,33.63,0.23,145.04347826086956
1999-01-19,33.75,33.75,32.46,33.42,1767497,33.345,0.23,145.30434782608697
1999-01-20,33.75,33.93,33.36,33.93,1344059,33.7425,0.23,147.52173913043478
1999-01-21,33.93,34.89,33.75,34.5,1840821,34.2675,0.23,150.0
1999-01-22,34.5,35.12,34.17,34.97,2801758,34.69,0.23,152.04347826086956
1999-01-25,35.09,35.27,33.54,34.2,1826407,34.525,0.23,148.69565217391306
1999-01-26,34.83,35.09,34.5,34.86,1436600,34.82,0.23,151.56521739130434
1999-01-27,34.97,35.81,34.77,35.75,1684355,35.325,0.23,155.43478260869566
1999-01-28,35.87,35.87,34.53,35.39,1925635,35.415,0.23,153.8695652173913
1999-01-29,35.75,35.75,34.74,35.39,1508253,35.4075,0.23,153.8695652173913
1999-02-01,35.63,37.34,35.48,37.22,2342598,36.4175,0.23,161.82608695652172
1999-02-02,37.46,37.94,36.8,37.79,2156051,37.4975,0.23,164.30434782608694
1999-02-03,37.79,39.85,37.25,38.54,7280146,38.3575,0.23,167.56521739130434
1999-02-04,38.27,38.36,37.67,38.09,4439532,38.0975,0.23,165.6086956521739
1999-02-05,38.09,38.09,36.59,37.04,2964492,37.4525,0.23,161.04347826086956
1999-02-08,37.04,37.16,35.6,35.69,2383125,36.3725,0.23,155.17391304347825
1999-02-09,35.78,36.26,35.51,35.54,2543977,35.7725,0.23,154.52173913043478
1999-02-10,35.42,35.87,34.23,34.8,2141637,35.08,0.23,151.30434782608694
1999-02-11,34.83,35.9,34.83,35.78,2081056,35.335,0.34,105.23529411764706
1999-02-12,35.78,36.86,35.69,36.62,2632968,36.2375,0.34,107.70588235294116
1999-02-16,37.28,37.82,36.62,37.82,2421562,37.385,0.34,111.23529411764706
1999-02-17,37.7,37.73,36.38,36.74,2040111,37.1375,0.34,108.05882352941177
1999-02-18,36.86,36.86,35.42,36.65,2184253,36.4475,0.34,107.79411764705881
1999-02-19,36.59,36.62,35.78,36.47,1515774,36.365,0.34,107.26470588235293
1999-02-22,36.41,36.44,35.84,36.05,1714437,36.185,0.34,106.02941176470587
1999-02-23,35.78,36.44,35.18,35.45,1790059,35.7125,0.34,104.26470588235294
1999-02-24,35.75,36.35,35.66,35.78,1464175,35.885,0.34,105.23529411764706
1999-02-25,35.78,35.81,34.47,34.92,1776480,35.245,0.34,102.70588235294117
1999-02-26,34.92,34.92,33.6,34.56,2241490,34.5,0.34,101.6470588235294
1999-03-01,34.35,34.53,33.48,33.99,1396491,34.0875,0.34,99.97058823529412
1999-03-02,33.99,34.95,33.87,34.95,1929395,34.44,0.34,102.79411764705883
1999-03-03,34.86,35.63,34.23,35.36,1328391,35.02,0.34,103.99999999999999
1999-03-04,35.36,35.87,35.06,35.39,1279091,35.42,0.34,104.08823529411764
1999-03-05,35.9,35.9,35.06,35.39,1620851,35.5625,0.34,104.08823529411764
1999-03-08,34.95,36.62,34.23,36.62,1631296,35.605,0.34,107.70588235294116
1999-03-09,36.68,36.68,35.6,35.81,1263632,36.1925,0.34,105.32352941176471
1999-03-10,35.81,35.81,34.11,34.11,2121582,34.96,0.34,100.3235294117647
1999-03-11,34.38,35.42,34.05,35.42,2120329,34.8175,0.34,104.17647058823529
1999-03-12,36.14,37.28,35.72,37.22,2404850,36.59,0.34,109.4705882352941
1999-03-15,37.16,37.22,36.32,36.95,1481305,36.9125,0.34,108.67647058823529
1999-03-16,36.95,36.95,36.23,36.65,1485692,36.695,0.34,107.79411764705881
1999-03-17,36.53,36.53,35.42,35.75,1686026,36.0575,0.34,105.1470588235294
1999-03-18,35.75,36.08,34.59,36.02,2801341,35.61,0.34,105.94117647058823
1999-03-19,36.08,36.26,34.65,34.65,1734491,35.41,0.34,101.91176470588235
1999-03-22,34.8,35.02,34.23,34.44,769167,34.6225,0.34,101.29411764705881
1999-03-23,34.38,34.38,33.33,33.51,1933782,33.9,0.34,98.55882352941175
1999-03-24,33.51,33.63,32.28,32.61,1770840,33.0075,0.34,95.91176470588235
1999-03-25,32.52,32.67,31.59,31.59,3319413,32.0925,0.34,92.91176470588235
1999-03-26,31.77,33.63,31.74,33.48,3245044,32.655,0.34,98.4705882352941
1999-03-29,33.51,33.96,33.21,33.36,2438692,33.51,0.34,98.11764705882352
1999-03-30,33.45,33.45,31.8,32.13,2845210,32.7075,0.34,94.5
1999-03-31,32.25,32.43,30.61,31.59,4569884,31.72,0.34,92.91176470588235
1999-04-01,31.68,32.19,30.76,31.59,3369547,31.555,0.34,92.91176470588235
1999-04-05,31.68,31.77,30.07,30.64,4601219,31.04,0.34,90.11764705882352
1999-04-06,30.58,30.61,29.35,29.83,4475044,30.0925,0.34,87.73529411764704
1999-04-07,29.92,30.07,28.72,28.81,4658667,29.38,0.34,84.73529411764704
1999-04-08,28.81,31.12,28.33,31.0,8383553,29.815,0.34,91.17647058823529
1999-04-09,31.83,32.31,31.09,32.28,3454779,31.8775,0.34,94.94117647058823
1999-04-12,32.16,33.63,31.89,33.51,2612287,32.7975,0.34,98.55882352941175
1999-04-13,33.45,34.41,33.27,33.96,3994366,33.7725,0.34,99.88235294117646
1999-04-14,34.92,34.92,34.2,34.41,3782125,34.6125,0.34,101.20588235294116
1999-04-15,34.92,34.92,33.21,33.21,3587013,34.065,0.34,97.67647058823529
1999-04-16,33.51,33.54,32.1,32.1,3017553,32.8125,0.34,94.41176470588235
1999-04-19,32.16,32.91,31.56,31.56,2003971,32.0475,0.34,92.8235294117647
1999-04-20,31.56,32.07,31.29,31.59,2362443,31.6275,0.34,92.91176470588235
1999-04-21,31.71,32.01,31.03,31.98,3249849,31.6825,0.34,94.05882352941175
1999-04-22,32.01,32.07,30.64,31.86,3726139,31.645,0.34,93.70588235294117
1999-04-23,31.56,31.77,30.79,31.56,2227704,31.42,0.34,92.8235294117647
1999-04-26,31.53,31.53,30.22,30.79,2119285,31.0175,0.34,90.55882352941175
1999-04-27,30.82,31.89,30.79,31.5,1900567,31.25,0.34,92.6470588235294
1999-04-28,31.0,31.12,28.84,29.14,11718633,30.025,0.34,85.70588235294117
1999-04-29,29.2,29.65,28.12,28.84,7846264,28.9525,0.34,84.8235294117647
1999-04-30,28.81,28.81,27.97,28.63,3767710,28.555,0.34,84.20588235294117
1999-05-03,28.69,28.69,27.59,27.88,4419895,28.2125,0.34,81.99999999999999
1999-05-04,27.85,29.14,27.76,28.72,4475879,28.3675,0.34,84.4705882352941
1999-05-05,28.72,28.93,27.88,28.3,1693129,28.4575,0.34,83.23529411764706
1999-05-06,28.0,28.6,27.05,28.54,4378951,28.0475,0.34,83.94117647058823
1999-05-07,28.84,29.2,28.18,28.96,2078340,28.795,0.34,85.17647058823529
1999-05-10,28.93,29.08,28.27,28.45,1585964,28.6825,0.34,83.67647058823529
1999-05-11,28.36,29.98,28.0,29.62,3529565,28.99,0.34,87.11764705882352
1999-05-12,29.56,29.62,29.11,29.62,2809070,29.4775,0.34,87.11764705882352
1999-05-13,30.28,30.82,30.04,30.76,2412788,30.475,0.34,90.47058823529412
1999-05-14,30.34,30.88,29.5,29.68,2989142,30.1,0.21,141.33333333333334
1999-05-17,29.68,29.68,28.9,29.41,2614376,29.4175,0.21,140.04761904761907
1999-05-18,29.62,29.86,28.72,29.59,2803639,29.4475,0.21,140.9047619047619
1999-05-19,29.59,30.46,29.38,30.22,3053275,29.9125,0.21,143.9047619047619
1999-05-20,30.46,31.21,30.46,30.91,5852736,30.76,0.21,147.1904761904762
1999-05-21,30.94,31.0,30.13,30.16,3110512,30.5575,0.21,143.61904761904762
1999-05-24,30.28,30.34,29.38,29.56,3725304,29.89,0.21,140.76190476190476
1999-05-25,29.74,29.8,29.56,29.68,3224154,29.695,0.21,141.33333333333334
1999-05-26,29.44,29.44,28.9,29.08,2893675,29.215,0.21,138.47619047619048
1999-05-27,29.08,29.08,28.54,28.54,3249013,28.81,0.21,135.9047619047619
1999-05-28,28.6,29.08,28.6,28.9,1458326,28.795,0.21,137.61904761904762
1999-06-01,28.84,28.87,28.03,28.24,2113853,28.495,0.21,134.47619047619048
1999-06-02,28.12,28.15,27.17,27.76,3218723,27.8,0.21,132.1904761904762
1999-06-03,27.82,28.12,27.53,27.88,2552750,27.8375,0.21,132.76190476190476
1999-06-04,27.88,28.09,27.64,28.09,2465849,27.925,0.21,133.76190476190476
1999-06-07,28.09,28.09,27.35,27.64,2376857,27.7925,0.21,131.61904761904762
1999-06-08,27.59,28.78,27.41,28.39,2491335,28.0425,0.21,135.1904761904762
1999-06-09,28.51,28.72,28.03,28.27,1390435,28.3825,0.21,134.61904761904762
1999-06-10,28.27,28.57,27.64,27.7,1708170,28.045,0.21,131.9047619047619
1999-06-11,27.76,28.39,27.64,27.76,1541051,27.8875,0.21,132.1904761904762
1999-06-14,28.0,28.39,27.38,28.36,2314814,28.0325,0.21,135.04761904761904
1999-06-15,28.72,28.99,27.41,27.41,1460206,28.1325,0.21,130.52380952380952
1999-06-16,27.67,28.33,27.64,27.82,1786716,27.865,0.21,132.47619047619048
1999-06-17,27.76,28.09,27.56,28.0,1142052,27.8525,0.21,133.33333333333334
1999-06-18,27.76,27.79,27.05,27.3,3183627,27.475,0.21,130.0
1999-06-21,27.41,27.88,27.11,27.23,1769795,27.4075,0.21,129.66666666666669
1999-06-22,27.26,28.96,27.23,28.6,2316067,28.0125,0.21,136.1904761904762
1999-06-23,28.6,28.72,28.06,28.15,2146442,28.3825,0.21,134.04761904761904
1999-06-24,28.24,28.6,28.0,28.3,1195739,28.285,0.21,134.76190476190476
1999-06-25,28.42,28.75,28.12,28.15,1366620,28.36,0.21,134.04761904761904
1999-06-28,28.24,29.11,28.12,28.78,2363488,28.5625,0.21,137.04761904761907
1999-06-29,28.93,30.58,28.81,30.55,2070193,29.7175,0.21,145.47619047619048
1999-06-30,30.55,30.97,29.74,30.7,4265518,30.49,0.21,146.1904761904762
1999-07-01,30.7,32.49,30.52,32.46,2791313,31.5425,0.21,154.57142857142858
1999-07-02,32.34,33.63,32.01,33.36,3382917,32.835,0.21,158.85714285714286
1999-07-06,32.85,33.63,32.49,33.15,2217677,33.03,0.21,157.85714285714286
1999-07-07,33.15,33.33,32.7,33.24,2017550,33.105,0.21,158.2857142857143
1999-07-08,32.73,32.85,32.28,32.85,2157722,32.6775,0.21,156.42857142857144
1999-07-09,32.67,32.88,32.37,32.52,2175061,32.61,0.21,154.8571428571429
1999-07-12,32.55,32.55,31.47,31.53,2706292,32.025,0.21,150.14285714285717
1999-07-13,31.18,31.71,30.88,31.44,3192610,31.3025,0.21,149.71428571428572
1999-07-14,31.56,32.37,31.44,31.83,1369127,31.8,0.21,151.57142857142856
1999-07-15,31.83,31.89,31.59,31.83,1576981,31.785,0.21,151.57142857142856
1999-07-16,31.83,32.16,31.71,32.16,2194907,31.965,0.21,153.14285714285714
1999-07-19,31.95,32.01,31.68,31.89,2967625,31.8825,0.21,151.85714285714286
1999-07-20,31.53,31.68,31.24,31.5,2376231,31.4875,0.21,150.0
1999-07-21,31.62,31.62,31.12,31.29,1184250,31.4125,0.21,149.0
1999-07-22,31.24,31.35,31.03,31.12,1960311,31.185,0.21,148.1904761904762
1999-07-23,31.24,32.13,31.24,32.04,1355757,31.6625,0.21,152.57142857142858
1999-07-26,31.83,32.37,31.41,31.95,1410488,31.89,0.21,152.14285714285714
1999-07-27,31.83,32.97,31.41,32.01,1803428,32.055,0.21,152.42857142857142
1999-07-28,31.35,31.71,31.18,31.59,2013999,31.4575,0.21,150.42857142857144
1999-07-29,31.47,31.5,30.79,30.82,2817426,31.145,0.21,146.76190476190476
1999-07-30,31.12,33.21,31.12,32.67,3226661,32.03,0.21,155.57142857142858
1999-08-02,33.03,33.69,32.79,33.48,2681433,33.2475,0.21,159.42857142857142
1999-08-03,33.48,33.63,32.91,32.94,2041365,33.24,0.21,156.85714285714286
1999-08-04,32.07,32.22,31.59,32.1,1930231,31.995,0.21,152.85714285714286
1999-08-05,31.98,32.34,31.62,32.1,1566745,32.01,0.21,152.85714285714286
1999-08-06,31.98,31.98,31.41,31.77,837894,31.785,0.21,151.28571428571428
1999-08-09,31.89,32.31,31.0,31.62,1437018,31.705,0.21,150.57142857142858
1999-08-10,31.41,31.5,30.34,31.06,2654067,31.0775,0.21,147.9047619047619
1999-08-11,30.97,30.97,30.4,30.85,1706707,30.7975,0.21,146.90476190476193
1999-08-12,30.91,30.94,30.52,30.79,1905998,30.79,0.21,146.61904761904762
1999-08-13,30.91,30.97,30.58,30.76,2889288,30.805,0.21,146.47619047619048
1999-08-16,30.88,30.91,30.25,30.37,3949661,30.6025,0.21,144.61904761904762
1999-08-17,30.28,30.28,28.84,29.74,2715902,29.785,0.21,141.61904761904762
1999-08-18,29.14,29.44,29.08,29.26,2637355,29.23,0.21,139.33333333333334
1999-08-19,29.14,29.2,28.78,29.14,1393358,29.065,0.21,138.76190476190476
1999-08-20,29.32,29.89,29.08,29.77,3086280,29.515,0.21,141.76190476190476
1999-08-23,29.71,29.83,29.41,29.68,2473787,29.6575,0.21,141.33333333333334
1999-08-24,29.8,30.01,29.53,29.71,3073119,29.7625,0.21,141.47619047619048
1999-08-25,29.8,30.7,29.77,30.58,4908302,30.2125,0.21,145.61904761904762
1999-08-26,30.7,30.88,30.04,30.58,1345730,30.55,0.21,145.61904761904762
1999-08-27,30.22,30.28,29.23,29.65,1949032,29.845,0.21,141.19047619047618
1999-08-30,29.65,30.16,29.32,29.8,1259872,29.7325,0.21,141.90476190476193
1999-08-31,29.98,30.52,29.56,30.52,3376232,30.145,0.21,145.33333333333334
1999-09-01,30.52,30.52,29.53,30.28,3046381,30.2125,0.21,144.1904761904762
1999-09-02,30.28,30.37,29.56,30.19,1261752,30.1,0.36,83.86111111111111
1999-09-03,30.64,31.21,30.52,30.85,1888451,30.805,0.36,85.69444444444446
1999-09-07,30.94,30.97,29.92,30.04,1199291,30.4675,0.36,83.44444444444444
1999-09-08,29.74,30.7,29.74,30.55,1416755,30.1825,0.36,84.86111111111111
1999-09-09,30.76,30.88,30.25,30.67,1653021,30.64,0.36,85.19444444444446
1999-09-10,30.58,31.12,30.31,30.64,2372262,30.6625,0.36,85.11111111111111
1999-09-13,30.76,30.88,29.92,30.13,1768751,30.4225,0.36,83.69444444444444
1999-09-14,29.98,30.01,29.2,29.59,1877797,29.695,0.36,82.19444444444444
1999-09-15,29.71,30.28,29.47,29.47,1473576,29.7325,0.36,81.86111111111111
1999-09-16,29.59,29.65,27.23,27.41,5917077,28.47,0.36,76.13888888888889
1999-09-17,27.29,27.32,24.86,25.73,8961372,26.3,0.36,71.47222222222223
1999-09-20,24.89,25.58,24.59,25.13,6246094,25.0475,0.36,69.80555555555556
1999-09-21,25.13,25.91,24.89,25.22,3833932,25.2875,0.36,70.05555555555556
1999-09-22,25.49,25.97,25.16,25.46,3251102,25.52,0.36,70.72222222222223
1999-09-23,25.91,26.81,25.52,25.73,3257160,25.9925,0.36,71.47222222222223
1999-09-24,25.61,26.21,25.58,26.03,2109466,25.8575,0.36,72.30555555555556
1999-09-27,26.06,26.18,25.25,25.82,2479219,25.8275,0.36,71.72222222222223
1999-09-28,25.73,26.06,24.89,24.89,2025279,25.3925,0.36,69.1388888888889
1999-09-29,25.52,25.58,25.13,25.58,2331108,25.4525,0.36,71.05555555555556
1999-09-30,25.58,26.57,25.46,26.09,1796535,25.925,0.36,72.47222222222223
1999-10-01,26.03,27.11,26.03,26.99,1640696,26.54,0.36,74.97222222222221
1999-10-04,26.99,27.53,25.76,26.18,2775647,26.615,0.36,72.72222222222223
1999-10-05,26.18,26.18,25.73,25.76,2217468,25.9625,0.36,71.55555555555556
1999-10-06,25.73,26.09,25.37,25.85,4286408,25.76,0.36,71.80555555555556
1999-10-07,25.97,25.97,25.22,25.46,2088994,25.655,0.36,70.72222222222223
1999-10-08,25.37,26.09,25.37,25.85,1773555,25.67,0.36,71.80555555555556
1999-10-11,25.91,26.51,25.79,26.33,825779,26.135,0.36,73.13888888888889
1999-10-12,26.27,26.33,25.61,25.82,1379572,26.0075,0.36,71.72222222222223
1999-10-13,25.64,25.7,25.13,25.13,1403385,25.4,0.36,69.80555555555556
1999-10-14,23.46,24.74,21.72,24.59,8574695,23.6275,0.36,68.30555555555556
1999-10-15,23.93,24.17,22.77,23.76,4080642,23.6575,0.36,66.0
1999-10-18,23.46,24.05,23.1,23.73,3627329,23.585,0.36,65.91666666666667
1999-10-19,23.7,24.53,23.37,23.52,4354092,23.78,0.36,65.33333333333333
1999-10-20,23.52,23.82,22.98,23.7,2984546,23.505,0.36,65.83333333333333
1999-10-21,23.34,23.58,22.77,23.13,3762906,23.205,0.36,64.25
1999-10-22,20.4,20.82,19.27,20.34,15322564,20.2075,0.36,56.5
1999-10-25,20.46,21.75,20.37,21.3,5488834,20.97,0.36,59.16666666666667
1999-10-26,20.34,20.7,17.71,17.95,23506629,19.175,0.36,49.861111111111114
1999-10-27,18.07,19.39,17.71,19.15,12292275,18.58,0.36,53.19444444444444
1999-10-28,20.11,20.58,19.75,20.25,6290590,20.1725,0.36,56.25
1999-10-29,20.58,21.27,20.23,20.82,4963243,20.725,0.36,57.833333333333336
1999-11-01,21.54,21.81,20.52,21.21,5144776,21.27,0.36,58.91666666666667
1999-11-02,21.45,22.44,21.3,21.54,5043668,21.6825,0.36,59.833333333333336
1999-11-03,21.9,22.08,21.42,21.51,3393989,21.7275,0.36,59.75000000000001
1999-11-04,21.54,21.75,21.24,21.39,4191149,21.48,0.36,59.41666666666667
1999-11-05,21.48,21.66,20.34,20.58,5274085,21.015,0.36,57.166666666666664
1999-11-08,20.58,21.48,20.58,21.42,3324844,21.015,0.36,59.50000000000001
1999-11-09,21.54,21.78,20.97,21.42,4362656,21.4275,0.36,59.50000000000001
1999-11-10,21.45,21.51,20.94,21.45,1989557,21.3375,0.36,59.583333333333336
1999-11-11,21.21,21.36,20.94,21.24,5289753,21.1875,0.36,59.0
1999-11-12,21.18,21.99,21.18,21.78,3202011,21.5325,0.29,75.10344827586208
1999-11-15,21.78,22.44,21.69,22.38,3608321,22.0725,0.29,77.17241379310344
1999-11-16,22.41,24.2,22.38,23.96,3403598,23.2375,0.29,82.62068965517243
1999-11-17,23.93,24.11,23.7,23.93,2294133,23.9175,0.29,82.51724137931035
1999-11-18,23.82,25.07,23.79,24.59,2196160,24.3175,0.29,84.79310344827587
1999-11-19,24.86,24.95,24.44,24.62,1054106,24.7175,0.29,84.89655172413794
1999-11-22,24.41,24.89,23.93,24.71,1362860,24.485,0.29,85.20689655172414
1999-11-23,24.68,25.25,24.62,25.16,2278674,24.9275,0.29,86.75862068965517
1999-11-24,24.53,25.25,24.53,25.22,1383332,24.8825,0.29,86.96551724137932
1999-11-26,25.22,25.34,24.98,25.16,277836,25.175,0.29,86.75862068965517
1999-11-29,25.13,25.58,24.65,25.55,1597871,25.2275,0.29,88.10344827586208
1999-11-30,24.77,25.1,24.59,25.04,1786298,24.875,0.29,86.3448275862069
1999-12-01,24.89,25.1,23.7,23.85,2289746,24.385,0.29,82.24137931034484
1999-12-02,23.91,23.91,22.14,22.98,3205980,23.235,0.29,79.24137931034484
1999-12-03,23.46,24.38,23.4,24.05,2734076,23.8225,0.29,82.93103448275863
1999-12-06,23.46,24.02,23.34,23.88,2015252,23.675,0.29,82.3448275862069
1999-12-07,23.7,24.05,22.74,22.86,5102160,23.3375,0.29,78.82758620689656
1999-12-08,23.28,23.43,22.98,23.01,1744727,23.175,0.29,79.3448275862069
1999-12-09,23.04,23.16,22.29,22.53,1786090,22.755,0.29,77.68965517241381
1999-12-10,22.62,22.68,21.66,22.59,2648218,22.3875,0.29,77.89655172413794
1999-12-13,22.14,22.62,22.08,22.5,1601423,22.335,0.29,77.58620689655173
1999-12-14,22.35,22.86,22.08,22.38,2250682,22.4175,0.29,77.17241379310344
1999-12-15,22.32,22.5,21.87,21.99,3265725,22.17,0.29,75.82758620689656
1999-12-16,21.54,22.44,21.54,22.11,2784003,21.9075,0.29,76.24137931034483
1999-12-17,22.02,22.17,20.82,21.06,5327563,21.5175,0.29,72.62068965517241
1999-12-20,21.0,21.18,20.46,21.0,4046382,20.91,0.29,72.41379310344828
1999-12-21,21.0,21.57,20.94,21.42,4453737,21.2325,0.29,73.86206896551725
1999-12-22,21.36,22.32,21.09,22.17,2011910,21.735,0.29,76.44827586206898
1999-12-23,22.26,23.1,21.72,22.11,1637145,22.2975,0.29,76.24137931034483
1999-12-27,22.98,22.98,22.38,22.65,1325467,22.7475,0.29,78.10344827586206
1999-12-28,22.77,23.22,22.53,22.74,980364,22.815,0.29,78.41379310344827
1999-12-29,22.74,22.98,22.5,22.83,820139,22.7625,0.29,78.72413793103448
1999-12-30,22.98,23.1,22.74,23.04,1039065,22.965,0.29,79.44827586206897
1999-12-31,23.01,23.28,22.47,22.92,712346,22.92,0.29,79.0344827586207
2000-01-03,23.34,23.76,23.28,23.61,1702738,23.4975,0.29,81.41379310344828
2000-01-04,23.82,24.17,23.22,23.34,2717364,23.6375,0.29,80.48275862068967
2000-01-05,23.46,25.04,23.25,24.98,3713187,24.1825,0.29,86.13793103448276
2000-01-06,24.98,26.09,24.68,25.85,2613540,25.4,0.29,89.13793103448278
2000-01-07,26.57,28.36,26.57,28.18,4720711,27.42,0.29,97.17241379310346
2000-01-10,28.72,29.14,26.36,26.81,2839152,27.7575,0.29,92.44827586206897
2000-01-11,27.05,27.59,26.75,26.99,2344896,27.095,0.29,93.06896551724138
2000-01-12,26.87,27.67,26.81,27.47,1390226,27.205,0.29,94.72413793103449
2000-01-13,27.76,29.08,27.7,28.09,3921878,28.1575,0.29,96.86206896551725
2000-01-14,28.36,28.6,27.76,28.42,2577192,28.285,0.29,98.00000000000001
2000-01-18,28.45,28.45,26.81,27.05,2176314,27.69,0.29,93.27586206896552
2000-01-19,26.93,28.21,26.87,27.91,2964074,27.48,0.29,96.24137931034484
2000-01-20,27.64,27.64,24.41,25.61,4954260,26.325,0.29,88.3103448275862
2000-01-21,25.61,25.7,24.41,24.95,3382081,25.1675,0.29,86.0344827586207
2000-01-24,25.13,25.19,24.05,24.41,3791525,24.695,0.29,84.17241379310346
2000-01-25,24.29,24.41,23.46,23.67,4393365,23.9575,0.29,81.62068965517243
2000-01-26,23.7,24.29,23.52,23.64,4650520,23.7875,0.29,81.51724137931035
2000-01-27,23.64,24.29,23.22,23.73,2302280,23.72,0.29,81.82758620689656
2000-01-28,23.64,23.7,22.98,23.34,1953626,23.415,0.29,80.48275862068967
2000-01-31,23.1,23.13,21.78,22.83,3063302,22.71,0.29,78.72413793103448
2000-02-01,23.1,24.02,22.92,23.91,3013584,23.4875,0.29,82.44827586206897
2000-02-02,23.91,23.91,22.83,22.86,2647591,23.3775,0.29,78.82758620689656
2000-02-03,22.98,23.22,22.5,22.89,2081265,22.8975,0.29,78.93103448275863
2000-02-04,22.98,23.85,22.95,23.58,1993526,23.34,0.29,81.3103448275862
2000-02-07,23.58,23.96,23.22,23.7,1810322,23.615,0.29,81.72413793103449
2000-02-08,23.93,24.53,23.79,24.53,2112391,24.195,0.29,84.58620689655173
2000-02-09,24.53,24.53,23.85,23.96,1136620,24.2175,0.29,82.62068965517243
2000-02-10,24.41,24.65,23.49,23.55,1930231,24.025,0.29,81.20689655172414
2000-02-11,23.55,23.64,22.29,22.53,2059330,23.0025,0.41,54.95121951219513
2000-02-14,22.68,22.74,21.66,21.96,3067061,22.26,0.41,53.560975609756106
2000-02-15,21.72,21.93,21.03,21.27,3592444,21.4875,0.41,51.87804878048781
2000-02-16,21.27,21.99,21.18,21.63,2425114,21.5175,0.41,52.75609756097561
2000-02-17,21.63,21.72,21.33,21.39,2853984,21.5175,0.41,52.170731707317074
2000-02-18,21.33,21.51,20.76,21.06,1900567,21.165,0.41,51.36585365853659
2000-02-22,21.09,21.72,20.97,21.57,2261335,21.3375,0.41,52.60975609756098
2000-02-23,21.48,21.78,21.3,21.45,1873619,21.5025,0.41,52.31707317073171
2000-02-24,21.18,21.48,20.2,20.91,2296849,20.9425,0.41,51.0
2000-02-25,20.91,21.18,20.31,20.61,1433885,20.7525,0.41,50.268292682926834
2000-02-28,20.82,20.88,19.87,20.46,1798206,20.5075,0.41,49.90243902439025
2000-02-29,20.17,20.37,19.72,20.02,2932112,20.07,0.41,48.829268292682926
2000-03-01,19.15,19.39,17.83,18.67,9001265,18.76,0.41,45.53658536585367
2000-03-02,18.67,18.76,18.19,18.58,4591610,18.55,0.41,45.3170731707317
2000-03-03,18.67,19.75,18.64,19.21,3987890,19.0675,0.41,46.85365853658537
2000-03-06,19.12,19.15,18.67,18.79,2654694,18.9325,0.41,45.829268292682926
2000-03-07,18.43,18.55,17.71,17.8,3419892,18.1225,0.41,43.41463414634147
2000-03-08,18.19,18.58,17.77,18.43,2947571,18.2425,0.41,44.951219512195124
2000-03-09,18.43,20.46,18.31,19.6,4473999,19.2,0.41,47.804878048780495
2000-03-10,19.69,20.52,19.57,20.02,2197413,19.95,0.41,48.829268292682926
2000-03-13,19.33,19.99,18.85,19.63,3108005,19.45,0.41,47.8780487804878
2000-03-14,19.63,19.75,18.85,19.48,1809069,19.4275,0.41,47.51219512195122
2000-03-15,19.63,20.82,19.27,20.7,3679554,20.105,0.41,50.487804878048784
2000-03-16,20.58,23.58,20.17,23.28,4743062,21.9025,0.41,56.78048780487806
2000-03-17,23.16,23.4,22.5,23.07,3076252,23.0325,0.41,56.268292682926834
2000-03-20,23.07,23.43,22.41,22.44,1942974,22.8375,0.41,54.73170731707318
2000-03-21,21.78,23.22,21.78,22.98,1928769,22.44,0.41,56.04878048780488
2000-03-22,22.98,23.7,22.89,23.49,1786507,23.265,0.41,57.292682926829265
2000-03-23,23.37,23.93,23.28,23.88,1535201,23.615,0.41,58.24390243902439
2000-03-24,23.91,24.35,23.67,23.73,3182374,23.915,0.41,57.87804878048781
2000-03-27,23.7,23.91,22.77,22.83,2313770,23.3025,0.41,55.68292682926829
2000-03-28,22.86,23.19,22.5,22.53,2837272,22.77,0.41,54.95121951219513
2000-03-29,22.5,22.5,21.9,22.02,2900568,22.23,0.41,53.707317073170735
2000-03-30,22.08,22.14,21.54,21.99,2258829,21.9375,0.41,53.63414634146341
2000-03-31,21.93,22.92,21.81,21.96,2338838,22.155,0.41,53.560975609756106
2000-04-03,22.14,23.28,22.11,23.22,2023399,22.6875,0.41,56.63414634146341
2000-04-04,22.98,23.85,22.8,23.46,2998961,23.2725,0.41,57.21951219512196
2000-04-05,23.22,23.58,23.13,23.37,2064553,23.325,0.41,57.00000000000001
2000-04-06,23.4,23.82,22.5,22.92,1710259,23.16,0.41,55.902439024390254
2000-04-07,23.4,23.49,22.95,22.95,1651977,23.1975,0.41,55.97560975609756
2000-04-10,23.01,23.28,22.95,23.07,1478589,23.0775,0.41,56.268292682926834
2000-04-11,23.1,23.16,22.8,22.95,1851266,23.0025,0.41,55.97560975609756
2000-04-12,23.22,23.43,23.04,23.31,2246295,23.25,0.41,56.853658536585364
2000-04-13,23.22,23.28,22.8,22.86,1730731,23.04,0.41,55.75609756097561
2000-04-14,22.74,22.74,21.63,21.96,2566747,22.2675,0.41,53.560975609756106
2000-04-17,21.9,22.17,21.42,22.02,2306249,21.8775,0.41,53.707317073170735
2000-04-18,21.81,23.22,21.42,22.86,3451019,22.3275,0.41,55.75609756097561
2000-04-19,23.55,25.1,23.37,24.77,3349702,24.1975,0.41,60.41463414634146
2000-04-20,24.71,25.82,24.59,25.13,2490917,25.0625,0.41,61.29268292682927
2000-04-24,25.13,25.82,24.95,25.34,2079593,25.31,0.41,61.80487804878049
2000-04-25,25.67,26.57,25.61,26.48,3420101,26.0825,0.41,64.58536585365854
2000-04-26,26.93,26.93,25.85,26.3,3087533,26.5025,0.41,64.14634146341464
2000-04-27,26.21,27.23,25.97,26.54,2629835,26.4875,0.41,64.73170731707317
2000-04-28,26.45,26.63,26.12,26.36,1973681,26.39,0.41,64.29268292682927
2000-05-01,26.36,27.73,26.33,27.53,2102364,26.9875,0.41,67.14634146341464
2000-05-02,27.53,27.7,26.99,27.53,1862756,27.4375,0.41,67.14634146341464
2000-05-03,27.41,27.59,26.75,26.78,1334240,27.1325,0.41,65.31707317073172
2000-05-04,26.9,27.47,26.39,26.99,1115313,26.9375,0.41,65.82926829268293
2000-05-05,27.17,27.76,26.9,27.41,1039065,27.31,0.41,66.85365853658537
2000-05-08,27.88,27.88,27.53,27.73,1772302,27.755,0.41,67.63414634146342
2000-05-09,27.7,28.3,27.56,28.06,1785463,27.905,0.41,68.4390243902439
2000-05-10,28.0,28.03,27.05,27.5,1431587,27.645,0.41,67.07317073170732
2000-05-11,27.35,28.09,27.35,27.82,1214331,27.6525,0.41,67.85365853658537
2000-05-12,27.76,27.85,27.41,27.5,1432422,27.63,0.45,61.11111111111111
2000-05-15,27.56,28.84,27.56,28.81,2267394,28.1925,0.45,64.02222222222221
2000-05-16,28.93,30.37,28.9,30.01,3362445,29.5525,0.45,66.6888888888889
2000-05-17,29.68,29.68,28.9,29.44,2315023,29.425,0.45,65.42222222222222
2000-05-18,29.68,29.68,28.84,28.99,1328809,29.2975,0.45,64.42222222222222
2000-05-19,28.87,29.2,28.36,29.2,2505331,28.9075,0.45,64.88888888888889
2000-05-22,29.44,29.65,29.26,29.56,2341762,29.4775,0.45,65.68888888888888
2000-05-23,29.44,30.28,29.38,30.25,3145398,29.8375,0.45,67.22222222222221
2000-05-24,30.82,31.41,30.7,30.73,4543563,30.915,0.45,68.28888888888889
2000-05-25,30.94,31.06,30.46,30.58,2176732,30.76,0.45,67.95555555555555
2000-05-26,30.58,31.12,30.46,31.0,2162736,30.79,0.45,68.88888888888889
2000-05-30,30.64,31.83,30.55,31.65,3481727,31.1675,0.45,70.33333333333333
2000-05-31,31.56,32.04,30.94,31.06,1673701,31.4,0.45,69.02222222222221
2000-06-01,30.7,32.19,30.7,31.92,2289119,31.3775,0.45,70.93333333333334
2000-06-02,32.04,32.07,30.43,30.43,2832676,31.2425,0.45,67.62222222222222
2000-06-05,30.04,30.4,29.53,29.74,2986635,29.9275,0.45,66.08888888888889
2000-06-06,29.71,30.55,29.2,30.13,1839777,29.8975,0.45,66.95555555555555
2000-06-07,30.04,30.79,30.04,30.4,1003134,30.3175,0.45,67.55555555555556
2000-06-08,30.28,30.52,29.8,30.16,1305621,30.19,0.45,67.02222222222223
2000-06-09,30.13,31.98,30.13,31.56,1987886,30.95,0.45,70.13333333333333
2000-06-12,31.59,31.89,31.41,31.65,1949866,31.635,0.45,70.33333333333333
2000-06-13,31.41,31.8,31.29,31.8,2512850,31.575,0.45,70.66666666666667
2000-06-14,31.95,33.03,31.29,33.0,3080013,32.3175,0.45,73.33333333333333
2000-06-15,33.09,33.09,32.46,32.79,2081682,32.8575,0.45,72.86666666666666
2000-06-16,32.67,32.88,31.59,31.59,2499482,32.1825,0.45,70.2
2000-06-19,32.55,33.0,31.62,32.01,1585129,32.295,0.45,71.13333333333333
2000-06-20,32.19,32.91,32.16,32.22,1259663,32.37,0.45,71.6
2000-06-21,33.0,33.0,32.55,32.73,2023399,32.82,0.45,72.73333333333332
2000-06-22,32.73,32.73,31.35,31.62,1502195,32.1075,0.45,70.26666666666667
2000-06-23,31.98,31.98,31.27,31.38,1199291,31.6525,0.45,69.73333333333333
2000-06-26,31.41,32.37,31.41,32.25,1570088,31.86,0.45,71.66666666666667
2000-06-27,32.25,33.03,32.1,33.0,2544603,32.595,0.45,73.33333333333333
2000-06-28,33.15,34.35,33.12,33.96,4745359,33.645,0.45,75.46666666666667
2000-06-29,34.95,34.97,33.12,33.66,3373099,34.175,0.45,74.8
2000-06-30,33.78,35.42,33.69,35.42,4067064,34.5775,0.45,78.71111111111111
2000-07-03,35.18,35.33,34.29,35.33,1118028,35.0325,0.45,78.5111111111111
2000-07-05,34.23,34.83,33.42,34.77,2056197,34.3125,0.45,77.26666666666667
2000-07-06,34.71,34.95,33.93,34.62,1588262,34.5525,0.45,76.93333333333332
2000-07-07,34.68,34.92,34.29,34.59,1669942,34.62,0.45,76.86666666666667
2000-07-10,34.59,34.95,34.38,34.92,2160229,34.71,0.45,77.60000000000001
2000-07-11,35.42,35.87,35.15,35.42,2560480,35.465,0.45,78.71111111111111
2000-07-12,34.59,34.95,34.05,34.44,2121165,34.5075,0.45,76.53333333333333
2000-07-13,34.11,34.41,33.3,33.75,1626073,33.8925,0.45,75.0
2000-07-14,33.69,33.69,32.34,32.55,2391898,33.0675,0.45,72.33333333333333
2000-07-17,32.25,33.33,32.16,32.52,1754128,32.565,0.45,72.26666666666667
2000-07-18,32.49,33.51,32.49,33.03,1945481,32.88,0.45,73.4
2000-07-19,33.33,33.93,33.06,33.75,1854191,33.5175,0.45,75.0
2000-07-20,33.87,34.89,33.81,34.47,2129312,34.26,0.45,76.6
2000-07-21,34.95,35.12,34.2,34.59,1557136,34.715,0.45,76.86666666666667
2000-07-24,34.53,35.66,34.53,35.3,1376438,35.005,0.45,78.44444444444444
2000-07-25,34.95,35.12,34.23,34.77,2242952,34.7675,0.45,77.26666666666667
2000-07-26,34.8,34.8,33.93,34.05,1740758,34.395,0.45,75.66666666666666
2000-07-27,33.99,35.39,33.81,35.18,1481305,34.5925,0.45,78.17777777777778
2000-07-28,34.89,35.36,34.59,35.15,2122209,34.9975,0.45,78.1111111111111
2000-07-31,35.06,35.36,34.92,35.18,2983084,35.13,0.45,78.17777777777778
2000-08-01,35.27,35.9,35.21,35.9,2307503,35.57,0.45,79.77777777777777
2000-08-02,35.9,36.23,35.6,36.08,1813455,35.9525,0.45,80.17777777777778
2000-08-03,36.23,36.23,35.9,36.08,1440569,36.11,0.45,80.17777777777778
2000-08-04,35.96,35.99,35.36,35.54,1238355,35.7125,0.45,78.97777777777777
2000-08-07,35.84,35.84,34.14,34.59,2337375,35.1025,0.45,76.86666666666667
2000-08-08,34.62,34.92,33.03,34.65,2504496,34.305,0.45,77.0
2000-08-09,33.75,34.41,33.51,33.75,2308756,33.855,0.45,75.0
2000-08-10,33.93,34.44,33.45,34.44,1499897,34.065,0.45,76.53333333333333
2000-08-11,34.44,35.21,34.29,35.18,1829332,34.78,0.45,78.17777777777778
2000-08-14,35.12,35.78,34.47,35.69,1260916,35.265,0.45,79.3111111111111
2000-08-15,35.72,35.96,35.48,35.66,2046378,35.705,0.45,79.24444444444444
2000-08-16,35.3,35.6,35.12,35.45,1061000,35.3675,0.45,78.77777777777779
2000-08-17,35.72,37.1,35.69,36.95,2980577,36.365,0.45,82.11111111111111
2000-08-18,37.58,37.7,36.56,37.1,2578027,37.235,0.45,82.44444444444444
2000-08-21,37.07,37.52,36.74,37.52,1217465,37.2125,0.45,83.37777777777778
2000-08-22,37.4,38.06,37.31,37.85,1396909,37.655,0.45,84.11111111111111
2000-08-23,37.79,37.85,37.1,37.22,1743892,37.49,0.45,82.71111111111111
2000-08-24,37.31,38.24,37.04,38.06,1249845,37.6625,0.45,84.57777777777778
2000-08-25,38.09,38.27,37.91,38.03,1372678,38.075,0.45,84.5111111111111
2000-08-28,37.91,38.3,37.91,38.21,1347192,38.0825,0.45,84.91111111111111
2000-08-29,38.36,38.48,38.12,38.18,932944,38.285,0.45,84.84444444444445
2000-08-30,38.18,38.45,38.12,38.39,1233759,38.285,0.45,85.31111111111112
2000-08-31,38.54,40.69,38.45,39.16,3773142,39.21,0.45,87.02222222222221
2000-09-01,39.49,40.66,39.49,40.33,2101319,39.9925,0.45,89.62222222222222
2000-09-05,40.33,40.69,39.79,40.42,1659497,40.3075,0.45,89.82222222222222
2000-09-06,40.42,40.87,39.25,39.64,1648217,40.045,0.47,84.3404255319149
2000-09-07,39.64,39.94,39.01,39.34,1818887,39.4825,0.47,83.70212765957449
2000-09-08,39.43,40.03,39.43,39.61,2428247,39.625,0.47,84.27659574468086
2000-09-11,39.73,40.15,39.49,39.73,2872367,39.775,0.47,84.53191489361701
2000-09-12,40.21,40.48,39.91,40.39,2776901,40.2475,0.47,85.93617021276596
2000-09-13,40.39,40.99,40.36,40.9,2239401,40.66,0.47,87.02127659574468
2000-09-14,41.17,42.07,41.05,41.5,2980577,41.4475,0.47,88.29787234042554
2000-09-15,41.89,43.05,41.35,42.13,3063720,42.105,0.47,89.63829787234043
2000-09-18,42.6,43.32,42.6,42.78,2864220,42.825,0.47,91.0212765957447
2000-09-19,43.02,44.19,42.6,44.19,3009197,43.5,0.47,94.02127659574468
2000-09-20,43.92,44.34,43.05,44.28,2858788,43.8975,0.47,94.21276595744682
2000-09-21,44.22,44.52,43.65,43.8,1782538,44.0475,0.47,93.19148936170212
2000-09-22,43.95,44.94,43.95,44.22,2252562,44.265,0.47,94.08510638297872
2000-09-25,44.34,44.58,44.13,44.37,1151035,44.355,0.47,94.40425531914893
2000-09-26,44.25,45.63,44.1,45.51,3283691,44.8725,0.47,96.82978723404256
2000-09-27,45.51,45.54,44.4,44.52,2651143,44.9925,0.47,94.72340425531917
2000-09-28,44.52,44.52,43.23,43.53,2539381,43.95,0.47,92.61702127659575
2000-09-29,42.25,43.5,41.92,42.22,2499064,42.4725,0.47,89.82978723404256
2000-10-02,42.33,43.8,42.28,43.56,2933157,42.9925,0.47,92.68085106382979
2000-10-03,43.8,44.76,43.32,44.43,3017553,44.0775,0.47,94.53191489361703
2000-10-04,44.52,44.94,43.62,43.68,3149368,44.19,0.47,92.93617021276596
2000-10-05,43.68,44.1,43.26,43.8,2503451,43.71,0.47,93.19148936170212
2000-10-06,44.1,44.25,43.59,43.71,1672657,43.9125,0.47,93.0
2000-10-09,43.92,43.98,42.75,43.17,811156,43.455,0.47,91.85106382978724
2000-10-10,43.29,43.95,42.6,43.74,2324841,43.395,0.47,93.06382978723406
2000-10-11,43.68,43.74,42.07,42.69,3389811,43.045,0.47,90.82978723404256
2000-10-12,42.57,43.32,41.71,42.39,2063090,42.4975,0.47,90.19148936170214
2000-10-13,42.36,42.78,41.53,42.69,1755590,42.34,0.47,90.82978723404256
2000-10-16,42.81,43.53,42.69,43.05,1344268,43.02,0.47,91.59574468085107
2000-10-17,43.56,45.3,43.53,44.55,2653440,44.235,0.47,94.7872340425532
2000-10-18,44.61,45.48,44.46,45.06,2325886,44.9025,0.47,95.87234042553193
2000-10-19,45.48,45.87,44.1,44.4,3228541,44.9625,0.47,94.46808510638299
2000-10-20,44.1,44.88,43.74,44.82,1727806,44.385,0.47,95.36170212765958
2000-10-23,44.94,45.84,44.91,45.42,1348028,45.2775,0.47,96.63829787234043
2000-10-24,42.72,43.92,42.28,42.96,5810539,42.97,0.47,91.40425531914894
2000-10-25,42.96,44.28,42.42,43.08,4144148,43.185,0.47,91.65957446808511
2000-10-26,43.2,43.32,42.75,42.81,3885113,43.02,0.47,91.08510638297874
2000-10-27,42.81,43.92,42.66,43.68,1400460,43.2675,0.47,92.93617021276596
2000-10-30,43.68,45.93,43.68,45.6,2590770,44.7225,0.47,97.0212765957447
2000-10-31,45.63,46.22,45.06,45.36,2363070,45.5675,0.47,96.51063829787235
2000-11-01,45.42,45.48,44.82,44.88,4467314,45.15,0.47,95.48936170212767
2000-11-02,44.88,44.88,43.5,43.92,3575314,44.295,0.47,93.4468085106383
2000-11-03,44.16,45.45,43.95,44.76,2434514,44.58,0.47,95.23404255319149
2000-11-06,45.12,45.93,44.94,45.45,2517237,45.36,0.47,96.70212765957449
2000-11-07,45.48,45.66,45.03,45.48,1966160,45.4125,0.47,96.76595744680851
2000-11-08,45.96,47.21,45.81,45.81,3871116,46.1975,0.47,97.46808510638299
2000-11-09,46.25,46.61,43.89,43.98,2830796,45.1825,0.47,93.57446808510637
2000-11-10,45.18,45.96,43.95,44.01,2515775,44.775,0.47,93.63829787234043
2000-11-13,44.04,44.4,42.45,43.41,2153962,43.575,0.43,100.95348837209302
2000-11-14,43.8,44.52,43.38,44.07,1528517,43.9425,0.43,102.48837209302326
2000-11-15,44.19,45.06,44.13,44.97,1577608,44.5875,0.43,104.5813953488372
2000-11-16,45.12,47.03,45.06,46.85,2676002,46.015,0.43,108.95348837209303
2000-11-17,46.85,46.85,46.1,46.58,2692087,46.595,0.43,108.32558139534883
2000-11-20,46.67,47.87,46.58,47.45,2961358,47.1425,0.43,110.34883720930233
2000-11-21,47.87,47.9,46.07,46.34,3188432,47.045,0.43,107.76744186046513
2000-11-22,46.55,48.53,46.31,48.2,2899733,47.3975,0.43,112.09302325581396
2000-11-24,47.93,47.99,47.57,47.84,743264,47.8325,0.43,111.25581395348838
2000-11-27,47.87,48.8,47.87,48.41,3509511,48.2375,0.43,112.5813953488372
2000-11-28,48.71,48.8,47.72,48.2,2127014,48.3575,0.43,112.09302325581396
2000-11-29,48.35,48.53,47.9,48.05,2009821,48.2075,0.43,111.74418604651163
2000-11-30,48.35,48.71,47.18,47.84,3501990,48.02,0.43,111.25581395348838
2000-12-01,48.11,48.35,47.39,47.63,4225618,47.87,0.43,110.76744186046513
2000-12-04,44.04,45.87,43.74,45.27,7589109,44.73,0.43,105.27906976744187
2000-12-05,45.72,46.55,45.51,45.72,2875291,45.875,0.43,106.32558139534883
2000-12-06,45.75,46.4,45.75,46.19,2451644,46.0225,0.43,107.41860465116278
2000-12-07,45.9,46.16,45.57,45.78,2407357,45.8525,0.43,106.46511627906978
2000-12-08,45.96,45.96,44.34,44.49,2231463,45.1875,0.43,103.46511627906978
2000-12-11,45.0,45.06,43.5,43.8,3500528,44.34,0.43,101.86046511627906
2000-12-12,43.8,44.49,42.36,44.25,3160648,43.725,0.43,102.90697674418605
2000-12-13,45.0,45.93,45.0,45.48,2278883,45.3525,0.43,105.76744186046511
2000-12-14,45.84,46.01,45.51,45.6,2360145,45.74,0.43,106.04651162790698
2000-12-15,45.42,45.54,44.76,45.21,4431385,45.2325,0.43,105.13953488372093
2000-12-18,45.09,45.84,43.56,44.04,4221649,44.6325,0.43,102.4186046511628
2000-12-19,44.7,45.48,44.4,45.06,2844374,44.91,0.43,104.79069767441861
2000-12-20,44.28,44.31,42.93,43.68,3071865,43.8,0.43,101.5813953488372
2000-12-21,43.68,44.94,43.47,44.94,2243579,44.2575,0.43,104.51162790697674
2000-12-22,44.82,45.54,44.55,45.03,2324215,44.985,0.43,104.72093023255815
2000-12-26,45.0,47.48,45.0,47.24,2910178,46.18,0.43,109.86046511627907
2000-12-27,47.57,49.25,47.36,48.53,6247348,48.1775,0.43,112.86046511627907
2000-12-28,49.25,50.23,49.19,49.72,3493008,49.5975,0.43,115.62790697674419
2000-12-29,49.84,49.9,47.63,47.69,2117822,48.765,0.43,110.90697674418604
2001-01-02,47.81,47.81,46.4,46.55,2012745,47.1425,0.43,108.25581395348837
2001-01-03,46.43,47.6,45.36,45.36,3735331,46.1875,0.43,105.48837209302326
2001-01-04,44.88,44.91,41.65,42.13,7621488,43.3925,0.43,97.97674418604652
2001-01-05,42.48,44.28,42.28,44.16,3137460,43.3,0.43,102.69767441860465
2001-01-08,44.19,44.52,43.44,44.52,2847925,44.1675,0.43,103.53488372093024
2001-01-09,44.52,45.69,44.4,45.3,2353878,44.9775,0.43,105.34883720930232
2001-01-10,45.12,45.24,44.37,44.91,2096723,44.91,0.43,104.44186046511628
2001-01-11,45.18,45.66,45.18,45.39,4631092,45.3525,0.43,105.55813953488372
2001-01-12,45.51,45.66,44.25,45.6,3382290,45.255,0.43,106.04651162790698
2001-01-16,45.54,45.54,44.58,44.79,3203264,45.1125,0.43,104.16279069767442
2001-01-17,44.67,45.3,44.46,44.88,2602469,44.8275,0.43,104.37209302325581
2001-01-18,44.88,46.1,44.82,45.27,3303327,45.2675,0.43,105.27906976744187
2001-01-19,45.27,45.36,44.25,44.88,3352626,44.94,0.43,104.37209302325581
2001-01-22,44.76,45.48,44.52,44.88,1874454,44.91,0.43,104.37209302325581
2001-01-23,45.12,46.58,45.0,46.4,2958434,45.775,0.43,107.90697674418604
2001-01-24,46.4,46.4,45.72,46.37,4138716,46.2225,0.43,107.83720930232558
2001-01-25,46.37,48.11,46.07,47.87,2085025,47.105,0.43,111.32558139534883
2001-01-26,47.57,47.81,47.42,47.72,1354713,47.63,0.43,110.97674418604652
2001-01-29,48.11,48.47,47.5,47.89,2130147,47.9925,0.43,111.37209302325581
2001-01-30,47.15,47.15,45.9,46.19,3789018,46.5975,0.43,107.41860465116278
2001-01-31,45.86,46.58,44.81,45.62,2793611,45.7175,0.43,106.09302325581395
2001-02-01,45.52,45.97,45.38,45.72,2453524,45.6475,0.43,106.32558139534883
2001-02-02,46.07,46.07,45.4,45.89,1326093,45.8575,0.43,106.72093023255815
2001-02-05,46.46,46.77,46.13,46.43,1611032,46.4475,0.43,107.97674418604652
2001-02-06,46.53,46.67,45.69,46.03,3013584,46.23,0.43,107.04651162790698
2001-02-07,46.03,46.93,45.43,46.79,2904120,46.295,0.43,108.81395348837209
2001-02-08,46.79,47.82,46.77,47.51,2698772,47.2225,0.43,110.48837209302326
2001-02-09,47.06,47.06,46.32,47.05,1342596,46.8725,0.43,109.41860465116278
2001-02-12,47.24,48.7,47.15,48.15,2368501,47.81,0.43,111.97674418604652
2001-02-13,48.2,48.37,47.18,47.68,2067477,47.8575,0.43,110.88372093023256
2001-02-14,47.89,48.71,47.68,47.89,3935456,48.0425,0.5,95.78
2001-02-15,47.89,48.42,47.38,48.2,2889706,47.9725,0.5,96.4
2001-02-16,48.3,48.68,47.81,48.11,2776274,48.225,0.5,96.22
2001-02-20,48.35,48.39,47.75,48.04,4238152,48.1325,0.5,96.08
2001-02-21,48.06,48.83,47.73,47.76,3645086,48.095,0.5,95.52
2001-02-22,47.65,47.68,46.89,47.41,2392107,47.4075,0.5,94.82
2001-02-23,47.39,48.33,46.77,48.27,2327975,47.69,0.5,96.54
2001-02-26,48.27,48.27,46.87,47.1,2400881,47.6275,0.5,94.2
2001-02-27,47.15,47.51,46.84,46.91,3069568,47.1025,0.5,93.82
2001-02-28,47.25,48.99,47.22,48.59,3671198,48.0125,0.5,97.18
2001-03-01,48.71,48.8,47.73,47.92,5272205,48.29,0.5,95.84
2001-03-02,47.82,48.08,46.91,46.91,3957600,47.43,0.5,93.82
2001-03-05,47.2,47.32,46.22,46.55,2514939,46.8225,0.5,93.1
2001-03-06,46.53,47.45,46.43,47.25,2754131,46.915,0.5,94.5
2001-03-07,47.25,47.59,46.77,47.59,2370590,47.3,0.5,95.18
2001-03-08,47.5,49.67,47.44,49.08,2763113,48.4225,0.5,98.16
2001-03-09,48.54,48.83,48.23,48.4,1514938,48.5,0.5,96.8
2001-03-12,47.92,48.05,47.51,47.52,2336540,47.75,0.5,95.04
2001-03-13,47.52,48.35,47.46,48.23,3167124,47.89,0.5,96.46
2001-03-14,47.87,47.99,46.7,47.63,1741803,47.5475,0.5,95.26
2001-03-15,46.96,46.96,45.0,45.6,3547322,46.13,0.5,91.2
2001-03-16,45.26,45.52,42.05,42.6,5531449,43.8575,0.5,85.2
2001-03-19,43.08,44.23,42.96,43.84,3313563,43.5275,0.5,87.68
2001-03-20,44.3,45.48,44.26,45.12,2734494,44.79,0.5,90.24
2001-03-21,44.9,44.9,43.99,44.26,4035102,44.5125,0.5,88.52
2001-03-22,43.56,43.66,40.69,42.39,6570724,42.575,0.5,84.78
2001-03-23,43.15,44.14,42.65,42.8,4431385,43.185,0.5,85.6
2001-03-26,42.89,44.51,42.89,43.64,2426994,43.4825,0.5,87.28
2001-03-27,43.82,44.39,43.29,43.99,2356176,43.8725,0.5,87.98
2001-03-28,43.86,44.43,43.39,44.26,2227077,43.985,0.5,88.52
2001-03-29,44.52,46.12,44.24,44.82,2815128,44.925,0.5,89.64
2001-03-30,45.24,46.62,44.52,46.31,2594322,45.6725,0.5,92.62
2001-04-02,46.31,46.91,45.28,45.58,2078549,46.02,0.5,91.16
2001-04-03,45.43,45.72,43.99,44.5,2852939,44.91,0.5,89.0
2001-04-04,44.04,45.09,43.4,44.58,2446421,44.2775,0.5,89.16
2001-04-05,45.36,46.39,44.23,45.82,2103408,45.45,0.5,91.64
2001-04-06,45.84,46.43,45.5,45.91,2293506,45.92,0.5,91.82
2001-04-09,46.31,46.91,45.86,45.96,2221855,46.26,0.5,91.92
2001-04-10,45.86,46.6,45.01,46.06,2581370,45.8825,0.5,92.12
2001-04-11,45.48,45.69,43.7,44.36,4105083,44.8075,0.5,88.72
2001-04-12,44.73,45.64,44.71,45.45,1886362,45.1325,0.5,90.9
2001-04-16,45.91,46.12,44.69,45.43,1767080,45.5375,0.5,90.86
2001-04-17,45.48,46.15,45.24,45.28,2629417,45.5375,0.5,90.56
2001-04-18,45.86,46.66,44.95,46.05,3362445,45.88,0.5,92.1
2001-04-19,45.72,46.67,45.1,45.72,2624821,45.8025,0.5,91.44
2001-04-20,45.62,46.17,45.43,46.0,2249846,45.805,0.5,92.0
2001-04-23,46.89,47.71,46.42,46.72,1714237,46.935,0.5,93.44
2001-04-24,46.74,47.86,46.31,46.31,2495665,46.805,0.5,92.62
2001-04-25,46.67,48.07,46.39,47.93,2186631,47.265,0.5,95.86
2001-04-26,47.46,47.74,46.74,46.79,3230438,47.1825,0.5,93.58
2001-04-27,46.8,47.03,44.88,46.5,4531053,46.3025,0.5,93.0
2001-04-30,47.39,49.85,47.03,48.4,3569831,48.1675,0.5,96.8
2001-05-01,48.4,49.04,48.11,48.83,2578389,48.595,0.5,97.66
2001-05-02,47.43,48.64,47.39,48.29,3149106,47.9375,0.5,96.58
2001-05-03,47.57,48.22,47.23,47.44,2015194,47.615,0.5,94.88
2001-05-04,46.67,47.61,45.95,47.43,2131899,46.915,0.5,94.86
2001-05-07,47.43,48.12,47.39,47.78,1942078,47.68,0.5,95.56
2001-05-08,48.18,48.76,47.74,48.58,2136077,48.315,0.5,97.16
2001-05-09,48.74,49.72,48.32,49.34,2291917,49.03,0.5,98.68
2001-05-10,49.35,50.1,49.19,49.55,2341914,49.5475,0.43,115.23255813953487
2001-05-11,49.65,50.77,49.37,50.62,3118885,50.1025,0.43,117.72093023255813
2001-05-14,50.62,50.62,48.47,50.26,1796962,49.9925,0.43,116.88372093023256
2001-05-15,49.9,50.0,49.23,49.67,1887486,49.7,0.43,115.51162790697676
2001-05-16,50.16,50.42,49.55,50.26,2176883,50.0975,0.43,116.88372093023256
2001-05-17,50.26,50.6,49.62,50.33,2275344,50.2025,0.43,117.04651162790698
2001-05-18,50.33,50.54,49.8,50.08,1086979,50.1875,0.43,116.46511627906976
2001-05-21,50.08,50.08,49.19,49.51,1694740,49.715,0.43,115.13953488372093
2001-05-22,49.51,49.55,48.47,48.83,3053429,49.09,0.43,113.55813953488372
2001-05-23,48.64,49.55,48.11,49.0,1864228,48.825,0.43,113.95348837209302
2001-05-24,49.0,51.99,48.97,51.71,3154955,50.4175,0.43,120.25581395348837
2001-05-25,51.34,51.96,51.21,51.7,2559031,51.5525,0.43,120.23255813953489
2001-05-29,51.52,52.38,51.46,51.91,2883802,51.8175,0.43,120.72093023255813
2001-05-30,51.91,52.05,51.34,51.52,1552409,51.705,0.43,119.8139534883721
2001-05-31,50.98,51.91,50.91,51.69,1674129,51.3725,0.43,120.20930232558139
2001-06-01,51.69,51.81,50.91,51.77,1200899,51.545,0.43,120.39534883720931
2001-06-04,51.88,52.31,51.78,52.21,1546699,52.045,0.43,121.4186046511628
2001-06-05,52.33,52.48,51.7,51.91,2050846,52.105,0.43,120.72093023255813
2001-06-06,52.31,52.41,51.54,51.7,1444895,51.99,0.43,120.23255813953489
2001-06-07,51.77,52.83,51.77,52.11,1334596,52.12,0.43,121.18604651162791
2001-06-08,52.35,52.88,51.99,52.82,872786,52.51,0.43,122.83720930232559
2001-06-11,52.87,52.88,51.9,52.14,1376654,52.4475,0.43,121.25581395348837
2001-06-12,52.47,53.71,52.32,53.57,3512036,53.0175,0.43,124.5813953488372
2001-06-13,53.21,53.78,53.06,53.75,1926898,53.45,0.43,125.0
2001-06-14,53.85,54.14,53.39,53.57,2669888,53.7375,0.43,124.5813953488372
2001-06-15,53.49,54.43,53.49,53.78,4833401,53.7975,0.43,125.06976744186046
2001-06-18,53.71,54.94,53.42,54.5,1647946,54.1425,0.43,126.74418604651163
2001-06-19,54.21,54.79,53.84,54.1,2095411,54.235,0.43,125.81395348837209
2001-06-20,54.5,55.29,54.36,55.29,2715150,54.86,0.43,128.58139534883722
2001-06-21,55.12,55.52,54.57,54.79,1956284,55.0,0.43,127.4186046511628
2001-06-22,55.22,55.25,53.21,53.22,2608332,54.225,0.43,123.76744186046511
2001-06-25,53.22,53.63,52.42,53.04,1920492,53.0775,0.43,123.34883720930233
2001-06-26,53.22,53.57,52.73,52.76,2124797,53.07,0.43,122.69767441860465
2001-06-27,51.88,52.04,49.9,50.98,6233734,51.2,0.43,118.55813953488372
2001-06-28,50.82,51.41,48.83,49.26,9326294,50.08,0.43,114.55813953488372
2001-06-29,49.54,50.1,48.83,49.55,4984924,49.505,0.43,115.23255813953487
2001-07-02,49.55,49.62,48.68,49.37,3832489,49.305,0.43,114.81395348837209
2001-07-03,49.9,49.9,49.11,49.58,1511325,49.6225,0.43,115.30232558139535
2001-07-05,49.9,50.44,48.86,49.22,3338927,49.605,0.43,114.46511627906976
2001-07-06,49.05,49.11,48.65,48.85,1400608,48.915,0.43,113.6046511627907
2001-07-09,48.47,48.9,48.11,48.81,2670445,48.5725,0.43,113.51162790697676
2001-07-10,48.61,48.85,48.25,48.31,2008787,48.505,0.43,112.34883720930233
2001-07-11,48.81,48.96,47.93,48.61,3338648,48.5775,0.43,113.04651162790698
2001-07-12,48.76,49.42,48.63,49.26,2322556,49.0175,0.43,114.55813953488372
2001-07-13,49.09,49.09,48.6,48.83,1958094,48.9025,0.43,113.55813953488372
2001-07-16,49.04,51.27,48.94,50.95,2432020,50.05,0.43,118.48837209302326
2001-07-17,50.95,52.86,50.95,51.34,2108224,51.525,0.43,119.39534883720931
2001-07-18,51.88,53.02,51.81,52.4,1906008,52.2775,0.43,121.86046511627907
2001-07-19,52.78,53.57,51.92,52.11,1468710,52.595,0.43,121.18604651162791
2001-07-20,52.75,52.75,52.13,52.43,1067481,52.515,0.43,121.93023255813954
2001-07-23,52.38,52.39,51.1,51.39,1232374,51.815,0.43,119.51162790697674
2001-07-24,51.41,51.52,49.95,50.85,2174097,50.9325,0.43,118.25581395348837
2001-07-25,50.84,51.87,50.44,51.67,1717301,51.205,0.43,120.16279069767442
2001-07-26,51.7,51.72,50.44,50.98,2058366,51.21,0.43,118.55813953488372
2001-07-27,51.04,51.04,50.33,50.58,1823005,50.7475,0.43,117.62790697674419
2001-07-30,51.05,52.52,50.77,52.27,1509097,51.6525,0.43,121.55813953488374
2001-07-31,52.27,54.0,51.52,52.87,3782353,52.665,0.43,122.95348837209302
2001-08-01,53.35,53.88,53.14,53.39,2890348,53.44,0.43,124.16279069767442
2001-08-02,53.35,53.36,51.7,52.26,2272280,52.6675,0.43,121.53488372093022
2001-08-03,52.56,52.57,51.18,51.47,1455340,51.945,0.43,119.69767441860465
2001-08-06,51.7,53.14,51.59,52.96,1514111,52.3475,0.43,123.16279069767442
2001-08-07,53.24,53.41,51.99,52.42,1314263,52.765,0.43,121.90697674418605
2001-08-08,52.26,53.08,52.02,52.34,1430411,52.425,0.43,121.72093023255815
2001-08-09,52.42,52.88,52.4,52.52,1318580,52.555,0.43,122.13953488372094
2001-08-10,52.81,53.66,52.78,53.33,946598,53.145,0.43,124.02325581395348
2001-08-13,53.35,53.87,53.17,53.8,913313,53.5475,0.43,125.11627906976744
2001-08-14,53.85,54.07,53.14,53.35,1335988,53.6025,0.43,124.06976744186046
2001-08-15,53.78,54.0,52.92,53.09,1198671,53.4475,0.43,123.46511627906978
2001-08-16,52.99,53.19,51.91,52.83,1361892,52.73,0.43,122.86046511627907
2001-08-17,52.2,53.1,52.01,52.17,1699336,52.37,0.43,121.32558139534885
2001-08-20,52.06,52.52,51.77,52.27,1617308,52.155,0.43,121.55813953488374
2001-08-21,52.42,53.9,52.35,53.21,1665773,52.97,0.43,123.74418604651163
2001-08-22,53.06,54.41,52.99,53.92,2203343,53.595,0.43,125.39534883720931
2001-08-23,54.5,54.57,53.71,53.71,1832475,54.1225,0.43,124.90697674418605
2001-08-24,55.04,55.04,53.78,54.07,1633323,54.4825,0.56,96.55357142857142
2001-08-27,54.5,54.55,53.53,53.53,1195886,54.0275,0.56,95.58928571428571
2001-08-28,53.71,53.85,52.4,52.49,1676914,53.1125,0.56,93.73214285714285
2001-08-29,52.96,52.99,52.17,52.42,1513275,52.635,0.56,93.60714285714285
2001-08-30,53.06,53.14,51.91,52.45,1769248,52.64,0.56,93.66071428571428
2001-08-31,52.85,52.99,51.74,52.37,1507008,52.4875,0.56,93.51785714285712
2001-09-04,52.63,53.49,52.42,52.92,1829690,52.865,0.56,94.5
2001-09-05,53.03,53.39,52.66,53.01,1909908,53.0225,0.56,94.66071428571428
2001-09-06,53.85,53.98,52.56,52.65,1946953,53.26,0.56,94.01785714285712
2001-09-07,52.52,52.63,50.36,50.51,2369489,51.505,0.56,90.19642857142856
2001-09-10,49.9,50.8,49.34,50.26,2699552,50.075,0.56,89.74999999999999
2001-09-17,51.7,51.7,48.83,50.98,3982480,50.8025,0.56,91.03571428571428
2001-09-18,50.98,51.07,49.83,49.83,3638212,50.4275,0.56,88.98214285714285
2001-09-19,49.87,50.33,48.11,49.91,2859430,49.555,0.56,89.12499999999999
2001-09-20,49.29,50.59,48.48,50.09,2305008,49.6125,0.56,89.44642857142857
2001-09-21,48.47,49.69,47.43,48.84,3194646,48.6075,0.56,87.21428571428571
2001-09-24,49.55,49.81,48.65,49.36,2245263,49.3425,0.56,88.14285714285714
2001-09-25,49.01,50.05,48.68,50.05,1648921,49.4475,0.56,89.37499999999999
2001-09-26,50.23,50.61,49.65,50.44,2430488,50.2325,0.56,90.07142857142856
2001-09-27,50.91,52.41,50.87,51.81,2913048,51.5,0.56,92.51785714285714
2001-09-28,52.78,53.14,52.45,53.1,2938952,52.8675,0.56,94.82142857142857
2001-10-01,52.96,53.78,52.55,52.78,2162956,53.0175,0.56,94.25
2001-10-02,52.96,53.19,52.13,52.74,2382023,52.755,0.56,94.17857142857142
2001-10-03,52.74,53.14,52.14,52.7,3423601,52.68,0.56,94.10714285714285
2001-10-04,53.14,53.95,52.93,53.38,1914782,53.35,0.56,95.32142857142857
2001-10-05,53.64,53.82,53.14,53.59,1757828,53.5475,0.56,95.69642857142857
2001-10-08,53.46,53.85,52.7,53.1,1226385,53.2775,0.56,94.82142857142857
2001-10-09,53.14,53.57,52.75,52.78,4610713,53.06,0.56,94.25
2001-10-10,53.14,53.82,53.0,53.31,2317960,53.3175,0.56,95.19642857142857
2001-10-11,53.82,53.82,52.15,53.03,1953220,53.205,0.56,94.69642857142857
2001-10-12,53.03,53.24,52.67,52.92,2271723,52.965,0.56,94.5
2001-10-15,53.03,53.85,52.95,53.85,2556664,53.42,0.56,96.16071428571428
2001-10-16,53.85,54.28,53.24,53.75,1856290,53.78,0.56,95.98214285714285
2001-10-17,53.75,53.78,52.75,53.34,2565995,53.405,0.56,95.25
2001-10-18,53.49,54.03,53.42,53.85,1994303,53.6975,0.56,96.16071428571428
2001-10-19,53.85,53.99,53.32,53.85,1243933,53.7525,0.56,96.16071428571428
2001-10-22,53.71,55.0,53.52,55.0,1854479,54.3075,0.56,98.21428571428571
2001-10-23,53.6,53.61,50.26,50.98,12079184,52.1125,0.56,91.03571428571428
2001-10-24,51.34,52.41,50.69,51.09,6079702,51.3825,0.56,91.23214285714286
2001-10-25,51.09,52.27,50.98,51.48,2996191,51.455,0.56,91.92857142857142
2001-10-26,51.77,51.96,50.84,51.63,1888600,51.55,0.56,92.19642857142857
2001-10-29,51.7,52.05,50.97,51.01,2349017,51.4325,0.56,91.08928571428571
2001-10-30,50.12,50.13,48.91,48.97,5277663,49.5325,0.56,87.44642857142856
2001-10-31,48.98,49.04,48.1,48.19,3626931,48.5775,0.56,86.05357142857142
2001-11-01,46.13,47.36,45.74,47.14,12804907,46.5925,0.56,84.17857142857142
2001-11-02,46.96,47.03,46.53,46.72,3689323,46.81,0.56,83.42857142857142
2001-11-05,47.39,49.09,46.99,48.73,3276396,48.05,0.56,87.01785714285712
2001-11-06,48.4,48.97,46.67,47.03,5213183,47.7675,0.56,83.98214285714285
2001-11-07,47.04,47.14,45.7,45.88,10290022,46.44,0.56,81.92857142857143
2001-11-08,45.88,45.94,43.3,44.16,14853383,44.82,0.56,78.85714285714285
2001-11-09,44.77,45.5,43.81,45.45,7576126,44.8825,0.56,81.16071428571428
2001-11-12,44.88,45.49,44.52,45.27,3529583,45.04,0.56,80.83928571428571
2001-11-13,46.45,46.85,45.95,46.71,3690855,46.49,0.56,83.41071428571428
2001-11-14,48.11,48.11,46.57,47.11,3625399,47.475,0.39,120.7948717948718
2001-11-15,46.67,48.54,46.67,47.71,3365109,47.3975,0.39,122.33333333333333
2001-11-16,48.11,48.4,47.54,47.86,2655404,47.9775,0.39,122.71794871794872
2001-11-19,47.86,48.93,47.47,48.9,2593570,48.29,0.39,125.38461538461537
2001-11-20,48.97,49.9,48.9,49.57,4061026,49.335,0.39,127.1025641025641
2001-11-21,49.57,50.3,49.43,50.23,2327012,49.8825,0.39,128.7948717948718
2001-11-23,49.94,50.23,49.37,50.19,755941,49.9325,0.39,128.69230769230768
2001-11-26,49.83,50.33,49.58,50.16,2107945,49.975,0.39,128.6153846153846
2001-11-27,49.69,49.9,49.19,49.4,3349929,49.545,0.39,126.66666666666666
2001-11-28,49.22,49.28,48.47,48.53,2634793,48.875,0.39,124.43589743589743
2001-11-29,48.47,48.99,48.1,48.79,2412940,48.5875,0.39,125.1025641025641
2001-11-30,48.4,49.22,48.4,49.06,1975363,48.77,0.39,125.7948717948718
2001-12-03,48.83,49.47,48.65,49.2,1624828,49.0375,0.39,126.15384615384616
2001-12-04,49.2,49.66,49.11,49.45,1475116,49.355,0.39,126.7948717948718
2001-12-05,49.26,49.26,48.32,48.48,2267824,48.83,0.39,124.30769230769229
2001-12-06,48.22,48.32,47.21,47.36,5270839,47.7775,0.39,121.43589743589743
2001-12-07,47.64,47.97,47.18,47.49,1922442,47.57,0.39,121.76923076923077
2001-12-10,47.71,47.71,46.49,46.51,2713200,47.105,0.39,119.25641025641025
2001-12-11,47.18,47.32,45.66,45.74,3836389,46.475,0.39,117.28205128205128
2001-12-12,46.13,47.03,45.49,46.66,3606319,46.3275,0.39,119.64102564102564
2001-12-13,46.73,46.82,45.49,45.7,2213649,46.185,0.39,117.17948717948718
2001-12-14,45.95,47.47,45.54,47.17,2389683,46.5325,0.39,120.94871794871796
2001-12-17,47.17,47.32,46.13,47.0,2045136,46.905,0.39,120.51282051282051
2001-12-18,46.96,47.17,45.18,45.61,4024956,46.23,0.39,116.94871794871794
2001-12-19,45.81,46.28,45.74,45.74,2696349,45.8925,0.39,117.28205128205128
2001-12-20,45.74,46.13,45.45,45.45,1783592,45.6925,0.39,116.53846153846155
2001-12-21,45.34,45.59,45.09,45.55,3461342,45.3925,0.39,116.79487179487178
2001-12-24,45.62,46.71,45.55,46.0,887131,45.97,0.39,117.94871794871794
2001-12-26,46.24,46.61,45.97,45.98,1164829,46.2,0.39,117.89743589743588
2001-12-27,45.78,45.85,45.38,45.5,2198887,45.6275,0.39,116.66666666666666
2001-12-28,46.53,47.03,46.13,46.67,2077864,46.59,0.39,119.66666666666667
2001-12-31,46.74,46.96,46.31,46.43,1485840,46.61,0.39,119.05128205128204
2002-01-02,46.1,46.39,45.27,46.0,1963804,45.94,0.39,117.94871794871794
2002-01-03,46.0,46.11,45.49,45.92,1559094,45.88,0.39,117.74358974358974
2002-01-04,46.1,46.1,44.5,45.42,4767528,45.53,0.39,116.46153846153847
2002-01-07,45.78,45.95,44.94,45.04,2954132,45.4275,0.39,115.48717948717947
2002-01-08,45.2,45.78,44.52,44.76,3562729,45.065,0.39,114.76923076923076
2002-01-09,45.02,45.06,44.23,44.24,4466850,44.6375,0.39,113.43589743589743
2002-01-10,44.23,44.24,43.59,43.73,6034859,43.9475,0.39,112.12820512820511
2002-01-11,44.09,44.37,43.59,43.66,2628665,43.9275,0.39,111.94871794871794
2002-01-14,44.34,45.1,44.05,44.78,3201888,44.5675,0.39,114.82051282051282
2002-01-15,45.09,45.92,45.02,45.45,4016182,45.37,0.39,116.53846153846155
2002-01-16,45.46,45.74,45.09,45.2,2306540,45.3725,0.39,115.8974358974359
2002-01-17,44.48,45.09,44.38,44.89,4068129,44.71,0.39,115.1025641025641
2002-01-18,44.7,44.88,43.59,44.46,3944599,44.4075,0.39,114.0
2002-01-22,45.95,48.47,45.95,48.25,5542410,47.155,0.39,123.71794871794872
2002-01-23,48.83,49.33,48.32,49.01,5094388,48.8725,0.39,125.66666666666666
2002-01-24,49.01,49.19,47.85,47.89,2307515,48.485,0.39,122.7948717948718
2002-01-25,48.47,48.68,47.18,47.89,3727900,48.055,0.39,122.7948717948718
2002-01-28,48.43,48.47,47.57,47.68,1651567,48.0375,0.39,122.25641025641025
2002-01-29,47.5,47.86,46.39,46.57,2420043,47.08,0.39,119.41025641025641
2002-01-30,46.74,47.11,45.42,47.1,4894818,46.5925,0.39,120.76923076923077
2002-01-31,47.1,47.51,46.87,47.33,3162893,47.2025,0.39,121.35897435897435
2002-02-01,47.18,47.64,47.12,47.34,2809294,47.32,0.39,121.38461538461539
2002-02-04,47.35,47.39,46.47,46.78,1802811,46.9975,0.39,119.94871794871794
2002-02-05,46.78,47.07,46.39,46.82,1947649,46.765,0.39,120.05128205128204
2002-02-06,46.67,46.74,44.83,45.49,4216309,45.9325,0.39,116.64102564102564
2002-02-07,45.48,46.78,44.93,46.31,2313782,45.875,0.39,118.74358974358975
2002-02-08,45.95,46.74,45.85,46.38,1862975,46.23,0.39,118.92307692307692
2002-02-11,46.92,47.71,46.8,47.39,2256543,47.205,0.39,121.51282051282051
2002-02-12,47.4,48.02,47.29,47.93,1673014,47.66,0.39,122.8974358974359
2002-02-13,47.93,48.61,47.75,48.14,1828436,48.1075,0.63,76.41269841269842
2002-02-14,48.25,48.29,47.28,47.39,1737774,47.8025,0.63,75.22222222222223
2002-02-15,47.39,47.74,46.57,47.46,3109554,47.29,0.63,75.33333333333333
2002-02-19,47.46,47.53,46.28,46.48,1852251,46.9375,0.63,73.77777777777777
2002-02-20,46.53,46.96,46.17,46.82,1876344,46.62,0.63,74.31746031746032
2002-02-21,46.82,47.24,46.49,46.61,1886511,46.79,0.63,73.98412698412699
2002-02-22,45.95,47.21,45.88,47.06,1939154,46.525,0.63,74.6984126984127
2002-02-25,47.06,47.16,45.81,47.09,2007395,46.78,0.63,74.74603174603175
2002-02-26,46.67,47.75,45.78,47.08,2861241,46.82,0.63,74.73015873015872
2002-02-27,47.75,48.29,47.25,47.61,2246098,47.725,0.63,75.57142857142857
2002-02-28,47.43,47.86,47.4,47.46,2100007,47.5375,0.63,75.33333333333333
2002-03-01,47.46,47.78,47.32,47.61,2656658,47.5425,0.63,75.57142857142857
2002-03-04,47.68,48.6,46.86,47.43,2375756,47.6425,0.63,75.28571428571429
2002-03-05,47.43,47.5,45.81,46.24,3139357,46.745,0.63,73.3968253968254
2002-03-06,46.31,47.36,46.21,47.14,2385505,46.755,0.63,74.82539682539682
2002-03-07,47.21,47.39,46.81,47.32,2873775,47.1825,0.63,75.11111111111111
2002-03-08,47.25,47.38,46.53,46.85,2216295,47.0025,0.63,74.36507936507937
2002-03-11,46.85,47.48,46.33,47.37,1782061,47.0075,0.63,75.19047619047619
2002-03-12,47.21,47.78,46.89,47.63,1912693,47.3775,0.63,75.60317460317461
2002-03-13,47.63,48.76,47.61,47.92,2538420,47.98,0.63,76.06349206349206
2002-03-14,48.18,48.75,48.11,48.12,2066305,48.29,0.63,76.38095238095238
2002-03-15,48.18,49.76,48.12,49.59,3916328,48.9125,0.63,78.71428571428572
2002-03-18,50.01,50.26,49.87,50.19,4334268,50.0825,0.63,79.66666666666666
2002-03-19,50.2,50.33,49.84,49.94,2425474,50.0775,0.63,79.26984126984127
2002-03-20,49.83,50.18,49.33,49.55,1337381,49.7225,0.63,78.65079365079364
2002-03-21,49.62,50.24,49.55,50.16,1624549,49.8925,0.63,79.6190476190476
2002-03-22,50.05,50.51,49.95,50.3,2309186,50.2025,0.63,79.84126984126983
2002-03-25,50.26,50.26,49.28,49.34,1414535,49.785,0.63,78.31746031746032
2002-03-26,49.19,49.87,48.97,49.74,1967286,49.4425,0.63,78.95238095238095
2002-03-27,49.76,50.93,49.7,50.69,2742167,50.27,0.63,80.46031746031746
2002-03-28,50.98,51.7,50.9,50.9,2400824,51.12,0.63,80.79365079365078
2002-04-01,50.9,51.66,50.56,51.58,1565361,51.175,0.63,81.87301587301587
2002-04-02,51.56,51.56,51.02,51.32,2072293,51.365,0.63,81.46031746031746
2002-04-03,51.41,51.48,50.96,51.2,1706856,51.2625,0.63,81.26984126984128
2002-04-04,51.05,51.05,50.0,50.33,4499021,50.6075,0.63,79.88888888888889
2002-04-05,50.32,50.33,48.18,49.03,3392266,49.465,0.63,77.82539682539682
2002-04-08,48.9,49.33,48.54,49.1,2624348,48.9675,0.63,77.93650793650794
2002-04-09,49.26,49.44,48.86,49.19,1804065,49.1875,0.63,78.07936507936508
2002-04-10,49.33,50.24,49.22,49.98,2583264,49.6925,0.63,79.33333333333333
2002-04-11,50.01,50.19,49.22,49.3,1931912,49.68,0.63,78.25396825396825
2002-04-12,49.33,49.37,48.83,49.24,1704907,49.1925,0.63,78.15873015873017
2002-04-15,49.4,50.22,49.29,49.9,1748079,49.7025,0.63,79.2063492063492
2002-04-16,50.05,50.26,49.98,50.23,2291778,50.13,0.63,79.73015873015872
2002-04-17,50.23,50.26,49.82,49.87,1251035,50.045,0.63,79.15873015873015
2002-04-18,49.89,50.73,49.76,50.44,1962272,50.205,0.63,80.06349206349206
2002-04-19,50.62,51.83,50.52,51.83,1998760,51.2,0.63,82.26984126984127
2002-04-22,52.7,52.92,52.14,52.42,3879283,52.545,0.63,83.2063492063492
2002-04-23,51.94,51.94,49.9,49.9,8990106,50.92,0.63,79.2063492063492
2002-04-24,50.26,50.84,49.8,49.82,2766818,50.18,0.63,79.07936507936508
2002-04-25,49.83,50.47,49.69,49.97,3311491,49.99,0.63,79.31746031746032
2002-04-26,50.26,50.55,49.58,50.16,1935115,50.1375,0.63,79.6190476190476
2002-04-29,50.08,50.08,49.19,49.26,2098475,49.6525,0.63,78.19047619047619
2002-04-30,49.29,50.44,48.32,49.76,4255861,49.4525,0.63,78.98412698412697
2002-05-01,49.72,50.69,49.51,50.48,2003495,50.1,0.63,80.12698412698413
2002-05-02,50.3,51.05,49.69,50.87,2137749,50.4775,0.63,80.74603174603175
2002-05-03,50.62,51.45,50.12,50.94,2158082,50.7825,0.63,80.85714285714285
2002-05-06,50.98,51.63,50.9,50.95,2083713,51.115,0.63,80.87301587301587
2002-05-07,50.62,50.95,49.72,49.91,2486612,50.3,0.63,79.22222222222221
2002-05-08,50.08,50.55,49.29,50.35,2154043,50.0675,0.67,75.14925373134328
2002-05-09,49.72,50.19,48.72,49.09,1978984,49.43,0.67,73.26865671641791
2002-05-10,49.37,49.4,48.11,48.5,1935672,48.845,0.67,72.38805970149254
2002-05-13,48.61,48.99,47.86,48.27,1907540,48.4325,0.67,72.04477611940298
2002-05-14,47.97,48.27,47.21,48.18,2884359,47.9075,0.67,71.91044776119402
2002-05-15,48.29,49.52,48.29,48.4,2103907,48.625,0.67,72.23880597014924
2002-05-16,48.61,48.97,48.08,48.56,2304033,48.555,0.67,72.4776119402985
2002-05-17,47.97,49.51,47.97,49.39,1761449,48.71,0.67,73.71641791044776
2002-05-20,49.39,49.39,48.33,48.6,1730810,48.9275,0.67,72.53731343283582
2002-05-21,48.65,48.9,48.47,48.78,1163019,48.7,0.67,72.80597014925372
2002-05-22,48.18,48.74,47.99,48.53,1789581,48.36,0.67,72.43283582089552
2002-05-23,48.54,48.54,47.39,48.36,1759499,48.2075,0.67,72.17910447761193
2002-05-24,48.36,48.61,47.77,48.0,1700589,48.185,0.67,71.64179104477611
2002-05-28,48.0,48.22,47.69,48.05,1275128,47.99,0.67,71.71641791044776
2002-05-29,47.75,48.4,47.69,47.88,1253124,47.93,0.67,71.46268656716418
2002-05-30,47.64,48.35,47.64,48.23,1749890,47.965,0.67,71.98507462686567
2002-05-31,48.23,48.42,47.57,47.72,1856568,47.985,0.67,71.22388059701493
2002-06-03,47.64,48.25,46.64,46.64,2334672,47.2925,0.67,69.61194029850746
2002-06-04,46.64,46.67,45.34,45.7,3784860,46.0875,0.67,68.2089552238806
2002-06-05,45.34,46.03,45.12,45.6,3113175,45.5225,0.67,68.05970149253731
2002-06-06,45.63,45.92,45.26,45.26,3354525,45.5175,0.67,67.55223880597015
2002-06-07,45.27,45.9,45.13,45.88,2816118,45.545,0.67,68.4776119402985
2002-06-10,46.31,47.43,46.21,47.1,2055860,46.7625,0.67,70.29850746268656
2002-06-11,47.93,47.93,46.53,46.56,3151473,47.2375,0.67,69.49253731343283
2002-06-12,46.57,46.57,43.73,44.52,5477929,45.3475,0.67,66.44776119402985
2002-06-13,44.81,45.14,44.49,44.77,3517885,44.8025,0.67,66.82089552238806
2002-06-14,43.01,44.78,42.69,44.48,6841912,43.74,0.67,66.38805970149252
2002-06-17,45.42,46.53,45.31,46.35,3371654,45.9025,0.67,69.17910447761194
2002-06-18,46.35,46.5,45.91,45.91,1892221,46.1675,0.67,68.52238805970148
2002-06-19,45.81,46.49,45.63,46.18,1816738,46.0275,0.67,68.92537313432835
2002-06-20,46.36,46.97,46.21,46.79,2405002,46.5825,0.67,69.83582089552239
2002-06-21,46.03,46.67,45.67,45.67,3953512,46.01,0.67,68.16417910447761
2002-06-24,45.67,45.81,44.84,44.98,3588354,45.325,0.67,67.13432835820895
2002-06-25,44.84,45.3,44.16,44.2,2587581,44.625,0.67,65.97014925373135
2002-06-26,43.69,44.6,43.17,44.27,3447137,43.9325,0.67,66.07462686567165
2002-06-27,44.59,45.6,44.48,45.24,3450619,44.9775,0.67,67.5223880597015
2002-06-28,45.24,45.24,44.09,44.1,2452492,44.6675,0.67,65.82089552238806
2002-07-01,44.1,44.2,40.46,41.14,7186037,42.475,0.67,61.40298507462686
2002-07-02,39.67,41.29,33.6,39.07,20511107,38.4075,0.67,58.31343283582089
2002-07-03,38.96,41.07,38.09,41.04,5734320,39.79,0.67,61.253731343283576
2002-07-05,42.36,42.8,41.86,42.47,2368514,42.3725,0.67,63.38805970149253
2002-07-08,42.36,42.83,41.11,41.89,3671079,42.0475,0.67,62.52238805970149
2002-07-09,41.89,42.01,37.12,37.83,8234021,39.7125,0.67,56.46268656716418
2002-07-10,37.98,39.85,37.52,37.71,7286032,38.265,0.67,56.28358208955223
2002-07-11,36.44,37.55,34.83,37.27,9451776,36.5225,0.67,55.626865671641795
2002-07-12,37.34,39.07,36.46,37.55,4248340,37.605,0.67,56.044776119402975
2002-07-15,37.77,37.81,35.97,37.26,3474573,37.2025,0.67,55.611940298507456
2002-07-16,37.88,39.46,37.16,37.76,3541700,38.065,0.67,56.35820895522387
2002-07-17,38.77,39.47,38.44,39.41,3148827,39.0225,0.67,58.82089552238805
2002-07-18,39.13,39.42,37.81,38.08,4070079,38.61,0.67,56.83582089552238
2002-07-19,37.52,38.29,37.05,37.88,4068407,37.685,0.67,56.53731343283582
2002-07-22,38.02,38.51,35.74,36.07,3741826,37.085,0.67,53.83582089552239
2002-07-23,35.9,36.8,35.24,35.24,4011726,35.795,0.67,52.59701492537313
2002-07-24,33.46,37.16,33.46,36.8,4883955,35.22,0.67,54.92537313432835
2002-07-25,36.62,37.34,35.74,37.21,3778732,36.7275,0.67,55.537313432835816
2002-07-26,37.77,37.94,36.98,37.7,2540370,37.5975,0.67,56.26865671641791
2002-07-29,39.49,41.18,39.42,41.04,4154196,40.2825,0.67,61.253731343283576
2002-07-30,41.08,42.01,40.58,41.32,3021816,41.2475,0.67,61.67164179104477
2002-07-31,41.68,42.01,40.07,41.36,4406966,41.28,0.67,61.731343283582085
2002-08-01,41.4,41.9,39.64,40.18,4543726,40.78,0.67,59.97014925373134
2002-08-02,40.18,40.86,38.49,38.91,2759854,39.61,0.67,58.07462686567163
2002-08-05,38.95,39.24,36.8,37.36,3031007,38.0875,0.67,55.76119402985074
2002-08-06,38.77,40.71,38.24,40.0,5615804,39.43,0.67,59.70149253731343
2002-08-07,40.57,41.75,40.21,41.57,3863128,41.025,0.67,62.04477611940298
2002-08-08,41.83,44.5,41.83,44.14,4621437,43.075,0.67,65.88059701492537
2002-08-09,44.34,44.34,42.9,43.5,4511555,43.77,0.67,64.92537313432835
2002-08-12,43.08,44.66,42.78,44.59,2805813,43.7775,0.67,66.55223880597015
2002-08-13,44.59,45.02,43.83,43.92,2930039,44.34,0.67,65.55223880597015
2002-08-14,43.92,45.74,43.66,45.74,3173060,44.765,0.67,68.26865671641791
2002-08-15,45.74,46.13,44.91,45.82,3685284,45.65,0.67,68.38805970149254
2002-08-16,45.82,47.21,45.8,46.74,3717455,46.3925,0.67,69.76119402985074
2002-08-19,47.46,47.46,46.57,47.33,3480840,47.205,0.67,70.64179104477611
2002-08-20,47.36,47.7,46.72,47.33,2065190,47.2775,0.67,70.64179104477611
2002-08-21,47.51,48.65,46.74,48.65,3383631,47.8875,0.67,72.61194029850746
2002-08-22,48.59,49.19,48.25,48.96,3145763,48.7475,0.67,73.07462686567163
2002-08-23,48.86,48.86,47.03,47.09,2747320,47.96,0.67,70.28358208955224
2002-08-26,47.18,48.67,47.05,48.24,2535495,47.785,0.67,72.0
2002-08-27,48.58,48.64,47.61,47.75,3142282,48.145,0.67,71.26865671641791
2002-08-28,47.46,47.54,46.1,46.53,2953853,46.9075,0.67,69.44776119402985
2002-08-29,46.53,47.05,45.76,46.61,2407370,46.4875,0.67,69.56716417910447
2002-08-30,46.61,46.85,46.06,46.56,1851137,46.52,0.67,69.49253731343283
2002-09-03,46.14,46.14,44.55,44.55,2556664,45.345,0.67,66.49253731343283
2002-09-04,44.7,45.93,44.19,45.9,2732140,45.18,0.67,68.50746268656715
2002-09-05,45.24,47.17,45.19,46.89,3118885,46.1225,0.67,69.98507462686567
2002-09-06,46.9,47.36,46.16,46.45,3633894,46.7175,0.67,69.32835820895522
2002-09-09,46.45,47.44,46.21,46.99,1734013,46.7725,0.67,70.13432835820895
2002-09-10,46.85,47.76,46.79,47.61,2598583,47.2525,0.67,71.05970149253731
2002-09-11,47.93,48.27,47.79,47.97,1598507,47.99,0.67,71.59701492537313
2002-09-12,47.61,47.64,47.01,47.05,1897513,47.3275,0.67,70.22388059701491
2002-09-13,47.05,47.57,46.78,47.57,1480408,47.2425,0.67,71.0
2002-09-16,47.21,48.07,46.89,47.82,1752954,47.4975,0.67,71.3731343283582
2002-09-17,46.46,47.22,45.88,45.88,7760378,46.36,0.67,68.4776119402985
2002-09-18,45.52,45.6,44.26,44.99,5936534,45.0925,0.67,67.14925373134328
2002-09-19,44.27,44.96,44.23,44.23,3525405,44.4225,0.67,66.01492537313432
2002-09-20,44.3,44.84,43.94,44.52,3963539,44.4,0.67,66.44776119402985
2002-09-23,44.34,44.44,43.15,43.71,2903578,43.91,0.67,65.23880597014926
2002-09-24,43.3,44.7,42.83,43.46,3331128,43.5725,0.67,64.86567164179104
2002-09-25,44.09,45.74,44.02,45.57,4577846,44.855,0.67,68.01492537313432
2002-09-26,46.34,47.69,45.95,47.49,5131015,46.8675,0.67,70.88059701492537
2002-09-27,47.03,47.91,45.78,45.99,3739459,46.6775,0.67,68.64179104477611
2002-09-30,45.98,45.99,44.56,44.66,4847467,45.2975,0.66,67.66666666666666
2002-10-01,45.17,46.67,44.26,46.21,3891956,45.5775,0.66,70.01515151515152
2002-10-02,46.21,46.74,45.22,45.24,3482511,45.8525,0.66,68.54545454545455
2002-10-03,45.31,47.11,45.24,46.89,3769401,46.1375,0.66,71.04545454545455
2002-10-04,46.89,47.0,44.51,44.66,4057127,45.765,0.66,67.66666666666666
2002-10-07,44.65,46.17,44.13,44.34,3938193,44.8225,0.66,67.18181818181819
2002-10-08,44.52,46.21,44.52,45.88,3557576,45.2825,0.66,69.51515151515152
2002-10-09,45.24,45.94,44.18,44.28,4364907,44.91,0.66,67.0909090909091
2002-10-10,44.55,46.11,43.44,45.76,4377998,44.965,0.66,69.33333333333333
2002-10-11,46.01,47.86,46.01,47.8,4046960,46.92,0.66,72.42424242424242
2002-10-14,47.8,48.83,47.41,48.82,2912630,48.215,0.66,73.96969696969697
2002-10-15,49.65,49.75,48.12,48.73,3651581,49.0625,0.66,73.83333333333333
2002-10-16,48.73,49.19,48.02,48.76,3915353,48.675,0.66,73.87878787878788
2002-10-17,49.19,49.19,47.54,48.55,3668711,48.6175,0.66,73.56060606060605
2002-10-18,48.19,48.33,47.36,47.83,3089360,47.9275,0.66,72.46969696969697
2002-10-21,47.89,50.25,47.82,49.99,4684943,48.9875,0.66,75.74242424242424
2002-10-22,48.76,50.98,48.57,50.37,7718321,49.67,0.66,76.31818181818181
2002-10-23,50.26,50.26,48.4,49.55,7624593,49.6175,0.66,75.07575757575756
2002-10-24,50.12,50.23,48.97,49.12,3743358,49.61,0.66,74.42424242424242
2002-10-25,49.13,50.92,48.02,50.52,3247846,49.6475,0.66,76.54545454545455
2002-10-28,51.17,51.66,49.7,49.95,3800318,50.62,0.66,75.68181818181819
2002-10-29,50.24,50.61,49.48,50.04,2863608,50.0925,0.66,75.81818181818181
2002-10-30,50.25,50.76,49.75,50.12,2666267,50.22,0.66,75.93939393939394
2002-10-31,49.98,50.94,48.83,49.7,3989165,49.8625,0.66,75.3030303030303
2002-11-01,49.76,51.43,49.33,51.1,3802268,50.405,0.66,77.42424242424242
2002-11-04,51.1,51.91,50.25,50.87,2855809,51.0325,0.66,77.07575757575756
2002-11-05,50.87,50.87,48.55,49.75,6541372,50.01,0.66,75.37878787878788
2002-11-06,50.3,50.98,49.5,50.27,10383196,50.2625,0.66,76.16666666666667
2002-11-07,50.27,50.3,49.01,49.35,5732508,49.7325,0.66,74.77272727272727
2002-11-08,49.36,49.36,47.31,47.81,5865927,48.46,0.66,72.43939393939394
2002-11-11,47.81,48.63,47.47,47.99,2717656,47.975,0.66,72.71212121212122
2002-11-12,48.47,48.77,47.33,48.11,2585631,48.17,0.66,72.89393939393939
2002-11-13,48.12,49.48,47.99,48.69,3805054,48.57,0.66,73.77272727272727
2002-11-14,48.79,49.13,47.61,48.64,5529458,48.5425,0.65,74.83076923076923
2002-11-15,48.64,50.48,48.61,49.74,4301401,49.3675,0.65,76.52307692307693
2002-11-18,50.08,50.12,48.3,48.76,4250987,49.315,0.65,75.0153846153846
2002-11-19,45.95,46.97,45.09,46.46,10790132,46.1175,0.65,71.47692307692307
2002-11-20,46.46,47.3,46.28,46.67,4725191,46.6775,0.65,71.8
2002-11-21,46.67,47.38,44.23,44.55,8391677,45.7075,0.65,68.53846153846153
2002-11-22,44.55,45.94,44.36,44.73,6295147,44.895,0.65,68.8153846153846
2002-11-25,44.73,45.18,43.84,44.12,5579176,44.4675,0.65,67.87692307692308
2002-11-26,44.13,44.81,43.83,43.83,4361704,44.15,0.65,67.43076923076923
2002-11-27,43.97,45.06,43.82,44.7,2405141,44.3875,0.65,68.76923076923077
2002-11-29,44.88,44.95,44.16,44.19,1147003,44.545,0.65,67.98461538461538
2002-12-02,45.06,45.21,44.23,44.51,4099743,44.7525,0.65,68.47692307692307
2002-12-03,44.52,45.07,44.2,44.7,2955942,44.6225,0.65,68.76923076923077
2002-12-04,44.73,46.24,43.98,45.95,8229566,45.225,0.65,70.6923076923077
2002-12-05,45.87,45.95,44.87,45.24,3901148,45.4825,0.65,69.6
2002-12-06,45.25,46.15,44.87,45.88,2781859,45.5375,0.65,70.58461538461539
2002-12-09,45.88,46.42,45.04,45.05,2193455,45.5975,0.65,69.3076923076923
2002-12-10,45.41,45.41,44.45,45.29,2856506,45.14,0.65,69.67692307692307
2002-12-11,44.81,45.25,43.83,44.37,3663419,44.565,0.65,68.26153846153845
2002-12-12,44.37,44.66,43.69,44.02,3306199,44.185,0.65,67.72307692307693
2002-12-13,44.66,45.17,44.24,44.77,4070079,44.71,0.65,68.87692307692308
2002-12-16,44.59,45.39,44.22,44.83,3113453,44.7575,0.65,68.96923076923076
2002-12-17,44.53,44.59,43.65,43.9,3674003,44.1675,0.65,67.53846153846153
2002-12-18,43.8,43.84,42.65,42.77,5067509,43.265,0.65,65.8
2002-12-19,42.69,43.25,42.22,42.37,4447910,42.6325,0.65,65.18461538461538
2002-12-20,42.51,42.66,40.78,42.03,10066221,41.995,0.65,64.66153846153846
2002-12-23,42.03,42.58,41.97,42.18,3257456,42.19,0.65,64.8923076923077
2002-12-24,42.29,42.93,42.22,42.55,1373312,42.4975,0.65,65.46153846153845
2002-12-26,42.97,43.15,42.42,42.51,1576920,42.7625,0.65,65.39999999999999
2002-12-27,42.54,42.62,41.5,41.64,1472331,42.075,0.65,64.06153846153846
2002-12-30,41.92,42.33,41.46,41.85,3218043,41.89,0.65,64.38461538461539
2002-12-31,41.89,42.87,41.66,42.5,2726291,42.23,0.65,65.38461538461539
2003-01-02,43.08,44.43,42.98,44.41,4100439,43.725,0.65,68.32307692307691
2003-01-03,44.0,45.2,43.98,44.99,2798292,44.5425,0.65,69.21538461538462
2003-01-06,44.54,45.75,44.54,45.58,3565236,45.1025,0.65,70.12307692307692
2003-01-07,45.22,45.42,44.37,44.38,3166375,44.8475,0.65,68.27692307692308
2003-01-08,44.55,45.06,44.3,44.86,3189354,44.6925,0.65,69.01538461538462
2003-01-09,44.95,45.6,44.57,45.08,2958867,45.05,0.65,69.35384615384615
2003-01-10,44.42,45.2,44.23,44.36,2794532,44.5525,0.65,68.24615384615385
2003-01-13,44.38,44.41,43.2,43.55,3985683,43.885,0.65,67.0
2003-01-14,43.56,44.07,43.0,43.38,3368451,43.5025,0.65,66.73846153846154
2003-01-15,43.43,43.91,42.9,43.05,2899678,43.3225,0.65,66.23076923076923
2003-01-16,43.23,44.34,43.15,43.26,3746561,43.495,0.65,66.55384615384615
2003-01-17,43.26,43.26,42.8,43.08,3430564,43.1,0.65,66.27692307692307
2003-01-21,43.08,43.51,42.75,42.94,2730469,43.07,0.65,66.06153846153846
2003-01-22,42.95,43.33,42.58,42.76,3397697,42.905,0.65,65.78461538461538
2003-01-23,42.36,42.44,40.05,41.65,10762833,41.625,0.65,64.07692307692307
2003-01-24,41.65,41.9,40.34,40.94,4271598,41.2075,0.65,62.98461538461538
2003-01-27,40.68,41.1,39.46,39.87,3430147,40.2775,0.65,61.33846153846153
2003-01-28,39.89,41.07,39.69,40.78,4300426,40.3575,0.65,62.738461538461536
2003-01-29,40.71,41.93,40.43,41.47,5399940,41.135,0.65,63.8
2003-01-30,41.57,41.88,40.84,40.84,3663837,41.2825,0.65,62.830769230769235
2003-01-31,40.78,42.15,40.75,41.88,3264419,41.39,0.65,64.43076923076923
2003-02-03,42.15,42.29,40.93,41.06,4034426,41.6075,0.65,63.16923076923077
2003-02-04,41.04,41.22,40.69,41.18,4047239,41.0325,0.65,63.35384615384615
2003-02-05,41.4,41.57,40.71,40.75,3657709,41.1075,0.65,62.69230769230769
2003-02-06,40.71,41.29,40.21,40.8,2540370,40.7525,0.65,62.76923076923076
2003-02-07,41.47,41.61,40.51,40.54,2524075,41.0325,0.65,62.36923076923077
2003-02-10,40.44,41.22,40.21,40.92,2424639,40.6975,0.65,62.95384615384616
2003-02-11,41.07,41.79,40.99,41.06,3248403,41.2275,0.65,63.16923076923077
2003-02-12,40.61,40.78,38.95,39.13,6351692,39.8675,0.65,60.2
2003-02-13,39.4,39.92,37.7,38.72,9568483,38.935,0.65,59.569230769230764
2003-02-14,38.72,40.57,38.06,40.38,7421263,39.4325,0.83,48.65060240963856
2003-02-18,40.57,42.11,40.43,41.77,3392127,41.22,0.83,50.32530120481928
2003-02-19,41.65,42.44,41.5,41.72,3897945,41.8275,0.83,50.265060240963855
2003-02-20,41.72,41.92,41.5,41.65,3257595,41.6975,0.83,50.18072289156627
2003-02-21,41.86,43.23,41.83,43.05,5353285,42.4925,0.83,51.86746987951807
2003-02-24,42.9,43.2,42.19,42.23,3966325,42.63,0.83,50.87951807228916
2003-02-25,41.65,42.98,41.56,42.9,3311630,42.2725,0.83,51.68674698795181
2003-02-26,42.85,43.08,41.79,41.85,3847808,42.3925,0.83,50.42168674698796
2003-02-27,42.26,42.36,41.49,41.79,3894324,41.975,0.83,50.34939759036145
2003-02-28,40.93,41.54,40.71,41.14,5629452,41.08,0.83,49.566265060240966
2003-03-03,41.14,42.06,41.0,41.12,2654429,41.33,0.83,49.54216867469879
2003-03-04,40.89,41.06,40.41,40.41,2608471,40.6925,0.83,48.68674698795181
2003-03-05,40.41,40.93,40.25,40.89,2416979,40.62,0.83,49.265060240963855
2003-03-06,40.61,40.8,39.96,40.08,3455215,40.3625,0.83,48.28915662650603
2003-03-07,39.4,40.28,39.35,40.04,3579859,39.7675,0.83,48.24096385542169
2003-03-10,39.69,39.82,38.51,38.62,3597546,39.16,0.83,46.53012048192771
2003-03-11,38.72,39.49,38.59,39.04,2742446,38.96,0.83,47.036144578313255
2003-03-12,39.05,39.29,37.73,38.7,6484415,38.6925,0.83,46.62650602409639
2003-03-13,39.06,39.06,37.16,37.77,10620781,38.2625,0.83,45.506024096385545
2003-03-14,38.02,38.03,36.11,36.12,8523839,37.07,0.83,43.51807228915663
2003-03-17,36.13,38.88,35.9,38.6,8380536,37.3775,0.83,46.506024096385545
2003-03-18,39.06,40.1,38.85,39.96,5542410,39.4925,0.83,48.144578313253014
2003-03-19,39.78,40.18,39.18,40.15,3966743,39.8225,0.83,48.373493975903614
2003-03-20,40.16,40.5,38.99,40.43,4345967,40.02,0.83,48.71084337349398
2003-03-21,41.07,41.65,40.81,41.48,5387963,41.2525,0.83,49.97590361445783
2003-03-24,41.49,41.49,40.33,40.52,3746979,40.9575,0.83,48.81927710843374
2003-03-25,40.57,42.1,40.53,41.8,3689323,41.25,0.83,50.36144578313253
2003-03-26,41.72,41.72,41.12,41.25,2907060,41.4525,0.83,49.6987951807229
2003-03-27,40.32,41.21,40.01,40.9,4957210,40.61,0.83,49.27710843373494
2003-03-28,40.88,41.53,40.65,41.44,2677408,41.125,0.83,49.9277108433735
2003-03-31,40.89,41.36,40.28,40.91,3821069,40.86,0.83,49.28915662650602
2003-04-01,40.86,41.61,40.56,41.37,2920429,41.1,0.83,49.8433734939759
2003-04-02,41.37,42.65,40.92,42.49,7667488,41.8575,0.83,51.19277108433735
2003-04-03,42.49,42.65,41.85,42.15,3568160,42.285,0.83,50.78313253012048
2003-04-04,42.24,42.51,41.73,42.03,2698995,42.1275,0.83,50.638554216867476
2003-04-07,42.51,43.08,42.11,42.21,3091031,42.4775,0.83,50.85542168674699
2003-04-08,42.21,42.21,41.17,41.76,3437110,41.8375,0.83,50.31325301204819
2003-04-09,41.77,41.77,40.57,40.61,5253848,41.18,0.83,48.9277108433735
2003-04-10,40.6,40.68,39.98,40.35,4154753,40.4025,0.83,48.6144578313253
2003-04-11,40.64,41.06,40.45,40.53,2041236,40.67,0.83,48.83132530120482
2003-04-14,40.45,41.61,40.43,41.41,2046946,40.975,0.83,49.89156626506024
2003-04-15,41.41,42.1,41.33,41.88,3761741,41.68,0.83,50.45783132530121
2003-04-16,41.88,41.88,40.63,40.87,4502642,41.315,0.83,49.24096385542168
2003-04-17,41.0,41.22,40.61,40.72,3827197,40.8875,0.83,49.06024096385542
2003-04-21,41.11,41.2,39.85,40.03,4747474,40.5475,0.83,48.22891566265061
2003-04-22,40.03,41.57,39.65,41.39,5109289,40.66,0.83,49.867469879518076
2003-04-23,39.49,39.5,37.34,37.46,19884270,38.4475,0.83,45.13253012048193
2003-04-24,37.46,38.74,37.39,38.26,8753629,37.9625,0.83,46.096385542168676
2003-04-25,38.76,38.77,38.17,38.54,5205105,38.56,0.83,46.433734939759034
2003-04-28,38.74,38.88,38.19,38.67,4468939,38.62,0.83,46.59036144578314
2003-04-29,38.56,39.56,38.39,39.46,4032337,38.9925,0.83,47.5421686746988
2003-04-30,39.46,40.14,38.85,39.69,4267838,39.535,0.83,47.81927710843374
2003-05-01,39.69,39.96,39.46,39.57,4822956,39.67,0.83,47.674698795180724
2003-05-02,39.49,40.85,39.38,40.47,3563704,40.0475,0.83,48.75903614457832
2003-05-05,40.21,40.21,39.79,40.1,3710213,40.0775,0.83,48.3132530120482
2003-05-06,40.21,40.43,39.78,40.26,3030311,40.17,0.83,48.506024096385545
2003-05-07,40.44,40.93,40.22,40.93,3817030,40.63,0.83,49.31325301204819
2003-05-08,40.39,41.17,40.39,40.86,4286639,40.7025,0.83,49.22891566265061
2003-05-09,41.0,41.45,40.82,41.43,2702894,41.175,0.83,49.915662650602414
2003-05-12,41.29,41.94,41.11,41.94,3356753,41.57,0.83,50.53012048192771
2003-05-13,41.79,41.86,41.29,41.67,5958817,41.6525,0.83,50.20481927710844
2003-05-14,41.54,41.79,41.5,41.61,3580694,41.61,0.83,50.13253012048193
2003-05-15,41.54,42.15,41.5,42.01,4382872,41.8,0.85,49.423529411764704
2003-05-16,41.86,42.16,41.63,42.13,2910820,41.945,0.85,49.564705882352946
2003-05-19,41.65,41.97,40.56,40.77,5651177,41.2375,0.85,47.964705882352945
2003-05-20,40.78,41.0,40.03,40.4,4086930,40.5525,0.85,47.529411764705884
2003-05-21,40.26,41.0,40.04,40.86,3322075,40.54,0.85,48.07058823529412
2003-05-22,40.91,41.5,40.63,40.94,2771274,40.995,0.85,48.16470588235294
2003-05-23,41.05,41.11,40.62,40.96,2110870,40.935,0.85,48.188235294117646
2003-05-27,40.95,41.61,40.6,41.53,2550675,41.1725,0.85,48.858823529411765
2003-05-28,41.54,41.65,40.39,40.58,3831375,41.04,0.85,47.741176470588236
2003-05-29,40.85,41.66,40.02,40.27,4298477,40.7,0.85,47.3764705882353
2003-05-30,40.27,41.46,40.27,41.44,2848150,40.86,0.85,48.752941176470586
2003-06-02,41.57,42.22,41.5,41.61,5265686,41.725,0.85,48.95294117647059
2003-06-03,41.61,41.73,41.44,41.68,3830539,41.615,0.85,49.03529411764706
2003-06-04,42.22,42.8,41.61,42.76,6026638,42.3475,0.85,50.305882352941175
2003-06-05,42.76,43.12,42.19,43.12,6096833,42.7975,0.85,50.72941176470588
2003-06-06,46.63,46.9,43.84,46.29,10669247,45.915,0.85,54.45882352941177
2003-06-09,45.81,45.96,44.27,44.66,4295134,45.175,0.85,52.54117647058823
2003-06-10,44.66,45.6,43.8,45.6,3256759,44.915,0.85,53.64705882352941
2003-06-11,45.6,45.8,45.0,45.67,3586822,45.5175,0.85,53.72941176470589
2003-06-12,45.88,45.92,44.58,45.04,4572415,45.355,0.85,52.98823529411765
2003-06-13,45.37,45.42,44.3,44.88,2024385,44.9925,0.85,52.800000000000004
2003-06-16,44.88,46.79,44.52,46.79,3287119,45.745,0.85,55.04705882352941
2003-06-17,46.8,47.39,46.35,46.98,4105313,46.88,0.85,55.27058823529411
2003-06-18,46.94,48.07,46.64,47.52,4125925,47.2925,0.85,55.905882352941184
2003-06-19,47.75,47.82,46.68,46.81,3478333,47.265,0.85,55.070588235294125
2003-06-20,46.81,48.0,46.24,47.53,6182205,47.145,0.85,55.91764705882353
2003-06-23,45.09,47.03,45.03,45.7,4415043,45.7125,0.85,53.76470588235295
2003-06-24,45.09,46.82,45.09,46.51,3601167,45.8775,0.85,54.71764705882353
2003-06-25,46.24,47.53,46.19,46.44,4113809,46.6,0.85,54.63529411764706
2003-06-26,46.29,47.34,46.13,47.25,2612649,46.7525,0.85,55.588235294117645
2003-06-27,47.25,47.33,46.42,46.53,2887562,46.8825,0.85,54.741176470588236
2003-06-30,46.85,46.95,46.17,46.17,3804914,46.535,0.85,54.31764705882353
2003-07-01,46.17,46.18,45.16,45.95,3384885,45.865,0.85,54.05882352941177
2003-07-02,46.1,47.68,45.8,47.63,4994115,46.8025,0.85,56.03529411764706
2003-07-03,47.53,48.16,47.24,47.41,1930380,47.585,0.85,55.77647058823529
2003-07-07,47.64,48.33,47.53,48.04,2494411,47.885,0.85,56.51764705882353
2003-07-08,48.04,48.8,47.99,48.8,3087550,48.4075,0.85,57.41176470588235
2003-07-09,48.63,48.77,47.68,48.04,2407230,48.28,0.85,56.51764705882353
2003-07-10,47.07,47.5,46.04,46.29,4823513,46.725,0.85,54.45882352941177
2003-07-11,46.67,47.18,46.29,46.53,2743839,46.6675,0.85,54.741176470588236
2003-07-14,47.1,47.2,46.76,46.99,3319429,47.0125,0.85,55.28235294117648
2003-07-15,47.14,47.33,46.55,46.79,2478814,46.9525,0.85,55.04705882352941
2003-07-16,46.92,46.96,46.21,46.51,2648998,46.65,0.85,54.71764705882353
2003-07-17,46.51,46.99,46.5,46.68,2494411,46.67,0.85,54.91764705882353
2003-07-18,47.14,47.25,46.69,46.82,2904274,46.975,0.85,55.082352941176474
2003-07-21,46.67,46.85,46.03,46.24,1939989,46.4475,0.85,54.400000000000006
2003-07-22,46.31,46.55,45.6,46.12,2515859,46.145,0.85,54.258823529411764
2003-07-23,46.28,46.86,45.85,46.77,2049314,46.44,0.85,55.02352941176471
2003-07-24,46.78,46.96,46.1,46.17,3985404,46.5025,0.85,54.31764705882353
2003-07-25,46.19,46.82,45.89,46.82,2289271,46.43,0.85,55.082352941176474
2003-07-28,46.46,46.81,46.14,46.53,1902109,46.485,0.85,54.741176470588236
2003-07-29,46.54,47.75,46.28,46.67,3047441,46.81,0.85,54.90588235294118
2003-07-30,46.67,47.02,46.13,46.29,2768907,46.5275,0.85,54.45882352941177
2003-07-31,40.94,43.08,39.31,39.31,30991795,40.66,0.85,46.247058823529414
2003-08-01,38.87,40.39,38.87,40.28,14084494,39.6025,0.85,47.38823529411765
2003-08-04,40.25,41.14,40.24,41.07,7098163,40.675,0.85,48.31764705882353
2003-08-05,40.89,41.0,40.56,40.57,4840782,40.755,0.85,47.72941176470589
2003-08-06,40.6,40.94,40.36,40.44,5776377,40.585,0.85,47.576470588235296
2003-08-07,40.75,41.43,40.68,41.36,6637047,41.055,0.85,48.65882352941176
2003-08-08,41.5,42.58,41.5,42.33,5423476,41.9775,0.85,49.8
2003-08-11,42.33,42.98,42.33,42.85,4850670,42.6225,0.85,50.411764705882355
2003-08-12,42.98,43.23,42.62,43.19,4630071,43.005,0.85,50.811764705882354
2003-08-13,43.37,43.37,42.36,42.83,6279969,42.9825,0.85,50.38823529411765
2003-08-14,42.83,42.92,42.55,42.87,4482448,42.7925,0.85,50.435294117647054
2003-08-15,42.87,43.34,42.87,43.1,2101121,43.045,0.85,50.70588235294118
2003-08-18,43.69,43.73,42.88,43.08,4217980,43.345,0.85,50.68235294117647
2003-08-19,43.07,43.33,42.59,42.85,4094450,42.96,0.85,50.411764705882355
2003-08-20,42.65,42.8,42.2,42.29,4409472,42.485,0.85,49.752941176470586
2003-08-21,42.29,42.5,42.06,42.18,6111179,42.2575,0.85,49.62352941176471
2003-08-22,42.18,42.19,41.4,41.53,5645467,41.825,0.85,48.858823529411765
2003-08-25,41.65,41.78,41.47,41.57,4733408,41.6175,0.85,48.90588235294118
2003-08-26,41.47,41.73,41.29,41.47,3839731,41.49,0.85,48.78823529411765
2003-08-27,40.93,41.06,40.1,40.73,7570414,40.705,0.85,47.917647058823526
2003-08-28,40.78,41.09,40.76,41.01,3304249,40.91,0.85,48.24705882352941
2003-08-29,40.89,41.27,40.35,40.88,3197710,40.8475,0.85,48.09411764705883
2003-09-02,41.0,41.65,40.91,41.43,2487170,41.2475,0.85,48.741176470588236
2003-09-03,41.42,41.55,40.85,41.0,4219651,41.205,0.85,48.23529411764706
2003-09-04,40.96,40.96,40.28,40.71,3035464,40.7275,0.85,47.89411764705883
2003-09-05,40.75,40.94,40.2,40.47,3050505,40.59,0.85,47.61176470588235
2003-09-08,40.47,41.41,40.47,40.96,2457923,40.8275,0.85,48.188235294117646
2003-09-09,41.07,41.44,40.33,40.45,2454860,40.8225,0.85,47.58823529411765
2003-09-10,40.73,41.4,40.68,41.09,2505414,40.975,0.85,48.34117647058824
2003-09-11,41.22,41.54,41.05,41.16,2070483,41.2425,0.85,48.423529411764704
2003-09-12,41.18,41.44,41.15,41.29,2439819,41.265,0.85,48.576470588235296
2003-09-15,41.34,41.4,41.04,41.23,1995835,41.2525,0.85,48.50588235294117
2003-09-16,41.24,41.99,41.12,41.99,2400545,41.585,0.85,49.400000000000006
2003-09-17,42.08,42.11,41.78,41.91,1882751,41.97,0.85,49.305882352941175
2003-09-18,41.91,42.43,41.89,42.19,1945142,42.105,0.85,49.63529411764706
2003-09-19,41.29,42.22,40.88,42.08,6145996,41.6175,0.85,49.50588235294118
2003-09-22,42.08,42.19,41.69,42.15,4112416,42.0275,0.85,49.588235294117645
2003-09-23,42.15,42.29,41.83,41.95,2398178,42.055,0.85,49.352941176470594
2003-09-24,41.88,42.02,41.57,41.67,2850656,41.785,0.85,49.023529411764706
2003-09-25,41.67,42.06,41.5,41.57,2532292,41.7,0.85,48.90588235294118
2003-09-26,41.43,41.73,41.22,41.4,2210585,41.445,0.85,48.705882352941174
2003-09-29,41.37,42.21,41.37,41.75,2456809,41.675,0.83,50.30120481927711
2003-09-30,41.66,42.11,41.51,41.93,3855329,41.8025,0.83,50.51807228915663
2003-10-01,42.01,42.01,41.75,41.83,5391862,41.9,0.83,50.397590361445786
2003-10-02,41.83,42.03,41.5,41.63,4322291,41.7475,0.83,50.156626506024104
2003-10-03,41.63,42.58,41.52,41.68,5724571,41.8525,0.83,50.21686746987952
2003-10-06,41.67,41.93,41.67,41.85,2238021,41.78,0.83,50.42168674698796
2003-10-07,41.85,41.98,41.29,41.91,2574629,41.7575,0.83,50.493975903614455
2003-10-08,41.98,42.18,41.71,41.91,2452492,41.945,0.83,50.493975903614455
2003-10-09,41.91,42.66,41.77,42.01,3209408,42.0875,0.83,50.6144578313253
2003-10-10,40.57,42.16,40.21,41.83,2677687,41.1925,0.83,50.397590361445786
2003-10-13,42.14,42.26,41.83,41.89,1678167,42.03,0.83,50.46987951807229
2003-10-14,42.26,42.26,41.93,42.14,1700311,42.1475,0.83,50.7710843373494
2003-10-15,42.14,42.21,41.76,41.86,2359740,41.9925,0.83,50.433734939759034
2003-10-16,41.83,42.18,41.65,42.06,1564943,41.93,0.83,50.67469879518073
2003-10-17,42.26,42.32,41.86,42.02,2203761,42.115,0.83,50.62650602409639
2003-10-20,42.02,42.02,41.35,41.77,2677130,41.79,0.83,50.32530120481928
2003-10-21,41.77,42.07,41.29,41.83,2659582,41.74,0.83,50.397590361445786
2003-10-22,41.83,41.83,40.1,40.2,8243493,40.99,0.83,48.43373493975904
2003-10-23,40.2,42.07,39.96,41.64,6927561,40.9675,0.83,50.168674698795186
2003-10-24,41.64,42.1,41.29,42.01,3342687,41.76,0.83,50.6144578313253
2003-10-27,42.01,42.26,41.86,42.06,2106692,42.0475,0.83,50.67469879518073
2003-10-28,42.15,42.26,41.88,42.24,2317403,42.1325,0.83,50.89156626506025
2003-10-29,42.24,42.25,41.6,42.16,1860886,42.0625,0.83,50.795180722891565
2003-10-30,42.16,42.72,42.15,42.53,2966248,42.39,0.83,51.24096385542169
2003-10-31,42.49,42.75,41.98,42.61,3208573,42.4575,0.83,51.337349397590366
2003-11-03,42.65,42.75,42.16,42.36,2237822,42.48,0.83,51.036144578313255
2003-11-04,42.36,42.36,41.85,42.01,2351977,42.145,0.83,50.6144578313253
2003-11-05,41.98,43.55,41.98,42.36,4572972,42.4675,0.83,51.036144578313255
2003-11-06,42.36,42.36,41.43,42.33,2214345,42.12,0.83,51.0
2003-11-07,41.62,41.64,40.75,40.92,6361021,41.2325,0.83,49.30120481927711
2003-11-10,40.96,41.21,40.85,40.9,2409459,40.98,0.83,49.27710843373494
2003-11-11,40.9,41.49,40.82,41.49,2250833,41.175,0.83,49.98795180722892
2003-11-12,41.49,42.01,41.1,41.93,2887005,41.6325,0.83,50.51807228915663
2003-11-13,41.86,43.21,41.78,42.64,3420259,42.3725,0.83,51.37349397590362
2003-11-14,42.64,44.08,42.64,43.8,4444289,43.29,0.75,58.4
2003-11-17,43.69,44.56,43.41,44.07,2983239,43.9325,0.75,58.76
2003-11-18,44.09,44.3,43.37,43.61,2234400,43.8425,0.75,58.14666666666667
2003-11-19,43.58,44.14,43.42,44.05,2163234,43.7975,0.75,58.73333333333333
2003-11-20,44.06,44.28,43.55,43.76,2005723,43.9125,0.75,58.346666666666664
2003-11-21,43.84,43.85,43.54,43.77,1611876,43.75,0.75,58.36000000000001
2003-11-24,43.94,44.41,43.94,44.17,2231475,44.115,0.75,58.89333333333334
2003-11-25,44.22,44.52,44.0,44.12,2226183,44.215,0.75,58.82666666666666
2003-11-26,43.99,44.2,43.67,43.95,1898906,43.9525,0.75,58.6
2003-11-28,43.94,44.05,43.62,43.9,1038096,43.8775,0.75,58.53333333333333
2003-12-01,44.14,45.1,44.09,45.08,2409876,44.6025,0.75,60.10666666666666
2003-12-02,45.08,45.51,44.83,45.32,3132533,45.185,0.75,60.42666666666667
2003-12-03,45.29,45.91,44.87,45.37,1535279,45.36,0.75,60.49333333333333
2003-12-04,45.35,45.6,44.93,45.31,1598924,45.2975,0.75,60.413333333333334
2003-12-05,45.35,45.49,45.09,45.13,1139065,45.265,0.75,60.17333333333334
2003-12-08,44.71,45.5,44.71,45.5,1366070,45.105,0.75,60.666666666666664
2003-12-09,45.38,45.48,45.09,45.18,1751422,45.2825,0.75,60.24
2003-12-10,45.14,45.28,44.5,44.73,1417877,44.9125,0.75,59.63999999999999
2003-12-11,44.7,45.24,44.6,45.24,1764791,44.945,0.75,60.32
2003-12-12,45.24,45.83,44.88,45.76,1974110,45.4275,0.75,61.01333333333333
2003-12-15,46.48,46.48,45.48,45.62,2210864,46.015,0.75,60.82666666666666
2003-12-16,45.6,45.76,45.34,45.63,2448314,45.5825,0.75,60.84
2003-12-17,45.58,45.59,44.95,45.17,1987062,45.3225,0.75,60.22666666666667
2003-12-18,44.52,44.79,44.3,44.56,5182126,44.5425,0.75,59.413333333333334
2003-12-19,44.57,44.95,44.2,44.32,6015362,44.51,0.75,59.093333333333334
2003-12-22,44.2,44.42,44.17,44.29,3669407,44.27,0.75,59.053333333333335
2003-12-23,44.29,44.83,43.91,44.59,3068470,44.405,0.75,59.45333333333334
2003-12-24,44.59,44.95,44.35,44.7,1196164,44.6475,0.75,59.6
2003-12-26,44.55,44.92,44.55,44.84,422118,44.715,0.75,59.78666666666667
2003-12-29,45.06,45.34,44.69,45.29,1635969,45.095,0.75,60.38666666666666
2003-12-30,45.31,45.42,44.96,45.08,1483890,45.1925,0.75,60.10666666666666
2003-12-31,45.14,45.39,43.79,43.92,8943032,44.56,0.75,58.56
2004-01-02,43.14,43.44,42.6,42.85,7902430,43.0075,0.75,57.13333333333333
2004-01-05,42.85,43.46,42.85,43.46,6573262,43.155,0.75,57.946666666666665
2004-01-06,43.19,43.47,43.05,43.3,2776706,43.2525,0.75,57.73333333333333
2004-01-07,43.26,43.94,43.21,43.62,3163590,43.5075,0.75,58.16
2004-01-08,43.63,43.76,43.26,43.56,3535154,43.5525,0.75,58.080000000000005
2004-01-09,43.19,43.66,43.1,43.12,2962627,43.2675,0.75,57.49333333333333
2004-01-12,43.12,43.18,42.3,42.49,3715226,42.7725,0.75,56.653333333333336
2004-01-13,42.36,42.62,42.14,42.46,3745447,42.395,0.75,56.61333333333334
2004-01-14,42.54,43.08,42.38,42.83,3998356,42.7075,0.75,57.10666666666666
2004-01-15,42.65,43.26,42.45,43.08,2785201,42.86,0.75,57.44
2004-01-16,43.11,43.4,42.75,43.06,2876142,43.08,0.75,57.413333333333334
2004-01-20,42.72,43.08,42.36,42.65,4613916,42.7025,0.75,56.86666666666667
2004-01-21,42.47,43.03,42.47,42.98,4068129,42.7375,0.75,57.306666666666665
2004-01-22,43.1,45.9,43.1,45.34,8270927,44.36,0.75,60.45333333333334
2004-01-23,45.34,45.66,44.15,45.65,5534332,45.2,0.75,60.86666666666667
2004-01-26,45.9,46.62,45.74,46.24,4546790,46.125,0.75,61.653333333333336
2004-01-27,46.17,46.24,45.84,45.95,3008028,46.05,0.75,61.26666666666667
2004-01-28,45.98,46.06,45.23,45.42,3144928,45.6725,0.75,60.56
2004-01-29,45.31,46.17,45.22,45.95,3007889,45.6625,0.75,61.26666666666667
2004-01-30,45.88,46.11,45.52,46.03,2749827,45.885,0.75,61.373333333333335
2004-02-02,46.04,47.24,45.81,46.72,3766198,46.4525,0.75,62.29333333333333
2004-02-03,46.72,47.24,46.28,47.18,2298323,46.855,0.75,62.906666666666666
2004-02-04,46.85,47.1,46.23,46.64,3810346,46.705,0.75,62.18666666666667
2004-02-05,46.85,47.03,45.85,46.04,2282308,46.4425,0.75,61.38666666666666
2004-02-06,46.11,46.53,46.04,46.33,1666887,46.2525,0.75,61.77333333333333
2004-02-09,46.31,46.31,45.67,45.69,2121036,45.995,0.75,60.919999999999995
2004-02-10,45.81,46.39,45.77,46.39,1631095,46.09,0.75,61.85333333333333
2004-02-11,46.28,47.32,46.14,47.21,2795925,46.7375,0.75,62.946666666666665
2004-02-12,47.21,47.38,46.57,46.67,1901969,46.9575,0.75,62.22666666666667
2004-02-13,46.13,47.08,45.95,46.96,2412244,46.53,0.75,62.61333333333334
2004-02-17,46.97,47.21,46.71,47.02,1154523,46.9775,0.85,55.31764705882353
2004-02-18,47.1,47.24,46.62,46.66,1352561,46.905,0.85,54.89411764705882
2004-02-19,47.0,47.25,46.31,46.32,2703173,46.72,0.85,54.49411764705882
2004-02-20,46.39,46.71,46.19,46.51,1765627,46.45,0.85,54.71764705882353
2004-02-23,46.31,46.32,45.75,45.95,2293588,46.0825,0.85,54.05882352941177
2004-02-24,45.95,46.6,45.69,46.16,1435007,46.1,0.85,54.305882352941175
2004-02-25,46.4,46.64,46.09,46.54,1389188,46.4175,0.85,54.752941176470586
2004-02-26,46.53,46.67,46.26,46.53,1313427,46.4975,0.85,54.741176470588236
2004-02-27,46.49,47.02,46.49,46.84,1689587,46.71,0.85,55.10588235294118
2004-03-01,46.84,47.26,46.58,47.15,1557841,46.9575,0.85,55.470588235294116
2004-03-02,47.04,47.7,46.85,47.39,3058164,47.245,0.85,55.75294117647059
2004-03-03,47.39,47.82,47.36,47.76,1698640,47.5825,0.85,56.188235294117646
2004-03-04,47.71,48.22,47.44,48.08,1967286,47.8625,0.85,56.56470588235294
2004-03-05,47.85,48.75,47.79,48.37,2941319,48.19,0.85,56.90588235294118
2004-03-08,48.33,48.83,48.27,48.4,2139977,48.4575,0.85,56.94117647058823
2004-03-09,48.38,48.39,47.39,47.94,3569553,48.025,0.85,56.4
2004-03-10,47.83,48.09,47.68,47.79,3264001,47.8475,0.85,56.22352941176471
2004-03-11,47.79,48.51,47.71,47.86,3578466,47.9675,0.85,56.305882352941175
2004-03-12,47.87,47.97,47.62,47.93,3041035,47.8475,0.85,56.38823529411765
2004-03-15,47.75,47.87,47.24,47.31,2347624,47.5425,0.85,55.65882352941177
2004-03-16,47.43,47.53,46.71,47.18,2395810,47.2125,0.85,55.50588235294118
2004-03-17,47.42,47.42,46.93,47.18,1830108,47.2375,0.85,55.50588235294118
2004-03-18,47.18,47.32,46.65,47.1,2179389,47.0625,0.85,55.411764705882355
2004-03-19,47.03,47.28,46.7,46.82,1982884,46.9575,0.85,55.082352941176474
2004-03-22,46.82,47.18,46.44,46.67,1577477,46.7775,0.85,54.90588235294118
2004-03-23,46.67,46.67,46.12,46.27,3297843,46.4325,0.85,54.43529411764706
2004-03-24,46.28,46.28,45.78,45.95,2667799,46.0725,0.85,54.05882352941177
2004-03-25,45.96,46.23,45.63,45.92,2360576,45.935,0.85,54.023529411764706
2004-03-26,47.79,48.6,47.43,48.36,7168628,48.045,0.85,56.89411764705883
2004-03-29,48.45,49.49,48.22,49.29,3032539,48.8625,0.85,57.98823529411765
2004-03-30,49.11,49.9,48.53,48.88,1710338,49.105,0.85,57.50588235294118
2004-03-31,48.79,49.75,48.73,49.47,2173262,49.185,0.85,58.2
2004-04-01,49.47,50.19,49.45,49.65,2229247,49.69,0.85,58.411764705882355
2004-04-02,50.12,50.26,49.85,50.19,2299020,50.105,0.85,59.04705882352941
2004-04-05,50.26,51.1,50.19,51.02,2800938,50.6425,0.85,60.02352941176471
2004-04-06,50.51,50.91,50.26,50.74,2584935,50.605,0.85,59.694117647058825
2004-04-07,50.51,50.99,50.46,50.66,1631095,50.655,0.85,59.599999999999994
2004-04-08,50.67,50.67,50.14,50.33,1471356,50.4525,0.85,59.21176470588235
2004-04-12,50.37,51.1,50.35,51.07,1503805,50.7225,0.85,60.082352941176474
2004-04-13,51.12,51.43,50.72,50.87,3365109,51.035,0.85,59.84705882352941
2004-04-14,50.62,50.95,50.52,50.73,2093044,50.705,0.85,59.68235294117647
2004-04-15,50.75,50.98,50.47,50.77,3101476,50.7425,0.85,59.72941176470589
2004-04-16,50.91,51.11,50.69,51.09,2161981,50.95,0.85,60.10588235294118
2004-04-19,51.09,51.64,50.95,51.38,1871609,51.265,0.85,60.44705882352942
2004-04-20,51.63,51.88,50.82,50.82,2246795,51.2875,0.85,59.78823529411765
2004-04-21,50.83,52.17,50.83,51.84,3312466,51.4175,0.85,60.98823529411765
2004-04-22,50.84,53.07,50.61,51.88,7051367,51.6,0.85,61.03529411764706
2004-04-23,51.77,52.21,51.41,51.58,2613763,51.7425,0.85,60.68235294117647
2004-04-26,51.7,52.24,51.34,51.56,2246516,51.71,0.85,60.65882352941177
2004-04-27,51.74,52.14,51.43,51.64,2294842,51.7375,0.85,60.75294117647059
2004-04-28,51.59,51.76,51.12,51.21,2222841,51.42,0.85,60.247058823529414
2004-04-29,51.2,51.66,50.87,50.98,1979959,51.1775,0.85,59.976470588235294
2004-04-30,51.34,52.92,51.25,52.6,3778314,52.0275,0.85,61.88235294117647
2004-05-03,52.52,54.82,52.29,54.37,5338662,53.5,0.85,63.96470588235294
2004-05-04,54.37,54.46,53.57,53.91,2938116,54.0775,0.85,63.423529411764704
2004-05-05,53.75,54.56,53.56,54.29,2031488,54.04,0.85,63.87058823529412
2004-05-06,54.1,54.96,54.09,54.56,2055999,54.4275,0.85,64.18823529411765
2004-05-07,54.21,54.87,54.21,54.24,1910325,54.3825,0.85,63.811764705882354
2004-05-10,54.25,54.31,52.85,53.28,3434742,53.6725,0.85,62.682352941176475
2004-05-11,53.22,54.04,53.05,53.5,1779972,53.4525,0.85,62.94117647058824
2004-05-12,53.28,53.85,52.81,53.65,1757828,53.3975,0.85,63.11764705882353
2004-05-13,53.35,54.03,53.21,53.66,1432918,53.5625,0.85,63.12941176470588
2004-05-14,51.91,53.31,51.91,52.73,5409688,52.465,0.99,53.26262626262626
2004-05-17,52.24,52.24,49.26,49.69,10871042,50.8575,0.99,50.19191919191919
2004-05-18,49.9,50.19,48.32,48.48,7490896,49.2225,0.99,48.96969696969697
2004-05-19,48.47,49.19,47.71,48.25,7669293,48.405,0.99,48.73737373737374
2004-05-20,48.18,48.59,47.76,47.76,3131419,48.0725,0.99,48.24242424242424
2004-05-21,48.04,48.32,47.34,47.89,2798292,47.8975,0.99,48.37373737373738
2004-05-24,48.07,48.29,46.95,47.11,3179745,47.605,0.99,47.58585858585859
2004-05-25,47.1,48.4,46.96,48.23,3165400,47.6725,0.99,48.717171717171716
2004-05-26,48.09,48.78,48.07,48.61,2338989,48.3875,0.99,49.101010101010104
2004-05-27,48.61,49.29,48.5,49.0,2838680,48.85,0.99,49.494949494949495
2004-05-28,49.0,49.24,48.48,48.62,1687080,48.835,0.99,49.11111111111111
2004-06-01,48.65,49.49,48.64,49.26,2711529,49.01,0.99,49.75757575757576
2004-06-02,49.44,49.47,48.8,49.01,1873141,49.18,0.99,49.505050505050505
2004-06-03,48.83,49.33,48.7,48.88,1703653,48.935,0.99,49.37373737373738
2004-06-04,49.15,49.4,48.93,49.1,1545724,49.145,0.99,49.5959595959596
2004-06-07,49.24,49.47,48.93,49.44,1097563,49.27,0.99,49.93939393939394
2004-06-08,49.33,49.73,49.19,49.63,1771894,49.47,0.99,50.131313131313135
2004-06-09,49.63,49.65,48.95,49.04,1316630,49.3175,0.99,49.535353535353536
2004-06-10,48.97,49.48,48.91,49.43,1398798,49.1975,0.99,49.92929292929293
2004-06-14,49.43,49.43,48.88,49.15,1532912,49.2225,0.99,49.64646464646464
2004-06-15,49.44,50.16,49.43,49.85,2190670,49.72,0.99,50.35353535353536
2004-06-16,49.85,50.0,49.36,49.44,1788885,49.6625,0.99,49.93939393939394
2004-06-17,49.33,49.6,49.06,49.58,1038375,49.3925,0.99,50.080808080808076
2004-06-18,49.55,49.55,48.93,49.09,2407509,49.28,0.99,49.58585858585859
2004-06-21,49.01,49.26,48.4,48.4,1539597,48.7675,0.99,48.888888888888886
2004-06-22,48.4,49.29,47.76,49.11,2933381,48.64,0.99,49.60606060606061
2004-06-23,49.04,50.19,49.0,50.16,2753170,49.5975,0.99,50.666666666666664
2004-06-24,50.22,50.55,50.0,50.37,1661595,50.285,0.99,50.878787878787875
2004-06-25,50.38,50.41,49.43,49.51,2725734,49.9325,0.99,50.01010101010101
2004-06-28,49.76,49.85,48.93,49.06,1177502,49.4,0.99,49.55555555555556
2004-06-29,48.86,50.21,48.63,49.9,1386960,49.4,0.99,50.4040404040404
2004-06-30,49.91,50.42,49.44,50.3,2366286,50.0175,0.99,50.8080808080808
2004-07-01,42.54,42.55,37.63,37.96,49566943,40.17,0.99,38.343434343434346
2004-07-02,37.81,37.86,36.89,37.17,13084557,37.4325,0.99,37.54545454545455
2004-07-06,37.04,37.76,36.92,37.34,6555576,37.265,0.99,37.71717171717172
2004-07-07,37.21,37.48,36.72,37.09,6235958,37.125,0.99,37.46464646464647
2004-07-08,36.85,37.05,35.81,35.98,6205881,36.4225,0.99,36.34343434343434
2004-07-09,35.54,35.98,35.04,35.14,6611560,35.425,0.99,35.494949494949495
2004-07-12,34.83,35.48,33.78,34.11,10216487,34.55,0.99,34.45454545454545
2004-07-13,34.11,34.87,34.07,34.72,9768886,34.4425,0.99,35.07070707070707
2004-07-14,34.65,36.13,34.57,36.05,7985849,35.35,0.99,36.41414141414141
2004-07-15,36.05,36.51,36.01,36.24,4710011,36.2025,0.99,36.60606060606061
2004-07-16,36.49,36.6,35.97,36.23,4166451,36.3225,0.99,36.59595959595959
2004-07-19,36.24,36.36,36.02,36.11,3854075,36.1825,0.99,36.474747474747474
2004-07-20,36.12,36.22,35.77,36.07,2595101,36.045,0.99,36.43434343434343
2004-07-21,35.9,36.38,35.86,35.94,2999672,36.02,0.99,36.303030303030305
2004-07-22,35.74,36.84,35.74,36.66,3469838,36.245,0.99,37.030303030303024
2004-07-23,36.66,37.08,36.44,36.54,2365868,36.68,0.99,36.90909090909091
2004-07-26,36.54,36.54,36.01,36.24,1603381,36.3325,0.99,36.60606060606061
2004-07-27,32.32,32.66,30.84,31.59,27235329,31.8525,0.99,31.90909090909091
2004-07-28,31.59,32.14,31.52,31.95,10488200,31.8,0.99,32.27272727272727
2004-07-29,31.92,32.31,31.52,32.14,5858822,31.9725,0.99,32.464646464646464
2004-07-30,32.1,32.42,31.9,31.95,4961527,32.0925,0.99,32.27272727272727
2004-08-02,31.67,32.0,31.59,31.93,6862525,31.7975,0.99,32.25252525252525
2004-08-03,31.77,32.3,31.71,31.95,3820094,31.9325,0.99,32.27272727272727
2004-08-04,30.59,31.92,30.59,31.71,4418386,31.2025,0.99,32.03030303030303
2004-08-05,31.54,31.77,31.38,31.38,4201686,31.5175,0.99,31.696969696969695
2004-08-06,31.38,31.67,31.16,31.6,5286994,31.4525,0.99,31.91919191919192
2004-08-09,31.59,31.64,31.32,31.46,3788759,31.5025,0.99,31.77777777777778
2004-08-10,31.49,31.72,31.25,31.66,3988050,31.53,0.99,31.97979797979798
2004-08-11,31.54,31.77,31.41,31.69,3134204,31.6025,0.99,32.01010101010101
2004-08-12,31.67,31.85,31.39,31.48,2601786,31.5975,0.99,31.7979797979798
2004-08-13,30.88,31.02,30.3,30.39,4918772,30.6475,0.99,30.6969696969697
2004-08-16,30.43,30.87,30.42,30.71,4450835,30.6075,0.99,31.02020202020202
2004-08-17,30.8,31.39,30.78,31.27,3445048,31.06,0.99,31.585858585858585
2004-08-18,31.19,31.71,31.05,31.67,4437047,31.405,0.99,31.989898989898993
2004-08-19,31.49,31.94,31.44,31.84,3522759,31.6775,0.99,32.16161616161616
2004-08-20,31.77,32.1,31.72,31.97,1500602,31.89,0.99,32.292929292929294
2004-08-23,31.95,32.13,31.52,31.7,1869938,31.825,0.99,32.02020202020202
2004-08-24,31.88,32.05,31.54,31.76,2398456,31.8075,0.99,32.08080808080808
2004-08-25,31.7,32.38,31.6,32.33,3124734,32.0025,0.99,32.656565656565654
2004-08-26,32.34,32.95,32.33,32.89,3166514,32.6275,0.99,33.22222222222222
2004-08-27,32.89,32.96,32.51,32.88,1188226,32.81,0.99,33.21212121212122
2004-08-30,32.78,32.78,32.19,32.36,1973274,32.5275,0.99,32.686868686868685
2004-08-31,32.36,32.55,32.13,32.46,1750447,32.375,0.99,32.78787878787879
2004-09-01,32.51,32.96,32.48,32.88,2288993,32.7075,0.99,33.21212121212122
2004-09-02,32.89,34.37,32.88,34.25,4190545,33.5975,0.99,34.5959595959596
2004-09-03,34.34,34.64,33.84,34.0,1747662,34.205,0.99,34.343434343434346
2004-09-07,34.11,34.47,34.0,34.34,2007255,34.23,0.99,34.68686868686869
2004-09-08,34.26,34.26,33.1,33.52,6698886,33.785,0.99,33.85858585858586
2004-09-09,33.52,34.11,33.23,33.84,2922100,33.675,0.99,34.18181818181819
2004-09-10,32.85,33.12,32.54,32.92,3057607,32.8575,0.99,33.25252525252525
2004-09-13,32.96,33.15,32.54,32.66,3461203,32.8275,0.99,32.98989898989899
2004-09-14,32.23,34.98,32.1,34.1,15599300,33.3525,0.99,34.44444444444444
2004-09-15,33.92,34.18,33.35,33.69,6431628,33.785,0.99,34.03030303030303
2004-09-16,33.65,34.29,33.65,34.29,4353348,33.97,0.99,34.63636363636363
2004-09-17,34.31,34.42,34.07,34.38,3427361,34.295,0.99,34.72727272727273
2004-09-20,34.27,34.43,34.01,34.07,1930519,34.195,0.99,34.41414141414141
2004-09-21,33.5,34.24,33.46,34.11,2686321,33.8275,0.99,34.45454545454545
2004-09-22,33.93,34.09,33.72,33.8,3017359,33.885,0.99,34.14141414141414
2004-09-23,33.68,33.9,32.99,33.17,3480422,33.435,0.99,33.505050505050505
2004-09-24,33.25,33.48,32.72,32.84,3456747,33.0725,0.99,33.17171717171718
2004-09-27,32.49,32.71,32.3,32.3,3629716,32.45,0.99,32.62626262626262
2004-09-28,32.3,32.42,32.02,32.18,3385581,32.23,0.99,32.505050505050505
2004-09-29,32.04,32.17,31.74,31.94,3682359,31.9725,0.99,32.26262626262626
2004-09-30,31.93,31.93,31.11,31.43,3989304,31.6,0.99,31.747474747474747
2004-10-01,31.44,32.07,31.44,31.74,2706237,31.6725,0.99,32.06060606060606
2004-10-04,31.74,32.14,31.44,31.47,3126127,31.6975,0.99,31.787878787878785
2004-10-05,31.41,31.53,31.2,31.23,2800799,31.3425,0.99,31.545454545454547
2004-10-06,31.23,31.43,30.9,31.42,4600408,31.245,0.99,31.73737373737374
2004-10-07,31.25,31.34,30.8,30.85,3418448,31.06,0.99,31.161616161616163
2004-10-08,30.85,30.94,30.52,30.54,1957258,30.7125,0.99,30.848484848484848
2004-10-11,30.57,30.84,30.55,30.7,2398178,30.665,0.99,31.01010101010101
2004-10-12,30.55,30.7,30.19,30.34,2469900,30.445,0.99,30.646464646464647
2004-10-13,30.3,30.39,29.9,29.94,2993544,30.1325,0.99,30.242424242424246
2004-10-14,29.87,30.06,29.53,29.53,2491208,29.7475,0.99,29.82828282828283
2004-10-15,29.62,29.69,29.37,29.48,2034830,29.54,0.99,29.77777777777778
2004-10-18,29.4,29.58,29.29,29.4,3219853,29.4175,0.99,29.696969696969695
2004-10-19,29.4,29.53,28.6,28.87,3652138,29.1,0.99,29.161616161616163
2004-10-20,28.36,28.61,25.91,27.03,17638589,27.4775,0.99,27.303030303030305
2004-10-21,26.89,27.98,26.83,27.68,6904305,27.345,0.99,27.95959595959596
2004-10-22,27.79,28.61,27.52,27.64,6541927,27.89,0.99,27.91919191919192
2004-10-25,27.44,27.81,27.29,27.8,3917024,27.585,0.99,28.080808080808083
2004-10-26,27.8,28.48,27.68,28.24,4575339,28.05,0.79,35.74683544303797
2004-10-27,31.95,34.86,31.95,34.0,22882412,33.19,0.79,43.0379746835443
2004-10-28,33.8,33.99,33.55,33.63,4231628,33.7425,0.79,42.56962025316456
2004-10-29,33.5,33.68,33.04,33.57,2628386,33.4475,0.79,42.49367088607595
2004-11-01,33.5,33.55,33.14,33.23,1873698,33.355,0.79,42.0632911392405
2004-11-02,33.53,33.73,33.04,33.12,2891322,33.355,0.79,41.92405063291139
2004-11-03,33.57,33.75,32.79,32.96,3378757,33.2675,0.79,41.721518987341774
2004-11-04,32.97,33.16,32.69,32.99,3083929,32.9525,0.79,41.75949367088608
2004-11-05,33.93,34.28,33.49,34.0,5754933,33.925,0.79,43.0379746835443
2004-11-08,34.29,35.3,34.21,35.19,6832860,34.7475,0.79,44.54430379746835
2004-11-09,35.62,36.39,35.41,36.11,6173288,35.8825,0.49,73.6938775510204
2004-11-10,36.11,36.91,36.08,36.48,4858330,36.395,0.49,74.44897959183673
2004-11-11,36.69,37.23,36.51,37.19,3743358,36.905,0.49,75.89795918367346
2004-11-12,37.1,37.34,36.89,37.3,2716960,37.1575,0.49,76.12244897959184
2004-11-15,37.32,37.53,37.0,37.13,2528532,37.245,0.49,75.77551020408164
2004-11-16,36.95,37.12,36.45,36.63,3001065,36.7875,0.49,74.75510204081634
2004-11-17,36.69,37.19,36.53,36.81,2764032,36.805,0.49,75.12244897959184
2004-11-18,36.91,37.27,36.74,37.06,1697804,36.995,0.49,75.6326530612245
2004-11-19,37.27,37.27,36.51,36.79,2497754,36.96,0.49,75.08163265306122
2004-11-22,36.62,36.99,36.41,36.99,1715909,36.7525,0.49,75.48979591836735
2004-11-23,36.91,37.06,36.54,36.69,2367539,36.8,0.49,74.87755102040816
2004-11-24,36.62,37.0,36.61,36.96,1959208,36.7975,0.49,75.42857142857143
2004-11-26,36.96,37.26,36.94,37.17,637425,37.0825,0.49,75.85714285714286
2004-11-29,37.22,37.32,36.94,37.09,1413281,37.1425,0.49,75.69387755102042
2004-11-30,37.02,37.73,37.02,37.54,2363779,37.3275,0.49,76.61224489795919
2004-12-01,37.61,38.43,37.58,38.43,2371160,38.0125,0.49,78.42857142857143
2004-12-02,38.26,38.77,38.11,38.42,2439401,38.39,0.49,78.40816326530613
2004-12-03,38.24,38.57,37.86,38.16,1870356,38.2075,0.49,77.87755102040816
2004-12-06,37.85,38.45,37.22,38.3,2025778,37.955,0.49,78.16326530612244
2004-12-07,38.3,38.32,37.3,37.48,2428260,37.85,0.49,76.48979591836734
2004-12-08,37.7,39.0,37.66,38.92,3906301,38.32,0.49,79.42857142857143
2004-12-09,38.93,40.05,38.31,40.05,3584037,39.335,0.49,81.73469387755101
2004-12-10,39.84,40.88,39.61,40.76,3834996,40.2725,0.49,83.18367346938776
2004-12-13,40.28,40.72,39.31,40.04,6350854,40.0875,0.49,81.71428571428571
2004-12-14,39.95,40.59,39.69,40.43,3192975,40.165,0.49,82.51020408163265
2004-12-15,40.46,40.81,40.28,40.81,4679790,40.59,0.49,83.28571428571429
2004-12-16,40.75,41.55,40.73,41.5,3042706,41.1325,0.49,84.6938775510204
2004-12-17,41.5,41.55,41.12,41.47,5659116,41.41,0.49,84.63265306122449
2004-12-20,40.78,41.9,40.78,41.7,3032121,41.29,0.49,85.10204081632654
2004-12-21,41.7,42.19,41.69,42.01,2164766,41.8975,0.49,85.73469387755102
2004-12-22,40.57,40.93,40.28,40.62,5510796,40.6,0.49,82.89795918367346
2004-12-23,40.63,41.28,40.53,40.93,2065330,40.8425,0.49,83.53061224489797
2004-12-27,40.98,41.27,40.73,40.81,970830,40.9475,0.49,83.28571428571429
2004-12-28,40.66,41.38,40.66,41.36,1561322,41.015,0.49,84.40816326530613
2004-12-29,41.11,41.36,41.04,41.27,1483751,41.195,0.49,84.22448979591837
2004-12-30,41.27,42.05,41.24,42.04,1450466,41.65,0.49,85.79591836734694
2004-12-31,41.9,42.0,41.53,41.75,1859911,41.795,0.49,85.20408163265306
2005-01-03,41.79,41.96,40.96,41.06,2082320,41.4425,0.49,83.79591836734694
2005-01-04,41.06,41.06,39.29,39.89,5128926,40.325,0.49,81.40816326530613
2005-01-05,39.89,40.21,39.78,39.8,2368096,39.92,0.49,81.22448979591836
2005-01-06,39.74,40.79,39.74,40.46,1673850,40.1825,0.49,82.57142857142857
2005-01-07,40.46,40.62,40.17,40.3,1319415,40.3875,0.49,82.24489795918367
2005-01-10,40.11,40.25,39.79,39.83,1997507,39.995,0.49,81.28571428571428
2005-01-11,39.62,39.94,39.36,39.49,2278548,39.6025,0.49,80.59183673469389
2005-01-12,39.43,39.48,38.86,39.26,3493513,39.2575,0.49,80.12244897959184
2005-01-13,39.28,39.36,38.8,38.88,3178352,39.08,0.49,79.34693877551021
2005-01-14,38.89,39.12,38.79,39.08,3261494,38.97,0.49,79.75510204081633
2005-01-18,38.77,39.15,38.61,39.13,3121392,38.915,0.49,79.85714285714286
2005-01-19,39.13,39.18,38.67,38.92,3866610,38.975,0.49,79.42857142857143
2005-01-20,38.93,39.3,38.83,39.13,3010257,39.0475,0.49,79.85714285714286
2005-01-21,39.1,39.21,38.78,39.0,2252365,39.0225,0.49,79.59183673469389
2005-01-24,39.01,39.13,38.77,38.85,1734431,38.94,0.49,79.28571428571429
2005-01-25,38.85,39.0,38.7,38.77,2259746,38.83,0.49,79.12244897959185
2005-01-26,38.79,39.08,38.5,38.66,1629006,38.7575,0.49,78.89795918367346
2005-01-27,38.56,39.06,38.52,39.0,1598367,38.785,0.49,79.59183673469389
2005-01-28,39.67,40.53,39.63,39.89,3701300,39.93,0.49,81.40816326530613
2005-01-31,40.21,40.44,40.05,40.44,2237882,40.285,0.49,82.53061224489795
2005-02-01,40.68,42.05,40.4,41.93,5104415,41.265,0.49,85.57142857142857
2005-02-02,41.85,42.12,41.7,42.04,2875864,41.9275,0.49,85.79591836734694
2005-02-03,42.98,43.56,42.8,43.15,5689894,43.1225,0.49,88.06122448979592
2005-02-04,39.84,42.46,39.67,41.78,12931640,40.9375,0.49,85.26530612244899
2005-02-07,41.78,41.79,41.26,41.45,3877333,41.57,0.49,84.59183673469389
2005-02-08,41.27,41.31,40.78,41.2,2520733,41.14,0.49,84.08163265306123
2005-02-09,41.11,41.5,40.19,40.57,3061228,40.8425,0.49,82.79591836734694
2005-02-10,40.61,40.91,40.09,40.78,3017220,40.5975,0.49,83.22448979591837
2005-02-11,40.71,41.35,40.45,41.09,1630259,40.9,0.49,83.85714285714286
2005-02-14,40.98,41.23,40.78,41.04,1629145,41.0075,0.49,83.75510204081633
2005-02-15,41.04,41.18,40.76,40.89,2306401,40.9675,0.49,83.44897959183673
2005-02-16,40.81,41.39,40.68,41.2,1784846,41.02,0.49,84.08163265306123
2005-02-17,41.09,41.4,40.87,41.22,1525531,41.145,0.49,84.12244897959184
2005-02-18,41.29,42.13,41.05,41.9,2299716,41.5925,0.49,85.51020408163265
2005-02-22,41.65,41.98,40.96,40.96,2618498,41.3875,0.49,83.59183673469389
2005-02-23,41.04,41.85,41.04,41.7,2321024,41.4075,0.49,85.10204081632654
2005-02-24,41.54,42.31,41.18,42.28,1604634,41.8275,0.49,86.28571428571429
2005-02-25,42.19,42.82,41.77,42.72,2252226,42.375,0.49,87.18367346938776
2005-02-28,42.57,42.8,42.03,42.04,2918480,42.36,0.49,85.79591836734694
2005-03-01,42.04,42.47,42.03,42.26,2261696,42.2,0.49,86.24489795918367
2005-03-02,41.96,42.01,41.29,41.56,2710972,41.705,0.49,84.81632653061224
2005-03-03,41.72,41.85,41.13,41.29,2718214,41.4975,0.49,84.26530612244898
2005-03-04,41.42,41.68,41.25,41.65,1502412,41.5,0.49,85.0
2005-03-07,41.66,41.76,41.43,41.47,1473305,41.58,0.49,84.63265306122449
2005-03-08,41.4,41.59,41.04,41.32,1113997,41.3375,0.49,84.3265306122449
2005-03-09,41.15,41.54,40.93,41.16,2477839,41.195,0.49,84.0
2005-03-10,41.05,41.27,40.93,41.01,1617308,41.065,0.49,83.6938775510204
2005-03-11,40.98,41.21,40.82,40.91,1172349,40.98,0.49,83.48979591836734
2005-03-14,40.75,41.15,40.53,41.15,1511465,40.895,0.49,83.9795918367347
2005-03-15,41.15,41.22,40.73,40.73,2061987,40.9575,0.49,83.12244897959184
2005-03-16,40.5,40.7,40.05,40.2,1796405,40.3625,0.49,82.04081632653062
2005-03-17,40.25,40.41,40.07,40.22,2129253,40.2375,0.49,82.08163265306122
2005-03-18,40.35,40.45,40.07,40.3,3524291,40.2925,0.49,82.24489795918367
2005-03-21,40.29,40.5,40.05,40.2,1218447,40.26,0.49,82.04081632653062
2005-03-22,40.1,40.43,39.82,39.82,1495449,40.0425,0.49,81.26530612244898
2005-03-23,39.83,41.12,39.61,40.89,2395950,40.3625,0.49,83.44897959183673
2005-03-24,40.82,41.22,40.45,41.05,1676496,40.885,0.49,83.77551020408163
2005-03-28,39.64,40.2,37.95,38.62,8931053,39.1025,0.49,78.81632653061224
2005-03-29,38.88,39.28,38.59,38.79,4241516,38.885,0.49,79.16326530612245
2005-03-30,38.7,39.48,38.68,39.38,2418093,39.06,0.49,80.36734693877551
2005-03-31,39.49,40.24,39.38,40.07,2472964,39.795,0.49,81.77551020408164
2005-04-01,39.56,40.2,38.96,39.26,5309416,39.495,0.49,80.12244897959184
2005-04-04,39.26,40.3,39.19,40.17,3627767,39.73,0.49,81.9795918367347
2005-04-05,40.17,40.66,40.17,40.43,2040679,40.3575,0.49,82.51020408163265
2005-04-06,40.64,40.77,40.32,40.41,2086777,40.535,0.49,82.46938775510203
2005-04-07,40.42,40.84,40.16,40.81,1814649,40.5575,0.49,83.28571428571429
2005-04-08,40.21,40.42,39.73,39.87,3615929,40.0575,0.49,81.36734693877551
2005-04-11,39.87,40.01,39.71,39.82,2694120,39.8525,0.49,81.26530612244898
2005-04-12,39.67,40.21,39.36,40.06,1978427,39.825,0.49,81.75510204081634
2005-04-13,39.94,40.1,39.49,39.72,2911655,39.8125,0.49,81.06122448979592
2005-04-14,39.72,40.53,39.72,39.94,2919594,39.9775,0.49,81.51020408163265
2005-04-15,39.17,40.19,39.17,39.6,4500692,39.5325,0.49,80.81632653061224
2005-04-18,39.6,39.8,38.87,38.91,2543294,39.295,0.49,79.40816326530611
2005-04-19,39.0,39.18,38.57,39.03,2213788,38.945,0.49,79.6530612244898
2005-04-20,38.85,39.27,38.2,38.26,2210724,38.645,0.49,78.08163265306122
2005-04-21,38.56,39.82,38.54,39.55,2499007,39.1175,0.49,80.71428571428571
2005-04-22,39.21,39.75,38.9,39.12,1811585,39.245,0.49,79.83673469387755
2005-04-25,39.18,39.41,38.59,39.1,1988872,39.07,0.49,79.79591836734694
2005-04-26,38.99,39.3,38.75,38.75,1258416,38.9475,0.49,79.08163265306122
2005-04-27,38.75,39.67,38.52,39.58,2282447,39.13,0.49,80.77551020408163
2005-04-28,39.13,39.81,39.12,39.5,2556107,39.39,0.49,80.61224489795919
2005-04-29,39.49,39.92,38.88,39.9,3994317,39.5475,0.49,81.42857142857143
2005-05-02,39.9,40.2,39.89,40.02,1894170,40.0025,0.49,81.6734693877551
2005-05-03,39.96,40.13,39.48,39.73,2655961,39.825,0.49,81.08163265306122
2005-05-04,39.99,40.39,39.73,40.14,2217409,40.0625,0.49,81.91836734693878
2005-05-05,40.21,40.21,39.6,39.84,2002799,39.965,0.49,81.3061224489796
2005-05-06,40.07,40.3,39.92,40.15,2166159,40.11,0.49,81.93877551020408
2005-05-09,40.1,40.52,39.87,40.39,2034273,40.22,0.85,47.517647058823535
2005-05-10,39.96,40.8,39.74,40.46,1833868,40.24,0.85,47.6
2005-05-11,40.4,41.04,40.2,40.96,1980377,40.65,0.85,48.188235294117646
2005-05-12,41.04,42.2,40.99,41.65,3306895,41.47,0.85,49.0
2005-05-13,41.65,41.8,40.89,41.31,2236907,41.4125,0.85,48.6
2005-05-16,41.26,41.98,41.22,41.88,2083434,41.585,0.85,49.27058823529412
2005-05-17,41.65,42.62,41.47,42.52,2239553,42.065,0.85,50.02352941176471
2005-05-18,42.52,42.84,42.2,42.48,2801774,42.51,0.85,49.976470588235294
2005-05-19,42.36,42.48,42.22,42.48,2861937,42.385,0.85,49.976470588235294
2005-05-20,42.54,42.64,42.02,42.3,1790695,42.375,0.85,49.76470588235294
2005-05-23,42.19,42.36,41.93,42.16,1674407,42.16,0.85,49.599999999999994
2005-05-24,42.03,42.22,41.83,42.08,1097424,42.04,0.85,49.50588235294118
2005-05-25,41.88,42.06,41.6,41.71,1083497,41.8125,0.85,49.07058823529412
2005-05-26,41.71,41.9,41.6,41.74,1799747,41.7375,0.85,49.10588235294118
2005-05-27,41.82,41.93,41.35,41.5,1793202,41.65,0.85,48.82352941176471
2005-05-31,41.61,41.9,41.41,41.6,2355562,41.63,0.85,48.94117647058824
2005-06-01,41.54,42.16,41.5,41.67,1558955,41.7175,0.85,49.023529411764706
2005-06-02,41.41,41.6,41.17,41.56,880446,41.435,0.85,48.89411764705883
2005-06-03,41.5,41.5,41.06,41.27,1022498,41.3325,0.85,48.55294117647059
2005-06-06,41.17,42.1,41.17,41.88,1433336,41.58,0.85,49.27058823529412
2005-06-07,42.03,42.68,41.9,41.93,1562297,42.135,0.85,49.32941176470588
2005-06-08,42.15,42.22,41.42,41.53,1092410,41.83,0.85,48.858823529411765
2005-06-09,41.29,41.74,41.29,41.48,1767716,41.45,0.85,48.8
2005-06-10,41.31,41.36,40.65,40.95,1580541,41.0675,0.85,48.1764705882353
2005-06-13,40.86,41.75,40.84,41.65,1988733,41.275,0.85,49.0
2005-06-14,41.63,42.06,41.57,41.97,1840692,41.8075,0.85,49.37647058823529
2005-06-15,42.01,42.01,41.34,41.65,1898766,41.7525,0.85,49.0
2005-06-16,41.72,42.24,41.65,42.22,1777186,41.9575,0.85,49.67058823529412
2005-06-17,42.58,43.05,42.39,42.75,4064369,42.6925,0.85,50.294117647058826
2005-06-20,42.58,43.33,42.58,43.15,4369224,42.91,0.85,50.76470588235294
2005-06-21,43.15,43.64,43.02,43.3,2098197,43.2775,0.85,50.94117647058823
2005-06-22,43.44,43.78,43.33,43.44,2376174,43.4975,0.85,51.10588235294117
2005-06-23,43.51,43.87,43.43,43.66,3271521,43.6175,0.85,51.364705882352936
2005-06-24,43.46,43.76,43.28,43.45,3006218,43.4875,0.85,51.117647058823536
2005-06-27,40.94,41.57,39.6,40.52,13741897,40.6575,0.85,47.670588235294126
2005-06-28,40.57,41.17,40.57,40.94,6531346,40.8125,0.85,48.16470588235294
2005-06-29,41.0,41.4,40.79,41.22,4877688,41.1025,0.85,48.49411764705882
2005-06-30,41.16,41.67,41.16,41.35,2801495,41.335,0.85,48.64705882352941
2005-07-01,41.3,41.83,41.25,41.77,2858455,41.5375,0.85,49.14117647058824
2005-07-05,41.79,42.34,41.6,42.19,4977264,41.98,0.85,49.63529411764706
2005-07-06,42.15,42.22,41.6,41.66,2960677,41.9075,0.85,49.01176470588235
2005-07-07,41.29,41.65,40.94,41.51,2805673,41.3475,0.85,48.83529411764706
2005-07-08,41.54,42.15,41.04,41.93,3960336,41.665,0.85,49.32941176470588
2005-07-11,41.65,41.97,41.49,41.88,2139977,41.7475,0.85,49.27058823529412
2005-07-12,41.77,41.9,41.46,41.74,2106971,41.7175,0.85,49.10588235294118
2005-07-13,41.6,41.8,41.42,41.72,1142128,41.635,0.85,49.082352941176474
2005-07-14,41.88,42.19,41.77,41.8,2113795,41.91,0.85,49.17647058823529
2005-07-15,41.65,41.73,41.13,41.5,2005723,41.5025,0.85,48.82352941176471
2005-07-18,41.5,41.67,41.5,41.5,2496500,41.5425,0.85,48.82352941176471
2005-07-19,41.61,41.68,41.47,41.65,4180517,41.6025,0.85,49.0
2005-07-20,41.58,42.04,41.58,42.0,2221448,41.8,0.85,49.411764705882355
2005-07-21,41.96,42.09,41.47,41.65,1911440,41.7925,0.85,49.0
2005-07-22,41.65,41.75,41.05,41.57,1353954,41.505,0.85,48.90588235294118
2005-07-25,41.57,41.69,40.98,41.13,1651567,41.3425,0.85,48.38823529411765
2005-07-26,41.14,41.4,41.07,41.32,1512022,41.2325,0.85,48.61176470588236
2005-07-27,41.75,42.01,41.47,42.01,3404522,41.81,0.85,49.423529411764704
2005-07-28,41.98,42.55,41.98,42.38,3719683,42.2225,0.85,49.85882352941177
2005-07-29,42.24,42.98,42.16,42.78,3773579,42.54,0.85,50.32941176470589
2005-08-01,42.75,43.35,42.65,42.96,3044238,42.9275,0.85,50.54117647058824
2005-08-02,43.07,43.19,42.87,43.05,1648503,43.045,0.85,50.64705882352941
2005-08-03,42.85,42.87,42.59,42.69,2119226,42.75,0.85,50.2235294117647
2005-08-04,42.62,42.83,42.32,42.36,1488486,42.5325,0.85,49.83529411764706
2005-08-05,41.93,42.8,41.75,42.52,2009066,42.25,0.85,50.02352941176471
2005-08-08,42.9,43.01,42.4,42.59,2314618,42.725,0.85,50.10588235294118
2005-08-09,42.69,42.94,42.31,42.5,2859987,42.61,0.85,50.0
2005-08-10,42.52,42.92,42.21,42.41,3277092,42.515,0.85,49.89411764705882
2005-08-11,42.49,42.87,42.49,42.84,1401026,42.6725,0.85,50.400000000000006
2005-08-12,42.65,42.81,41.98,42.56,1115946,42.5,0.85,50.070588235294125
2005-08-15,42.56,42.67,42.21,42.6,2577415,42.51,0.85,50.11764705882353
2005-08-16,42.63,42.8,42.13,42.19,1724125,42.4375,0.85,49.63529411764706
2005-08-17,42.19,42.89,42.08,42.7,2038730,42.465,0.85,50.235294117647065
2005-08-18,42.65,43.05,42.52,42.74,1428740,42.74,0.85,50.28235294117648
2005-08-19,42.95,42.98,42.2,42.24,1638894,42.5925,0.85,49.694117647058825
2005-08-22,42.24,42.82,42.21,42.64,1704767,42.4775,0.85,50.16470588235294
2005-08-23,42.64,42.82,41.8,42.16,1882054,42.355,0.85,49.599999999999994
2005-08-24,42.08,42.24,41.61,41.76,1611458,41.9225,0.85,49.12941176470588
2005-08-25,41.68,41.9,41.61,41.78,1295322,41.7425,0.85,49.15294117647059
2005-08-26,41.64,41.84,41.36,41.57,1088650,41.6025,0.85,48.90588235294118
2005-08-29,41.29,41.81,41.27,41.72,1448934,41.5225,0.85,49.082352941176474
2005-08-30,41.65,41.91,41.55,41.73,1795012,41.71,0.85,49.09411764705882
2005-08-31,41.73,42.98,41.65,42.8,3391848,42.29,0.85,50.35294117647059
2005-09-01,42.73,43.02,42.46,42.59,2085523,42.7,0.85,50.10588235294118
2005-09-02,42.51,42.65,42.21,42.28,1493360,42.4125,0.85,49.741176470588236
2005-09-06,42.41,43.08,42.41,43.08,1916592,42.745,0.85,50.68235294117647
2005-09-07,43.08,43.18,42.69,42.87,3294083,42.955,0.85,50.435294117647054
2005-09-08,42.08,42.55,42.08,42.29,3079612,42.25,0.85,49.752941176470586
2005-09-09,43.44,43.44,42.85,42.95,3095488,43.17,0.85,50.529411764705884
2005-09-12,42.8,43.53,42.8,43.51,5510100,43.16,0.6,72.51666666666667
2005-09-13,43.3,43.41,42.89,43.01,2347206,43.1525,0.6,71.68333333333334
2005-09-14,43.3,43.76,43.29,43.51,5884728,43.465,0.6,72.51666666666667
2005-09-15,43.69,44.79,43.59,44.79,5935284,44.215,0.6,74.65
2005-09-16,44.84,45.61,44.72,45.5,7378090,45.1675,0.6,75.83333333333334
2005-09-19,45.34,45.34,44.89,45.17,2081902,45.185,0.6,75.28333333333335
2005-09-20,45.17,45.48,44.55,44.81,2509174,45.0025,0.6,74.68333333333334
2005-09-21,44.55,44.88,44.16,44.25,2645238,44.46,0.6,73.75
2005-09-22,44.29,44.59,43.98,44.03,3043124,44.2225,0.6,73.38333333333334
2005-09-23,44.05,44.66,43.8,44.48,2671420,44.2475,0.6,74.13333333333333
2005-09-26,44.84,44.94,43.81,43.99,1749193,44.395,0.6,73.31666666666668
2005-09-27,44.15,44.7,43.79,44.66,2149168,44.325,0.6,74.43333333333334
2005-09-28,44.99,45.41,44.52,45.3,3240186,45.055,0.6,75.5
2005-09-29,45.15,45.48,44.78,45.35,1927455,45.19,0.6,75.58333333333334
2005-09-30,45.17,45.8,45.04,45.55,2032045,45.39,0.6,75.91666666666667
2005-10-03,45.42,45.55,45.04,45.19,2865419,45.3,0.6,75.31666666666666
2005-10-04,45.24,46.31,45.24,45.68,2592873,45.6175,0.6,76.13333333333334
2005-10-05,45.62,45.99,44.89,44.99,2652201,45.3725,0.6,74.98333333333333
2005-10-06,45.17,45.67,44.89,45.28,2545522,45.2525,0.6,75.46666666666667
2005-10-07,45.61,45.76,45.29,45.63,2161145,45.5725,0.6,76.05000000000001
2005-10-10,45.49,45.56,44.55,44.87,2182593,45.1175,0.6,74.78333333333333
2005-10-11,44.71,45.06,44.52,44.85,1652960,44.785,0.6,74.75
2005-10-12,44.68,45.15,44.48,44.7,2264342,44.7525,0.6,74.50000000000001
2005-10-13,44.71,45.32,44.66,45.18,2166995,44.9675,0.6,75.3
2005-10-14,45.62,45.7,44.91,45.58,2715846,45.4525,0.6,75.96666666666667
2005-10-17,45.6,45.7,45.17,45.42,1176806,45.4725,0.6,75.7
2005-10-18,45.52,45.61,45.14,45.18,2280497,45.3625,0.6,75.3
2005-10-19,45.01,45.92,45.01,45.91,1978566,45.4625,0.6,76.51666666666667
2005-10-20,45.96,46.52,45.75,46.08,2813890,46.0775,0.6,76.8
2005-10-21,46.03,46.43,45.76,46.0,2161145,46.055,0.6,76.66666666666667
2005-10-24,46.15,46.67,46.15,46.65,2036919,46.405,0.6,77.75
2005-10-25,46.66,46.67,45.95,46.23,2908452,46.3775,0.6,77.05
2005-10-26,46.39,46.57,45.35,45.81,3120835,46.03,0.6,76.35000000000001
2005-10-27,45.24,45.65,44.55,44.59,2714314,45.0075,0.6,74.31666666666668
2005-10-28,44.59,45.04,44.52,44.99,4463090,44.785,0.6,74.98333333333333
2005-10-31,45.06,45.44,44.85,44.88,2917087,45.0575,0.6,74.80000000000001
2005-11-01,44.68,44.8,44.41,44.57,3828033,44.615,0.6,74.28333333333333
2005-11-02,44.45,44.52,44.13,44.37,3013320,44.3675,0.6,73.95
2005-11-03,44.35,44.52,44.04,44.3,2709997,44.3025,0.6,73.83333333333333
2005-11-04,44.23,44.34,43.92,44.17,1553523,44.165,0.6,73.61666666666667
2005-11-07,44.05,44.22,43.83,43.94,1928291,44.01,0.6,73.23333333333333
2005-11-08,43.94,44.09,43.87,43.99,2742307,43.9725,0.54,81.46296296296296
2005-11-09,43.91,43.98,43.59,43.74,2548726,43.805,0.54,81.0
2005-11-10,43.87,44.01,43.83,43.92,2837148,43.9075,0.54,81.33333333333333
2005-11-11,43.99,44.21,43.87,43.96,1655885,44.0075,0.54,81.4074074074074
2005-11-14,43.69,43.86,43.59,43.8,2404863,43.735,0.54,81.1111111111111
2005-11-15,43.73,43.92,43.61,43.79,3072230,43.7625,0.54,81.09259259259258
2005-11-16,43.61,43.65,43.19,43.43,2079953,43.47,0.54,80.42592592592592
2005-11-17,43.59,43.99,43.59,43.93,3779289,43.775,0.54,81.35185185185185
2005-11-18,44.23,44.23,43.68,43.9,2547054,44.01,0.54,81.29629629629629
2005-11-21,43.86,44.02,43.56,44.02,3339623,43.865,0.54,81.51851851851852
2005-11-22,43.94,44.22,43.77,43.87,3916467,43.95,0.54,81.24074074074073
2005-11-23,44.5,45.2,44.48,44.75,4761122,44.7325,0.54,82.87037037037037
2005-11-25,44.93,45.62,44.88,45.61,1868406,45.26,0.54,84.46296296296296
2005-11-28,45.72,45.88,45.13,45.29,3563007,45.505,0.54,83.87037037037037
2005-11-29,45.45,46.1,45.33,45.99,3210523,45.7175,0.54,85.16666666666667
2005-11-30,45.78,46.31,45.78,45.92,4157121,45.9475,0.54,85.03703703703704
2005-12-01,45.97,46.32,45.36,46.06,3815499,45.9275,0.54,85.29629629629629
2005-12-02,46.13,46.45,46.03,46.35,1944307,46.24,0.54,85.83333333333333
2005-12-05,46.47,46.79,46.07,46.6,3654088,46.4825,0.54,86.29629629629629
2005-12-06,46.85,47.56,46.72,47.17,3878865,47.075,0.54,87.35185185185185
2005-12-07,47.05,47.76,46.91,47.58,3802268,47.325,0.54,88.1111111111111
2005-12-08,47.71,48.55,47.58,48.07,2887005,47.9775,0.54,89.01851851851852
2005-12-09,48.04,48.24,47.64,48.14,2394139,48.015,0.54,89.14814814814814
2005-12-12,48.04,48.14,47.69,48.11,2840769,47.995,0.54,89.09259259259258
2005-12-13,48.09,48.11,47.86,48.03,2934077,48.0225,0.54,88.94444444444444
2005-12-14,48.16,48.73,48.11,48.59,2028145,48.3975,0.54,89.98148148148148
2005-12-15,48.5,48.61,47.84,48.2,2135799,48.2875,0.54,89.25925925925925
2005-12-16,48.5,49.62,48.45,49.43,6251278,49.0,0.54,91.53703703703702
2005-12-19,49.5,49.6,48.62,48.83,2827817,49.1375,0.54,90.42592592592592
2005-12-20,48.65,49.56,48.65,49.01,3036021,48.9675,0.54,90.75925925925925
2005-12-21,49.33,49.41,48.81,48.91,2465305,49.115,0.54,90.57407407407406
2005-12-22,48.73,49.37,48.73,49.24,1750029,49.0175,0.54,91.18518518518518
2005-12-23,49.47,50.0,49.43,49.72,1424701,49.655,0.54,92.07407407407406
2005-12-27,49.61,49.62,49.04,49.17,2132039,49.36,0.54,91.05555555555556
2005-12-28,48.93,49.86,48.83,49.67,1325961,49.3225,0.54,91.98148148148148
2005-12-29,49.72,50.0,49.56,49.56,1379022,49.71,0.54,91.77777777777777
2005-12-30,49.48,49.56,49.34,49.37,1229170,49.4375,0.54,91.42592592592591
2006-01-03,49.37,50.27,49.37,50.21,2590784,49.805,0.54,92.98148148148148
2006-01-04,50.06,50.56,49.88,50.28,2356537,50.195,0.54,93.1111111111111
2006-01-05,50.26,50.51,49.97,50.01,2777681,50.1875,0.54,92.6111111111111
2006-01-06,50.28,50.43,49.72,49.75,1913807,50.045,0.54,92.12962962962962
2006-01-09,49.57,51.42,49.52,51.3,3163032,50.4525,0.54,94.99999999999999
2006-01-10,51.02,51.12,50.5,50.59,2703173,50.8075,0.54,93.68518518518519
2006-01-11,50.77,50.91,50.2,50.39,2698020,50.5675,0.54,93.31481481481481
2006-01-12,50.33,50.47,50.13,50.31,1147838,50.31,0.54,93.16666666666667
2006-01-13,50.12,50.16,49.65,50.03,1958094,49.99,0.54,92.64814814814814
2006-01-17,49.55,50.0,49.11,49.19,2288157,49.4625,0.54,91.09259259259258
2006-01-18,49.16,49.83,49.11,49.64,2540648,49.435,0.54,91.92592592592592
2006-01-19,49.63,49.83,48.84,49.21,2304033,49.3775,0.54,91.12962962962962
2006-01-20,49.06,49.17,48.65,48.76,2692728,48.91,0.54,90.29629629629629
2006-01-23,49.11,50.01,49.09,49.87,3695311,49.52,0.54,92.35185185185185
2006-01-24,49.71,50.26,49.7,50.05,1763677,49.93,0.54,92.68518518518518
2006-01-25,50.23,50.77,50.11,50.69,2978364,50.45,0.54,93.87037037037037
2006-01-26,50.82,51.84,50.69,51.22,3991254,51.1425,0.54,94.85185185185185
2006-01-27,54.21,54.21,51.48,52.74,4032894,53.16,0.54,97.66666666666666
2006-01-30,52.52,52.56,51.91,52.07,2194848,52.265,0.54,96.42592592592592
2006-01-31,51.99,52.04,51.42,51.73,2356676,51.795,0.54,95.79629629629629
2006-02-01,51.66,52.19,51.43,51.74,2025360,51.755,0.54,95.81481481481481
2006-02-02,51.7,51.7,51.02,51.1,1609230,51.38,0.54,94.62962962962962
2006-02-03,50.93,51.61,50.87,51.23,1885257,51.16,0.54,94.87037037037035
2006-02-06,50.91,50.95,49.88,50.1,1717580,50.46,0.54,92.77777777777777
2006-02-07,49.93,50.47,49.8,50.28,2444972,50.12,0.71,70.8169014084507
2006-02-08,50.28,50.28,49.81,50.22,1978984,50.1475,0.71,70.73239436619718
2006-02-09,50.1,50.18,49.65,49.72,2286764,49.9125,0.71,70.02816901408451
2006-02-10,49.47,50.23,49.43,50.09,2131342,49.805,0.71,70.5492957746479
2006-02-13,49.88,50.49,49.85,50.44,1111629,50.165,0.71,71.04225352112677
2006-02-14,50.56,51.17,50.15,51.07,1978288,50.7375,0.71,71.92957746478874
2006-02-15,51.09,51.77,50.82,51.65,1596835,51.3325,0.71,72.74647887323944
2006-02-16,51.27,51.61,50.84,51.61,1482497,51.3325,0.71,72.69014084507043
2006-02-17,51.34,51.58,50.95,51.52,2015751,51.3475,0.71,72.56338028169014
2006-02-21,51.38,51.9,51.33,51.57,1660063,51.545,0.71,72.63380281690141
2006-02-22,51.81,52.05,51.76,51.88,1689587,51.875,0.71,73.07042253521128
2006-02-23,51.88,51.92,51.63,51.7,1318719,51.7825,0.71,72.81690140845072
2006-02-24,51.74,52.08,51.64,51.98,1043527,51.86,0.71,73.21126760563381
2006-02-27,51.91,52.88,51.72,52.58,2091373,52.2725,0.71,74.05633802816901
2006-02-28,52.33,52.33,51.91,52.13,1872027,52.175,0.71,73.42253521126761
2006-03-01,52.12,52.54,52.1,52.42,1626778,52.295,0.71,73.83098591549296
2006-03-02,52.13,52.34,51.88,52.14,1751979,52.1225,0.71,73.43661971830987
2006-03-03,51.85,52.07,51.61,51.77,1728303,51.825,0.71,72.91549295774648
2006-03-06,51.64,51.7,51.16,51.38,1974249,51.47,0.71,72.36619718309859
2006-03-07,51.23,51.89,51.12,51.55,2451656,51.4475,0.71,72.6056338028169
2006-03-08,51.37,51.63,51.12,51.5,2059898,51.405,0.71,72.53521126760563
2006-03-09,51.66,51.99,51.48,51.72,1742648,51.7125,0.71,72.84507042253522
2006-03-10,51.65,52.2,51.63,52.08,2086359,51.89,0.71,73.35211267605634
2006-03-13,52.06,52.36,51.77,52.22,1528873,52.1025,0.71,73.54929577464789
2006-03-14,52.05,52.78,51.95,52.73,1763677,52.3775,0.71,74.26760563380282
2006-03-15,52.78,53.82,52.78,53.62,2860544,53.25,0.71,75.52112676056338
2006-03-16,53.56,54.17,53.29,54.04,2754702,53.765,0.71,76.11267605633803
2006-03-17,54.0,54.03,53.67,53.82,3012067,53.88,0.71,75.80281690140845
2006-03-20,54.0,54.38,53.68,53.87,1757689,53.9825,0.71,75.87323943661971
2006-03-21,53.87,53.98,53.34,53.35,1490435,53.635,0.71,75.14084507042254
2006-03-22,53.42,53.67,53.21,53.57,1447263,53.4675,0.71,75.45070422535211
2006-03-23,53.46,53.5,52.9,53.44,1657834,53.325,0.71,75.26760563380282
2006-03-24,53.28,53.7,53.09,53.49,1200760,53.39,0.71,75.3380281690141
2006-03-27,53.42,53.85,53.17,53.72,1781086,53.54,0.71,75.66197183098592
2006-03-28,53.72,54.37,53.55,54.1,2207104,53.935,0.71,76.19718309859155
2006-03-29,54.0,54.33,53.66,53.97,2541623,53.99,0.71,76.01408450704226
2006-03-30,53.79,54.3,53.49,53.72,1762006,53.825,0.71,75.66197183098592
2006-03-31,53.65,53.91,53.33,53.51,1485004,53.6,0.71,75.36619718309859
2006-04-03,53.85,54.14,53.53,53.55,1761728,53.7675,0.71,75.4225352112676
2006-04-04,53.49,53.89,53.24,53.75,1488346,53.5925,0.71,75.70422535211269
2006-04-05,53.65,53.99,53.37,53.79,1710059,53.7,0.71,75.7605633802817
2006-04-06,53.6,53.6,52.29,52.79,2107806,53.07,0.71,74.35211267605634
2006-04-07,52.73,52.97,51.27,51.43,2621144,52.1,0.71,72.43661971830986
2006-04-10,51.43,51.55,51.0,51.33,1421777,51.3275,0.71,72.29577464788733
2006-04-11,51.38,51.56,50.09,50.32,3082954,50.8375,0.71,70.87323943661973
2006-04-12,50.64,50.91,50.03,50.31,2340661,50.4725,0.71,70.85915492957747
2006-04-13,50.17,50.64,50.07,50.26,1124999,50.285,0.71,70.78873239436619
2006-04-17,50.08,50.26,49.63,50.16,2595241,50.0325,0.71,70.64788732394366
2006-04-18,50.19,50.61,49.77,50.56,2561677,50.2825,0.71,71.21126760563381
2006-04-19,50.03,50.76,49.22,49.4,3156626,49.8525,0.71,69.5774647887324
2006-04-20,49.22,49.32,48.52,49.06,2566134,49.03,0.71,69.09859154929578
2006-04-21,49.22,49.33,47.96,48.45,3522063,48.74,0.71,68.23943661971832
2006-04-24,48.63,48.86,48.34,48.7,2184403,48.6325,0.71,68.59154929577466
2006-04-25,49.17,49.24,48.73,48.76,3495881,48.975,0.71,68.67605633802818
2006-04-26,48.48,49.44,48.11,49.44,3247150,48.8675,0.71,69.63380281690141
2006-04-27,49.4,49.48,48.38,49.09,3830261,49.0875,0.71,69.14084507042254
2006-04-28,48.86,48.93,48.06,48.36,2676016,48.5525,0.71,68.11267605633803
2006-05-01,48.36,48.65,47.71,48.15,2586467,48.2175,0.71,67.8169014084507
2006-05-02,48.04,48.82,47.93,48.66,2381605,48.3625,0.71,68.53521126760563
2006-05-03,48.68,48.68,48.02,48.29,2369071,48.4175,0.71,68.01408450704226
2006-05-04,48.48,48.68,47.99,48.15,971526,48.325,0.71,67.8169014084507
2006-05-05,48.61,49.04,48.07,48.96,1537090,48.67,0.71,68.95774647887325
2006-05-08,48.96,49.3,48.73,48.99,1114971,48.995,0.35,139.9714285714286
2006-05-09,49.14,49.19,48.23,48.38,1469824,48.735,0.35,138.22857142857146
2006-05-10,48.38,48.65,48.32,48.54,2193455,48.4725,0.35,138.68571428571428
2006-05-11,48.6,48.6,48.23,48.33,1847516,48.44,0.35,138.0857142857143
2006-05-12,48.22,48.31,47.63,47.72,1601431,47.97,0.35,136.34285714285716
2006-05-15,47.46,48.78,47.45,48.69,2706237,48.095,0.35,139.11428571428573
2006-05-16,48.83,49.29,48.68,49.01,1896817,48.9525,0.35,140.02857142857144
2006-05-17,48.68,49.04,48.18,48.26,2434666,48.54,0.35,137.8857142857143
2006-05-18,48.26,49.04,48.07,48.75,2852745,48.53,0.35,139.2857142857143
2006-05-19,48.85,48.86,48.27,48.54,3127937,48.63,0.35,138.68571428571428
2006-05-22,48.36,48.68,48.12,48.21,2352638,48.3425,0.35,137.74285714285716
2006-05-23,48.22,48.6,47.76,47.77,2405977,48.0875,0.35,136.4857142857143
2006-05-24,47.71,48.19,46.83,47.96,3470116,47.6725,0.35,137.02857142857144
2006-05-25,48.09,48.1,47.52,47.68,2887980,47.8475,0.35,136.22857142857143
2006-05-26,47.82,48.19,47.61,48.09,1752675,47.9275,0.35,137.4
2006-05-30,47.81,48.0,47.5,47.5,1796126,47.7025,0.35,135.71428571428572
2006-05-31,47.58,48.1,47.54,48.04,2474775,47.815,0.35,137.25714285714287
2006-06-01,48.09,48.69,48.09,48.63,1878990,48.375,0.35,138.94285714285715
2006-06-02,48.53,48.75,48.08,48.48,1491549,48.46,0.35,138.5142857142857
2006-06-05,48.14,48.45,47.99,47.99,1566754,48.1425,0.35,137.11428571428573
2006-06-06,48.32,48.6,48.22,48.44,2318099,48.395,0.35,138.4
2006-06-07,48.54,49.06,48.47,48.77,2674623,48.71,0.35,139.34285714285716
2006-06-08,49.15,49.24,48.45,48.85,2568919,48.9225,0.35,139.57142857142858
2006-06-09,48.72,48.72,47.99,48.04,2281751,48.3675,0.35,137.25714285714287
2006-06-12,48.25,48.29,47.67,47.67,1722315,47.97,0.35,136.20000000000002
2006-06-13,47.53,48.39,46.81,47.92,3532786,47.6625,0.35,136.91428571428574
2006-06-14,48.14,48.44,47.77,48.32,2204597,48.1675,0.35,138.05714285714288
2006-06-15,48.2,48.2,47.25,47.94,2446086,47.8975,0.35,136.97142857142856
2006-06-16,47.58,48.26,47.56,47.64,1883447,47.76,0.35,136.11428571428573
2006-06-19,47.56,47.68,46.64,46.64,2092069,47.13,0.35,133.25714285714287
2006-06-20,46.39,46.39,45.19,45.7,4382872,45.9175,0.35,130.57142857142858
2006-06-21,45.52,46.05,45.39,45.78,2266988,45.685,0.35,130.8
2006-06-22,45.78,46.04,45.27,45.46,1902109,45.6375,0.35,129.8857142857143
2006-06-23,45.32,45.57,45.02,45.11,1248528,45.255,0.35,128.8857142857143
2006-06-26,45.11,45.45,45.11,45.34,1439603,45.2525,0.35,129.54285714285717
2006-06-27,45.28,45.46,44.84,45.13,1584580,45.1775,0.35,128.94285714285715
2006-06-28,45.24,45.34,44.81,45.16,1516478,45.1375,0.35,129.02857142857144
2006-06-29,45.55,46.12,45.19,45.99,2466140,45.7125,0.35,131.4
2006-06-30,46.82,47.05,45.9,46.19,4319088,46.49,0.35,131.97142857142856
2006-07-03,46.24,46.25,45.8,45.92,910945,46.0525,0.35,131.20000000000002
2006-07-05,45.92,45.96,45.43,45.67,1667304,45.745,0.35,130.4857142857143
2006-07-06,45.85,46.24,45.84,46.1,1258834,46.0075,0.35,131.71428571428572
2006-07-07,45.95,46.1,45.6,45.71,1096588,45.84,0.35,130.60000000000002
2006-07-10,45.7,45.96,44.85,45.17,1571489,45.42,0.35,129.05714285714288
2006-07-11,45.32,46.06,45.28,45.74,2443718,45.6,0.35,130.6857142857143
2006-07-12,45.81,46.39,45.65,45.77,2177718,45.905,0.35,130.7714285714286
2006-07-13,45.59,46.07,45.39,45.5,2464887,45.6375,0.35,130.0
2006-07-14,46.82,46.82,44.77,45.09,1653099,45.875,0.35,128.82857142857145
2006-07-17,44.99,45.56,44.99,45.38,1485282,45.23,0.35,129.65714285714287
2006-07-18,45.45,45.74,45.11,45.6,1608952,45.475,0.35,130.2857142857143
2006-07-19,45.83,47.37,45.83,47.28,2740218,46.5775,0.35,135.0857142857143
2006-07-20,47.07,47.19,46.6,46.89,1500880,46.9375,0.35,133.9714285714286
2006-07-21,47.12,47.79,47.12,47.58,2548447,47.4025,0.35,135.94285714285715
2006-07-24,47.56,48.93,47.56,48.67,2630058,48.18,0.35,139.05714285714288
2006-07-25,48.45,49.04,47.82,48.93,2389404,48.56,0.35,139.8
2006-07-26,49.04,49.06,48.42,48.42,1567032,48.735,0.35,138.34285714285716
2006-07-27,48.6,49.06,48.02,48.11,2570033,48.4475,0.35,137.45714285714286
2006-07-28,48.65,48.9,48.42,48.71,1528873,48.67,0.35,139.17142857142858
2006-07-31,48.7,48.72,48.09,48.11,2166159,48.405,0.35,137.45714285714286
2006-08-01,48.02,48.23,47.67,47.96,1507147,47.97,0.35,137.02857142857144
2006-08-02,47.86,47.99,47.6,47.77,1663962,47.805,0.35,136.4857142857143
2006-08-03,47.34,48.11,47.18,47.79,2129393,47.605,0.35,136.54285714285714
2006-08-04,48.29,48.65,47.82,48.0,1592379,48.19,0.35,137.14285714285714
2006-08-07,47.99,48.75,47.98,48.52,1931216,48.31,0.35,138.62857142857143
2006-08-08,48.76,48.77,47.59,47.93,2208078,48.2625,0.35,136.94285714285715
2006-08-09,48.04,48.31,47.45,47.55,1476230,47.8375,0.35,135.85714285714286
2006-08-10,47.43,48.61,47.22,48.43,1741116,47.9225,0.35,138.37142857142857
2006-08-11,48.3,48.32,47.47,47.77,1209116,47.965,0.35,136.4857142857143
2006-08-14,48.21,48.4,47.81,47.81,1281396,48.0575,0.35,136.60000000000002
2006-08-15,48.29,48.29,47.43,47.64,1716187,47.9125,0.35,136.11428571428573
2006-08-16,47.94,48.55,47.51,48.5,1800583,48.125,0.35,138.57142857142858
2006-08-17,48.36,48.81,48.19,48.73,1529987,48.5225,0.35,139.22857142857143
2006-08-18,48.74,48.77,48.38,48.4,1316352,48.5725,0.35,138.28571428571428
2006-08-21,48.23,48.63,48.2,48.39,692157,48.3625,0.35,138.25714285714287
2006-08-22,48.42,48.48,48.01,48.16,1368159,48.2675,0.35,137.6
2006-08-23,48.27,48.52,48.02,48.29,776970,48.275,0.35,137.9714285714286
2006-08-24,48.4,48.79,48.2,48.36,999519,48.4375,0.35,138.17142857142858
2006-08-25,48.16,48.6,48.09,48.34,741318,48.2975,0.35,138.11428571428573
2006-08-28,47.38,48.21,47.02,47.98,3093120,47.6475,0.35,137.0857142857143
2006-08-29,47.94,48.08,47.37,47.4,2357512,47.6975,0.35,135.42857142857144
2006-08-30,47.5,48.47,47.44,48.22,2023410,47.9075,0.35,137.77142857142857
2006-08-31,48.25,48.49,47.99,48.41,1506312,48.285,0.35,138.31428571428572
2006-09-01,48.58,49.11,48.54,48.84,1512718,48.7675,0.79,61.822784810126585
2006-09-05,48.64,49.14,48.64,49.01,1254517,48.8575,0.79,62.0379746835443
2006-09-06,48.64,48.89,48.4,48.78,1078623,48.6775,0.79,61.74683544303797
2006-09-07,48.75,49.01,48.71,48.76,1223043,48.8075,0.79,61.72151898734177
2006-09-08,48.96,49.14,48.76,49.02,1279724,48.97,0.79,62.050632911392405
2006-09-11,49.03,49.64,48.83,49.53,2565855,49.2575,0.79,62.69620253164557
2006-09-12,49.69,49.86,49.25,49.55,1767995,49.5875,0.79,62.72151898734177
2006-09-13,49.39,49.63,49.18,49.49,1963247,49.4225,0.79,62.64556962025316
2006-09-14,49.13,49.48,48.94,49.4,1565222,49.2375,0.79,62.531645569620245
2006-09-15,49.55,50.19,49.55,49.93,3526519,49.805,0.79,63.202531645569614
2006-09-18,50.19,50.78,50.03,50.56,2079535,50.39,0.79,64.0
2006-09-19,50.79,50.9,50.36,50.41,1596835,50.615,0.79,63.81012658227847
2006-09-20,50.28,50.36,49.32,49.32,3174313,49.82,0.79,62.43037974683544
2006-09-21,49.14,49.14,47.39,48.11,5970100,48.445,0.79,60.89873417721519
2006-09-22,48.24,48.65,47.92,48.0,2105299,48.2025,0.79,60.75949367088607
2006-09-25,47.94,48.12,47.32,47.94,2441629,47.83,0.79,60.68354430379746
2006-09-26,47.76,48.08,47.23,47.66,2317960,47.6825,0.79,60.329113924050624
2006-09-27,47.46,47.49,46.91,47.29,2124379,47.2875,0.79,59.860759493670884
2006-09-28,47.41,47.51,46.87,47.36,1670925,47.2875,0.79,59.949367088607595
2006-09-29,47.22,47.44,46.82,47.2,1755321,47.17,0.79,59.74683544303797
2006-10-02,47.41,47.72,46.94,46.95,1073052,47.255,0.79,59.43037974683544
2006-10-03,47.14,47.61,47.05,47.33,1427626,47.2825,0.79,59.91139240506329
2006-10-04,47.4,47.66,47.1,47.62,1379997,47.445,0.79,60.27848101265822
2006-10-05,47.56,47.74,47.39,47.66,1969375,47.5875,0.79,60.329113924050624
2006-10-06,47.43,47.44,45.88,45.97,5672764,46.68,0.79,58.189873417721515
2006-10-09,45.78,46.72,45.62,46.48,3156069,46.15,0.79,58.83544303797468
2006-10-10,46.64,46.64,45.61,46.14,2167969,46.2575,0.79,58.405063291139236
2006-10-11,45.86,46.08,45.8,46.01,1316909,45.9375,0.79,58.24050632911392
2006-10-12,46.11,46.51,45.83,46.5,1480547,46.2375,0.79,58.860759493670884
2006-10-13,46.39,46.64,46.26,46.57,2146801,46.465,0.79,58.949367088607595
2006-10-16,46.59,46.65,46.19,46.43,1317605,46.465,0.79,58.77215189873417
2006-10-17,45.24,46.53,45.24,46.46,980997,45.8675,0.79,58.81012658227848
2006-10-18,46.61,47.05,46.54,46.67,1566057,46.7175,0.79,59.075949367088604
2006-10-19,45.31,47.04,45.27,46.92,2298184,46.135,0.79,59.392405063291136
2006-10-20,47.04,47.23,46.46,47.17,1942218,46.975,0.79,59.70886075949367
2006-10-23,46.97,47.38,46.7,47.26,1161347,47.0775,0.79,59.82278481012658
2006-10-24,47.0,47.12,46.71,47.11,2507781,46.985,0.79,59.63291139240506
2006-10-25,47.25,47.34,46.58,46.8,1983301,46.9925,0.79,59.24050632911392
2006-10-26,46.69,47.0,46.51,46.96,1435286,46.79,0.79,59.44303797468354
2006-10-27,46.34,46.79,45.92,46.29,2354448,46.335,0.79,58.59493670886076
2006-10-30,46.33,46.84,46.26,46.6,1502273,46.5075,0.79,58.9873417721519
2006-10-31,46.49,47.18,46.42,47.0,2379795,46.7725,0.79,59.49367088607595
2006-11-01,47.75,47.75,45.9,46.02,4349727,46.855,0.79,58.25316455696203
2006-11-02,45.78,46.54,45.52,46.4,3095906,46.06,0.79,58.73417721518987
2006-11-03,46.36,46.56,45.29,45.42,2348877,45.9075,0.79,57.49367088607595
2006-11-06,45.6,46.34,45.27,46.08,2802470,45.8225,0.79,58.32911392405063
2006-11-07,45.93,46.56,45.79,45.98,2373528,46.065,0.67,68.62686567164178
2006-11-08,45.0,45.85,45.0,45.58,3053708,45.3575,0.67,68.02985074626865
2006-11-09,45.52,45.79,45.15,45.46,2816954,45.48,0.67,67.8507462686567
2006-11-10,45.24,45.56,44.4,44.55,4152943,44.9375,0.67,66.49253731343283
2006-11-13,44.38,44.84,44.23,44.53,2508477,44.495,0.67,66.46268656716418
2006-11-14,44.48,45.67,44.48,44.96,3355082,44.8975,0.67,67.1044776119403
2006-11-15,45.16,45.91,45.04,45.61,2349017,45.43,0.67,68.07462686567163
2006-11-16,45.75,45.88,45.37,45.52,1572046,45.63,0.67,67.94029850746269
2006-11-17,45.34,45.59,44.8,45.0,1611458,45.1825,0.67,67.16417910447761
2006-11-20,43.91,44.98,43.91,44.78,1196164,44.395,0.67,66.83582089552239
2006-11-21,44.73,44.73,44.22,44.43,2562234,44.5275,0.67,66.31343283582089
2006-11-22,44.35,44.84,44.35,44.63,1225132,44.5425,0.67,66.61194029850746
2006-11-24,44.45,44.81,44.38,44.67,484510,44.5775,0.67,66.67164179104478
2006-11-27,44.49,44.83,44.22,44.73,2648719,44.5675,0.67,66.76119402985074
2006-11-28,44.56,45.1,44.36,44.78,2471432,44.7,0.67,66.83582089552239
2006-11-29,44.67,44.67,44.1,44.4,2603179,44.46,0.67,66.26865671641791
2006-11-30,46.28,46.77,45.29,46.4,7972895,46.185,0.67,69.25373134328358
2006-12-01,47.12,47.42,46.63,47.02,6257687,47.0475,0.67,70.17910447761194
2006-12-04,47.2,47.41,46.94,47.35,3312745,47.225,0.67,70.67164179104478
2006-12-05,47.15,47.6,47.13,47.29,1990543,47.2925,0.67,70.5820895522388
2006-12-06,47.17,47.46,47.05,47.15,2642592,47.2075,0.67,70.3731343283582
2006-12-07,47.38,48.1,47.35,47.64,2569616,47.6175,0.67,71.1044776119403
2006-12-08,47.46,47.84,47.08,47.43,2014497,47.4525,0.67,70.79104477611939
2006-12-11,47.29,47.69,46.88,47.05,3673725,47.2275,0.67,70.22388059701491
2006-12-12,47.23,47.55,47.0,47.37,2702198,47.2875,0.67,70.70149253731343
2006-12-13,47.27,47.37,46.92,47.0,2172983,47.14,0.67,70.14925373134328
2006-12-14,46.97,47.19,46.68,46.85,1900855,46.9225,0.67,69.92537313432835
2006-12-15,46.85,46.9,46.34,46.64,2884777,46.6825,0.67,69.61194029850746
2006-12-18,46.8,46.8,46.11,46.4,2360576,46.5275,0.67,69.25373134328358
2006-12-19,46.29,46.51,46.07,46.42,2758462,46.3225,0.67,69.28358208955224
2006-12-20,46.34,46.67,46.08,46.48,1906844,46.3925,0.67,69.3731343283582
2006-12-21,46.49,46.72,46.25,46.52,1224853,46.495,0.67,69.43283582089552
2006-12-22,46.57,46.57,46.04,46.1,1066924,46.32,0.67,68.80597014925372
2006-12-26,46.24,46.48,46.01,46.4,771678,46.2825,0.67,69.25373134328358
2006-12-27,46.46,46.51,46.08,46.22,2279522,46.3175,0.67,68.98507462686567
2006-12-28,46.09,46.66,45.99,46.58,2806648,46.33,0.67,69.52238805970148
2006-12-29,46.5,46.5,46.08,46.26,1307438,46.335,0.67,69.04477611940298
2007-01-03,46.08,46.67,45.74,45.97,3092285,46.115,0.67,68.61194029850746
2007-01-04,45.97,46.21,45.47,45.93,2044997,45.895,0.67,68.55223880597015
2007-01-05,45.88,46.12,45.67,45.9,3385720,45.8925,0.67,68.50746268656715
2007-01-08,45.88,46.14,45.79,46.06,2425335,45.9675,0.67,68.74626865671642
2007-01-09,46.1,46.27,45.87,45.95,1938040,46.0475,0.67,68.58208955223881
2007-01-10,45.9,46.41,45.8,46.35,2166159,46.115,0.67,69.17910447761194
2007-01-11,46.47,47.05,46.39,46.79,1821891,46.675,0.67,69.83582089552239
2007-01-12,46.82,48.09,46.74,48.05,3088107,47.425,0.67,71.71641791044776
2007-01-16,48.04,48.83,47.89,48.5,2859570,48.315,0.67,72.38805970149254
2007-01-17,48.14,49.7,48.06,49.62,4100578,48.88,0.67,74.0597014925373
2007-01-18,49.58,49.9,49.22,49.62,2774199,49.58,0.67,74.0597014925373
2007-01-19,49.75,50.08,49.56,49.86,3918138,49.8125,0.67,74.41791044776119
2007-01-22,50.97,50.97,49.66,49.73,3712162,50.3325,0.67,74.22388059701491
2007-01-23,50.19,50.26,49.7,49.89,2831716,50.01,0.67,74.46268656716417
2007-01-24,49.89,50.44,49.89,50.28,3605205,50.125,0.67,75.04477611940298
2007-01-25,50.98,52.66,50.98,52.0,8818530,51.655,0.67,77.61194029850746
2007-01-26,50.98,51.94,50.96,51.29,4315885,51.2925,0.67,76.55223880597015
2007-01-29,50.98,51.07,50.67,50.88,3749207,50.9,0.67,75.94029850746269
2007-01-30,50.97,51.7,50.88,51.68,3753942,51.3075,0.67,77.13432835820895
2007-01-31,51.43,51.43,50.87,51.28,3042288,51.2525,0.67,76.53731343283582
2007-02-01,51.23,51.53,51.15,51.47,2457506,51.345,0.67,76.82089552238806
2007-02-02,51.35,51.84,51.35,51.56,1606306,51.525,0.67,76.95522388059702
2007-02-05,51.34,51.66,51.23,51.48,1790277,51.4275,0.67,76.83582089552237
2007-02-06,51.41,51.51,51.0,51.18,2230918,51.275,0.67,76.38805970149254
2007-02-07,51.09,52.42,50.86,51.05,1659923,51.355,0.67,76.19402985074626
2007-02-08,50.84,51.3,50.8,51.18,1844870,51.03,1.84,27.815217391304348
2007-02-09,51.02,51.58,50.98,51.16,2195544,51.185,1.84,27.804347826086953
2007-02-12,50.95,51.18,50.7,50.71,1844644,50.885,1.84,27.559782608695652
2007-02-13,50.95,51.96,50.89,51.87,3294906,51.4175,1.84,28.190217391304344
2007-02-14,51.76,52.25,51.75,52.02,2102751,51.945,1.84,28.27173913043478
2007-02-15,52.09,52.35,51.91,52.22,1709085,52.1425,1.84,28.380434782608695
2007-02-16,51.99,52.49,51.96,52.22,1952106,52.165,1.84,28.380434782608695
2007-02-20,52.37,52.37,51.7,51.97,1860329,52.1025,1.84,28.2445652173913
2007-02-21,51.84,52.22,51.79,51.96,1866735,51.9525,1.84,28.23913043478261
2007-02-22,52.06,52.23,51.77,51.98,1870634,52.01,1.84,28.249999999999996
2007-02-23,51.7,52.12,51.31,52.02,2063658,51.7875,1.84,28.27173913043478
2007-02-26,51.89,52.06,51.7,51.84,1633925,51.8725,1.84,28.17391304347826
2007-02-27,51.84,51.84,49.93,50.53,3427918,51.035,1.84,27.46195652173913
2007-02-28,50.19,50.77,49.9,50.34,2988113,50.3,1.84,27.358695652173914
2007-03-01,49.9,50.82,49.67,50.74,3314977,50.2825,1.84,27.57608695652174
2007-03-02,50.55,50.69,49.95,49.95,2212674,50.285,1.84,27.14673913043478
2007-03-05,49.8,50.48,49.72,49.83,1999039,49.9575,1.84,27.081521739130434
2007-03-06,50.26,51.02,50.08,50.97,2891044,50.5825,1.84,27.70108695652174
2007-03-07,50.69,51.0,50.64,50.72,2739800,50.7625,1.84,27.565217391304348
2007-03-08,50.9,51.81,50.8,51.48,4501249,51.2475,1.84,27.978260869565215
2007-03-09,51.59,52.12,51.59,51.94,3243250,51.81,1.84,28.228260869565215
2007-03-12,51.91,52.18,51.54,51.61,2106553,51.81,1.84,28.048913043478258
2007-03-13,50.51,51.35,50.28,50.33,3477358,50.6175,1.84,27.353260869565215
2007-03-14,50.55,50.83,49.73,50.26,4531053,50.3425,1.84,27.315217391304344
2007-03-15,50.26,50.98,50.05,50.39,2612928,50.42,1.84,27.38586956521739
2007-03-16,50.41,51.03,50.41,50.88,3547967,50.6825,1.84,27.652173913043477
2007-03-19,51.23,51.91,51.18,51.76,2094019,51.52,1.84,28.130434782608692
2007-03-20,51.7,52.14,51.56,52.04,1873276,51.86,1.84,28.282608695652172
2007-03-21,51.74,52.32,51.63,52.13,3011788,51.955,1.84,28.331521739130434
2007-03-22,52.13,52.21,51.82,51.89,2510984,52.0125,1.84,28.20108695652174
2007-03-23,51.97,52.33,51.89,52.0,2168805,52.0475,1.84,28.26086956521739
2007-03-26,51.79,52.32,51.41,52.25,2502767,51.9425,1.84,28.39673913043478
2007-03-27,51.96,52.22,51.69,52.11,2157107,51.995,1.84,28.320652173913043
2007-03-28,51.85,52.06,51.5,51.62,2063101,51.7575,1.84,28.054347826086953
2007-03-29,51.79,52.21,51.64,52.07,2696627,51.9275,1.84,28.298913043478258
2007-03-30,52.06,52.41,51.41,52.38,2253340,52.065,1.84,28.467391304347828
2007-04-02,52.38,52.63,52.09,52.5,2411589,52.4,1.84,28.532608695652172
2007-04-03,52.57,53.09,52.52,52.86,2680890,52.76,1.84,28.728260869565215
2007-04-04,53.03,53.14,52.76,53.14,3180023,53.0175,1.84,28.880434782608695
2007-04-05,52.93,53.57,52.93,53.52,2485363,53.2375,1.84,29.086956521739133
2007-04-09,53.16,53.2,52.52,52.62,1804065,52.875,1.84,28.59782608695652
2007-04-10,52.5,52.65,51.95,52.46,2987277,52.39,1.84,28.51086956521739
2007-04-11,52.51,53.27,52.2,52.89,3011922,52.7175,1.84,28.744565217391305
2007-04-12,52.78,53.39,52.42,53.29,2573515,52.97,1.84,28.96195652173913
2007-04-13,54.65,54.65,53.11,53.33,2487789,53.935,1.84,28.98369565217391
2007-04-16,53.33,53.56,53.23,53.34,1767095,53.365,1.84,28.98913043478261
2007-04-17,53.24,53.74,53.21,53.49,1663962,53.42,1.84,29.070652173913043
2007-04-18,53.35,53.51,52.96,53.32,2276180,53.285,1.84,28.978260869565215
2007-04-19,52.81,53.64,52.81,53.58,2379650,53.21,1.84,29.1195652173913
2007-04-20,53.65,54.63,53.29,53.61,3084718,53.795,1.84,29.13586956521739
2007-04-23,54.68,54.68,53.39,53.76,1624529,54.1275,1.84,29.217391304347824
2007-04-24,53.77,54.21,53.59,54.05,5225696,53.905,1.84,29.374999999999996
2007-04-25,54.04,54.18,53.47,53.91,3416777,53.9,1.84,29.298913043478258
2007-04-26,53.17,53.68,49.94,51.09,12720374,51.97,1.84,27.766304347826086
2007-04-27,50.84,50.97,50.23,50.68,7943660,50.68,1.84,27.543478260869563
2007-04-30,50.69,50.74,50.23,50.23,3224171,50.4725,1.84,27.298913043478258
2007-05-01,50.33,50.47,50.05,50.4,2830881,50.3125,1.84,27.391304347826086
2007-05-02,51.34,51.34,50.33,51.04,2742028,51.0125,1.84,27.739130434782606
2007-05-03,51.07,51.28,50.86,50.9,1883409,51.0275,1.84,27.663043478260867
2007-05-04,50.9,51.25,50.66,50.8,2908174,50.9025,1.84,27.60869565217391
2007-05-07,50.97,51.31,50.89,50.96,2408349,51.0325,1.84,27.695652173913043
2007-05-08,50.8,50.84,50.24,50.54,3672636,50.605,0.05,1010.8
2007-05-09,50.21,50.95,50.21,50.58,2851378,50.4875,0.05,1011.5999999999999
2007-05-10,50.32,50.46,49.84,49.85,3713692,50.1175,0.05,997.0
2007-05-11,49.76,50.01,49.34,49.6,3723273,49.6775,0.05,992.0
2007-05-14,49.19,49.94,49.14,49.68,3030172,49.4875,0.05,993.5999999999999
2007-05-15,49.85,50.55,49.65,50.05,2509034,50.025,0.05,1000.9999999999999
2007-05-16,50.41,51.11,50.31,50.84,2807762,50.6675,0.05,1016.8000000000001
2007-05-17,50.66,50.97,50.56,50.89,1813396,50.77,0.05,1017.8
2007-05-18,51.02,51.63,50.89,51.53,2897553,51.2675,0.05,1030.6
2007-05-21,51.44,51.62,51.27,51.53,2107249,51.465,0.05,1030.6
2007-05-22,51.4,51.7,51.22,51.6,1743344,51.48,0.05,1032.0
2007-05-23,51.63,52.09,51.61,51.91,2066583,51.81,0.05,1038.1999999999998
2007-05-24,51.74,52.04,51.56,51.68,1855454,51.755,0.05,1033.6
2007-05-25,51.84,52.27,51.52,51.92,1862278,51.8875,0.05,1038.3999999999999
2007-05-29,51.78,52.4,51.73,52.17,1995278,52.02,0.05,1043.3999999999999
2007-05-30,52.06,52.31,51.78,52.23,2696209,52.095,0.05,1044.6
2007-05-31,52.27,52.4,51.84,52.03,3485575,52.135,0.05,1040.6
2007-06-01,52.12,52.42,52.12,52.37,2023410,52.2575,0.05,1047.3999999999999
2007-06-04,51.95,52.35,51.95,52.18,1776908,52.1075,0.05,1043.6
2007-06-05,52.09,52.19,51.67,52.02,2183985,51.9925,0.05,1040.4
2007-06-06,51.74,52.22,51.68,51.96,1870356,51.9,0.05,1039.2
2007-06-07,52.14,52.42,51.86,51.86,4098698,52.07,0.05,1037.1999999999998
2007-06-08,51.76,52.01,51.53,51.91,2291360,51.8025,0.05,1038.1999999999998
2007-06-11,51.7,52.05,51.46,51.65,1691247,51.715,0.05,1033.0
2007-06-12,51.47,51.74,51.05,51.05,2522683,51.3275,0.05,1020.9999999999999
2007-06-13,51.41,51.53,50.47,50.8,4157658,51.0525,0.05,1015.9999999999999
2007-06-14,50.6,50.83,50.44,50.45,3618436,50.58,0.05,1009.0
2007-06-15,50.45,50.93,50.22,50.23,7131168,50.4575,0.05,1004.5999999999999
2007-06-18,50.49,50.64,50.11,50.27,3272496,50.3775,0.05,1005.4
2007-06-19,50.29,50.76,50.27,50.68,2375617,50.5,0.05,1013.5999999999999
2007-06-20,50.66,51.04,50.37,50.37,2329659,50.61,0.05,1007.3999999999999
2007-06-21,50.05,50.84,50.05,50.79,2344839,50.4325,0.05,1015.8
2007-06-22,50.63,50.7,49.98,49.99,3026133,50.325,0.05,999.8
2007-06-25,49.81,50.53,49.79,49.95,2378243,50.02,0.05,999.0
2007-06-26,50.37,50.6,49.77,49.85,3127659,50.1475,0.05,997.0
2007-06-27,50.0,50.5,49.77,50.45,3089639,50.18,0.05,1009.0
2007-06-28,50.62,50.97,50.51,50.72,2932546,50.705,0.05,1014.4
2007-06-29,50.89,50.93,50.43,50.72,2674484,50.7425,0.05,1014.4
2007-07-02,50.72,50.82,50.2,50.29,3445048,50.5075,0.05,1005.8
2007-07-03,50.28,50.42,50.13,50.18,1914782,50.2525,0.05,1003.5999999999999
2007-07-05,50.0,50.27,50.0,50.22,2264203,50.1225,0.05,1004.4
2007-07-06,50.13,50.28,49.45,50.18,2335647,50.01,0.05,1003.5999999999999
2007-07-09,50.1,50.28,49.99,50.22,2049314,50.1475,0.05,1004.4
2007-07-10,50.12,50.16,49.39,49.44,2923405,49.7775,0.05,988.8
2007-07-11,49.3,49.51,48.98,49.45,2974883,49.31,0.05,989.0
2007-07-12,49.41,50.55,49.29,50.44,2927845,49.9225,0.05,1008.8
2007-07-13,50.44,50.64,50.19,50.51,1669393,50.445,0.05,1010.1999999999999
2007-07-16,50.28,51.09,50.28,50.92,2519201,50.6425,0.05,1018.4
2007-07-17,50.82,51.36,50.82,51.18,1952115,51.045,0.05,1023.5999999999999
2007-07-18,50.91,50.95,50.17,50.58,2184612,50.6525,0.05,1011.5999999999999
2007-07-19,50.09,50.21,49.43,49.78,2490651,49.8775,0.05,995.6
2007-07-20,49.77,49.9,49.06,49.08,2612014,49.4525,0.05,981.5999999999999
2007-07-23,49.44,49.55,48.93,49.04,1630677,49.24,0.05,980.8
2007-07-24,48.6,49.09,48.31,48.38,2924468,48.595,0.05,967.6
2007-07-25,48.53,48.81,48.2,48.47,2195667,48.5025,0.05,969.4
2007-07-26,48.11,48.22,46.86,47.12,4795310,47.5775,0.05,942.3999999999999
2007-07-27,47.03,47.14,46.64,46.96,3538526,46.9425,0.05,939.1999999999999
2007-07-30,46.96,47.49,46.67,47.46,2958115,47.145,0.05,949.1999999999999
2007-07-31,47.52,48.07,47.15,47.2,3207538,47.485,0.05,944.0
2007-08-01,47.2,48.11,46.91,47.97,2931427,47.5475,0.05,959.4
2007-08-02,47.86,48.19,47.53,47.8,2019248,47.845,0.05,955.9999999999999
2007-08-03,47.8,48.5,47.39,47.41,3175970,47.775,0.05,948.1999999999999
2007-08-06,47.74,49.29,47.15,49.19,4105175,48.3425,0.05,983.8
2007-08-07,48.81,49.53,48.59,49.14,2785480,49.0175,0.05,982.8
2007-08-08,48.81,50.26,48.12,49.65,3522341,49.21,0.05,992.9999999999999
2007-08-09,50.16,50.21,47.8,48.04,4985693,49.0525,0.05,960.8
2007-08-10,48.03,48.99,47.48,48.71,3883837,48.3025,0.05,974.1999999999999
2007-08-13,48.68,49.5,48.23,49.38,2761247,48.9475,0.05,987.6
2007-08-14,49.56,49.81,48.53,48.6,2355701,49.125,0.05,972.0
2007-08-15,48.14,49.39,48.14,48.3,1739863,48.4925,0.05,965.9999999999999
2007-08-16,47.89,49.44,47.56,48.59,3398993,48.37,0.05,971.8000000000001
2007-08-17,49.26,49.75,48.7,49.7,3963679,49.3525,0.05,994.0
2007-08-20,50.35,50.35,48.82,49.72,1615079,49.81,0.05,994.4
2007-08-21,49.47,49.94,49.39,49.66,1554156,49.615,0.05,993.1999999999999
2007-08-22,50.12,50.3,49.55,50.16,2119087,50.0325,0.05,1003.1999999999999
2007-08-23,51.12,51.12,49.39,49.9,2618498,50.3825,0.05,997.9999999999999
2007-08-24,49.65,50.1,49.44,50.08,1329164,49.8175,0.65,77.04615384615384
2007-08-27,49.8,50.26,49.74,50.09,1339017,49.9725,0.65,77.06153846153846
2007-08-28,49.96,50.09,49.68,49.71,2072154,49.86,0.65,76.47692307692307
2007-08-29,49.72,49.92,49.55,49.88,1912136,49.7675,0.65,76.73846153846154
2007-08-30,49.77,49.78,49.01,49.09,3225981,49.4125,0.65,75.52307692307693
2007-08-31,49.44,49.64,48.74,49.1,2761943,49.23,0.65,75.53846153846153
2007-09-04,49.01,49.42,48.83,48.99,2016447,49.0625,0.65,75.36923076923077
2007-09-05,48.68,48.78,48.21,48.47,5345347,48.535,0.65,74.56923076923077
2007-09-06,48.44,49.07,48.3,48.32,3814663,48.5325,0.65,74.33846153846153
2007-09-07,47.9,48.58,47.9,48.12,2437451,48.125,0.65,74.03076923076922
2007-09-10,48.04,48.17,47.71,47.86,1807825,47.945,0.65,73.63076923076923
2007-09-11,48.07,48.73,47.92,48.6,2031349,48.33,0.65,74.76923076923077
2007-09-12,48.47,48.83,48.27,48.4,1680396,48.4925,0.65,74.46153846153845
2007-09-13,48.76,49.14,48.63,48.8,1377211,48.8325,0.65,75.07692307692307
2007-09-14,48.58,48.63,46.22,46.44,6928535,47.4675,0.65,71.44615384615383
2007-09-17,46.29,46.82,45.85,46.23,3450758,46.2975,0.65,71.12307692307692
2007-09-18,46.36,46.98,46.34,46.72,3486954,46.6,0.65,71.87692307692308
2007-09-19,46.96,47.28,46.46,47.15,2965691,46.9625,0.65,72.53846153846153
2007-09-20,47.02,47.29,46.17,46.24,5436288,46.68,0.65,71.13846153846154
2007-09-21,45.95,46.44,45.21,45.31,5793508,45.7275,0.65,69.70769230769231
2007-09-24,45.25,45.67,45.18,45.5,3345612,45.4,0.65,70.0
2007-09-25,45.37,45.6,45.24,45.48,2385365,45.4225,0.65,69.96923076923076
2007-09-26,45.37,45.52,44.94,45.11,4269648,45.235,0.65,69.39999999999999
2007-09-27,45.02,45.33,44.89,45.11,3824400,45.0875,0.65,69.39999999999999
2007-09-28,45.06,45.2,44.82,44.9,3879840,44.995,0.65,69.07692307692307
2007-10-01,45.14,45.4,44.45,44.55,5994607,44.885,0.65,68.53846153846153
2007-10-02,44.52,44.63,44.46,44.62,3448391,44.5575,0.65,68.64615384615384
2007-10-03,44.45,44.61,44.27,44.45,5247442,44.445,0.65,68.38461538461539
2007-10-04,44.52,45.0,44.38,44.66,4164084,44.64,0.65,68.7076923076923
2007-10-05,44.83,45.5,44.71,45.47,2575743,45.1275,0.65,69.95384615384614
2007-10-08,45.97,46.41,45.88,46.36,3732356,46.155,0.65,71.32307692307693
2007-10-09,46.97,47.57,46.97,47.14,4800813,47.1625,0.65,72.52307692307693
2007-10-10,47.17,47.62,47.07,47.53,2388429,47.3475,0.65,73.12307692307692
2007-10-11,47.68,47.87,46.6,46.7,3018055,47.2125,0.65,71.84615384615385
2007-10-12,46.89,47.13,46.36,46.9,2537306,46.82,0.65,72.15384615384615
2007-10-15,46.98,47.03,46.26,46.48,2694260,46.6875,0.65,71.5076923076923
2007-10-16,46.39,46.52,46.1,46.41,2696349,46.355,0.65,71.39999999999999
2007-10-17,46.67,46.79,46.27,46.65,2296374,46.595,0.65,71.76923076923076
2007-10-18,46.62,46.89,46.5,46.64,1935533,46.6625,0.65,71.75384615384615
2007-10-19,46.46,46.76,46.26,46.36,3743219,46.46,0.65,71.32307692307693
2007-10-22,46.18,46.72,45.96,46.49,4044454,46.3375,0.65,71.52307692307693
2007-10-23,46.74,46.74,46.21,46.68,2047782,46.5925,0.65,71.81538461538462
2007-10-24,46.54,46.75,46.05,46.6,3500059,46.485,0.65,71.6923076923077
2007-10-25,46.57,47.02,46.44,46.67,2519897,46.675,0.65,71.8
2007-10-26,47.03,47.17,46.39,47.07,1950574,46.915,0.65,72.41538461538461
2007-10-29,47.51,48.56,47.38,47.92,3909086,47.8425,0.65,73.72307692307692
2007-10-30,47.89,48.88,47.55,48.53,3424854,48.2125,0.65,74.66153846153846
2007-10-31,48.6,49.55,47.93,48.85,4968073,48.7325,0.65,75.15384615384616
2007-11-01,48.77,48.99,48.14,48.23,2510430,48.5325,0.65,74.19999999999999
2007-11-02,48.39,48.56,47.5,48.04,3246593,48.1225,0.65,73.9076923076923
2007-11-05,44.69,45.93,44.18,44.96,8022167,44.94,0.65,69.16923076923077
2007-11-06,44.94,45.11,44.1,44.55,4126996,44.675,0.65,68.53846153846153
2007-11-07,44.16,44.26,43.28,43.41,4322045,43.7775,0.83,52.3012048192771
2007-11-08,43.48,43.94,43.15,43.84,3249594,43.6025,0.83,52.819277108433745
2007-11-09,43.58,43.79,43.06,43.12,3367198,43.3875,0.83,51.95180722891566
2007-11-12,43.13,43.93,42.91,43.43,3148166,43.35,0.83,52.325301204819276
2007-11-13,43.75,43.79,43.12,43.67,3069314,43.5825,0.83,52.6144578313253
2007-11-14,43.64,43.65,42.78,42.85,4556881,43.23,0.83,51.626506024096386
2007-11-15,42.59,43.05,42.28,42.44,4373445,42.59,0.83,51.132530120481924
2007-11-16,42.82,42.82,41.65,42.03,6221612,42.33,0.83,50.638554216867476
2007-11-19,41.68,42.0,40.63,40.77,7778754,41.27,0.83,49.12048192771085
2007-11-20,40.91,41.26,40.5,40.93,5947616,40.9,0.83,49.31325301204819
2007-11-21,40.58,40.91,40.53,40.55,3943472,40.6425,0.83,48.855421686746986
2007-11-23,40.73,41.09,40.53,40.91,1313914,40.815,0.83,49.28915662650602
2007-11-26,40.96,41.52,40.87,40.87,3051541,41.055,0.83,49.24096385542168
2007-11-27,41.0,41.37,40.81,41.19,4081510,41.0925,0.83,49.626506024096386
2007-11-28,41.58,42.36,41.22,42.26,5679769,41.855,0.83,50.91566265060241
2007-11-29,42.03,43.24,42.01,43.04,4828442,42.58,0.83,51.855421686746986
2007-11-30,43.64,43.7,43.03,43.48,5667799,43.4625,0.83,52.3855421686747
2007-12-03,43.2,43.44,42.63,42.95,2736458,43.055,0.83,51.746987951807235
2007-12-04,42.78,43.41,42.61,42.84,1929475,42.91,0.83,51.61445783132531
2007-12-05,43.15,43.38,42.87,43.06,1762165,43.115,0.83,51.87951807228916
2007-12-06,43.05,43.64,43.0,43.61,2574970,43.325,0.83,52.5421686746988
2007-12-07,43.77,43.77,43.0,43.51,2802579,43.5125,0.83,52.42168674698795
2007-12-10,43.55,43.64,43.02,43.29,2627821,43.375,0.83,52.1566265060241
2007-12-11,43.27,43.33,42.57,42.69,2528075,42.965,0.83,51.433734939759034
2007-12-12,43.55,43.56,42.2,42.74,2917602,43.0125,0.83,51.49397590361446
2007-12-13,42.62,42.62,42.2,42.55,3175121,42.4975,0.83,51.265060240963855
2007-12-14,42.07,42.57,41.89,41.99,3222887,42.13,0.83,50.59036144578314
2007-12-17,41.8,42.12,41.66,41.76,2291639,41.835,0.83,50.31325301204819
2007-12-18,41.98,42.31,41.73,42.3,4148097,42.08,0.83,50.963855421686745
2007-12-19,42.39,42.41,41.91,42.06,2210894,42.1925,0.83,50.67469879518073
2007-12-20,42.34,42.36,41.81,42.26,1784971,42.1925,0.83,50.91566265060241
2007-12-21,42.67,42.81,41.98,42.04,4139177,42.375,0.83,50.65060240963856
2007-12-24,42.04,42.22,41.72,41.93,1215539,41.9775,0.83,50.51807228915663
2007-12-26,41.93,41.96,41.32,41.6,2556745,41.7025,0.83,50.12048192771085
2007-12-27,41.5,41.65,41.22,41.22,2966933,41.3975,0.83,49.66265060240964
2007-12-28,41.18,41.72,41.06,41.24,1537179,41.3,0.83,49.686746987951814
2007-12-31,41.04,41.57,41.04,41.47,1815533,41.28,0.83,49.963855421686745
2008-01-02,41.09,41.32,40.45,40.64,4357855,40.875,0.83,48.96385542168675
2008-01-03,40.85,41.33,40.61,40.78,3119931,40.8925,0.83,49.13253012048193
2008-01-04,40.52,40.91,40.38,40.4,2514467,40.5525,0.83,48.674698795180724
2008-01-07,40.57,40.67,39.77,40.06,4765067,40.2675,0.83,48.26506024096386
2008-01-08,40.17,42.05,40.06,41.44,5725713,40.93,0.83,49.9277108433735
2008-01-09,41.72,42.54,41.65,42.06,6176998,41.9925,0.83,50.67469879518073
2008-01-10,42.52,43.69,42.08,43.58,8033869,42.9675,0.83,52.506024096385545
2008-01-11,43.12,44.7,42.99,43.99,5357937,43.7,0.83,53.00000000000001
2008-01-14,44.25,44.3,43.64,43.86,2405024,44.0125,0.83,52.8433734939759
2008-01-15,43.41,43.6,42.96,43.04,3660340,43.2525,0.83,51.855421686746986
2008-01-16,42.8,43.92,42.8,43.61,4382885,43.2825,0.83,52.5421686746988
2008-01-17,43.66,43.66,42.84,42.94,4232050,43.275,0.83,51.734939759036145
2008-01-18,42.99,43.34,42.6,42.73,4233034,42.915,0.83,51.48192771084337
2008-01-22,40.59,42.54,40.59,41.54,5426162,41.315,0.83,50.04819277108434
2008-01-23,40.4,41.55,40.21,41.38,6555909,40.885,0.83,49.85542168674699
2008-01-24,41.44,41.57,40.59,40.82,5200743,41.105,0.83,49.18072289156627
2008-01-25,41.12,41.12,40.21,40.51,3324084,40.74,0.83,48.80722891566265
2008-01-28,40.46,40.62,39.82,40.11,5279047,40.2525,0.83,48.325301204819276
2008-01-29,39.14,42.95,39.14,42.2,9932851,40.8575,0.83,50.84337349397591
2008-01-30,42.1,43.08,41.85,41.93,5764816,42.24,0.83,50.51807228915663
2008-01-31,41.7,42.05,40.82,41.65,4372242,41.555,0.83,50.18072289156627
2008-02-01,41.44,42.96,41.14,42.87,3913899,42.1025,0.83,51.65060240963855
2008-02-04,42.89,43.43,42.73,43.26,2980101,43.0775,0.83,52.12048192771084
2008-02-05,42.59,43.18,42.14,42.21,3190997,42.53,0.91,46.38461538461539
2008-02-06,42.57,42.57,41.75,41.94,2379669,42.2075,0.91,46.08791208791208
2008-02-07,41.93,43.03,41.8,42.98,4332468,42.435,0.91,47.230769230769226
2008-02-08,42.84,43.66,42.37,43.4,5310980,43.0675,0.91,47.692307692307686
2008-02-11,43.41,43.62,42.9,43.13,4470726,43.265,0.91,47.395604395604394
2008-02-12,43.48,43.64,42.9,43.39,3824467,43.3525,0.91,47.68131868131868
2008-02-13,43.64,43.69,43.12,43.48,3174654,43.4825,0.91,47.780219780219774
2008-02-14,43.38,43.59,43.03,43.09,2893484,43.2725,0.91,47.35164835164835
2008-02-15,43.01,43.41,42.8,43.31,2785826,43.1325,0.91,47.59340659340659
2008-02-19,43.53,44.15,43.46,43.99,3055393,43.7825,0.91,48.34065934065934
2008-02-20,43.54,44.17,43.54,44.15,2077433,43.85,0.91,48.51648351648351
2008-02-21,44.12,44.23,42.84,43.0,2599387,43.5475,0.91,47.25274725274725
2008-02-22,43.08,43.7,42.8,43.64,2147753,43.305,0.91,47.956043956043956
2008-02-25,43.79,44.05,43.37,43.97,2066026,43.795,0.91,48.318681318681314
2008-02-26,43.93,44.52,43.85,44.09,2707113,44.0975,0.91,48.45054945054945
2008-02-27,43.74,44.28,43.74,43.84,2199126,43.9,0.91,48.175824175824175
2008-02-28,43.61,43.79,43.24,43.59,1366105,43.5575,0.91,47.901098901098905
2008-02-29,43.17,43.2,42.26,42.47,2372869,42.775,0.91,46.670329670329664
2008-03-03,42.5,42.61,42.08,42.45,1332750,42.41,0.91,46.64835164835165
2008-03-04,42.29,42.34,41.62,41.93,2615352,42.045,0.91,46.07692307692307
2008-03-05,41.9,42.36,41.34,41.57,2416464,41.7925,0.91,45.68131868131868
2008-03-06,41.53,41.57,39.79,39.87,5148454,40.69,0.91,43.81318681318681
2008-03-07,39.63,40.53,39.63,39.97,2538838,39.94,0.91,43.92307692307692
2008-03-10,40.0,40.18,39.28,39.31,2918063,39.6925,0.91,43.1978021978022
2008-03-11,40.12,41.49,39.51,40.48,5950466,40.4,0.91,44.48351648351648
2008-03-12,40.71,41.28,39.0,39.11,6237639,40.025,0.91,42.97802197802198
2008-03-13,39.04,39.1,36.6,36.72,11421018,37.865,0.91,40.35164835164835
2008-03-14,37.07,38.09,35.91,36.13,7735070,36.8,0.91,39.70329670329671
2008-03-17,35.35,36.61,35.35,35.76,5288662,35.7675,0.91,39.29670329670329
2008-03-18,36.36,36.48,35.9,36.41,6320318,36.2875,0.91,40.01098901098901
2008-03-19,37.17,38.43,36.89,37.68,7082670,37.5425,0.91,41.4065934065934
2008-03-20,38.0,38.0,36.79,37.72,6297116,37.6275,0.91,41.450549450549445
2008-03-24,37.81,37.81,37.14,37.22,2391130,37.495,0.91,40.9010989010989
2008-03-25,37.19,37.52,36.8,37.14,1908739,37.1625,0.91,40.81318681318681
2008-03-26,37.02,37.46,36.76,37.31,2686519,37.1375,0.91,41.0
2008-03-27,37.6,38.06,37.56,37.71,3020178,37.7325,0.91,41.43956043956044
2008-03-28,38.02,38.24,37.68,37.75,1980449,37.9225,0.91,41.48351648351648
2008-03-31,37.7,37.83,37.11,37.7,3089221,37.585,0.91,41.42857142857143
2008-04-01,38.03,38.97,37.83,38.97,2843608,38.45,0.91,42.824175824175825
2008-04-02,39.13,39.45,38.66,39.13,3378061,39.0925,0.91,43.0
2008-04-03,39.07,39.34,38.42,38.8,1603189,38.9075,0.91,42.637362637362635
2008-04-04,38.86,39.4,38.54,39.4,3333126,39.05,0.91,43.29670329670329
2008-04-07,39.61,39.66,38.98,39.16,2300341,39.3525,0.91,43.03296703296703
2008-04-08,38.95,39.11,38.57,38.68,2492485,38.8275,0.91,42.505494505494504
2008-04-09,38.85,39.03,38.09,38.24,2673370,38.5525,0.91,42.02197802197802
2008-04-10,37.37,37.97,36.84,37.41,3931011,37.3975,0.91,41.1098901098901
2008-04-11,36.9,37.65,36.9,37.14,2307664,37.1475,0.91,40.81318681318681
2008-04-14,36.9,37.06,36.38,36.53,2091939,36.7175,0.91,40.142857142857146
2008-04-15,36.69,37.17,36.54,36.71,2263557,36.7775,0.91,40.34065934065934
2008-04-16,36.91,37.2,36.6,37.2,1788497,36.9775,0.91,40.87912087912088
2008-04-17,37.02,37.32,36.76,36.99,3018514,37.0225,0.91,40.64835164835165
2008-04-18,37.4,37.83,37.26,37.75,2513226,37.56,0.91,41.48351648351648
2008-04-21,37.47,37.82,37.08,37.27,2288073,37.41,0.91,40.956043956043956
2008-04-22,37.12,37.49,36.74,37.03,3739764,37.095,0.91,40.69230769230769
2008-04-23,37.1,37.31,37.03,37.2,2916729,37.16,0.91,40.87912087912088
2008-04-24,37.18,38.18,37.15,37.81,2856846,37.58,0.91,41.54945054945055
2008-04-25,37.91,38.09,37.62,37.79,2952692,37.8525,0.91,41.527472527472526
2008-04-28,37.73,38.48,37.73,38.03,3897064,37.9925,0.91,41.79120879120879
2008-04-29,38.06,38.23,37.84,37.88,2247140,38.0025,0.91,41.62637362637363
2008-04-30,38.06,38.13,37.37,37.39,3473645,37.7375,0.91,41.08791208791209
2008-05-01,38.06,39.74,38.06,39.66,6000636,38.88,0.91,43.58241758241758
2008-05-02,39.77,40.4,39.46,39.79,4411589,39.855,0.91,43.72527472527472
2008-05-05,39.99,40.56,39.49,39.95,2280979,39.9975,0.91,43.901098901098905
2008-05-06,40.53,40.53,39.3,39.99,2740445,40.0875,0.91,43.94505494505495
2008-05-07,39.97,40.1,38.81,38.86,2273175,39.435,0.91,42.7032967032967
2008-05-08,38.93,39.08,38.54,38.9,1667001,38.8625,1.0,38.9
2008-05-09,38.7,38.98,38.42,38.88,1563761,38.745,1.0,38.88
2008-05-12,38.88,39.21,38.58,39.13,1373588,38.95,1.0,39.13
2008-05-13,39.38,40.12,39.38,39.79,3265282,39.6675,1.0,39.79
2008-05-14,40.09,40.21,39.76,39.89,1300059,39.9875,1.0,39.89
2008-05-15,39.85,39.85,39.22,39.72,1776785,39.66,1.0,39.72
2008-05-16,39.67,40.24,39.51,39.97,1971926,39.8475,1.0,39.97
2008-05-19,40.07,40.38,39.85,40.17,1126292,40.1175,1.0,40.17
2008-05-20,40.14,40.32,39.79,39.94,1139753,40.0475,1.0,39.94
2008-05-21,40.03,40.4,39.6,39.67,1754813,39.925,1.0,39.67
2008-05-22,39.54,40.7,39.36,40.43,1958860,40.0075,1.0,40.43
2008-05-23,40.32,40.32,39.41,39.44,1387084,39.8725,1.0,39.44
2008-05-27,39.54,40.1,39.33,40.04,1289360,39.7525,1.0,40.04
2008-05-28,40.06,40.56,39.72,39.89,2382141,40.0575,1.0,39.89
2008-05-29,39.78,40.43,39.56,40.38,2053971,40.0375,1.0,40.38
2008-05-30,40.43,40.81,40.19,40.6,2176394,40.5075,1.0,40.6
2008-06-02,40.52,40.52,39.69,40.05,2502703,40.195,1.0,40.05
2008-06-03,40.17,40.25,39.73,39.97,2247953,40.03,1.0,39.97
2008-06-04,39.82,40.61,39.69,40.43,2109172,40.1375,1.0,40.43
2008-06-05,40.33,41.18,40.22,41.15,2307880,40.72,1.0,41.15
2008-06-06,40.93,40.99,39.76,40.2,3338324,40.47,1.0,40.2
2008-06-09,40.46,40.68,39.61,39.82,2365659,40.1425,1.0,39.82
2008-06-10,39.69,39.76,39.03,39.04,2867831,39.38,1.0,39.04
2008-06-11,38.75,38.87,38.09,38.16,2523627,38.4675,1.0,38.16
2008-06-12,38.42,38.69,38.17,38.52,1886323,38.45,1.0,38.52
2008-06-13,38.81,39.36,38.47,39.31,2193886,38.9875,1.0,39.31
2008-06-16,38.98,39.15,38.48,38.98,1375376,38.8975,1.0,38.98
2008-06-17,39.1,39.49,38.62,38.65,1878482,38.965,1.0,38.65
2008-06-18,38.51,38.66,37.63,37.7,2636462,38.125,1.0,37.7
2008-06-19,37.53,38.01,37.42,37.68,2029241,37.66,1.0,37.68
2008-06-20,37.66,37.75,36.97,37.09,3563485,37.3675,1.0,37.09
2008-06-23,37.4,37.69,36.88,36.91,2156557,37.22,1.0,36.91
2008-06-24,36.83,36.94,35.95,36.7,2267680,36.605,1.0,36.7
2008-06-25,36.85,37.75,36.7,37.42,2288247,37.18,1.0,37.42
2008-06-26,36.96,37.27,36.39,36.43,2636157,36.7625,1.0,36.43
2008-06-27,36.43,36.67,36.18,36.35,3618916,36.4075,1.0,36.35
2008-06-30,36.26,37.52,36.26,37.04,2819089,36.77,1.0,37.04
2008-07-01,36.65,36.94,36.33,36.55,3279142,36.6175,1.0,36.55
2008-07-02,36.32,36.86,36.32,36.43,2552236,36.4825,1.0,36.43
2008-07-03,36.8,36.94,36.19,36.36,1255053,36.5725,1.0,36.36
2008-07-07,36.58,36.76,36.16,36.36,3373121,36.465,1.0,36.36
2008-07-08,36.26,37.33,36.26,37.12,3496222,36.7425,1.0,37.12
2008-07-09,37.3,38.52,37.19,37.47,3058181,37.62,1.0,37.47
2008-07-10,37.4,38.03,36.92,37.36,1643057,37.4275,1.0,37.36
2008-07-11,36.92,37.32,36.7,36.98,2226974,36.98,1.0,36.98
2008-07-14,37.35,37.35,36.56,36.58,2109753,36.96,1.0,36.58
2008-07-15,36.33,37.14,35.87,36.96,3100378,36.575,1.0,36.96
2008-07-16,36.86,37.63,36.69,37.55,1977513,37.1825,1.0,37.55
2008-07-17,37.54,38.02,37.09,37.81,1862053,37.615,1.0,37.81
2008-07-18,37.99,37.99,37.26,37.91,3073117,37.7875,1.0,37.91
2008-07-21,37.85,38.1,37.4,37.58,1928810,37.7325,1.0,37.58
2008-07-22,37.21,37.99,37.21,37.93,2868476,37.585,1.0,37.93
2008-07-23,38.16,38.16,37.11,37.5,2567183,37.7325,1.0,37.5
2008-07-24,37.81,39.45,37.42,38.97,4242561,38.4125,1.0,38.97
2008-07-25,38.91,39.26,38.19,38.41,1649591,38.6925,1.0,38.41
2008-07-28,38.4,38.4,37.47,37.47,2035774,37.935,1.0,37.47
2008-07-29,37.63,37.96,37.42,37.75,1842821,37.69,1.0,37.75
2008-07-30,37.34,38.08,36.97,37.7,2518383,37.5225,1.0,37.7
2008-07-31,37.42,38.67,37.42,38.58,3281561,38.0225,1.0,38.58
2008-08-01,38.42,39.03,38.19,38.33,2899314,38.4925,1.0,38.33
2008-08-04,38.33,39.15,38.18,38.98,1998643,38.66,1.0,38.98
2008-08-05,39.3,40.53,39.12,40.45,3612503,39.85,1.0,40.45
2008-08-06,40.5,40.5,38.78,39.14,5214685,39.73,1.0,39.14
2008-08-07,37.55,39.15,37.34,38.51,12202332,38.1375,1.0,38.51
2008-08-08,38.33,39.87,38.13,38.62,5685132,38.7375,1.0,38.62
2008-08-11,38.5,38.85,37.72,38.85,4049726,38.48,1.0,38.85
2008-08-12,38.77,38.92,38.39,38.56,2141123,38.66,1.0,38.56
2008-08-13,38.54,39.36,38.42,38.81,4508619,38.7825,1.0,38.81
2008-08-14,38.55,39.99,38.49,39.89,3596693,39.23,1.0,39.89
2008-08-15,40.02,40.32,39.89,40.3,3158761,40.1325,1.0,40.3
2008-08-18,40.3,40.5,39.92,40.18,3138877,40.225,1.0,40.18
2008-08-19,39.91,40.23,39.65,39.98,2040879,39.9425,1.0,39.98
2008-08-20,39.87,39.89,39.23,39.54,2002678,39.6325,1.0,39.54
2008-08-21,39.02,39.94,39.02,39.82,1776849,39.45,1.0,39.82
2008-08-22,39.94,40.48,39.7,40.43,1552703,40.1375,1.0,40.43
2008-08-25,40.35,40.38,39.51,39.61,1635659,39.9625,1.0,39.61
2008-08-26,39.48,39.72,39.27,39.49,1278261,39.49,0.89,44.37078651685393
2008-08-27,39.49,39.67,39.16,39.61,1915506,39.4825,0.89,44.50561797752809
2008-08-28,39.77,40.1,39.67,39.93,1590884,39.8675,0.89,44.86516853932584
2008-08-29,39.75,40.2,39.34,39.48,1850413,39.6925,0.89,44.35955056179775
2008-09-02,39.9,40.35,39.54,39.9,2813698,39.9225,0.89,44.8314606741573
2008-09-03,39.77,39.98,39.43,39.74,1388758,39.73,0.89,44.651685393258425
2008-09-04,39.44,39.67,38.31,38.46,2942946,38.97,0.89,43.21348314606742
2008-09-05,38.42,38.81,38.14,38.7,2206438,38.5175,0.89,43.48314606741573
2008-09-08,39.32,39.92,38.91,39.72,2574164,39.4675,0.89,44.62921348314607
2008-09-09,38.63,38.85,37.54,37.81,7315794,38.2075,0.89,42.48314606741573
2008-09-10,38.17,38.17,37.63,37.72,2387369,37.9225,0.89,42.38202247191011
2008-09-11,37.53,37.7,36.8,37.49,3745021,37.38,0.89,42.12359550561798
2008-09-12,37.34,37.57,37.11,37.39,2966187,37.3525,0.89,42.01123595505618
2008-09-15,37.5,37.59,36.74,36.87,2982658,37.175,0.89,41.42696629213483
2008-09-16,36.34,37.09,35.92,36.91,3645364,36.565,0.89,41.471910112359545
2008-09-17,36.46,37.01,36.2,36.23,3402101,36.475,0.89,40.70786516853932
2008-09-18,36.54,37.07,36.15,36.76,4353399,36.63,0.89,41.30337078651685
2008-09-19,37.29,37.72,34.97,36.55,7622139,36.6325,0.89,41.067415730337075
2008-09-22,36.33,36.91,35.6,35.77,4626985,36.1525,0.89,40.19101123595506
2008-09-23,35.76,36.58,35.21,35.26,3339223,35.7025,0.89,39.61797752808989
2008-09-24,35.28,35.74,35.11,35.38,3451085,35.3775,0.89,39.752808988764045
2008-09-25,35.53,36.03,35.21,35.5,3785805,35.5675,0.89,39.8876404494382
2008-09-26,35.2,35.87,35.2,35.79,4890926,35.515,0.89,40.21348314606741
2008-09-29,35.54,36.27,33.96,34.85,8510032,35.155,0.89,39.157303370786515
2008-09-30,35.44,35.54,34.65,35.39,5683185,35.255,0.89,39.764044943820224
2008-10-01,35.1,36.33,35.1,36.26,3621214,35.6975,0.89,40.741573033707866
2008-10-02,36.19,36.43,35.95,36.08,3297318,36.1625,0.89,40.53932584269663
2008-10-03,36.54,36.82,35.79,35.95,4236643,36.275,0.89,40.3932584269663
2008-10-06,35.34,36.26,32.26,33.12,6904908,34.245,0.89,37.21348314606741
2008-10-07,33.3,33.86,31.92,31.92,6316902,32.75,0.89,35.86516853932584
2008-10-08,31.45,32.49,30.65,30.65,6175851,31.31,0.89,34.43820224719101
2008-10-09,31.02,31.16,28.67,28.79,3920953,29.91,0.89,32.348314606741575
2008-10-10,27.86,28.71,25.68,27.43,7878396,27.42,0.89,30.820224719101123
2008-10-13,28.38,30.19,27.13,30.19,5041450,28.9725,0.89,33.921348314606746
2008-10-14,33.74,33.74,28.48,29.08,4995990,31.26,0.89,32.674157303370784
2008-10-15,28.58,28.94,26.89,27.24,4782196,27.9125,0.89,30.606741573033705
2008-10-16,27.21,28.11,26.09,27.93,4518521,27.335,0.89,31.382022471910112
2008-10-17,27.49,29.23,25.86,28.15,3592733,27.6825,0.89,31.629213483146064
2008-10-20,28.44,29.63,27.7,29.58,3415432,28.8375,0.89,33.235955056179776
2008-10-21,29.31,29.9,28.69,28.99,2819469,29.2225,0.89,32.573033707865164
2008-10-22,28.46,29.0,27.54,28.04,5217000,28.26,0.89,31.50561797752809
2008-10-23,28.1,28.53,26.29,27.54,5338308,27.615,0.89,30.9438202247191
2008-10-24,26.1,27.02,25.77,25.77,5855286,26.165,0.89,28.95505617977528
2008-10-27,25.45,26.28,25.13,25.31,4491634,25.5425,0.89,28.438202247191008
2008-10-28,25.74,27.66,24.77,27.44,5162822,26.4025,0.89,30.831460674157306
2008-10-29,27.69,27.72,25.13,25.21,5673934,26.4375,0.89,28.325842696629213
2008-10-30,25.81,26.61,25.07,26.24,4963014,25.9325,0.89,29.483146067415728
2008-10-31,26.24,27.77,26.12,27.43,4954034,26.89,0.89,30.820224719101123
2008-11-03,27.31,28.05,26.96,27.67,3027790,27.4975,0.89,31.08988764044944
2008-11-04,28.23,28.82,27.82,28.74,4508501,28.4025,0.89,32.29213483146067
2008-11-05,28.29,29.17,28.12,28.24,3531189,28.455,0.89,31.730337078651683
2008-11-06,28.05,28.46,27.27,27.6,4892048,27.845,0.89,31.01123595505618
2008-11-07,27.82,28.74,27.62,28.64,2659127,28.205,0.7,40.91428571428572
2008-11-10,29.04,29.71,28.66,29.12,3693119,29.1325,0.7,41.6
2008-11-11,29.2,29.2,28.06,28.22,4465582,28.67,0.7,40.31428571428572
2008-11-12,27.7,27.82,26.6,26.68,5511639,27.2,0.7,38.114285714285714
2008-11-13,26.86,27.09,25.44,26.75,9264565,26.535,0.7,38.214285714285715
2008-11-14,26.32,27.01,25.84,25.91,5598611,26.27,0.7,37.01428571428572
2008-11-17,25.91,26.13,24.99,25.0,4996076,25.5075,0.7,35.714285714285715
2008-11-18,24.91,25.07,23.65,24.44,5420887,24.5175,0.7,34.91428571428572
2008-11-19,24.32,24.83,22.85,22.92,5181009,23.73,0.7,32.74285714285715
2008-11-20,22.81,22.98,20.15,20.38,7769191,21.58,0.7,29.114285714285714
2008-11-21,20.65,21.89,19.95,21.71,5812695,21.05,0.7,31.014285714285716
2008-11-24,22.01,23.32,21.62,22.84,4992930,22.4475,0.7,32.62857142857143
2008-11-25,23.25,23.25,21.96,22.47,5082558,22.7325,0.7,32.1
2008-11-26,21.99,23.08,21.79,22.95,3682082,22.4525,0.7,32.785714285714285
2008-11-28,22.89,23.43,22.89,23.35,2523508,23.14,0.7,33.35714285714286
2008-12-01,22.84,22.97,22.38,22.47,4056560,22.665,0.7,32.1
2008-12-02,22.58,23.05,22.17,23.05,3581861,22.7125,0.7,32.92857142857143
2008-12-03,22.37,23.04,21.85,22.65,5621217,22.4775,0.7,32.357142857142854
2008-12-04,22.22,22.94,21.82,22.11,3588602,22.2725,0.7,31.585714285714285
2008-12-05,21.89,22.64,21.15,22.51,3712072,22.0475,0.7,32.15714285714286
2008-12-08,23.02,23.17,22.43,22.55,3557584,22.7925,0.7,32.214285714285715
2008-12-09,22.47,23.45,22.47,22.84,3558088,22.8075,0.7,32.62857142857143
2008-12-10,23.07,23.28,22.53,22.8,2853135,22.92,0.7,32.57142857142858
2008-12-11,22.76,24.1,22.69,23.37,3858564,23.23,0.7,33.385714285714286
2008-12-12,22.8,23.5,22.58,23.37,2663562,23.0625,0.7,33.385714285714286
2008-12-15,23.44,23.65,22.25,22.56,3479415,22.975,0.7,32.22857142857143
2008-12-16,22.88,24.77,22.75,24.66,5051152,23.765,0.7,35.22857142857143
2008-12-17,24.36,24.59,23.42,23.62,3669251,23.9975,0.7,33.74285714285715
2008-12-18,23.9,24.68,23.37,23.68,3807872,23.9075,0.7,33.82857142857143
2008-12-19,23.92,24.41,23.13,23.89,5997100,23.8375,0.7,34.12857142857143
2008-12-22,23.75,24.08,23.42,23.8,2939268,23.7625,0.7,34.0
2008-12-23,23.98,24.05,23.51,23.51,3154700,23.7625,0.7,33.58571428571429
2008-12-24,23.41,23.73,23.17,23.51,1023548,23.455,0.7,33.58571428571429
2008-12-26,23.59,23.93,23.55,23.84,1222520,23.7275,0.7,34.05714285714286
2008-12-29,23.82,23.84,23.49,23.76,2037295,23.7275,0.7,33.94285714285715
2008-12-30,23.89,24.55,23.72,24.54,2135524,24.175,0.7,35.05714285714286
2008-12-31,24.41,24.94,24.34,24.75,2738746,24.61,0.7,35.35714285714286
2009-01-02,25.08,25.41,24.32,25.29,2446130,25.025,0.7,36.128571428571426
2009-01-05,25.19,25.85,25.05,25.66,3050687,25.4375,0.7,36.65714285714286
2009-01-06,25.76,26.44,25.25,25.58,3714122,25.7575,0.7,36.542857142857144
2009-01-07,25.08,25.85,25.07,25.81,5312809,25.4525,0.7,36.871428571428574
2009-01-08,24.47,26.54,23.87,26.36,6517877,25.31,0.7,37.65714285714286
2009-01-09,26.5,26.85,25.92,26.47,4452322,26.435,0.7,37.81428571428572
2009-01-12,26.32,26.5,26.15,26.49,3165648,26.365,0.7,37.84285714285714
2009-01-13,26.4,27.5,26.27,27.22,4394103,26.8475,0.7,38.885714285714286
2009-01-14,26.73,27.05,26.52,26.83,5618370,26.7825,0.7,38.32857142857143
2009-01-15,26.9,27.44,26.34,27.22,4736336,26.975,0.7,38.885714285714286
2009-01-16,27.43,27.56,26.93,27.35,4192731,27.3175,0.7,39.07142857142858
2009-01-20,27.22,27.87,26.49,26.63,5269792,27.0525,0.7,38.042857142857144
2009-01-21,27.12,27.13,26.08,26.4,6949278,26.6825,0.7,37.714285714285715
2009-01-22,26.04,26.76,25.99,26.44,4956763,26.3075,0.7,37.77142857142857
2009-01-23,26.04,26.09,25.55,25.82,3866100,25.875,0.7,36.885714285714286
2009-01-26,25.81,26.65,25.81,26.26,4161300,26.1325,0.7,37.51428571428572
2009-01-27,26.37,27.27,26.37,26.93,4042841,26.735,0.7,38.471428571428575
2009-01-28,27.5,28.29,27.34,28.2,4042384,27.8325,0.7,40.285714285714285
2009-01-29,27.74,28.24,27.1,27.16,3097963,27.56,0.7,38.800000000000004
2009-01-30,27.11,27.29,26.68,27.03,3216494,27.0275,0.7,38.61428571428572
2009-02-02,25.96,26.62,25.8,26.29,5044523,26.1675,0.7,37.55714285714286
2009-02-03,26.39,26.88,25.83,26.76,3487157,26.465,0.7,38.228571428571435
2009-02-04,26.93,27.36,26.87,27.01,2746890,27.0425,0.7,38.58571428571429
2009-02-05,26.88,28.58,26.43,28.0,5706934,27.4725,0.7,40.0
2009-02-06,27.8,28.63,27.8,28.38,3465157,28.1525,0.7,40.542857142857144
2009-02-09,28.02,28.38,27.64,28.08,1979867,28.03,0.89,31.550561797752806
2009-02-10,27.82,28.08,26.81,27.06,3752061,27.4425,0.89,30.40449438202247
2009-02-11,27.29,27.34,26.83,27.26,3219036,27.18,0.89,30.629213483146067
2009-02-12,26.73,27.6,26.58,27.57,2689621,27.12,0.89,30.97752808988764
2009-02-13,27.53,27.73,27.08,27.36,1907511,27.425,0.89,30.741573033707866
2009-02-17,26.57,26.7,26.14,26.32,2856208,26.4325,0.89,29.573033707865168
2009-02-18,26.43,26.53,25.95,26.34,2406641,26.3125,0.89,29.595505617977526
2009-02-19,26.34,26.57,25.91,25.96,3680847,26.195,0.89,29.168539325842698
2009-02-20,25.85,26.01,25.66,25.79,4775894,25.8275,0.89,28.977528089887638
2009-02-23,25.98,26.18,25.48,25.53,3357842,25.7925,0.89,28.685393258426966
2009-02-24,25.51,25.94,25.43,25.67,4015567,25.6375,0.89,28.842696629213485
2009-02-25,25.63,25.72,24.69,25.28,4467250,25.33,0.89,28.404494382022474
2009-02-26,25.34,25.48,23.5,23.53,5430879,24.4625,0.89,26.43820224719101
2009-02-27,23.08,23.65,22.68,23.3,5369341,23.1775,0.89,26.179775280898877
2009-03-02,23.08,23.28,22.11,22.2,5053200,22.6675,0.89,24.9438202247191
2009-03-03,22.42,22.8,21.89,22.07,5202355,22.295,0.89,24.797752808988765
2009-03-04,22.33,22.93,21.98,22.65,3761739,22.4725,0.89,25.44943820224719
2009-03-05,22.25,22.28,21.6,21.73,3647927,21.965,0.89,24.415730337078653
2009-03-06,21.87,22.22,20.94,21.41,4718154,21.61,0.89,24.0561797752809
2009-03-09,21.12,21.97,21.05,21.33,3621935,21.3675,0.89,23.96629213483146
2009-03-10,21.65,22.81,21.31,22.76,4301940,22.1325,0.89,25.57303370786517
2009-03-11,22.86,22.97,19.93,20.53,11376582,21.5725,0.89,23.06741573033708
2009-03-12,20.53,21.65,20.4,21.51,5540676,21.0225,0.89,24.168539325842698
2009-03-13,21.63,22.69,21.43,22.65,4476978,22.1,0.89,25.44943820224719
2009-03-16,22.79,23.1,22.3,22.3,3809300,22.6225,0.89,25.0561797752809
2009-03-17,22.27,22.78,22.14,22.78,3992347,22.4925,0.89,25.59550561797753
2009-03-18,22.69,23.62,22.57,23.09,4043324,22.9925,0.89,25.9438202247191
2009-03-19,23.01,23.29,22.47,22.56,3652308,22.8325,0.89,25.34831460674157
2009-03-20,22.7,23.03,22.09,22.27,3864383,22.5225,0.89,25.02247191011236
2009-03-23,22.63,23.49,22.41,23.49,2590054,23.005,0.89,26.39325842696629
2009-03-24,23.19,23.62,23.19,23.25,3049056,23.3125,0.89,26.123595505617978
2009-03-25,23.45,23.7,22.98,23.43,2595547,23.39,0.89,26.325842696629213
2009-03-26,23.57,23.98,23.25,23.95,3275379,23.6875,0.89,26.91011235955056
2009-03-27,23.66,23.75,23.22,23.29,3706296,23.48,0.89,26.168539325842694
2009-03-30,22.75,22.94,22.3,22.56,3534655,22.6375,0.89,25.34831460674157
2009-03-31,22.58,22.93,22.43,22.6,6139239,22.635,0.89,25.393258426966295
2009-04-01,22.35,22.53,22.04,22.37,4838529,22.3225,0.89,25.134831460674157
2009-04-02,22.7,23.77,22.54,23.33,4742532,23.085,0.89,26.213483146067414
2009-04-03,23.03,23.49,22.9,23.31,3484216,23.1825,0.89,26.191011235955056
2009-04-06,23.11,23.79,23.11,23.66,2512360,23.4175,0.89,26.584269662921347
2009-04-07,23.28,23.66,23.1,23.29,2065126,23.3325,0.89,26.168539325842694
2009-04-08,23.34,23.64,22.84,23.01,2438797,23.2075,0.89,25.853932584269664
2009-04-09,23.44,23.8,23.43,23.67,2687727,23.585,0.89,26.59550561797753
2009-04-13,23.52,24.22,23.52,24.13,2589063,23.8475,0.89,27.112359550561795
2009-04-14,23.95,24.61,23.79,24.32,2658010,24.1675,0.89,27.325842696629213
2009-04-15,23.94,24.44,23.94,24.33,2667139,24.1625,0.89,27.337078651685392
2009-04-16,24.46,24.66,24.0,24.31,3175826,24.3575,0.89,27.314606741573034
2009-04-17,24.33,24.76,24.24,24.6,2859068,24.4825,0.89,27.64044943820225
2009-04-20,24.37,24.77,24.06,24.23,2542539,24.3575,0.89,27.224719101123597
2009-04-21,23.93,24.76,23.65,24.07,2228920,24.1025,0.89,27.04494382022472
2009-04-22,23.77,24.41,23.59,24.18,2410493,23.9875,0.89,27.168539325842694
2009-04-23,24.31,24.46,23.65,24.26,2457358,24.17,0.89,27.258426966292138
2009-04-24,24.31,24.48,23.98,24.3,1905037,24.2675,0.89,27.303370786516854
2009-04-27,23.75,24.84,23.74,24.41,3312570,24.185,0.89,27.426966292134832
2009-04-28,24.37,24.37,23.86,24.04,2234859,24.16,0.89,27.01123595505618
2009-04-29,24.21,24.86,24.05,24.77,2283380,24.4725,0.89,27.831460674157302
2009-04-30,25.05,25.13,24.02,24.26,3278924,24.615,0.89,27.258426966292138
2009-05-01,24.31,24.47,24.15,24.29,2361056,24.305,0.89,27.29213483146067
2009-05-04,24.46,25.19,24.21,25.15,1946357,24.7525,0.89,28.258426966292134
2009-05-05,25.37,25.88,25.15,25.68,2265366,25.52,0.89,28.85393258426966
2009-05-06,25.76,26.21,25.15,25.4,1957917,25.63,0.89,28.539325842696627
2009-05-07,25.54,26.54,25.13,26.14,2375594,25.8375,0.88,29.704545454545457
2009-05-08,26.35,26.73,26.12,26.53,1816684,26.4325,0.88,30.147727272727273
2009-05-11,26.24,26.38,25.89,25.96,1388387,26.1175,0.88,29.5
2009-05-12,26.03,26.29,25.58,25.99,1891704,25.9725,0.88,29.534090909090907
2009-05-13,25.5,26.04,25.47,25.52,2199137,25.6325,0.88,29.0
2009-05-14,25.51,25.9,25.33,25.7,1725543,25.61,0.88,29.204545454545453
2009-05-15,25.39,25.68,24.9,25.05,2098546,25.255,0.88,28.46590909090909
2009-05-18,25.14,25.64,24.97,25.64,1876428,25.3475,0.88,29.136363636363637
2009-05-19,25.53,25.82,25.33,25.62,1531384,25.575,0.88,29.113636363636363
2009-05-20,25.84,26.21,25.58,25.61,2578265,25.81,0.88,29.102272727272727
2009-05-21,25.43,25.53,24.39,24.5,4098761,24.9625,0.88,27.84090909090909
2009-05-22,24.53,24.97,24.42,24.58,3069648,24.625,0.88,27.93181818181818
2009-05-26,24.61,25.37,24.26,25.26,2386518,24.875,0.88,28.704545454545457
2009-05-27,25.3,25.39,24.99,25.05,2062629,25.1825,0.88,28.46590909090909
2009-05-28,25.08,25.43,24.8,25.1,2104794,25.1025,0.88,28.522727272727273
2009-05-29,25.13,25.67,25.13,25.67,3219767,25.4,0.88,29.170454545454547
2009-06-01,25.82,26.31,25.82,26.25,2122925,26.05,0.88,29.829545454545453
2009-06-02,26.17,26.17,22.43,23.41,18589070,24.545,0.88,26.602272727272727
2009-06-03,22.78,22.78,21.06,21.85,12785775,22.1175,0.88,24.829545454545457
2009-06-04,21.86,21.89,21.02,21.4,7595466,21.5425,0.88,24.318181818181817
2009-06-05,21.71,22.47,21.21,22.12,9652680,21.8775,0.88,25.136363636363637
2009-06-08,22.12,22.19,21.49,21.91,6332923,21.9275,0.88,24.897727272727273
2009-06-09,21.83,21.83,21.27,21.46,5792306,21.5975,0.88,24.386363636363637
2009-06-10,21.59,21.76,21.45,21.66,4136495,21.615,0.88,24.613636363636363
2009-06-11,21.68,22.69,21.53,22.14,6726386,22.01,0.88,25.15909090909091
2009-06-12,22.16,22.57,22.02,22.23,4518293,22.245,0.88,25.261363636363637
2009-06-15,22.06,22.07,21.54,21.59,4410114,21.815,0.88,24.53409090909091
2009-06-16,21.75,21.96,21.47,21.51,4450003,21.6725,0.88,24.44318181818182
2009-06-17,21.48,22.32,21.48,22.11,4207353,21.8475,0.88,25.125
2009-06-18,22.17,22.74,21.92,22.61,3893698,22.36,0.88,25.693181818181817
2009-06-19,22.83,22.96,22.42,22.74,4822307,22.7375,0.88,25.84090909090909
2009-06-22,22.51,22.61,21.78,22.07,5600193,22.2425,0.88,25.079545454545453
2009-06-23,22.17,22.17,21.74,21.91,3286316,21.9975,0.88,24.897727272727273
2009-06-24,22.1,22.19,21.7,21.86,4149366,21.9625,0.88,24.84090909090909
2009-06-25,21.75,22.56,21.64,22.45,2861595,22.1,0.88,25.511363636363637
2009-06-26,22.53,22.59,21.87,22.23,6974635,22.305,0.88,25.261363636363637
2009-06-29,22.22,22.31,21.84,22.17,2395145,22.135,0.88,25.19318181818182
2009-06-30,22.13,22.22,21.83,21.94,3664316,22.03,0.88,24.931818181818183
2009-07-01,22.0,22.17,21.89,22.01,3159691,22.0175,0.88,25.011363636363637
2009-07-02,21.81,21.94,21.31,21.46,3534522,21.63,0.88,24.386363636363637
2009-07-06,21.34,21.71,21.1,21.65,3496285,21.45,0.88,24.602272727272727
2009-07-07,21.56,21.96,21.38,21.71,5123585,21.6525,0.88,24.670454545454547
2009-07-08,21.8,21.83,21.31,21.42,6624442,21.59,0.88,24.340909090909093
2009-07-09,21.56,21.7,21.25,21.33,3842504,21.46,0.88,24.238636363636363
2009-07-10,21.1,21.48,20.96,21.06,3939844,21.15,0.88,23.93181818181818
2009-07-13,21.14,21.45,20.8,21.36,4337041,21.1875,0.88,24.272727272727273
2009-07-14,21.3,21.54,21.22,21.46,3330067,21.38,0.88,24.386363636363637
2009-07-15,21.61,21.81,21.4,21.73,4519436,21.6375,0.88,24.69318181818182
2009-07-16,21.6,22.38,21.6,22.3,3720816,21.97,0.88,25.34090909090909
2009-07-17,22.26,22.38,22.02,22.25,3723972,22.2275,0.88,25.28409090909091
2009-07-20,22.33,22.49,22.03,22.45,3737384,22.325,0.88,25.511363636363637
2009-07-21,22.79,22.86,22.51,22.83,5530007,22.7475,0.88,25.943181818181817
2009-07-22,22.56,23.03,22.51,22.75,3248619,22.7125,0.88,25.852272727272727
2009-07-23,22.68,23.42,22.58,23.41,5591689,23.0225,0.88,26.602272727272727
2009-07-24,23.35,23.56,22.93,23.49,3401622,23.3325,0.88,26.693181818181817
2009-07-27,23.57,23.72,23.26,23.54,2809076,23.5225,0.88,26.75
2009-07-28,23.39,23.85,23.31,23.72,2689136,23.5675,0.88,26.954545454545453
2009-07-29,24.31,24.49,23.87,24.05,4320847,24.18,0.88,27.329545454545457
2009-07-30,24.18,24.37,23.45,23.98,2621268,23.995,0.88,27.25
2009-07-31,23.9,24.05,23.55,23.91,3261184,23.8525,0.88,27.170454545454547
2009-08-03,23.95,24.2,23.43,23.87,2969447,23.8625,0.88,27.125
2009-08-04,24.05,24.05,23.67,23.98,2328326,23.9375,0.88,27.25
2009-08-05,23.94,24.08,23.5,23.7,3421147,23.805,0.88,26.93181818181818
2009-08-06,23.77,23.77,23.49,23.67,2584849,23.675,0.88,26.897727272727273
2009-08-07,23.81,24.18,23.67,24.1,3080820,23.94,0.88,27.386363636363637
2009-08-10,23.95,24.3,23.85,24.3,2041305,24.1,0.88,27.613636363636363
2009-08-11,24.14,24.27,23.61,23.62,4103192,23.91,0.88,26.840909090909093
2009-08-12,23.62,24.07,23.49,23.8,2963747,23.745,0.88,27.045454545454547
2009-08-13,23.77,23.9,23.25,23.84,4112980,23.69,0.88,27.09090909090909
2009-08-14,23.76,23.87,23.29,23.62,3827819,23.635,0.88,26.840909090909093
2009-08-17,23.51,23.97,23.25,23.95,8020824,23.67,0.88,27.21590909090909
2009-08-18,24.05,25.2,23.95,24.56,11220902,24.44,0.88,27.909090909090907
2009-08-19,24.41,25.23,24.34,25.12,5689681,24.775,0.88,28.545454545454547
2009-08-20,25.17,25.22,24.79,24.94,6747716,25.03,0.88,28.340909090909093
2009-08-21,25.2,25.66,24.84,25.58,7501074,25.32,0.88,29.068181818181817
2009-08-24,25.76,25.76,25.31,25.45,4294885,25.57,0.88,28.920454545454543
2009-08-25,25.48,25.57,24.54,24.77,8165954,25.09,0.88,28.147727272727273
2009-08-26,24.69,24.92,24.32,24.41,8051821,24.585,0.88,27.738636363636363
2009-08-27,24.23,24.69,24.23,24.66,8566571,24.4525,0.76,32.44736842105263
2009-08-28,24.73,24.75,24.39,24.6,5249399,24.6175,0.76,32.36842105263158
2009-08-31,24.81,24.87,24.49,24.83,5264455,24.75,0.76,32.671052631578945
2009-09-01,25.32,25.98,24.97,25.11,7713000,25.345,0.76,33.03947368421053
2009-09-02,25.0,25.21,24.87,24.97,7937996,25.0125,0.76,32.85526315789473
2009-09-03,25.01,25.77,24.99,25.77,4990800,25.385,0.76,33.9078947368421
2009-09-04,25.83,26.04,25.68,25.76,4773700,25.8275,0.76,33.89473684210527
2009-09-08,25.83,26.31,25.52,26.27,4534000,25.9825,0.76,34.56578947368421
2009-09-09,26.29,27.25,26.28,26.83,6139035,26.6625,0.76,35.30263157894736
2009-09-10,26.32,26.35,25.76,26.28,5396300,26.1775,0.76,34.578947368421055
2009-09-11,26.36,26.63,26.29,26.49,3800300,26.4425,0.76,34.85526315789473
2009-09-14,26.54,26.66,26.35,26.63,4817023,26.545,0.76,35.03947368421053
2009-09-15,28.03,28.03,26.95,27.29,5785900,27.575,0.76,35.9078947368421
2009-09-16,27.43,27.68,27.25,27.68,5669700,27.51,0.76,36.421052631578945
2009-09-17,27.7,27.96,27.54,27.85,5359400,27.7625,0.76,36.64473684210527
2009-09-18,27.92,28.06,27.72,27.89,4769600,27.8975,0.76,36.69736842105263
2009-09-21,27.75,27.99,27.57,27.89,3424400,27.8,0.76,36.69736842105263
2009-09-22,28.01,28.01,27.67,27.78,3867500,27.8675,0.76,36.55263157894737
2009-09-23,27.84,27.97,27.7,27.73,5502700,27.81,0.76,36.48684210526316
2009-09-24,27.34,27.5,26.73,26.98,7269500,27.1375,0.76,35.5
2009-09-25,27.52,27.52,26.8,27.32,7812600,27.29,0.76,35.94736842105263
2009-09-28,27.35,27.84,27.31,27.7,5900100,27.55,0.76,36.44736842105263
2009-09-29,27.43,27.52,26.86,26.9,4022700,27.1775,0.76,35.39473684210526
2009-09-30,27.03,27.07,26.54,26.8,4793023,26.86,0.76,35.26315789473684
2009-10-01,26.77,26.77,26.41,26.49,5242000,26.61,0.76,34.85526315789473
2009-10-02,26.26,26.57,25.97,26.25,4448800,26.2625,0.76,34.53947368421053
2009-10-05,26.28,26.44,26.1,26.22,3437900,26.26,0.76,34.5
2009-10-06,26.4,26.74,26.15,26.74,9708700,26.5075,0.76,35.18421052631579
2009-10-07,26.72,26.77,26.56,26.77,4074100,26.705,0.76,35.223684210526315
2009-10-08,26.95,27.23,26.77,27.23,4356100,27.045,0.76,35.828947368421055
2009-10-09,27.16,27.32,27.09,27.32,3257400,27.2225,0.76,35.94736842105263
2009-10-12,27.43,27.43,26.96,27.16,3502600,27.245,0.76,35.73684210526316
2009-10-13,27.15,27.15,26.89,26.94,4287600,27.0325,0.76,35.44736842105263
2009-10-14,27.15,27.4,27.07,27.31,3174500,27.2325,0.76,35.93421052631579
2009-10-15,27.22,27.91,27.22,27.91,3825500,27.565,0.76,36.723684210526315
2009-10-16,27.74,28.93,27.73,28.68,6054700,28.27,0.76,37.73684210526316
2009-10-19,28.75,29.05,28.6,28.87,3233000,28.8175,0.76,37.98684210526316
2009-10-20,28.92,28.92,28.38,28.57,2860400,28.6975,0.76,37.5921052631579
2009-10-21,28.51,28.9,28.42,28.57,2734000,28.6,0.76,37.5921052631579
2009-10-22,28.54,29.22,28.41,29.08,3468400,28.8125,0.76,38.26315789473684
2009-10-23,29.15,29.15,28.57,28.66,3373100,28.8825,0.76,37.71052631578947
2009-10-26,28.77,29.04,28.44,28.71,4312700,28.74,0.76,37.776315789473685
2009-10-27,28.69,29.1,28.55,28.74,3054200,28.77,0.76,37.815789473684205
2009-10-28,28.63,28.96,28.3,28.3,3686000,28.5475,0.76,37.23684210526316
2009-10-29,28.42,28.72,28.22,28.69,3648902,28.5125,0.76,37.75
2009-10-30,28.55,28.94,28.32,28.34,4037700,28.5375,0.76,37.28947368421053
2009-11-02,28.36,28.87,28.22,28.68,2570500,28.5325,0.76,37.73684210526316
2009-11-03,28.6,28.82,28.51,28.66,2583285,28.6475,0.76,37.71052631578947
2009-11-04,28.83,29.54,28.81,29.13,4798480,29.0775,0.76,38.32894736842105
2009-11-05,29.26,29.82,29.02,29.63,4028072,29.4325,0.76,38.98684210526316
2009-11-06,28.86,29.61,28.86,29.5,2786200,29.2075,0.76,38.81578947368421
2009-11-09,29.94,30.0,29.66,29.97,3358700,29.8925,-0.11,-272.45454545454544
2009-11-10,29.85,30.41,29.8,30.31,3389600,30.0925,-0.11,-275.5454545454545
2009-11-11,30.38,30.58,30.26,30.56,4053400,30.445,-0.11,-277.8181818181818
2009-11-12,30.73,31.23,30.66,30.97,5274400,30.8975,-0.11,-281.54545454545456
2009-11-13,31.0,31.15,30.88,31.08,3549183,31.0275,-0.11,-282.5454545454545
2009-11-16,31.2,31.53,31.0,31.46,3988400,31.2975,-0.11,-286.0
2009-11-17,31.5,31.53,31.23,31.49,2824000,31.4375,-0.11,-286.27272727272725
2009-11-18,31.41,31.65,31.41,31.59,3869700,31.515,-0.11,-287.1818181818182
2009-11-19,31.5,31.77,31.25,31.59,3944800,31.5275,-0.11,-287.1818181818182
2009-11-20,31.56,31.96,31.32,31.77,5403500,31.6525,-0.11,-288.8181818181818
2009-11-23,32.24,32.39,31.85,32.23,4109300,32.1775,-0.11,-292.99999999999994
2009-11-24,32.26,32.44,32.15,32.31,4289600,32.29,-0.11,-293.72727272727275
2009-11-25,32.39,32.5,32.27,32.48,3869400,32.41,-0.11,-295.27272727272725
2009-11-27,31.81,32.16,31.71,32.03,1542800,31.9275,-0.11,-291.1818181818182
2009-11-30,32.12,32.28,31.97,32.23,4477300,32.15,-0.11,-292.99999999999994
2009-12-01,32.5,32.66,32.15,32.46,5302300,32.4425,-0.11,-295.0909090909091
2009-12-02,32.31,33.0,32.31,32.94,4294200,32.64,-0.11,-299.45454545454544
2009-12-03,32.8,33.19,32.22,32.27,3598300,32.62,-0.11,-293.3636363636364
2009-12-04,32.61,32.88,31.92,32.14,3759900,32.3875,-0.11,-292.1818181818182
2009-12-07,32.19,32.75,32.19,32.47,3792600,32.4,-0.11,-295.1818181818182
2009-12-08,32.29,32.38,31.85,31.86,4100100,32.095,-0.11,-289.6363636363636
2009-12-09,31.93,32.0,31.46,31.8,5177700,31.7975,-0.11,-289.0909090909091
2009-12-10,31.95,32.38,31.95,32.3,5672200,32.145,-0.11,-293.6363636363636
2009-12-11,32.45,32.61,32.12,32.2,5662300,32.345,-0.11,-292.72727272727275
2009-12-14,32.26,32.82,32.26,32.7,3260600,32.51,-0.11,-297.2727272727273
2009-12-15,33.0,33.0,32.08,32.93,3746400,32.7525,-0.11,-299.3636363636364
2009-12-16,32.99,33.25,32.51,32.57,3595700,32.83,-0.11,-296.09090909090907
2009-12-17,32.36,32.55,31.8,31.91,3167400,32.155,-0.11,-290.09090909090907
2009-12-18,32.12,32.22,31.78,32.14,3011256,32.065,-0.11,-292.1818181818182
2009-12-21,32.25,32.74,32.24,32.37,2063700,32.4,-0.11,-294.27272727272725
2009-12-22,32.36,32.71,32.32,32.7,2159000,32.5225,-0.11,-297.2727272727273
2009-12-23,32.67,32.76,32.56,32.64,2025100,32.6575,-0.11,-296.72727272727275
2009-12-24,32.76,32.82,32.57,32.6,818700,32.6875,-0.11,-296.3636363636364
2009-12-28,32.68,32.82,32.55,32.68,1329100,32.6825,-0.11,-297.09090909090907
2009-12-29,32.55,33.17,32.55,32.95,4550000,32.805,-0.11,-299.54545454545456
2009-12-30,32.78,32.9,32.44,32.62,4091300,32.685,-0.11,-296.5454545454545
2009-12-31,32.63,32.8,32.22,32.24,1624300,32.4725,-0.11,-293.0909090909091
2010-01-04,32.24,32.66,31.9,32.53,3824400,32.3325,-0.11,-295.72727272727275
2010-01-05,32.42,32.6,32.15,32.24,3023700,32.3525,-0.11,-293.0909090909091
2010-01-06,32.38,32.38,31.58,31.71,3856700,32.0125,-0.11,-288.27272727272725
2010-01-07,31.7,32.05,31.42,31.7,4737900,31.7175,-0.11,-288.1818181818182
2010-01-08,31.71,31.86,31.48,31.6,3845300,31.6625,-0.11,-287.2727272727273
2010-01-11,31.6,32.32,31.6,32.02,7568300,31.885,-0.11,-291.0909090909091
2010-01-12,32.06,32.06,31.67,31.83,3763900,31.905,-0.11,-289.3636363636364
2010-01-13,31.95,32.14,31.91,32.01,4807100,32.0025,-0.11,-291.0
2010-01-14,32.11,32.67,31.89,32.62,5296300,32.3225,-0.11,-296.5454545454545
2010-01-15,32.62,32.62,32.21,32.34,2658200,32.4475,-0.11,-294.00000000000006
2010-01-19,32.45,33.16,32.44,33.08,2339500,32.7825,-0.11,-300.7272727272727
2010-01-20,33.0,33.28,32.52,32.82,3379900,32.905,-0.11,-298.3636363636364
2010-01-21,32.74,32.8,31.61,32.03,4779801,32.295,-0.11,-291.1818181818182
2010-01-22,31.72,32.31,31.72,31.97,6572600,31.93,-0.11,-290.6363636363636
2010-01-25,32.28,32.58,32.13,32.21,4386700,32.3,-0.11,-292.8181818181818
2010-01-26,32.2,32.59,31.92,32.39,3512800,32.275,-0.11,-294.45454545454544
2010-01-27,32.41,32.41,31.3,31.31,7320117,31.8575,-0.11,-284.6363636363636
2010-01-28,33.0,33.52,32.5,32.91,10175684,32.9825,-0.11,-299.18181818181813
2010-01-29,33.71,33.8,33.03,33.07,5745500,33.4025,-0.11,-300.6363636363636
2010-02-01,33.18,33.66,32.79,33.66,4383348,33.3225,-0.11,-305.99999999999994
2010-02-02,33.77,34.42,33.67,34.25,5154800,34.0275,-0.11,-311.3636363636364
2010-02-03,34.17,34.19,33.5,33.71,3034400,33.8925,-0.11,-306.45454545454544
2010-02-04,33.69,33.69,32.55,32.6,5343600,33.1325,-0.11,-296.3636363636364
2010-02-05,32.28,32.49,31.89,32.47,4211400,32.2825,0.65,49.95384615384615
2010-02-08,32.37,32.64,32.21,32.26,2807400,32.37,0.65,49.630769230769225
2010-02-09,32.49,32.93,32.36,32.64,2386500,32.605,0.65,50.215384615384615
2010-02-10,32.54,32.59,32.02,32.16,2786500,32.3275,0.65,49.47692307692307
2010-02-11,33.08,33.36,32.55,33.25,4564100,33.06,0.65,51.15384615384615
2010-02-12,33.06,33.46,32.7,33.38,3679300,33.15,0.65,51.353846153846156
2010-02-16,33.61,33.67,33.19,33.54,3826700,33.5025,0.65,51.599999999999994
2010-02-17,33.69,33.8,33.21,33.75,3148300,33.6125,0.65,51.92307692307692
2010-02-18,33.74,33.97,33.65,33.77,2594800,33.7825,0.65,51.95384615384616
2010-02-19,33.65,33.87,33.4,33.83,3120100,33.6875,0.65,52.04615384615384
2010-02-22,33.95,33.95,33.42,33.67,2610100,33.7475,0.65,51.800000000000004
2010-02-23,33.53,33.62,32.92,32.99,3072900,33.265,0.65,50.753846153846155
2010-02-24,33.21,33.43,33.0,33.26,3648300,33.225,0.65,51.169230769230765
2010-02-25,33.03,33.68,32.77,33.61,4928100,33.2725,0.65,51.707692307692305
2010-02-26,33.69,34.2,33.65,33.97,4734400,33.8775,0.65,52.26153846153846
2010-03-01,34.05,35.08,33.97,35.07,5589000,34.5425,0.65,53.95384615384615
2010-03-02,35.15,35.72,35.15,35.55,5199746,35.3925,0.65,54.692307692307686
2010-03-03,35.58,35.69,35.0,35.16,4602600,35.3575,0.65,54.092307692307685
2010-03-04,35.23,35.45,35.04,35.24,2886000,35.24,0.65,54.215384615384615
2010-03-05,35.39,35.64,35.3,35.5,3365000,35.4575,0.65,54.61538461538461
2010-03-08,35.54,35.61,35.24,35.3,2136600,35.4225,0.65,54.3076923076923
2010-03-09,35.41,35.41,35.07,35.2,2150700,35.2725,0.65,54.15384615384615
2010-03-10,35.16,35.26,34.85,35.02,3478900,35.0725,0.65,53.87692307692308
2010-03-11,35.01,35.11,34.65,34.99,4465934,34.94,0.65,53.830769230769235
2010-03-12,35.14,35.28,34.75,34.91,2339300,35.02,0.65,53.7076923076923
2010-03-15,34.76,35.46,34.76,35.43,2743600,35.1025,0.65,54.5076923076923
2010-03-16,35.43,35.55,35.26,35.32,2983100,35.39,0.65,54.33846153846154
2010-03-17,35.5,35.61,35.32,35.49,2664300,35.48,0.65,54.6
2010-03-18,35.77,36.0,35.32,35.55,4137800,35.66,0.65,54.692307692307686
2010-03-19,35.95,36.0,35.58,35.85,5030700,35.845,0.65,55.15384615384615
2010-03-22,35.55,36.35,35.53,36.19,2730400,35.905,0.65,55.676923076923075
2010-03-23,36.3,36.33,35.96,36.26,2451600,36.2125,0.65,55.78461538461538
2010-03-24,36.2,36.34,35.77,35.79,2840400,36.025,0.65,55.06153846153846
2010-03-25,36.13,36.24,35.75,35.75,2736000,35.9675,0.65,55.0
2010-03-26,35.8,36.0,35.29,35.42,2577400,35.6275,0.65,54.49230769230769
2010-03-29,35.55,36.16,35.48,36.07,1988900,35.815,0.65,55.49230769230769
2010-03-30,36.02,36.55,35.95,36.45,2668600,36.2425,0.65,56.07692307692308
2010-03-31,36.42,36.45,35.95,36.03,3133500,36.2125,0.65,55.43076923076923
2010-04-01,36.13,36.29,35.97,36.28,2865600,36.1675,0.65,55.815384615384616
2010-04-05,36.48,36.59,36.27,36.33,1981400,36.4175,0.65,55.89230769230769
2010-04-06,36.24,36.31,35.82,36.1,2252393,36.1175,0.65,55.53846153846154
2010-04-07,35.97,35.99,35.49,35.68,2388700,35.7825,0.65,54.89230769230769
2010-04-08,35.57,36.03,35.51,35.92,2840800,35.7575,0.65,55.261538461538464
2010-04-09,35.98,36.47,35.93,36.45,2240700,36.2075,0.65,56.07692307692308
2010-04-12,36.58,36.58,35.77,35.96,2856500,36.2225,0.65,55.323076923076925
2010-04-13,35.81,35.94,35.63,35.93,2814000,35.8275,0.65,55.276923076923076
2010-04-14,35.87,35.87,35.42,35.57,2354100,35.6825,0.65,54.723076923076924
2010-04-15,35.59,35.93,35.48,35.68,2044600,35.67,0.65,54.89230769230769
2010-04-16,35.13,35.42,34.78,35.07,4344578,35.1,0.65,53.95384615384615
2010-04-19,35.01,35.21,34.86,35.14,2742700,35.055,0.65,54.06153846153846
2010-04-20,35.34,35.97,35.34,35.87,2371500,35.63,0.65,55.18461538461538
2010-04-21,35.9,35.94,35.47,35.57,2812700,35.72,0.65,54.723076923076924
2010-04-22,35.43,36.04,35.3,35.94,3653200,35.6775,0.65,55.29230769230769
2010-04-23,35.99,36.29,35.7,36.2,2325900,36.045,0.65,55.69230769230769
2010-04-26,36.19,36.66,36.07,36.25,2856300,36.2925,0.65,55.76923076923077
2010-04-27,36.05,36.54,35.63,35.7,3382500,35.98,0.65,54.92307692307693
2010-04-28,35.88,36.4,35.54,36.29,5370100,36.0275,0.65,55.83076923076923
2010-04-29,36.12,36.39,35.5,35.65,5164200,35.915,0.65,54.84615384615384
2010-04-30,35.66,35.79,34.6,34.69,5017500,35.185,0.65,53.36923076923076
2010-05-03,34.69,35.36,34.56,35.34,3671093,34.9875,0.65,54.369230769230775
2010-05-04,34.99,35.37,34.69,34.87,2977700,34.98,0.65,53.646153846153844
2010-05-05,34.62,35.8,34.62,35.78,5171828,35.205,0.65,55.04615384615385
2010-05-06,35.74,35.79,32.36,34.42,4634200,34.5775,0.62,55.51612903225807
2010-05-07,34.51,34.51,33.24,33.79,4205000,34.0125,0.62,54.5
2010-05-10,35.3,35.58,34.59,34.96,3766400,35.1075,0.62,56.38709677419355
2010-05-11,34.68,35.39,34.63,35.03,3041390,34.9325,0.62,56.5
2010-05-12,35.04,35.35,34.77,35.35,2705300,35.1275,0.62,57.016129032258064
2010-05-13,35.18,35.41,34.64,34.66,4936680,34.9725,0.62,55.90322580645161
2010-05-14,34.55,34.77,33.67,33.82,4802801,34.2025,0.62,54.54838709677419
2010-05-17,33.85,34.21,33.44,34.12,3474400,33.905,0.62,55.03225806451613
2010-05-18,34.26,34.77,34.12,34.33,3925213,34.37,0.62,55.37096774193548
2010-05-19,34.23,34.45,33.85,34.14,2962464,34.1675,0.62,55.064516129032256
2010-05-20,33.48,33.63,32.9,32.93,3204200,33.235,0.62,53.11290322580645
2010-05-21,32.5,33.46,32.15,33.21,5476400,32.83,0.62,53.56451612903226
2010-05-24,32.97,33.31,32.65,32.88,2883800,32.9525,0.62,53.032258064516135
2010-05-25,32.27,32.83,31.77,32.81,4753800,32.42,0.62,52.91935483870968
2010-05-26,32.87,33.37,32.69,32.8,3109800,32.9325,0.62,52.90322580645161
2010-05-27,33.32,33.66,33.07,33.66,2287800,33.4275,0.62,54.29032258064515
2010-05-28,33.62,34.78,33.61,34.49,5076900,34.125,0.62,55.62903225806452
2010-06-01,34.21,34.65,33.8,33.91,4334100,34.1425,0.62,54.69354838709677
2010-06-02,33.99,35.02,33.9,35.0,5578800,34.4775,0.62,56.45161290322581
2010-06-03,35.03,35.91,35.03,35.7,3563600,35.4175,0.62,57.58064516129033
2010-06-04,34.97,35.28,34.16,34.24,4670066,34.6625,0.62,55.225806451612904
2010-06-07,34.31,34.54,33.86,33.88,4868400,34.1475,0.62,54.645161290322584
2010-06-08,33.78,34.07,33.36,33.76,4625691,33.7425,0.62,54.4516129032258
2010-06-09,34.05,34.47,33.69,33.82,6057100,34.0075,0.62,54.54838709677419
2010-06-10,34.33,34.86,34.17,34.78,4009900,34.535,0.62,56.09677419354839
2010-06-11,34.42,35.07,34.4,35.07,3182500,34.74,0.62,56.564516129032256
2010-06-14,35.22,35.34,34.99,35.04,2631500,35.1475,0.62,56.516129032258064
2010-06-15,35.37,35.72,35.14,35.71,3605175,35.485,0.62,57.59677419354839
2010-06-16,35.44,35.81,35.39,35.73,4528200,35.5925,0.62,57.62903225806451
2010-06-17,35.73,36.21,35.73,36.18,4163600,35.9625,0.62,58.354838709677416
2010-06-18,36.06,36.27,35.62,35.77,2883900,35.93,0.62,57.69354838709678
2010-06-21,36.05,36.21,35.4,35.56,2475800,35.805,0.62,57.35483870967742
2010-06-22,35.56,35.74,34.82,34.88,3443500,35.25,0.62,56.25806451612904
2010-06-23,34.78,34.93,34.25,34.61,3556800,34.6425,0.62,55.82258064516129
2010-06-24,34.45,34.53,34.0,34.14,3594200,34.28,0.62,55.064516129032256
2010-06-25,34.14,34.3,33.81,34.24,5652800,34.1225,0.62,55.225806451612904
2010-06-28,34.36,34.72,33.99,34.54,3617800,34.4025,0.62,55.70967741935484
2010-06-29,34.11,34.15,33.67,33.87,4433199,33.95,0.62,54.62903225806451
2010-06-30,33.75,34.16,33.52,33.61,4741100,33.76,0.62,54.20967741935484
2010-07-01,33.64,33.68,32.78,33.59,4880100,33.4225,0.62,54.17741935483872
2010-07-02,33.58,34.26,33.54,34.01,4521500,33.8475,0.62,54.854838709677416
2010-07-06,34.25,34.51,33.88,34.2,5700100,34.21,0.62,55.16129032258065
2010-07-07,34.19,34.97,33.99,34.8,6093700,34.4875,0.62,56.12903225806451
2010-07-08,35.06,35.15,34.3,34.49,5950100,34.75,0.62,55.62903225806452
2010-07-09,34.58,34.63,34.3,34.61,3745700,34.53,0.62,55.82258064516129
2010-07-12,34.54,34.67,34.37,34.43,3121100,34.5025,0.62,55.53225806451613
2010-07-13,34.69,35.52,34.69,35.35,5019100,35.0625,0.62,57.016129032258064
2010-07-14,35.32,35.83,34.94,35.69,4311900,35.445,0.62,57.564516129032256
2010-07-15,35.75,36.04,35.6,35.88,4280400,35.8175,0.62,57.87096774193549
2010-07-16,35.63,35.91,35.13,35.15,3181000,35.455,0.62,56.693548387096776
2010-07-19,35.33,35.43,34.92,35.21,2262100,35.2225,0.62,56.79032258064516
2010-07-20,34.82,35.31,34.56,35.27,2723100,34.99,0.62,56.88709677419355
2010-07-21,35.5,35.5,34.55,34.75,2886900,35.075,0.62,56.04838709677419
2010-07-22,35.04,35.53,33.05,33.26,9738200,34.22,0.62,53.64516129032258
2010-07-23,33.29,33.9,33.07,33.44,7326000,33.425,0.62,53.93548387096774
2010-07-26,33.5,33.93,33.48,33.79,3616200,33.675,0.62,54.5
2010-07-27,33.97,33.97,32.68,33.31,6816200,33.4825,0.62,53.725806451612904
2010-07-28,33.22,33.55,32.46,32.57,4437700,32.95,0.62,52.53225806451613
2010-07-29,32.84,33.03,31.99,32.31,4440800,32.5425,0.62,52.112903225806456
2010-07-30,32.12,32.53,31.42,32.27,4859400,32.085,0.62,52.0483870967742
2010-08-02,32.63,32.91,32.36,32.91,3438588,32.7025,0.62,53.08064516129032
2010-08-03,32.78,33.16,32.59,32.87,3730900,32.85,0.62,53.016129032258064
2010-08-04,32.99,33.51,32.79,33.48,3118400,33.1925,0.62,53.99999999999999
2010-08-05,32.55,33.21,32.26,32.93,4437800,32.7375,0.62,53.11290322580645
2010-08-06,32.72,33.32,32.45,33.1,3137200,32.8975,0.62,53.38709677419355
2010-08-09,33.14,33.23,32.74,33.03,3149200,33.035,0.62,53.274193548387096
2010-08-10,32.74,32.96,32.39,32.54,2798600,32.6575,0.62,52.483870967741936
2010-08-11,32.26,32.26,31.32,31.38,4133305,31.805,0.62,50.61290322580645
2010-08-12,31.06,31.7,30.99,31.62,2307400,31.3425,0.62,51.0
2010-08-13,31.45,31.55,31.18,31.36,2118500,31.385,0.62,50.58064516129032
2010-08-16,30.83,31.29,30.6,30.94,2638000,30.915,0.62,49.903225806451616
2010-08-17,31.21,31.55,30.93,31.34,2736837,31.2575,0.62,50.54838709677419
2010-08-18,31.37,31.66,31.14,31.47,3150900,31.41,0.62,50.75806451612903
2010-08-19,31.31,31.38,30.8,31.13,3636900,31.155,0.62,50.20967741935484
2010-08-20,30.91,31.21,30.8,31.14,3073700,31.015,0.62,50.225806451612904
2010-08-23,31.12,31.55,31.09,31.09,2753300,31.2125,0.62,50.145161290322584
2010-08-24,30.76,30.83,29.96,30.07,4382400,30.405,0.62,48.5
2010-08-25,29.89,31.22,29.81,31.08,5267566,30.5,0.62,50.12903225806451
2010-08-26,31.1,31.19,30.47,30.63,2790666,30.8475,0.64,47.859375
2010-08-27,30.77,30.84,30.17,30.82,2148800,30.65,0.64,48.15625
2010-08-30,30.73,30.86,30.19,30.21,1982200,30.4975,0.64,47.203125
2010-08-31,29.95,30.19,29.69,29.96,3741700,29.9475,0.64,46.8125
2010-09-01,30.3,31.05,30.3,30.56,3035800,30.5525,0.64,47.75
2010-09-02,30.64,31.0,30.5,30.94,1774100,30.77,0.64,48.34375
2010-09-03,31.06,31.39,30.84,31.29,1942800,31.145,0.64,48.890625
2010-09-07,31.12,31.25,30.79,31.25,3389000,31.1025,0.64,48.828125
2010-09-08,31.27,31.64,31.15,31.58,3862600,31.41,0.64,49.34374999999999
2010-09-09,31.72,31.92,31.72,31.8,2066300,31.79,0.64,49.6875
2010-09-10,31.84,31.84,31.51,31.6,1859900,31.6975,0.64,49.375
2010-09-13,31.9,32.0,31.46,31.6,1483100,31.74,0.64,49.375
2010-09-14,31.59,31.96,31.45,31.79,1656600,31.6975,0.64,49.671875
2010-09-15,31.64,33.03,31.6,32.98,5305200,32.3125,0.64,51.53124999999999
2010-09-16,32.83,32.9,32.12,32.56,3218000,32.6025,0.64,50.875
2010-09-17,32.69,32.84,32.29,32.64,3356500,32.615,0.64,51.0
2010-09-20,32.66,33.18,32.55,33.11,1341100,32.875,0.64,51.734375
2010-09-21,33.01,33.27,32.87,33.11,2079600,33.065,0.64,51.734375
2010-09-22,32.95,33.12,32.66,32.8,1767000,32.8825,0.64,51.24999999999999
2010-09-23,32.55,33.12,32.46,32.53,3349600,32.665,0.64,50.828125
2010-09-24,32.85,33.55,32.75,33.45,2242800,33.15,0.64,52.265625
2010-09-27,33.34,33.34,32.79,32.85,1913400,33.08,0.64,51.328125
2010-09-28,32.98,33.3,32.5,33.2,1509100,32.995,0.64,51.875
2010-09-29,32.92,33.4,32.71,33.15,2088700,33.045,0.64,51.796875
2010-09-30,33.42,33.42,32.75,33.04,2853800,33.1575,0.64,51.625
2010-10-01,33.28,33.31,32.7,32.85,1541900,33.035,0.64,51.328125
2010-10-04,32.68,32.82,31.88,32.18,2498800,32.39,0.64,50.28125
2010-10-05,32.47,33.13,32.4,32.95,2506800,32.7375,0.64,51.484375
2010-10-06,32.79,32.99,32.43,32.46,3711400,32.6675,0.64,50.71875
2010-10-07,32.63,33.03,32.53,32.77,1959200,32.74,0.64,51.20312500000001
2010-10-08,32.89,32.89,32.55,32.61,1699600,32.735,0.64,50.953125
2010-10-11,32.58,32.78,32.56,32.66,1118800,32.645,0.64,51.03124999999999
2010-10-12,32.66,32.93,32.54,32.84,2646200,32.7425,0.64,51.31250000000001
2010-10-13,32.97,33.36,32.85,33.18,1992200,33.09,0.64,51.84375
2010-10-14,33.2,33.42,32.98,33.31,3683100,33.2275,0.64,52.046875
2010-10-15,33.56,33.69,33.04,33.22,2245800,33.3775,0.64,51.90625
2010-10-18,33.16,33.43,32.95,33.29,2016400,33.2075,0.64,52.015625
2010-10-19,32.91,33.01,32.04,32.17,3719900,32.5325,0.64,50.265625
2010-10-20,32.21,32.52,32.13,32.17,2324500,32.2575,0.64,50.265625
2010-10-21,32.26,32.42,31.83,32.0,2914000,32.1275,0.64,50.0
2010-10-22,31.99,32.15,31.91,31.99,2699800,32.01,0.64,49.984375
2010-10-25,32.12,32.77,32.04,32.41,3618700,32.335,0.64,50.64062499999999
2010-10-26,32.24,34.23,32.08,32.98,12988500,32.8825,0.64,51.53124999999999
2010-10-27,33.17,33.61,32.85,33.41,5068100,33.26,0.64,52.20312499999999
2010-10-28,33.62,34.75,33.47,34.33,5055300,34.0425,0.64,53.64062499999999
2010-10-29,34.24,34.91,34.23,34.69,4012200,34.5175,0.64,54.20312499999999
2010-11-01,34.94,35.5,34.47,34.88,3031000,34.9475,0.64,54.5
2010-11-02,35.17,35.67,35.08,35.37,3682400,35.3225,0.64,55.26562499999999
2010-11-03,35.47,35.47,34.75,35.34,3561500,35.2575,0.64,55.21875000000001
2010-11-04,35.57,35.74,35.32,35.69,4147700,35.58,0.64,55.76562499999999
2010-11-05,35.69,35.7,35.06,35.21,2500200,35.415,0.64,55.015625
2010-11-08,35.21,35.43,35.09,35.22,1840200,35.2375,0.84,41.92857142857143
2010-11-09,35.22,35.95,35.2,35.62,3911856,35.4975,0.84,42.404761904761905
2010-11-10,35.51,35.53,35.0,35.27,2851800,35.3275,0.84,41.98809523809524
2010-11-11,35.19,35.45,34.98,35.4,1659200,35.255,0.84,42.142857142857146
2010-11-12,35.1,35.27,34.81,35.02,1571700,35.05,0.84,41.6904761904762
2010-11-15,35.14,35.18,34.81,34.89,1596400,35.005,0.84,41.535714285714285
2010-11-16,34.74,34.96,34.22,34.41,2756201,34.5825,0.84,40.96428571428571
2010-11-17,34.48,34.53,34.1,34.47,1443700,34.395,0.84,41.035714285714285
2010-11-18,35.13,36.79,35.02,36.56,6803500,35.875,0.84,43.523809523809526
2010-11-19,36.61,36.61,35.95,36.2,3173500,36.3425,0.84,43.0952380952381
2010-11-22,36.42,36.42,35.71,36.18,1684300,36.1825,0.84,43.07142857142857
2010-11-23,35.75,36.01,35.6,35.93,2788900,35.8225,0.84,42.773809523809526
2010-11-24,36.17,36.38,35.8,36.16,1259300,36.1275,0.84,43.047619047619044
2010-11-26,35.82,35.94,35.64,35.88,596400,35.82,0.84,42.71428571428572
2010-11-29,35.48,35.81,35.07,35.65,2675200,35.5025,0.84,42.44047619047619
2010-11-30,35.66,36.26,35.31,35.58,3860100,35.7025,0.84,42.357142857142854
2010-12-01,36.0,36.95,35.99,36.62,2689800,36.39,0.84,43.595238095238095
2010-12-02,36.56,37.51,36.54,37.36,3050100,36.9925,0.84,44.476190476190474
2010-12-03,37.33,37.35,36.82,37.24,2124400,37.185,0.84,44.333333333333336
2010-12-06,37.03,37.26,36.98,37.17,1380400,37.11,0.84,44.25000000000001
2010-12-07,37.56,38.0,37.34,37.41,5071500,37.5775,0.84,44.535714285714285
2010-12-08,37.52,37.6,36.48,36.76,5422898,37.09,0.84,43.76190476190476
2010-12-09,36.87,36.97,36.4,36.59,3348100,36.7075,0.84,43.55952380952382
2010-12-10,36.6,37.2,36.57,37.15,2459100,36.88,0.84,44.226190476190474
2010-12-13,37.39,37.39,36.7,37.0,2376800,37.12,0.84,44.04761904761905
2010-12-14,37.2,37.45,37.04,37.26,2064600,37.2375,0.84,44.357142857142854
2010-12-15,37.13,37.39,36.86,37.08,2748326,37.115,0.84,44.142857142857146
2010-12-16,37.2,38.41,36.78,37.98,3943700,37.5925,0.84,45.214285714285715
2010-12-17,37.99,38.76,37.97,38.71,4606320,38.3575,0.84,46.083333333333336
2010-12-20,38.84,38.94,38.31,38.53,3217800,38.655,0.84,45.86904761904762
2010-12-21,38.73,38.84,38.4,38.7,2734700,38.6675,0.84,46.07142857142858
2010-12-22,38.76,39.17,38.65,39.11,2836700,38.9225,0.84,46.55952380952381
2010-12-23,39.12,39.29,38.88,38.94,2179500,39.0575,0.84,46.357142857142854
2010-12-27,38.89,38.95,38.65,38.82,1171800,38.8275,0.84,46.214285714285715
2010-12-28,38.85,38.97,38.6,38.75,1539000,38.7925,0.84,46.13095238095238
2010-12-29,38.61,38.87,38.55,38.56,1564600,38.6475,0.84,45.90476190476191
2010-12-30,38.4,38.64,38.36,38.51,1608300,38.4775,0.84,45.845238095238095
2010-12-31,38.4,38.59,38.25,38.31,1122300,38.3875,0.84,45.60714285714286
2011-01-03,38.64,39.14,38.64,38.87,2113200,38.8225,0.84,46.273809523809526
2011-01-04,38.96,39.06,38.48,38.58,2888900,38.77,0.84,45.92857142857143
2011-01-05,38.55,39.01,38.28,38.88,2850500,38.68,0.84,46.28571428571429
2011-01-06,38.95,39.41,38.88,39.35,2225400,39.1475,0.84,46.8452380952381
2011-01-07,39.4,39.53,38.75,38.8,4855800,39.12,0.84,46.19047619047619
2011-01-10,38.72,39.3,38.51,39.24,2454200,38.9425,0.84,46.714285714285715
2011-01-11,39.39,40.27,39.24,39.9,3975200,39.7,0.84,47.5
2011-01-12,40.13,40.31,39.84,40.25,2631600,40.1325,0.84,47.91666666666667
2011-01-13,40.25,40.86,40.25,40.63,3013600,40.4975,0.84,48.36904761904762
2011-01-14,40.6,40.66,40.13,40.59,3119000,40.495,0.84,48.32142857142858
2011-01-18,40.66,41.54,40.5,41.35,3824200,41.0125,0.84,49.22619047619048
2011-01-19,41.47,41.62,40.61,40.83,2836700,41.1325,0.84,48.607142857142854
2011-01-20,40.73,40.79,39.89,40.45,4525800,40.465,0.84,48.15476190476191
2011-01-21,40.99,41.41,40.78,41.3,4347300,41.12,0.84,49.166666666666664
2011-01-24,41.28,41.6,41.27,41.47,3173700,41.405,0.84,49.36904761904762
2011-01-25,41.33,41.78,41.05,41.31,2646300,41.3675,0.84,49.17857142857143
2011-01-26,41.47,41.94,41.35,41.82,2517400,41.645,0.84,49.785714285714285
2011-01-27,41.74,42.2,41.29,41.97,3586700,41.8,0.84,49.964285714285715
2011-01-28,42.03,42.03,40.93,41.07,2890000,41.515,0.84,48.892857142857146
2011-01-31,41.19,41.6,40.81,41.51,3251200,41.2775,0.84,49.416666666666664
2011-02-01,41.95,42.37,41.85,41.95,2709700,42.03,0.84,49.9404761904762
2011-02-02,41.91,42.0,41.42,41.69,2848500,41.755,0.84,49.63095238095238
2011-02-03,42.75,43.0,40.39,42.31,4406400,42.1125,0.84,50.36904761904762
2011-02-04,42.08,42.1,40.95,41.86,3243700,41.7475,0.84,49.833333333333336
2011-02-07,41.99,42.09,41.5,41.74,3025700,41.83,0.84,49.6904761904762
2011-02-08,41.63,41.83,41.39,41.62,2616700,41.6175,0.62,67.12903225806451
2011-02-09,41.48,41.59,41.08,41.41,2144100,41.39,0.62,66.79032258064515
2011-02-10,41.29,41.48,40.95,41.22,2218900,41.235,0.62,66.48387096774194
2011-02-11,41.1,41.63,40.82,41.57,2202700,41.28,0.62,67.04838709677419
2011-02-14,41.87,42.16,41.67,41.97,2253554,41.9175,0.62,67.69354838709677
2011-02-15,41.69,42.02,41.42,41.84,2274700,41.7425,0.62,67.48387096774194
2011-02-16,41.91,42.14,41.52,41.74,1693500,41.8275,0.62,67.3225806451613
2011-02-17,41.71,41.95,41.46,41.86,1956100,41.745,0.62,67.51612903225806
2011-02-18,41.89,42.14,41.76,42.14,2040900,41.9825,0.62,67.96774193548387
2011-02-22,41.69,41.87,40.99,41.05,1785000,41.4,0.62,66.20967741935483
2011-02-23,40.95,41.15,40.25,40.47,2519489,40.705,0.62,65.27419354838709
2011-02-24,40.4,40.64,40.13,40.49,2409427,40.415,0.62,65.30645161290323
2011-02-25,40.59,41.3,40.5,41.26,1906400,40.9125,0.62,66.54838709677419
2011-02-28,41.46,41.75,41.25,41.64,2154793,41.525,0.62,67.16129032258064
2011-03-01,41.69,41.98,41.37,41.37,2959903,41.6025,0.62,66.7258064516129
2011-03-02,41.31,41.45,41.05,41.14,2004300,41.2375,0.62,66.35483870967742
2011-03-03,41.58,42.93,41.48,42.84,3675100,42.2075,0.62,69.0967741935484
2011-03-04,42.81,42.82,42.17,42.53,2596136,42.5825,0.62,68.59677419354838
2011-03-07,42.6,42.89,41.77,41.97,2125583,42.3075,0.62,67.69354838709677
2011-03-08,42.06,42.51,41.96,42.21,1517645,42.185,0.62,68.08064516129032
2011-03-09,42.07,42.5,42.0,42.39,1577778,42.24,0.62,68.37096774193549
2011-03-10,41.91,42.04,41.06,41.17,3442600,41.545,0.62,66.40322580645162
2011-03-11,41.08,41.43,40.52,40.63,2271780,40.915,0.62,65.53225806451613
2011-03-14,40.32,40.78,40.14,40.29,2161040,40.3825,0.62,64.98387096774194
2011-03-15,39.14,40.39,39.09,40.1,3894918,39.68,0.62,64.67741935483872
2011-03-16,39.95,40.02,38.92,39.28,3673558,39.5425,0.62,63.35483870967742
2011-03-17,39.78,40.33,39.77,40.27,3081642,40.0375,0.62,64.95161290322581
2011-03-18,40.69,41.14,40.18,40.45,2992669,40.615,0.62,65.24193548387098
2011-03-21,40.92,41.67,40.82,40.9,1802103,41.0775,0.62,65.96774193548387
2011-03-22,40.91,41.06,40.72,40.87,2525489,40.89,0.62,65.91935483870968
2011-03-23,40.7,40.8,39.97,40.11,3316318,40.395,0.62,64.69354838709677
2011-03-24,40.27,40.81,40.2,40.72,1541894,40.5,0.62,65.6774193548387
2011-03-25,40.9,41.42,40.82,41.32,2517553,41.115,0.62,66.64516129032258
2011-03-28,41.34,41.73,41.16,41.49,2438866,41.43,0.62,66.91935483870968
2011-03-29,41.41,41.69,41.34,41.59,1792732,41.5075,0.62,67.08064516129033
2011-03-30,41.66,41.74,41.47,41.55,1792434,41.605,0.62,67.01612903225806
2011-03-31,41.35,41.58,41.02,41.13,2651101,41.27,0.62,66.33870967741936
2011-04-01,41.28,42.26,41.28,42.21,3232784,41.7575,0.62,68.08064516129032
2011-04-04,42.26,42.48,42.01,42.06,1883214,42.2025,0.62,67.83870967741936
2011-04-05,41.9,42.01,41.6,41.86,1982550,41.8425,0.62,67.51612903225806
2011-04-06,41.94,42.25,41.91,42.22,1834556,42.08,0.62,68.09677419354838
2011-04-07,42.02,42.43,41.76,42.24,1857952,42.1125,0.62,68.12903225806453
2011-04-08,42.45,42.69,42.03,42.18,2372334,42.3375,0.62,68.03225806451613
2011-04-11,42.18,42.5,41.83,41.98,1803075,42.1225,0.62,67.70967741935483
2011-04-12,41.81,42.03,41.13,41.19,2596021,41.54,0.62,66.43548387096774
2011-04-13,41.41,41.48,40.84,41.08,2664400,41.2025,0.62,66.25806451612902
2011-04-14,40.96,41.02,40.52,40.65,3308836,40.7875,0.62,65.56451612903226
2011-04-15,40.84,41.24,40.57,40.97,4496758,40.905,0.62,66.08064516129032
2011-04-18,40.49,41.37,40.31,41.26,3095168,40.8575,0.62,66.54838709677419
2011-04-19,41.36,42.08,41.3,41.98,3223859,41.68,0.62,67.70967741935483
2011-04-20,42.5,42.93,42.38,42.6,2420054,42.6025,0.62,68.70967741935485
2011-04-21,42.8,42.99,42.55,42.96,1981104,42.825,0.62,69.29032258064517
2011-04-25,42.78,42.96,42.6,42.89,1932533,42.8075,0.62,69.1774193548387
2011-04-26,43.0,43.34,42.83,43.24,2000000,43.1025,0.62,69.74193548387098
2011-04-27,43.24,44.15,43.17,44.11,2374027,43.6675,0.62,71.14516129032258
2011-04-28,44.0,44.61,42.76,43.49,4435195,43.715,0.62,70.14516129032259
2011-04-29,43.6,43.72,43.29,43.69,2880352,43.575,0.62,70.46774193548387
2011-05-02,43.8,44.33,43.8,44.32,2606600,44.0625,0.62,71.48387096774194
2011-05-03,44.18,44.52,43.97,44.51,2927947,44.295,0.62,71.79032258064515
2011-05-04,44.38,44.62,44.09,44.56,2743808,44.4125,0.62,71.87096774193549
2011-05-05,44.39,45.08,44.27,44.64,3061832,44.595,0.62,72.0
2011-05-06,45.08,45.49,44.54,44.58,3768926,44.9225,0.71,62.7887323943662
2011-05-09,44.66,45.39,44.65,45.3,2781100,45.0,0.71,63.80281690140845
2011-05-10,45.43,45.6,44.75,45.36,2507092,45.285,0.71,63.887323943661976
2011-05-11,45.23,45.4,44.64,44.87,2132528,45.035,0.71,63.19718309859155
2011-05-12,44.77,45.06,44.56,44.88,2216926,44.8175,0.71,63.21126760563381
2011-05-13,45.01,45.09,44.25,44.45,2708869,44.7,0.71,62.60563380281691
2011-05-16,44.25,45.08,44.2,44.94,2857300,44.6175,0.71,63.29577464788732
2011-05-17,44.76,44.78,44.31,44.78,2142343,44.6575,0.71,63.07042253521127
2011-05-18,44.82,45.61,44.66,45.54,2638639,45.1575,0.71,64.14084507042254
2011-05-19,45.34,45.68,45.07,45.25,1624217,45.335,0.71,63.732394366197184
2011-05-20,45.21,45.26,44.64,44.92,1649912,45.0075,0.71,63.26760563380282
2011-05-23,44.49,44.49,43.79,44.43,2380220,44.3,0.71,62.5774647887324
2011-05-24,44.46,44.75,44.24,44.72,2160100,44.5425,0.71,62.98591549295775
2011-05-25,44.64,45.07,44.55,45.04,2029753,44.825,0.71,63.43661971830986
2011-05-26,44.83,45.42,44.47,45.36,2748132,45.02,0.71,63.887323943661976
2011-05-27,45.29,45.55,44.91,45.35,1682900,45.275,0.71,63.87323943661973
2011-05-31,45.69,45.73,44.93,45.42,1919100,45.4425,0.71,63.971830985915496
2011-06-01,45.33,45.41,44.46,44.51,2030800,44.9275,0.71,62.690140845070424
2011-06-02,44.51,44.6,44.05,44.41,2023200,44.3925,0.71,62.54929577464789
2011-06-03,43.96,44.22,43.78,44.05,2436700,44.0025,0.71,62.04225352112676
2011-06-06,44.05,44.28,43.97,44.12,2032900,44.105,0.71,62.140845070422536
2011-06-07,44.35,44.45,43.96,44.05,1372144,44.2025,0.71,62.04225352112676
2011-06-08,43.98,44.14,43.74,43.98,2363500,43.96,0.71,61.943661971830984
2011-06-09,44.08,44.79,43.96,44.44,1798200,44.3175,0.71,62.59154929577465
2011-06-10,44.31,44.31,43.22,43.26,2596600,43.775,0.71,60.929577464788736
2011-06-13,43.42,43.95,43.4,43.66,2033400,43.6075,0.71,61.49295774647887
2011-06-14,44.08,44.32,43.86,43.9,2305300,44.04,0.71,61.83098591549296
2011-06-15,43.6,44.13,43.39,43.57,1672600,43.6725,0.71,61.36619718309859
2011-06-16,43.47,43.57,43.0,43.46,2072651,43.375,0.71,61.21126760563381
2011-06-17,43.74,44.17,43.74,43.88,2450900,43.8825,0.71,61.802816901408455
2011-06-20,43.65,44.51,43.65,44.46,1637900,44.0675,0.71,62.61971830985916
2011-06-21,44.75,45.26,44.51,45.07,3186300,44.8975,0.71,63.47887323943662
2011-06-22,44.99,45.17,44.5,44.51,2826692,44.7925,0.71,62.690140845070424
2011-06-23,44.08,44.39,43.47,44.31,2626600,44.0625,0.71,62.40845070422536
2011-06-24,44.3,44.5,43.87,44.0,3045800,44.1675,0.71,61.971830985915496
2011-06-27,44.06,44.37,43.7,43.94,3177100,44.0175,0.71,61.88732394366197
2011-06-28,44.13,45.02,44.06,45.02,1998200,44.5575,0.71,63.40845070422536
2011-06-29,45.07,45.14,44.57,45.01,2653400,44.9475,0.71,63.394366197183096
2011-06-30,45.21,45.48,44.97,45.42,4361600,45.27,0.71,63.971830985915496
2011-07-01,45.5,46.41,45.46,46.32,2919900,45.9225,0.71,65.23943661971832
2011-07-05,46.22,46.51,46.04,46.38,2274300,46.2875,0.71,65.32394366197184
2011-07-06,46.23,46.95,46.16,46.73,2351600,46.5175,0.71,65.8169014084507
2011-07-07,47.0,47.06,46.67,46.83,2657600,46.89,0.71,65.95774647887325
2011-07-08,46.43,46.59,46.18,46.45,2406200,46.4125,0.71,65.42253521126761
2011-07-11,45.95,46.29,45.62,45.71,2598600,45.8925,0.71,64.38028169014085
2011-07-12,45.71,46.78,45.71,46.23,3576800,46.1075,0.71,65.11267605633803
2011-07-13,46.44,47.01,46.25,46.39,2542500,46.5225,0.71,65.3380281690141
2011-07-14,46.43,46.78,45.83,46.18,2901000,46.305,0.71,65.04225352112677
2011-07-15,46.41,46.58,45.82,46.28,2715500,46.2725,0.71,65.1830985915493
2011-07-18,46.14,46.53,45.41,45.71,2094100,45.9475,0.71,64.38028169014085
2011-07-19,45.92,45.99,45.43,45.81,2667200,45.7875,0.71,64.52112676056339
2011-07-20,45.83,45.83,45.39,45.52,2683600,45.6425,0.71,64.11267605633803
2011-07-21,46.18,46.97,44.8,45.99,7104300,45.985,0.71,64.77464788732395
2011-07-22,45.99,46.26,45.83,46.04,2381481,46.03,0.71,64.84507042253522
2011-07-25,45.68,45.91,45.34,45.39,1758900,45.58,0.71,63.929577464788736
2011-07-26,45.34,45.35,44.61,44.63,2181600,44.9825,0.71,62.85915492957747
2011-07-27,44.47,44.67,43.62,43.69,3556000,44.1125,0.71,61.53521126760563
2011-07-28,43.72,44.49,43.37,43.42,3696600,43.75,0.71,61.15492957746479
2011-07-29,43.12,44.05,42.87,43.76,4294700,43.45,0.71,61.63380281690141
2011-08-01,44.06,44.13,42.12,42.78,3628200,43.2725,0.71,60.25352112676057
2011-08-02,42.57,42.91,42.11,42.14,3549600,42.4325,0.71,59.35211267605634
2011-08-03,42.35,42.51,41.25,42.19,3900800,42.075,0.71,59.42253521126761
2011-08-04,40.8,41.46,40.12,40.3,5884100,40.67,0.71,56.76056338028169
2011-08-05,40.7,40.91,39.19,40.13,5907200,40.2325,0.71,56.521126760563384
2011-08-08,38.98,39.64,37.98,37.99,6466900,38.6475,0.71,53.507042253521135
2011-08-09,38.39,39.86,37.53,39.78,8780600,38.89,0.71,56.02816901408451
2011-08-10,39.83,40.6,38.37,38.47,8671400,39.3175,0.71,54.183098591549296
2011-08-11,38.51,40.98,38.43,40.48,5140500,39.6,0.71,57.01408450704225
2011-08-12,40.7,41.5,40.44,40.87,3816800,40.8775,0.71,57.563380281690144
2011-08-15,41.27,41.62,40.71,41.6,3090900,41.3,0.71,58.591549295774655
2011-08-16,41.04,41.77,40.74,41.48,3187100,41.2575,0.71,58.4225352112676
2011-08-17,41.61,42.27,41.35,41.88,3637800,41.7775,0.71,58.98591549295775
2011-08-18,40.82,41.05,39.91,40.34,4317700,40.53,0.71,56.81690140845071
2011-08-19,39.8,40.79,39.71,39.98,3375500,40.07,0.71,56.309859154929576
2011-08-22,40.8,40.96,39.73,39.84,2768700,40.3325,0.71,56.11267605633804
2011-08-23,39.92,41.07,39.7,41.07,2303800,40.44,0.71,57.845070422535215
2011-08-24,40.94,41.37,40.6,40.98,3430100,40.9725,0.71,57.71830985915493
2011-08-25,41.1,41.24,40.1,40.23,2289800,40.6675,0.71,56.66197183098591
2011-08-26,40.07,41.27,39.27,41.04,3312300,40.4125,0.59,69.55932203389831
2011-08-29,41.45,42.07,41.42,42.06,1941637,41.75,0.59,71.28813559322035
2011-08-30,42.11,42.47,41.54,42.2,3162700,42.08,0.59,71.52542372881356
2011-08-31,42.5,43.04,42.2,42.5,2399700,42.56,0.59,72.03389830508475
2011-09-01,42.45,43.26,42.02,42.18,2530000,42.4775,0.59,71.49152542372882
2011-09-02,41.49,42.12,41.37,41.41,2027500,41.5975,0.59,70.1864406779661
2011-09-06,40.28,41.31,40.09,41.22,2249900,40.725,0.59,69.86440677966102
2011-09-07,41.93,42.62,41.56,42.62,2170100,42.1825,0.59,72.23728813559322
2011-09-08,42.43,42.78,41.69,41.71,2746000,42.1525,0.59,70.69491525423729
2011-09-09,41.25,41.33,39.91,40.18,3727200,40.6675,0.59,68.10169491525424
2011-09-12,39.83,40.18,39.3,39.93,3500200,39.81,0.59,67.67796610169492
2011-09-13,40.09,40.87,39.86,40.77,4083800,40.3975,0.59,69.10169491525424
2011-09-14,40.82,42.05,40.52,41.58,2725740,41.2425,0.59,70.47457627118644
2011-09-15,41.88,41.99,40.27,41.38,4003100,41.38,0.59,70.13559322033899
2011-09-16,41.66,43.4,41.51,43.12,5991000,42.4225,0.59,73.08474576271186
2011-09-19,42.65,43.45,42.5,43.23,2988232,42.9575,0.59,73.27118644067797
2011-09-20,43.49,44.45,43.15,44.0,3745400,43.7725,0.59,74.57627118644068
2011-09-21,44.08,44.14,42.65,42.65,3142000,43.38,0.59,72.28813559322035
2011-09-22,41.59,42.14,41.33,41.74,3895100,41.7,0.59,70.74576271186442
2011-09-23,41.57,42.29,41.19,41.72,4048000,41.6925,0.59,70.71186440677967
2011-09-26,42.23,43.37,41.61,43.35,3814600,42.64,0.59,73.47457627118645
2011-09-27,44.16,44.6,43.82,44.06,3734500,44.16,0.59,74.67796610169492
2011-09-28,43.93,44.33,43.0,43.11,3152000,43.5925,0.59,73.0677966101695
2011-09-29,43.84,44.44,42.41,43.04,3075100,43.4325,0.59,72.94915254237289
2011-09-30,42.62,42.81,41.88,41.88,3671600,42.2975,0.59,70.98305084745763
2011-10-03,41.56,42.36,39.88,39.88,5641600,40.92,0.59,67.59322033898306
2011-10-04,39.36,40.15,38.61,40.1,3834685,39.555,0.59,67.96610169491527
2011-10-05,40.16,40.71,39.96,40.45,2749400,40.32,0.59,68.55932203389831
2011-10-06,40.09,40.24,38.56,39.98,5434400,39.7175,0.59,67.76271186440678
2011-10-07,40.35,40.8,39.74,40.26,5072000,40.2875,0.59,68.23728813559322
2011-10-10,40.84,41.33,40.6,41.31,2148800,41.02,0.59,70.01694915254238
2011-10-11,41.06,41.38,40.9,41.24,1726800,41.145,0.59,69.89830508474577
2011-10-12,41.42,42.03,41.28,41.51,2403400,41.56,0.59,70.35593220338983
2011-10-13,41.23,41.57,40.82,41.52,2061200,41.285,0.59,70.37288135593221
2011-10-14,41.93,42.25,41.78,42.09,1663700,42.0125,0.59,71.33898305084746
2011-10-17,41.75,41.86,41.26,41.32,2208400,41.5475,0.59,70.03389830508475
2011-10-18,41.3,42.4,41.05,42.0,2761000,41.6875,0.59,71.1864406779661
2011-10-19,42.0,42.7,41.86,42.26,2333000,42.205,0.59,71.62711864406779
2011-10-20,42.46,42.89,41.94,42.42,2926200,42.4275,0.59,71.89830508474577
2011-10-21,42.79,44.21,42.79,44.0,3779700,43.4475,0.59,74.57627118644068
2011-10-24,43.95,44.15,43.8,44.05,1952800,43.9875,0.59,74.66101694915254
2011-10-25,44.28,44.28,42.95,43.03,2841587,43.635,0.59,72.93220338983052
2011-10-26,44.18,44.95,43.5,44.12,4322328,44.1875,0.59,74.77966101694915
2011-10-27,42.53,45.16,42.18,44.95,3431800,43.705,0.59,76.1864406779661
2011-10-28,44.58,46.23,44.58,45.49,3660800,45.22,0.59,77.10169491525424
2011-10-31,44.25,45.08,44.24,44.27,2599500,44.46,0.59,75.03389830508476
2011-11-01,42.92,43.61,42.8,43.14,3079700,43.1175,0.59,73.11864406779661
2011-11-02,43.81,44.11,43.36,43.82,2117000,43.775,0.59,74.27118644067797
2011-11-03,44.37,44.67,43.96,44.25,1875200,44.3125,0.59,75.0
2011-11-04,44.08,44.37,43.45,43.75,1480500,43.9125,0.69,63.40579710144928
2011-11-07,43.73,44.16,43.38,44.16,1491500,43.8575,0.69,64.0
2011-11-08,44.35,44.35,43.65,44.14,2625900,44.1225,0.69,63.97101449275363
2011-11-09,43.35,43.52,42.62,42.88,2400000,43.0925,0.69,62.14492753623189
2011-11-10,43.2,43.58,42.73,43.2,1787000,43.1775,0.69,62.60869565217392
2011-11-11,43.78,44.94,43.75,44.91,2650100,44.345,0.69,65.08695652173913
2011-11-14,44.58,44.88,44.25,44.35,1953300,44.515,0.69,64.27536231884059
2011-11-15,44.13,44.48,43.79,44.33,1779500,44.1825,0.69,64.2463768115942
2011-11-16,43.87,44.0,42.85,42.9,1998800,43.405,0.69,62.173913043478265
2011-11-17,42.81,43.16,42.03,42.24,2096600,42.56,0.69,61.217391304347835
2011-11-18,42.57,42.6,41.86,41.88,2254300,42.2275,0.69,60.695652173913054
2011-11-21,41.16,41.45,40.4,40.65,3422300,40.915,0.69,58.913043478260875
2011-11-22,40.5,40.97,40.29,40.53,2699800,40.5725,0.69,58.739130434782616
2011-11-23,40.16,41.18,39.81,40.85,3623600,40.5,0.69,59.20289855072465
2011-11-25,40.7,40.84,40.29,40.29,900202,40.53,0.69,58.39130434782609
2011-11-28,41.43,41.66,41.15,41.64,2502900,41.47,0.69,60.34782608695653
2011-11-29,41.82,41.82,40.71,40.9,3298903,41.3125,0.69,59.275362318840585
2011-11-30,42.0,42.48,41.59,42.46,2649800,42.1325,0.69,61.536231884057976
2011-12-01,42.47,42.94,42.29,42.37,1675400,42.5175,0.69,61.405797101449274
2011-12-02,42.61,42.62,40.93,41.44,5160300,41.9,0.69,60.05797101449276
2011-12-05,42.08,42.19,40.84,41.01,3838400,41.53,0.69,59.434782608695656
2011-12-06,41.18,41.53,40.94,41.03,2740300,41.17,0.69,59.46376811594204
2011-12-07,41.01,42.18,40.66,41.81,5434281,41.415,0.69,60.59420289855073
2011-12-08,41.6,41.78,41.19,41.29,3106000,41.465,0.69,59.84057971014493
2011-12-09,41.45,42.16,41.33,41.89,1838700,41.7075,0.69,60.710144927536234
2011-12-12,41.5,41.59,40.88,41.14,1642200,41.2775,0.69,59.62318840579711
2011-12-13,41.27,41.65,40.73,40.97,2079100,41.155,0.69,59.3768115942029
2011-12-14,40.94,41.17,40.54,40.58,2289000,40.8075,0.69,58.811594202898554
2011-12-15,41.04,41.23,40.78,41.03,1486800,41.02,0.69,59.46376811594204
2011-12-16,41.37,41.63,40.94,40.94,2970110,41.22,0.69,59.333333333333336
2011-12-19,41.08,41.2,40.22,40.34,2548600,40.71,0.69,58.46376811594204
2011-12-20,40.9,41.15,40.75,40.83,2948000,40.9075,0.69,59.173913043478265
2011-12-21,40.73,40.93,40.45,40.64,1976200,40.6875,0.69,58.89855072463769
2011-12-22,40.79,40.96,40.52,40.89,1427400,40.79,0.69,59.2608695652174
2011-12-23,41.0,41.03,40.79,40.96,1291300,40.945,0.69,59.36231884057972
2011-12-27,40.94,41.02,40.58,40.87,1395202,40.8525,0.69,59.231884057971016
2011-12-28,40.65,40.87,40.01,40.06,1190300,40.3975,0.69,58.057971014492765
2011-12-29,40.04,40.68,40.01,40.64,1222800,40.3425,0.69,58.89855072463769
2011-12-30,40.53,40.93,40.45,40.61,870100,40.63,0.69,58.85507246376812
2012-01-03,41.23,41.75,41.21,41.48,2079900,41.4175,0.69,60.11594202898551
2012-01-04,41.35,41.47,40.93,41.2,1645900,41.2375,0.69,59.71014492753624
2012-01-05,40.93,41.16,40.62,40.9,2438600,40.9025,0.69,59.275362318840585
2012-01-06,40.89,41.73,40.8,41.56,2079400,41.245,0.69,60.23188405797102
2012-01-09,41.23,41.47,40.89,41.24,2075500,41.2075,0.69,59.76811594202899
2012-01-10,41.62,41.96,41.38,41.4,1991000,41.59,0.69,60.0
2012-01-11,41.4,41.61,41.22,41.58,1581700,41.4525,0.69,60.26086956521739
2012-01-12,41.6,41.86,41.38,41.86,2240407,41.675,0.69,60.66666666666667
2012-01-13,41.53,41.65,41.15,41.25,2328200,41.395,0.69,59.78260869565218
2012-01-17,41.64,41.99,41.57,41.75,1608600,41.7375,0.69,60.5072463768116
2012-01-18,41.95,42.57,41.85,42.29,3310400,42.165,0.69,61.28985507246377
2012-01-19,42.28,42.8,41.98,42.71,1945400,42.4425,0.69,61.89855072463769
2012-01-20,42.72,43.11,42.49,42.64,2761900,42.74,0.69,61.79710144927537
2012-01-23,42.76,42.76,41.94,42.0,2381500,42.365,0.69,60.86956521739131
2012-01-24,41.77,42.18,41.62,41.85,2631700,41.855,0.69,60.652173913043484
2012-01-25,41.7,42.15,41.35,42.08,2143202,41.82,0.69,60.98550724637681
2012-01-26,42.13,42.19,41.3,42.12,2221100,41.935,0.69,61.04347826086956
2012-01-27,42.05,42.56,42.0,42.34,1503161,42.2375,0.69,61.36231884057972
2012-01-30,41.93,42.72,41.83,42.6,2105400,42.27,0.69,61.739130434782616
2012-01-31,43.39,44.49,42.8,43.03,4163039,43.4275,0.69,62.36231884057972
2012-02-01,43.23,43.68,43.08,43.08,3040500,43.2675,0.69,62.434782608695656
2012-02-02,44.02,44.02,42.09,42.22,4564700,43.0875,0.69,61.18840579710145
2012-02-03,42.56,42.82,40.93,42.05,8352500,42.09,0.69,60.94202898550725
2012-02-06,41.98,42.22,41.62,41.8,3537800,41.905,0.69,60.57971014492754
2012-02-07,41.81,42.47,41.71,42.41,2581000,42.1,0.76,55.80263157894736
2012-02-08,42.35,42.66,42.22,42.51,2209439,42.435,0.76,55.93421052631579
2012-02-09,42.62,42.62,42.08,42.13,2216000,42.3625,0.76,55.434210526315795
2012-02-10,41.9,41.99,41.64,41.88,2121491,41.8525,0.76,55.10526315789474
2012-02-13,42.15,42.4,41.99,42.37,2455800,42.2275,0.76,55.74999999999999
2012-02-14,42.18,42.53,41.83,42.06,2340700,42.15,0.76,55.3421052631579
2012-02-15,42.51,42.51,41.38,41.5,1981200,41.975,0.76,54.60526315789473
2012-02-16,41.5,41.83,41.47,41.8,1643200,41.65,0.76,54.99999999999999
2012-02-17,41.86,41.98,41.22,41.52,2759600,41.645,0.76,54.631578947368425
2012-02-21,41.68,41.75,41.15,41.3,1302300,41.47,0.76,54.34210526315789
2012-02-22,41.15,41.48,40.94,41.08,1278800,41.1625,0.76,54.05263157894736
2012-02-23,41.12,41.58,41.03,41.54,1700500,41.3175,0.76,54.6578947368421
2012-02-24,41.55,42.13,41.41,42.05,2311500,41.785,0.76,55.32894736842105
2012-02-27,41.75,42.12,41.61,41.83,1496900,41.8275,0.76,55.03947368421052
2012-02-28,41.95,42.13,41.78,42.1,1368400,41.99,0.76,55.39473684210527
2012-02-29,42.09,42.17,41.5,41.55,2322509,41.8275,0.76,54.671052631578945
2012-03-01,41.55,41.84,41.37,41.59,1820000,41.5875,0.76,54.72368421052632
2012-03-02,41.5,41.7,40.97,41.04,1679656,41.3025,0.76,54.0
2012-03-05,40.88,41.44,40.82,41.41,2092808,41.1375,0.76,54.48684210526315
2012-03-06,40.98,41.4,40.74,41.4,4319200,41.13,0.76,54.473684210526315
2012-03-07,41.39,41.42,40.87,41.05,2584600,41.1825,0.76,54.013157894736835
2012-03-08,41.13,41.8,41.12,41.75,2404800,41.45,0.76,54.93421052631579
2012-03-09,41.76,42.5,41.76,42.22,2401329,42.06,0.76,55.55263157894736
2012-03-12,42.1,42.27,41.75,41.81,1943800,41.9825,0.76,55.01315789473684
2012-03-13,41.88,42.0,41.49,41.83,2153000,41.8,0.76,55.03947368421052
2012-03-14,41.67,41.99,41.46,41.57,2078000,41.6725,0.76,54.69736842105263
2012-03-15,41.61,41.75,41.35,41.7,1231800,41.6025,0.76,54.86842105263158
2012-03-16,41.75,41.95,41.49,41.59,2150037,41.695,0.76,54.72368421052632
2012-03-19,41.5,41.67,41.2,41.23,1446000,41.4,0.76,54.24999999999999
2012-03-20,41.03,41.18,40.78,40.82,2077875,40.9525,0.76,53.71052631578947
2012-03-21,40.75,41.51,40.55,41.41,3904600,41.055,0.76,54.48684210526315
2012-03-22,41.1,41.58,41.03,41.53,1897100,41.31,0.76,54.64473684210527
2012-03-23,41.46,42.59,41.43,42.18,4906700,41.915,0.76,55.5
2012-03-26,42.5,43.36,42.37,43.28,2683700,42.8775,0.76,56.94736842105263
2012-03-27,43.37,43.39,43.08,43.31,2825500,43.2875,0.76,56.98684210526316
2012-03-28,43.13,43.31,42.68,42.92,2269821,43.01,0.76,56.473684210526315
2012-03-29,42.66,43.13,42.65,43.1,1678600,42.885,0.76,56.71052631578947
2012-03-30,43.17,43.3,42.9,43.11,2030109,43.12,0.76,56.723684210526315
2012-04-02,43.08,43.3,42.76,42.76,2111500,42.975,0.76,56.263157894736835
2012-04-03,42.8,42.98,41.91,42.22,2861800,42.4775,0.76,55.55263157894736
2012-04-04,41.95,42.5,41.95,42.38,2845400,42.195,0.76,55.76315789473684
2012-04-05,41.77,42.48,41.51,41.77,3719700,41.8825,0.76,54.96052631578948
2012-04-09,41.22,42.05,41.22,41.63,2867900,41.53,0.76,54.776315789473685
2012-04-10,41.35,41.58,40.99,40.99,2666300,41.2275,0.76,53.934210526315795
2012-04-11,41.32,41.49,40.98,41.26,1957900,41.2625,0.76,54.28947368421052
2012-04-12,42.19,42.38,41.23,41.3,4570400,41.775,0.76,54.34210526315789
2012-04-13,41.09,41.34,40.49,40.53,3105900,40.8625,0.76,53.328947368421055
2012-04-16,40.66,40.92,40.44,40.58,2775200,40.65,0.76,53.39473684210526
2012-04-17,40.71,41.82,40.71,41.7,3058800,41.235,0.76,54.86842105263158
2012-04-18,41.46,41.48,41.1,41.17,2107000,41.3025,0.76,54.17105263157895
2012-04-19,41.17,41.49,40.85,41.17,2842300,41.17,0.76,54.17105263157895
2012-04-20,41.24,41.62,41.1,41.55,2881000,41.3775,0.76,54.671052631578945
2012-04-23,41.19,41.57,40.9,41.4,2278700,41.265,0.76,54.473684210526315
2012-04-24,41.4,41.58,41.19,41.24,2078700,41.3525,0.76,54.26315789473684
2012-04-25,41.4,41.71,41.26,41.61,1387900,41.495,0.76,54.75
2012-04-26,41.4,42.12,41.08,41.91,1988962,41.6275,0.76,55.14473684210526
2012-04-27,41.99,42.46,41.77,42.31,2563500,42.1325,0.76,55.67105263157895
2012-04-30,42.14,42.49,41.99,42.27,2331400,42.2225,0.76,55.61842105263158
2012-05-01,42.14,42.66,42.03,42.45,1848979,42.32,0.76,55.85526315789474
2012-05-02,42.34,42.47,42.05,42.42,2123100,42.32,0.76,55.81578947368421
2012-05-03,42.71,43.33,42.65,43.33,3828700,43.005,0.76,57.01315789473684
2012-05-04,43.16,43.52,42.7,42.7,3648043,43.02,0.76,56.184210526315795
2012-05-07,42.63,43.11,42.6,42.86,2345600,42.8,0.76,56.39473684210526
2012-05-08,42.73,43.08,42.38,43.02,2947677,42.8025,0.96,44.81250000000001
2012-05-09,42.61,42.73,42.11,42.23,2876888,42.42,0.96,43.98958333333333
2012-05-10,42.4,42.61,42.14,42.24,2717300,42.3475,0.96,44.00000000000001
2012-05-11,42.1,42.69,42.0,42.49,2025700,42.32,0.96,44.26041666666667
2012-05-14,42.2,42.83,42.0,42.76,2030000,42.4475,0.96,44.541666666666664
2012-05-15,42.64,42.82,42.08,42.23,2391400,42.4425,0.96,43.98958333333333
2012-05-16,42.41,42.44,42.04,42.12,1355800,42.2525,0.96,43.875
2012-05-17,42.12,42.23,41.51,41.51,1417338,41.8425,0.96,43.239583333333336
2012-05-18,41.72,41.82,40.86,40.96,2096200,41.34,0.96,42.66666666666667
2012-05-21,41.07,41.42,40.88,41.35,1700200,41.18,0.96,43.07291666666667
2012-05-22,41.47,41.67,41.08,41.25,1587800,41.3675,0.96,42.96875
2012-05-23,41.12,41.31,40.61,41.0,2268500,41.01,0.96,42.708333333333336
2012-05-24,41.08,41.56,41.05,41.47,1502400,41.29,0.96,43.197916666666664
2012-05-25,41.53,41.97,41.5,41.67,1270800,41.6675,0.96,43.40625
2012-05-29,42.0,42.27,41.64,41.7,2288171,41.9025,0.96,43.43750000000001
2012-05-30,41.47,41.55,41.03,41.16,2323100,41.3025,0.96,42.875
2012-05-31,41.08,41.68,41.04,41.38,2307027,41.295,0.96,43.10416666666667
2012-06-01,40.99,41.29,40.31,40.53,2585803,40.78,0.96,42.21875
2012-06-04,40.53,40.82,40.23,40.54,2050100,40.53,0.96,42.229166666666664
2012-06-05,40.4,41.11,40.27,41.04,2401931,40.705,0.96,42.75
2012-06-06,41.13,41.51,41.01,41.48,1665900,41.2825,0.96,43.20833333333333
2012-06-07,41.88,41.98,41.62,41.72,1785600,41.8,0.96,43.458333333333336
2012-06-08,41.56,42.0,41.46,41.9,1349697,41.73,0.96,43.645833333333336
2012-06-11,42.09,42.17,41.42,41.48,1488400,41.79,0.96,43.20833333333333
2012-06-12,41.48,41.88,41.37,41.79,1804200,41.63,0.96,43.53125
2012-06-13,41.73,41.95,41.4,41.54,1470400,41.655,0.96,43.270833333333336
2012-06-14,41.67,41.94,41.6,41.82,1421800,41.7575,0.96,43.5625
2012-06-15,41.98,42.63,41.93,42.47,2324828,42.2525,0.96,44.239583333333336
2012-06-18,42.31,42.72,42.26,42.57,1263096,42.465,0.96,44.34375
2012-06-19,42.57,42.99,42.55,42.61,1784200,42.68,0.96,44.385416666666664
2012-06-20,42.61,42.69,42.0,42.19,1951200,42.3725,0.96,43.947916666666664
2012-06-21,42.37,42.43,41.53,41.54,1918100,41.9675,0.96,43.270833333333336
2012-06-22,41.65,41.81,41.23,41.68,1943662,41.5925,0.96,43.41666666666667
2012-06-25,41.23,41.33,40.67,40.67,2969200,40.975,0.96,42.364583333333336
2012-06-26,40.83,41.01,40.67,40.67,2020053,40.795,0.96,42.364583333333336
2012-06-27,40.67,40.79,40.33,40.33,2890400,40.53,0.96,42.010416666666664
2012-06-28,40.2,41.14,40.19,40.96,3162500,40.6225,0.96,42.66666666666667
2012-06-29,41.64,42.0,41.16,42.0,3293800,41.7,0.96,43.75
2012-07-02,42.0,42.54,41.94,42.4,3203400,42.22,0.96,44.166666666666664
2012-07-03,42.43,42.89,42.35,42.89,1151300,42.64,0.96,44.677083333333336
2012-07-05,42.74,42.91,42.49,42.57,1543700,42.6775,0.96,44.34375
2012-07-06,42.37,42.49,41.74,41.77,2321209,42.0925,0.96,43.51041666666667
2012-07-09,41.75,42.61,41.73,42.58,2759700,42.1675,0.96,44.354166666666664
2012-07-10,42.68,42.98,42.43,42.68,3168804,42.6925,0.96,44.458333333333336
2012-07-11,42.58,42.83,42.23,42.34,2364500,42.495,0.96,44.10416666666667
2012-07-12,42.15,42.39,41.75,42.01,2477956,42.075,0.96,43.760416666666664
2012-07-13,42.1,42.66,41.98,42.51,1719979,42.3125,0.96,44.28125
2012-07-16,42.51,42.67,42.14,42.29,1717400,42.4025,0.96,44.052083333333336
2012-07-17,42.43,42.86,42.17,42.74,2404900,42.55,0.96,44.520833333333336
2012-07-18,42.54,43.16,42.45,43.06,2804700,42.8025,0.96,44.85416666666667
2012-07-19,43.2,43.81,43.09,43.5,3698700,43.4,0.96,45.3125
2012-07-20,43.18,43.26,42.84,43.1,6610188,43.095,0.96,44.895833333333336
2012-07-23,42.58,42.65,42.19,42.48,1846100,42.475,0.96,44.25
2012-07-24,42.64,42.68,41.84,42.16,2941000,42.33,0.96,43.916666666666664
2012-07-25,42.32,42.39,41.71,42.13,1580900,42.1375,0.96,43.88541666666667
2012-07-26,42.57,42.8,41.62,42.07,2564407,42.265,0.96,43.82291666666667
2012-07-27,42.08,42.53,42.01,42.34,3399400,42.24,0.96,44.10416666666667
2012-07-30,42.4,43.46,42.3,43.31,2866600,42.8675,0.96,45.114583333333336
2012-07-31,42.33,43.83,42.1,43.09,4382297,42.8375,0.96,44.88541666666667
2012-08-01,43.34,43.38,42.43,42.53,2733500,42.92,0.96,44.302083333333336
2012-08-02,42.05,42.16,40.76,40.89,4869100,41.465,0.96,42.59375
2012-08-03,41.39,41.45,39.07,39.24,8225200,40.2875,0.96,40.87500000000001
2012-08-06,39.3,39.31,38.85,39.12,3540038,39.145,0.96,40.75
2012-08-07,39.07,39.73,39.04,39.66,4397100,39.375,0.96,41.3125
2012-08-08,39.55,40.01,39.19,39.75,3742700,39.625,0.96,41.40625
2012-08-09,39.74,40.55,39.55,40.2,4174800,40.01,0.96,41.87500000000001
2012-08-10,40.17,40.29,39.99,40.27,1574970,40.18,0.96,41.94791666666667
2012-08-13,40.11,40.11,39.81,39.98,1616300,40.0025,0.96,41.64583333333333
2012-08-14,40.14,40.16,39.69,39.77,2309900,39.94,0.96,41.427083333333336
2012-08-15,39.79,39.98,39.6,39.81,1316500,39.795,0.96,41.46875000000001
2012-08-16,39.72,39.93,39.34,39.87,2451800,39.715,0.96,41.53125
2012-08-17,39.96,39.96,39.55,39.7,1881700,39.7925,0.96,41.35416666666667
2012-08-20,39.61,40.06,39.6,40.06,1992500,39.8325,0.96,41.72916666666667
2012-08-21,40.07,40.14,39.78,39.86,2530700,39.9625,0.96,41.520833333333336
2012-08-22,39.64,39.8,39.48,39.62,2393500,39.635,0.68,58.264705882352935
2012-08-23,39.55,39.73,39.33,39.55,3257900,39.54,0.68,58.16176470588235
2012-08-24,39.56,39.83,39.3,39.72,2123400,39.6025,0.68,58.41176470588235
2012-08-27,39.73,40.03,39.53,39.79,2049000,39.77,0.68,58.514705882352935
2012-08-28,39.67,39.81,39.45,39.59,1717600,39.63,0.68,58.220588235294116
2012-08-29,39.68,40.08,39.61,40.03,2005300,39.85,0.68,58.86764705882353
2012-08-30,39.87,39.94,39.52,39.57,1970600,39.725,0.68,58.19117647058823
2012-08-31,39.74,39.89,39.41,39.55,2036900,39.6475,0.68,58.16176470588235
2012-09-04,39.6,39.88,39.48,39.69,1984200,39.6625,0.68,58.36764705882352
2012-09-05,39.03,39.45,38.88,38.98,3228534,39.085,0.68,57.323529411764696
2012-09-06,39.16,39.41,38.96,39.19,3538800,39.18,0.68,57.632352941176464
2012-09-07,39.39,39.42,38.28,38.31,5912400,38.85,0.68,56.338235294117645
2012-09-10,38.4,38.5,38.21,38.25,2867001,38.34,0.68,56.24999999999999
2012-09-11,38.3,38.37,38.11,38.11,3176327,38.2225,0.68,56.04411764705882
2012-09-12,38.26,38.3,37.65,37.75,3547600,37.99,0.68,55.514705882352935
2012-09-13,37.58,38.05,37.3,37.79,6772400,37.68,0.68,55.5735294117647
2012-09-14,37.77,38.37,37.76,38.37,7974801,38.0675,0.68,56.42647058823528
2012-09-17,38.23,38.43,38.1,38.23,2856900,38.2475,0.68,56.22058823529411
2012-09-18,38.15,38.74,37.95,38.6,2780100,38.36,0.68,56.76470588235294
2012-09-19,38.54,38.62,38.17,38.28,3164600,38.4025,0.68,56.29411764705882
2012-09-20,37.44,38.58,36.91,38.55,5813700,37.87,0.68,56.691176470588225
2012-09-21,38.66,38.86,38.47,38.61,2839399,38.65,0.68,56.77941176470588
2012-09-24,38.59,38.96,38.47,38.9,2070900,38.73,0.68,57.20588235294117
2012-09-25,38.92,39.07,38.6,39.05,4830527,38.91,0.68,57.42647058823528
2012-09-26,39.05,39.63,39.0,39.18,5227180,39.215,0.68,57.61764705882352
2012-09-27,39.08,39.84,38.74,39.63,5902840,39.3225,0.68,58.279411764705884
2012-09-28,39.48,39.57,38.86,38.97,4259500,39.22,0.68,57.30882352941176
2012-10-01,39.08,39.64,39.03,39.5,2817800,39.3125,0.68,58.088235294117645
2012-10-02,39.57,39.72,39.27,39.64,2414100,39.55,0.68,58.29411764705882
2012-10-03,39.78,39.99,39.48,39.84,2476000,39.7725,0.68,58.588235294117645
2012-10-04,39.98,40.66,39.74,40.65,3553100,40.2575,0.68,59.77941176470588
2012-10-05,40.74,40.75,40.31,40.52,2157800,40.58,0.68,59.588235294117645
2012-10-08,40.42,40.98,40.34,40.85,2384100,40.6475,0.68,60.0735294117647
2012-10-09,41.09,41.24,40.55,41.06,4066200,40.985,0.68,60.38235294117647
2012-10-10,41.12,41.12,40.53,40.8,2394700,40.8925,0.68,59.99999999999999
2012-10-11,40.93,41.1,40.79,40.91,2211300,40.9325,0.68,60.16176470588234
2012-10-12,41.06,41.22,40.82,40.89,3114284,40.9975,0.68,60.132352941176464
2012-10-15,41.07,41.61,41.04,41.61,2507400,41.3325,0.68,61.19117647058823
2012-10-16,41.79,42.07,41.69,42.05,1851600,41.9,0.68,61.83823529411764
2012-10-17,42.1,42.13,41.52,41.63,2464800,41.845,0.68,61.220588235294116
2012-10-18,41.64,41.91,41.48,41.74,1957600,41.6925,0.68,61.38235294117647
2012-10-19,41.53,41.53,41.07,41.26,3877900,41.3475,0.68,60.67647058823529
2012-10-22,41.27,41.57,41.2,41.57,3092500,41.4025,0.68,61.132352941176464
2012-10-23,41.24,41.27,40.62,40.74,2018200,40.9675,0.68,59.911764705882355
2012-10-24,40.89,41.1,40.66,40.68,1992400,40.8325,0.68,59.8235294117647
2012-10-25,41.09,41.2,40.45,40.89,3475100,40.9075,0.68,60.132352941176464
2012-10-26,40.97,41.05,40.37,40.43,2495100,40.705,0.68,59.455882352941174
2012-10-31,40.69,41.27,40.51,41.13,3214900,40.9,0.68,60.48529411764706
2012-11-01,41.02,41.45,40.98,41.3,4331800,41.1875,0.68,60.73529411764705
2012-11-02,41.59,41.68,41.08,41.1,2566540,41.3625,0.68,60.44117647058823
2012-11-05,40.93,41.09,40.29,40.48,3005500,40.6975,0.68,59.52941176470588
2012-11-06,40.51,40.75,40.34,40.5,2304100,40.525,0.68,59.55882352941176
2012-11-07,40.09,40.93,40.09,40.71,4038312,40.455,0.68,59.86764705882353
2012-11-08,40.77,40.79,40.05,40.06,2406600,40.4175,0.68,58.911764705882355
2012-11-09,40.05,40.27,39.82,40.0,1816900,40.035,0.8,50.0
2012-11-12,39.92,40.02,39.71,39.9,1553100,39.8875,0.8,49.87499999999999
2012-11-13,39.74,40.15,39.63,39.81,1627000,39.8325,0.8,49.7625
2012-11-14,39.83,39.87,39.18,39.29,2024944,39.5425,0.8,49.1125
2012-11-15,39.35,39.58,39.09,39.36,1997600,39.345,0.8,49.199999999999996
2012-11-16,39.33,39.71,39.18,39.37,4021606,39.3975,0.8,49.21249999999999
2012-11-19,39.68,39.87,39.54,39.63,4102219,39.68,0.8,49.5375
2012-11-20,39.25,39.44,38.76,39.31,3941600,39.19,0.8,49.1375
2012-11-21,39.26,39.73,39.19,39.63,1676700,39.4525,0.8,49.5375
2012-11-23,39.77,39.99,39.61,39.99,677200,39.84,0.8,49.9875
2012-11-26,39.86,39.95,39.66,39.7,2655200,39.7925,0.8,49.625
2012-11-27,39.58,39.82,39.39,39.54,2390100,39.5825,0.8,49.425
2012-11-28,39.45,39.89,39.16,39.88,1538900,39.595,0.8,49.85
2012-11-29,39.96,40.43,39.89,40.3,2356800,40.145,0.8,50.37499999999999
2012-11-30,40.3,40.53,40.23,40.45,1875500,40.3775,0.8,50.5625
2012-12-03,40.61,40.89,40.44,40.5,1370500,40.61,0.8,50.625
2012-12-04,40.34,40.6,40.34,40.4,1772800,40.42,0.8,50.49999999999999
2012-12-05,40.49,40.63,40.22,40.39,1731900,40.4325,0.8,50.4875
2012-12-06,40.42,40.56,40.23,40.44,1777200,40.4125,0.8,50.55
2012-12-07,40.48,40.91,40.35,40.9,1621100,40.66,0.8,51.12499999999999
2012-12-10,40.81,41.41,40.81,41.3,2036000,41.0825,0.8,51.62499999999999
2012-12-11,41.39,42.0,41.27,42.0,2322000,41.665,0.8,52.5
2012-12-12,42.0,42.38,41.85,41.88,2735800,42.0275,0.8,52.35
2012-12-13,41.86,42.01,41.73,41.91,1716800,41.8775,0.8,52.387499999999996
2012-12-14,41.83,42.42,41.83,42.32,2652800,42.1,0.8,52.9
2012-12-17,42.32,42.44,42.12,42.32,1624710,42.3,0.8,52.9
2012-12-18,42.47,42.74,41.97,42.65,3462326,42.4575,0.8,53.31249999999999
2012-12-19,42.65,42.65,42.0,42.01,2339944,42.3275,0.8,52.512499999999996
2012-12-20,42.01,42.31,41.87,42.31,1901600,42.125,0.8,52.8875
2012-12-21,42.29,42.3,41.75,42.03,3790379,42.0925,0.8,52.5375
2012-12-24,41.93,42.13,41.57,41.77,533600,41.85,0.8,52.2125
2012-12-26,41.8,41.88,41.47,41.66,1175800,41.7025,0.8,52.074999999999996
2012-12-27,41.65,41.71,40.88,41.35,1825257,41.3975,0.8,51.6875
2012-12-28,41.07,41.3,40.71,40.72,1288200,40.95,0.8,50.9
2012-12-31,40.67,41.19,40.49,41.18,1941900,40.8825,0.8,51.474999999999994
2013-01-02,41.51,41.75,41.06,41.69,2756400,41.5025,0.8,52.1125
2013-01-03,41.62,41.81,41.42,41.79,1760800,41.66,0.8,52.2375
2013-01-04,42.05,42.62,42.05,42.45,2370282,42.2925,0.8,53.0625
2013-01-07,42.45,42.55,42.0,42.43,2209000,42.3575,0.8,53.037499999999994
2013-01-08,42.35,42.74,42.24,42.43,1969123,42.44,0.8,53.037499999999994
2013-01-09,42.46,42.85,42.36,42.64,1372600,42.5775,0.8,53.3
2013-01-10,42.74,43.03,42.67,42.99,1648100,42.8575,0.8,53.7375
2013-01-11,43.06,43.12,42.82,43.06,2370178,43.015,0.8,53.825
2013-01-14,43.03,43.32,42.96,43.19,1302776,43.125,0.8,53.9875
2013-01-15,43.11,43.62,43.01,43.49,1926500,43.3075,0.8,54.3625
2013-01-16,43.35,44.03,43.3,43.73,2719700,43.6025,0.8,54.662499999999994
2013-01-17,43.84,44.54,43.78,44.16,3146904,44.08,0.8,55.199999999999996
2013-01-18,44.24,44.64,44.03,44.64,3904792,44.3875,0.8,55.8
2013-01-22,44.6,44.68,44.22,44.57,2186500,44.5175,0.8,55.7125
2013-01-23,44.49,45.23,44.42,45.06,3470500,44.8,0.8,56.325
2013-01-24,45.11,45.11,44.63,44.73,4091200,44.895,0.8,55.912499999999994
2013-01-25,44.82,45.01,44.62,44.9,2184100,44.8375,0.8,56.12499999999999
2013-01-28,44.91,44.91,44.53,44.64,2689100,44.7475,0.8,55.8
2013-01-29,44.63,45.05,44.56,44.98,2245035,44.805,0.8,56.224999999999994
2013-01-30,44.89,44.97,44.61,44.68,1769600,44.7875,0.8,55.849999999999994
2013-01-31,44.66,44.69,43.6,43.81,5328039,44.19,0.8,54.7625
2013-02-01,44.13,44.3,43.71,43.88,4279367,44.005,0.8,54.85
2013-02-04,43.88,43.96,43.52,43.66,3145300,43.755,0.8,54.574999999999996
2013-02-05,44.81,45.95,44.12,44.68,3930800,44.89,0.8,55.849999999999994
2013-02-06,44.7,44.73,44.09,44.2,3369011,44.43,0.89,49.66292134831461
2013-02-07,44.28,44.83,44.27,44.79,4027700,44.5425,0.89,50.32584269662921
2013-02-08,44.9,45.18,44.8,45.18,1877900,45.015,0.89,50.764044943820224
2013-02-11,45.14,45.38,45.02,45.22,1616800,45.19,0.89,50.80898876404494
2013-02-12,45.3,45.68,45.15,45.54,2351500,45.4175,0.89,51.168539325842694
2013-02-13,45.72,45.95,45.27,45.44,2776800,45.595,0.89,51.056179775280896
2013-02-14,46.72,46.75,45.6,46.0,4641600,46.2675,0.89,51.68539325842696
2013-02-15,46.05,46.7,46.01,46.7,5181965,46.365,0.89,52.47191011235955
2013-02-19,46.55,46.87,46.34,46.46,2973053,46.555,0.89,52.20224719101124
2013-02-20,46.5,46.63,46.0,46.07,1842800,46.3,0.89,51.764044943820224
2013-02-21,46.11,46.28,45.3,45.48,2767902,45.7925,0.89,51.10112359550561
2013-02-22,45.54,45.65,45.32,45.56,2083206,45.5175,0.89,51.19101123595506
2013-02-25,45.74,46.14,45.22,45.22,2378800,45.58,0.89,50.80898876404494
2013-02-26,45.44,45.76,45.3,45.69,2049324,45.5475,0.89,51.33707865168539
2013-02-27,45.73,46.37,45.59,46.26,1899288,45.9875,0.89,51.977528089887635
2013-02-28,46.21,46.5,46.17,46.21,1786591,46.2725,0.89,51.92134831460674
2013-03-01,46.17,46.51,45.87,46.51,1425436,46.265,0.89,52.258426966292134
2013-03-04,46.36,46.47,45.98,46.25,1906701,46.265,0.89,51.96629213483146
2013-03-05,46.34,46.51,46.24,46.28,1989225,46.3425,0.89,52.0
2013-03-06,46.35,46.51,46.06,46.12,1816576,46.26,0.89,51.82022471910112
2013-03-07,46.24,46.48,45.85,45.89,2677800,46.115,0.89,51.561797752808985
2013-03-08,46.0,46.3,45.92,46.28,1903700,46.125,0.89,52.0
2013-03-11,46.26,46.88,46.25,46.78,1718400,46.5425,0.89,52.56179775280899
2013-03-12,46.8,47.23,46.54,46.83,1912900,46.85,0.89,52.61797752808989
2013-03-13,46.81,47.02,46.7,46.84,2453600,46.8425,0.89,52.62921348314607
2013-03-14,46.87,47.1,46.74,47.09,2555724,46.95,0.89,52.91011235955057
2013-03-15,46.9,47.0,46.47,46.58,2483121,46.7375,0.89,52.33707865168539
2013-03-18,46.31,46.41,45.96,46.13,2374602,46.2025,0.89,51.831460674157306
2013-03-19,42.94,43.61,42.32,42.35,18457952,42.805,0.89,47.58426966292135
2013-03-20,42.33,42.57,41.42,42.14,7252621,42.115,0.89,47.348314606741575
2013-03-21,41.99,42.42,41.82,41.97,8533719,42.05,0.89,47.157303370786515
2013-03-22,41.97,42.36,41.71,42.09,7761430,42.0325,0.89,47.29213483146068
2013-03-25,42.09,42.3,41.82,42.05,6005900,42.065,0.89,47.24719101123595
2013-03-26,42.32,42.35,41.91,42.18,5047230,42.19,0.89,47.39325842696629
2013-03-27,41.71,42.03,41.54,41.71,6042605,41.7475,0.89,46.86516853932584
2013-03-28,41.75,41.8,41.55,41.62,6389254,41.68,0.89,46.764044943820224
2013-04-01,41.69,42.06,41.65,41.85,3286268,41.8125,0.89,47.02247191011236
2013-04-02,42.04,42.16,41.83,42.05,4994200,42.02,0.89,47.24719101123595
2013-04-03,42.17,42.56,42.11,42.38,6606051,42.305,0.89,47.61797752808989
2013-04-04,42.51,42.71,42.3,42.53,4477900,42.5125,0.89,47.78651685393258
2013-04-05,42.27,42.5,42.09,42.45,5294102,42.3275,0.89,47.69662921348315
2013-04-08,42.43,42.86,42.27,42.77,3167300,42.5825,0.89,48.0561797752809
2013-04-09,42.88,43.02,42.69,42.88,2799147,42.8675,0.89,48.17977528089888
2013-04-10,43.01,43.3,42.83,42.95,3228433,43.0225,0.89,48.258426966292134
2013-04-11,43.08,43.71,42.99,43.5,2701300,43.32,0.89,48.87640449438202
2013-04-12,43.36,43.47,43.19,43.27,1588915,43.3225,0.89,48.61797752808989
2013-04-15,43.42,43.62,42.99,43.01,3099268,43.26,0.89,48.32584269662921
2013-04-16,43.18,43.26,42.68,43.12,2858387,43.06,0.89,48.44943820224719
2013-04-17,43.0,43.07,42.48,42.59,1960302,42.785,0.89,47.853932584269664
2013-04-18,42.58,42.82,42.4,42.7,2052900,42.625,0.89,47.97752808988764
2013-04-19,42.82,43.08,42.5,43.07,3348191,42.8675,0.89,48.39325842696629
2013-04-22,43.15,43.61,42.79,43.38,2187662,43.2325,0.89,48.741573033707866
2013-04-23,43.57,44.06,43.45,43.8,2494800,43.72,0.89,49.21348314606741
2013-04-24,43.92,44.43,43.92,44.39,2942500,44.165,0.89,49.87640449438202
2013-04-25,45.56,45.92,44.13,44.22,7004867,44.9575,0.89,49.68539325842696
2013-04-26,44.21,44.27,43.54,43.98,3721971,44.0,0.89,49.41573033707865
2013-04-29,44.02,44.23,43.83,44.0,1989061,44.02,0.89,49.43820224719101
2013-04-30,44.08,44.36,43.62,44.22,3740969,44.07,0.89,49.68539325842696
2013-05-01,44.22,44.86,43.9,43.94,4496200,44.23,0.89,49.37078651685393
2013-05-02,44.5,46.24,44.5,46.16,5095969,45.35,0.89,51.865168539325836
2013-05-03,46.39,46.82,46.23,46.39,2764129,46.4575,0.89,52.12359550561798
2013-05-06,46.05,46.34,45.9,45.96,2824800,46.0625,0.89,51.640449438202246
2013-05-07,45.97,46.47,45.93,46.45,2258200,46.205,0.89,52.19101123595506
2013-05-08,46.37,46.66,46.04,46.37,4293200,46.36,1.01,45.91089108910891
2013-05-09,46.42,46.46,45.94,46.03,2176486,46.2125,1.01,45.57425742574257
2013-05-10,46.03,46.44,46.03,46.36,1708999,46.215,1.01,45.9009900990099
2013-05-13,46.46,46.46,46.13,46.16,1259026,46.3025,1.01,45.7029702970297
2013-05-14,46.1,46.56,46.1,46.26,2677798,46.255,1.01,45.8019801980198
2013-05-15,46.32,47.05,46.29,46.77,2390473,46.6075,1.01,46.30693069306931
2013-05-16,46.87,47.25,46.83,47.0,5242400,46.9875,1.01,46.53465346534654
2013-05-17,47.03,47.79,47.03,47.79,5090840,47.41,1.01,47.31683168316832
2013-05-20,47.7,48.4,47.68,48.02,2409300,47.95,1.01,47.54455445544555
2013-05-21,48.09,48.3,47.74,47.96,3429174,48.0225,1.01,47.48514851485149
2013-05-22,48.0,48.22,47.46,47.59,3867520,47.8175,1.01,47.11881188118812
2013-05-23,47.31,47.52,46.94,47.17,2660444,47.235,1.01,46.7029702970297
2013-05-24,47.1,47.37,46.6,47.17,1744800,47.06,1.01,46.7029702970297
2013-05-28,47.47,47.86,47.18,47.28,1513200,47.4475,1.01,46.81188118811881
2013-05-29,47.05,47.2,46.58,47.09,1972442,46.98,1.01,46.62376237623763
2013-05-30,47.1,47.83,47.03,47.67,1707200,47.4075,1.01,47.1980198019802
2013-05-31,47.52,47.86,46.96,46.96,3253394,47.325,1.01,46.495049504950494
2013-06-03,47.07,47.26,46.81,47.23,1813350,47.0925,1.01,46.76237623762376
2013-06-04,47.14,47.49,46.16,46.49,3010051,46.82,1.01,46.02970297029703
2013-06-05,46.37,46.73,45.96,46.02,2436500,46.27,1.01,45.56435643564357
2013-06-06,46.26,46.34,45.59,46.13,2294383,46.08,1.01,45.67326732673268
2013-06-07,46.48,46.9,46.4,46.9,2444600,46.67,1.01,46.43564356435643
2013-06-10,46.99,47.19,46.54,46.84,1946685,46.89,1.01,46.37623762376238
2013-06-11,46.47,47.42,46.44,46.99,3170941,46.83,1.01,46.524752475247524
2013-06-12,47.25,47.56,47.13,47.16,2822800,47.275,1.01,46.69306930693069
2013-06-13,47.13,47.95,46.85,47.9,2224822,47.4575,1.01,47.42574257425743
2013-06-14,47.81,48.37,47.69,47.83,1866300,47.925,1.01,47.35643564356435
2013-06-17,48.09,48.43,47.95,48.25,2221900,48.18,1.01,47.772277227722775
2013-06-18,48.37,48.79,48.21,48.76,2490200,48.5325,1.01,48.277227722772274
2013-06-19,48.81,48.99,48.18,48.37,3433500,48.5875,1.01,47.89108910891089
2013-06-20,48.02,48.08,46.91,47.07,3395250,47.52,1.01,46.603960396039604
2013-06-21,47.78,48.38,47.21,47.23,4281910,47.65,1.01,46.76237623762376
2013-06-24,47.03,47.14,46.42,46.58,2769800,46.7925,1.01,46.118811881188115
2013-06-25,46.96,47.0,46.32,46.64,2564072,46.73,1.01,46.17821782178218
2013-06-26,47.02,48.13,46.7,47.93,3189258,47.445,1.01,47.45544554455446
2013-06-27,47.77,48.15,47.66,47.72,1900700,47.825,1.01,47.24752475247524
2013-06-28,47.71,47.94,47.2,47.2,6542109,47.5125,1.01,46.73267326732673
2013-07-01,47.54,47.9,47.1,47.59,1974604,47.5325,1.01,47.11881188118812
2013-07-02,47.58,47.68,46.66,47.02,2377497,47.235,1.01,46.554455445544555
2013-07-03,46.84,47.43,46.52,47.3,953984,47.0225,1.01,46.83168316831683
2013-07-05,47.61,47.78,47.06,47.58,879421,47.5075,1.01,47.10891089108911
2013-07-08,47.82,47.9,47.48,47.54,2006601,47.685,1.01,47.06930693069307
2013-07-09,47.75,48.18,47.7,48.01,1991363,47.91,1.01,47.53465346534653
2013-07-10,48.03,48.93,48.01,48.79,2391848,48.44,1.01,48.306930693069305
2013-07-11,49.01,49.58,48.72,49.54,2235900,49.2125,1.01,49.04950495049505
2013-07-12,49.59,49.63,49.22,49.61,1863721,49.5125,1.01,49.118811881188115
2013-07-15,49.59,49.99,49.57,49.74,1228600,49.7225,1.01,49.24752475247525
2013-07-16,49.7,49.79,49.2,49.22,1637100,49.4775,1.01,48.73267326732673
2013-07-17,49.49,49.73,49.21,49.55,1474600,49.495,1.01,49.059405940594054
2013-07-18,49.64,50.17,49.64,50.16,2154659,49.9025,1.01,49.66336633663366
2013-07-19,50.16,50.53,49.74,50.52,4008463,50.2375,1.01,50.019801980198025
2013-07-22,50.47,50.59,50.1,50.52,1289600,50.42,1.01,50.019801980198025
2013-07-23,50.57,50.64,50.15,50.18,1249300,50.385,1.01,49.68316831683168
2013-07-24,50.31,50.42,49.72,49.86,1155400,50.0775,1.01,49.366336633663366
2013-07-25,49.67,49.85,49.33,49.67,1630995,49.63,1.01,49.17821782178218
2013-07-26,49.72,51.09,49.68,51.06,2199313,50.3875,1.01,50.554455445544555
2013-07-29,50.78,50.79,50.05,50.58,1560040,50.55,1.01,50.07920792079208
2013-07-30,50.77,50.77,50.24,50.25,1692300,50.5075,1.01,49.75247524752475
2013-07-31,50.4,50.76,49.88,50.09,3140700,50.2825,1.01,49.5940594059406
2013-08-01,50.73,51.33,50.31,51.09,2519195,50.865,1.01,50.584158415841586
2013-08-02,51.09,51.3,50.92,51.11,1952856,51.105,1.01,50.603960396039604
2013-08-05,51.0,51.59,50.9,51.54,1745435,51.2575,1.01,51.02970297029703
2013-08-06,51.42,51.54,50.86,51.44,2076743,51.315,1.01,50.930693069306926
2013-08-07,51.41,51.41,51.11,51.14,1369217,51.2675,1.01,50.633663366336634
2013-08-08,51.31,51.56,51.04,51.52,1513800,51.3575,1.01,51.00990099009901
2013-08-09,51.42,51.78,51.25,51.57,1879600,51.505,1.01,51.05940594059406
2013-08-12,51.33,51.65,51.23,51.6,1651249,51.4525,1.01,51.08910891089109
2013-08-13,51.79,52.25,51.67,52.19,3163700,51.975,1.01,51.67326732673267
2013-08-14,52.19,52.49,52.12,52.23,2401700,52.2575,1.01,51.712871287128706
2013-08-15,51.89,51.93,51.17,51.49,2302820,51.62,1.01,50.98019801980198
2013-08-16,51.26,51.54,51.2,51.32,2514910,51.33,1.01,50.81188118811881
2013-08-19,51.1,51.49,51.05,51.13,1421200,51.1925,1.01,50.62376237623763
2013-08-20,51.08,51.25,50.86,51.07,1265936,51.065,-1.73,-29.520231213872833
2013-08-21,51.07,51.12,50.19,50.28,2230728,50.665,-1.73,-29.063583815028903
2013-08-22,50.26,50.78,50.02,50.6,1311200,50.415,-1.73,-29.2485549132948
2013-08-23,50.68,51.3,50.41,51.24,1740354,50.9075,-1.73,-29.618497109826592
2013-08-26,51.24,51.4,50.96,50.97,1158343,51.1425,-1.73,-29.46242774566474
2013-08-27,50.57,50.66,49.86,50.03,1670522,50.28,-1.73,-28.91907514450867
2013-08-28,50.07,50.28,49.88,50.02,1403529,50.0625,-1.73,-28.913294797687865
2013-08-29,50.0,50.55,49.9,50.28,1242800,50.1825,-1.73,-29.063583815028903
2013-08-30,50.43,50.43,50.06,50.28,1196400,50.3,-1.73,-29.063583815028903
2013-09-03,50.82,51.05,50.02,50.22,1781213,50.5275,-1.73,-29.028901734104046
2013-09-04,50.22,50.69,50.16,50.24,1868335,50.3275,-1.73,-29.040462427745666
2013-09-05,50.17,50.78,50.13,50.17,1970900,50.3125,-1.73,-29.0
2013-09-06,50.21,50.67,49.65,50.39,1502400,50.23,-1.73,-29.127167630057805
2013-09-09,50.59,51.08,50.43,50.8,1167455,50.725,-1.73,-29.36416184971098
2013-09-10,51.01,51.45,51.01,51.13,1381214,51.15,-1.73,-29.55491329479769
2013-09-11,51.25,52.27,51.14,52.2,2119333,51.715,-1.73,-30.173410404624278
2013-09-12,52.25,53.0,52.19,52.85,2928949,52.5725,-1.73,-30.54913294797688
2013-09-13,52.77,53.28,52.6,53.02,1856000,52.9175,-1.73,-30.647398843930638
2013-09-16,53.48,53.59,53.18,53.25,1504370,53.375,-1.73,-30.78034682080925
2013-09-17,53.25,53.76,53.09,53.57,1570500,53.4175,-1.73,-30.965317919075144
2013-09-18,53.6,53.72,52.63,53.32,2363715,53.3175,-1.73,-30.820809248554912
2013-09-19,53.23,53.92,53.15,53.45,2336100,53.4375,-1.73,-30.895953757225435
2013-09-20,53.42,53.79,53.1,53.44,2632833,53.4375,-1.73,-30.890173410404625
2013-09-23,53.29,53.49,52.83,53.25,1677530,53.215,-1.73,-30.78034682080925
2013-09-24,53.28,53.35,52.38,52.4,2239436,52.8525,-1.73,-30.289017341040463
2013-09-25,52.6,52.96,52.39,52.4,1946926,52.5875,-1.73,-30.289017341040463
2013-09-26,52.63,52.82,52.0,52.32,1534400,52.4425,-1.73,-30.24277456647399
2013-09-27,51.98,52.33,51.64,52.28,1337969,52.0575,-1.73,-30.219653179190754
2013-09-30,52.0,52.23,51.79,52.15,1861500,52.0425,-1.73,-30.14450867052023
2013-10-01,52.29,53.19,52.05,53.08,2143613,52.6525,-1.73,-30.68208092485549
2013-10-02,52.82,53.33,52.65,53.21,3181744,53.0025,-1.73,-30.757225433526013
2013-10-03,52.92,53.61,52.72,53.5,3854500,53.1875,-1.73,-30.92485549132948
2013-10-04,53.44,53.96,53.19,53.85,3097802,53.61,-1.73,-31.127167630057805
2013-10-07,53.64,54.13,53.53,53.86,2020200,53.79,-1.73,-31.13294797687861
2013-10-08,54.18,54.3,52.95,53.2,3934328,53.6575,-1.73,-30.751445086705203
2013-10-09,53.21,53.44,52.92,52.95,2570936,53.13,-1.73,-30.606936416184972
2013-10-10,53.39,54.97,53.33,54.7,2612312,54.0975,-1.73,-31.618497109826592
2013-10-11,54.73,54.89,54.41,54.67,1592912,54.675,-1.73,-31.601156069364162
2013-10-14,54.44,54.88,54.23,54.88,1006610,54.6075,-1.73,-31.722543352601157
2013-10-15,54.74,55.06,54.49,54.58,1342940,54.7175,-1.73,-31.54913294797688
2013-10-16,54.99,55.56,54.76,55.54,1640009,55.2125,-1.73,-32.104046242774565
2013-10-17,55.23,56.62,55.23,56.59,1695624,55.9175,-1.73,-32.71098265895954
2013-10-18,56.66,56.78,55.74,55.92,3912032,56.275,-1.73,-32.32369942196532
2013-10-21,56.12,56.17,55.4,55.58,1842348,55.8175,-1.73,-32.127167630057805
2013-10-22,55.85,56.06,54.83,54.92,3828200,55.415,-1.73,-31.745664739884393
2013-10-23,54.91,55.21,54.34,54.81,3283837,54.8175,-1.73,-31.682080924855494
2013-10-24,55.83,56.08,54.9,55.02,5545246,55.4575,-1.73,-31.803468208092486
2013-10-25,55.01,55.14,54.82,54.95,2747300,54.98,-1.73,-31.763005780346823
2013-10-28,56.15,56.64,55.39,55.55,5461025,55.9325,-1.73,-32.10982658959537
2013-10-29,55.98,56.35,55.77,56.15,4523215,56.0625,-1.73,-32.45664739884393
2013-10-30,56.15,56.25,55.39,55.68,3299234,55.8675,-1.73,-32.1849710982659
2013-10-31,57.0,59.1,56.0,58.66,6708509,57.69,-1.73,-33.90751445086705
2013-11-01,58.34,61.18,58.22,60.25,6458900,59.4975,-1.73,-34.82658959537572
2013-11-04,60.34,61.87,60.33,61.8,5470771,61.085,-1.73,-35.72254335260116
2013-11-05,61.62,61.75,60.03,60.56,6926424,60.99,-1.73,-35.00578034682081
2013-11-06,61.47,61.92,60.86,61.25,5952700,61.375,-1.73,-35.40462427745665
2013-11-07,61.32,61.66,60.63,60.82,3988800,61.1075,1.0,60.82
2013-11-08,60.82,62.3,60.72,62.3,3222700,61.535,1.0,62.3
2013-11-11,62.15,62.98,62.11,62.96,3044500,62.55,1.0,62.96
2013-11-12,62.64,63.14,62.64,63.0,3249744,62.855,1.0,63.0
2013-11-13,62.68,63.96,62.57,63.93,3274100,63.285,1.0,63.93
2013-11-14,63.9,64.57,63.4,64.51,2939495,64.095,1.0,64.51
2013-11-15,64.38,64.86,64.13,64.84,3350500,64.5525,1.0,64.84
2013-11-18,64.85,65.17,64.52,64.73,2658316,64.8175,1.0,64.73
2013-11-19,64.57,65.0,64.38,64.94,2670106,64.7225,1.0,64.94
2013-11-20,65.0,65.26,64.74,64.78,2605831,64.945,1.0,64.78
2013-11-21,64.9,65.38,64.63,65.35,2453000,65.065,1.0,65.35
2013-11-22,65.32,65.45,64.73,65.02,3281600,65.13,1.0,65.02
2013-11-25,65.45,65.45,65.01,65.11,2028800,65.255,1.0,65.11
2013-11-26,65.14,65.39,64.83,64.9,2513003,65.065,1.0,64.9
2013-11-27,64.96,65.29,63.98,64.47,2442327,64.675,1.0,64.47
2013-11-29,64.68,65.19,64.47,64.6,833600,64.735,1.0,64.6
2013-12-02,64.36,65.0,64.04,64.62,1776300,64.505,1.0,64.62
2013-12-03,64.27,64.8,64.0,64.73,2300600,64.45,1.0,64.73
2013-12-04,64.69,64.93,63.14,63.2,4243102,63.99,1.0,63.2
2013-12-05,63.08,63.54,62.55,62.93,4879107,63.025,1.0,62.93
2013-12-06,63.74,64.18,63.58,63.93,2593200,63.8575,1.0,63.93
2013-12-09,64.14,64.66,63.8,64.27,1903834,64.2175,1.0,64.27
2013-12-10,64.06,67.75,63.74,66.22,8438412,65.4425,1.0,66.22
2013-12-11,66.81,67.6,66.07,66.23,4472256,66.6775,1.0,66.23
2013-12-12,66.05,66.69,66.0,66.17,2969400,66.2275,1.0,66.17
2013-12-13,66.17,66.43,65.57,65.68,1995235,65.9625,1.0,65.68
2013-12-16,66.09,66.19,65.41,65.62,2262307,65.8275,1.0,65.62
2013-12-17,65.76,65.76,64.62,65.38,2953808,65.38,1.0,65.38
2013-12-18,65.54,66.83,65.11,66.77,2646100,66.0625,1.0,66.77
2013-12-19,66.7,66.83,66.27,66.77,2129900,66.6425,1.0,66.77
2013-12-20,66.62,66.93,66.42,66.56,3408838,66.6325,1.0,66.56
2013-12-23,67.0,67.13,66.43,66.99,1694344,66.8875,1.0,66.99
2013-12-24,67.09,67.31,66.76,67.12,412733,67.07,1.0,67.12
2013-12-26,67.13,67.65,67.12,67.48,914726,67.345,1.0,67.48
2013-12-27,67.53,67.73,66.97,67.14,638824,67.3425,1.0,67.14
2013-12-30,66.95,67.21,66.52,67.07,970141,66.9375,1.0,67.07
2013-12-31,67.17,67.34,66.56,66.81,1232500,66.97,1.0,66.81
2014-01-02,66.45,66.65,65.91,66.13,1608509,66.285,1.0,66.13
2014-01-03,66.25,66.91,66.24,66.79,1301196,66.5475,1.0,66.79
2014-01-06,66.85,67.4,66.38,66.73,2214143,66.84,1.0,66.73
2014-01-07,66.83,67.84,66.76,67.55,2251600,67.245,1.0,67.55
2014-01-08,66.16,67.17,65.95,67.03,3602800,66.5775,1.0,67.03
2014-01-09,67.36,68.86,67.03,68.18,3823500,67.8575,1.0,68.18
2014-01-10,68.38,69.34,67.85,69.32,3432900,68.7225,1.0,69.32
2014-01-13,69.51,69.51,67.65,67.95,2660617,68.655,1.0,67.95
2014-01-14,68.01,68.3,67.6,68.2,1985427,68.0275,1.0,68.2
2014-01-15,68.25,68.3,67.56,67.91,2350309,68.005,1.0,67.91
2014-01-16,67.91,68.17,67.74,67.94,1586200,67.94,1.0,67.94
2014-01-17,68.08,68.2,67.64,67.68,3781700,67.9,1.0,67.68
2014-01-21,68.47,68.55,67.59,68.0,2199400,68.1525,1.0,68.0
2014-01-22,68.2,68.23,67.26,67.95,3116700,67.91,1.0,67.95
2014-01-23,67.55,67.84,66.71,66.96,2632100,67.265,1.0,66.96
2014-01-24,66.63,66.88,65.36,65.42,2876118,66.0725,1.0,65.42
2014-01-27,65.44,65.98,65.11,65.26,2608100,65.4475,1.0,65.26
2014-01-28,65.46,67.45,65.46,67.39,3021701,66.44,1.0,67.39
2014-01-29,66.76,67.25,66.06,66.45,2646300,66.63,1.0,66.45
2014-01-30,68.75,69.39,67.53,68.96,3887230,68.6575,1.0,68.96
2014-01-31,68.52,68.54,67.47,68.02,2546136,68.1375,1.0,68.02
2014-02-03,67.96,68.02,65.62,65.76,3835000,66.84,1.0,65.76
2014-02-04,66.13,66.38,65.24,65.56,2076506,65.8275,1.0,65.56
2014-02-05,65.38,65.97,64.78,65.37,2599201,65.375,1.0,65.37
2014-02-06,65.56,66.57,65.25,66.27,2235525,65.9125,0.81,81.81481481481481
2014-02-07,66.54,67.59,66.31,67.54,2085446,66.995,0.81,83.38271604938272
2014-02-10,67.3,67.48,66.09,66.66,3884300,66.8825,0.81,82.29629629629629
2014-02-11,66.65,69.89,66.55,69.56,5035594,68.1625,0.81,85.87654320987654
2014-02-12,69.81,70.96,69.41,69.47,3257114,69.9125,0.81,85.76543209876543
2014-02-13,69.16,70.36,68.68,69.92,2132500,69.53,0.81,86.32098765432099
2014-02-14,69.75,70.45,69.51,70.27,1494353,69.995,0.81,86.75308641975307
2014-02-18,70.11,71.24,70.0,70.8,1900345,70.5375,0.81,87.4074074074074
2014-02-19,70.79,71.87,70.41,70.94,2574638,71.0025,0.81,87.58024691358024
2014-02-20,70.98,71.81,70.58,71.51,1720600,71.22,0.81,88.28395061728395
2014-02-21,71.83,72.04,71.52,71.75,2140900,71.785,0.81,88.58024691358024
2014-02-24,71.87,72.48,71.76,71.77,1837700,71.97,0.81,88.60493827160492
2014-02-25,71.67,72.43,71.51,72.0,1979233,71.9025,0.81,88.88888888888889
2014-02-26,71.99,72.57,71.35,71.61,1685700,71.88,0.81,88.4074074074074
2014-02-27,71.48,72.04,71.02,71.83,2095642,71.5925,0.81,88.679012345679
2014-02-28,72.05,72.23,70.96,71.53,1799748,71.6925,0.81,88.30864197530863
2014-03-03,71.07,71.73,70.98,71.48,1505933,71.315,0.81,88.24691358024691
2014-03-04,72.23,73.64,72.23,73.54,2214038,72.91,0.81,90.79012345679013
2014-03-05,73.09,74.4,73.02,73.2,2105700,73.4275,0.81,90.37037037037037
2014-03-06,73.56,73.67,72.5,72.56,1755745,73.0725,0.81,89.58024691358024
2014-03-07,72.63,72.77,71.88,72.3,2112690,72.395,0.81,89.25925925925925
2014-03-10,72.23,72.63,71.7,72.47,1703846,72.2575,0.81,89.46913580246913
2014-03-11,72.58,73.14,72.3,72.54,1050104,72.64,0.81,89.55555555555556
2014-03-12,72.25,73.2,72.1,72.54,1180049,72.5225,0.81,89.55555555555556
2014-03-13,72.9,73.25,72.36,72.48,1985100,72.7475,0.81,89.48148148148148
2014-03-14,72.26,72.78,72.11,72.29,1463700,72.36,0.81,89.24691358024691
2014-03-17,72.57,73.1,72.4,72.69,1311000,72.69,0.81,89.74074074074073
2014-03-18,72.79,73.47,72.71,73.45,1313700,73.105,0.81,90.67901234567901
2014-03-19,73.35,73.5,71.7,72.13,1586100,72.67,0.81,89.04938271604937
2014-03-20,72.07,72.12,71.5,71.75,2118600,71.86,0.81,88.58024691358024
2014-03-21,72.35,72.91,70.11,70.24,4115300,71.4025,0.81,86.71604938271604
2014-03-24,70.72,71.1,69.79,70.14,2883144,70.4375,0.81,86.59259259259258
2014-03-25,70.39,71.3,70.34,71.14,2259041,70.7925,0.81,87.82716049382715
2014-03-26,71.46,71.75,70.3,70.32,2564700,70.9575,0.81,86.8148148148148
2014-03-27,70.34,70.53,68.95,69.14,2184300,69.74,0.81,85.35802469135803
2014-03-28,69.36,70.3,69.15,69.68,1456500,69.6225,0.81,86.0246913580247
2014-03-31,70.23,70.63,69.71,69.98,3300306,70.1375,0.81,86.39506172839506
2014-04-01,70.3,70.69,69.38,69.73,2523433,70.025,0.81,86.08641975308642
2014-04-02,69.83,70.37,69.68,70.28,2503545,70.04,0.81,86.76543209876543
2014-04-03,70.3,71.46,70.14,71.31,2468848,70.8025,0.81,88.03703703703704
2014-04-04,71.98,72.15,69.0,69.01,2309048,70.535,0.81,85.19753086419753
2014-04-07,68.88,69.12,67.56,68.03,2171227,68.3975,0.81,83.98765432098764
2014-04-08,67.92,68.22,66.94,67.68,1965321,67.69,0.81,83.55555555555556
2014-04-09,68.05,69.49,67.93,69.45,1815046,68.73,0.81,85.74074074074073
2014-04-10,69.54,69.74,67.18,67.19,2834114,68.4125,0.81,82.9506172839506
2014-04-11,66.7,67.19,65.53,66.14,3381627,66.39,0.81,81.65432098765432
2014-04-14,66.64,66.96,65.89,66.72,2248400,66.5525,0.81,82.37037037037037
2014-04-15,66.91,67.37,65.77,67.21,2620037,66.815,0.81,82.97530864197529
2014-04-16,67.87,68.28,67.13,68.02,1369525,67.825,0.81,83.9753086419753
2014-04-17,67.93,68.61,67.6,68.13,1419846,68.0675,0.81,84.1111111111111
2014-04-21,68.01,68.75,67.7,68.65,965425,68.2775,0.81,84.75308641975309
2014-04-22,68.65,69.32,68.28,68.86,1424618,68.7775,0.81,85.01234567901234
2014-04-23,68.97,69.29,68.53,68.95,1214830,68.935,0.81,85.12345679012346
2014-04-24,69.48,69.82,68.54,68.61,1752547,69.1125,0.81,84.7037037037037
2014-04-25,68.59,68.72,67.09,67.2,1759033,67.9,0.81,82.96296296296296
2014-04-28,67.79,68.69,67.36,68.55,2102700,68.0975,0.81,84.62962962962962
2014-04-29,68.87,69.84,68.57,69.82,2482134,69.275,0.81,86.19753086419752
2014-04-30,69.55,69.66,69.02,69.51,2155300,69.435,0.81,85.81481481481481
2014-05-01,66.77,66.8,64.33,65.12,5540530,65.755,0.81,80.39506172839506
2014-05-02,65.1,65.24,63.53,63.8,5255400,64.4175,0.81,78.76543209876543
2014-05-05,63.44,64.22,63.06,63.98,3441300,63.675,0.81,78.98765432098764
2014-05-06,63.77,64.61,63.46,64.22,3063300,64.015,0.92,69.80434782608695
2014-05-07,64.27,64.38,63.49,63.83,2357333,63.9925,0.92,69.38043478260869
2014-05-08,63.97,65.14,63.51,63.9,2637100,64.13,0.92,69.45652173913044
2014-05-09,63.96,64.45,63.41,64.41,2001116,64.0575,0.92,70.01086956521739
2014-05-12,64.69,65.45,64.66,65.02,1973037,64.955,0.92,70.67391304347825
2014-05-13,65.3,66.5,64.94,66.16,2636547,65.725,0.92,71.91304347826086
2014-05-14,66.18,66.26,65.19,65.22,1525400,65.7125,0.92,70.89130434782608
2014-05-15,64.97,65.18,64.65,64.93,1513700,64.9325,0.92,70.57608695652175
2014-05-16,64.9,65.75,64.82,65.75,2408308,65.305,0.92,71.46739130434783
2014-05-19,65.43,66.75,65.26,66.55,1780036,65.9975,0.92,72.33695652173913
2014-05-20,66.41,66.88,65.81,66.2,1660703,66.325,0.92,71.95652173913044
2014-05-21,66.39,67.65,66.21,67.39,1955300,66.91,0.92,73.25
2014-05-22,67.36,68.32,67.32,67.78,1478000,67.695,0.92,73.67391304347827
2014-05-23,67.97,68.63,67.79,68.54,1474400,68.2325,0.92,74.5
2014-05-27,68.74,69.31,68.61,69.19,1435445,68.9625,0.92,75.20652173913042
2014-05-28,68.81,69.66,68.81,69.45,1891400,69.1825,0.92,75.48913043478261
2014-05-29,69.49,71.27,69.38,71.11,2602143,70.3125,0.92,77.29347826086956
2014-05-30,70.86,71.08,70.36,70.63,2247600,70.7325,0.92,76.77173913043478
2014-06-02,70.71,71.0,70.1,70.55,1943049,70.59,0.92,76.68478260869564
2014-06-03,70.41,71.32,70.15,71.1,1982312,70.745,0.92,77.28260869565216
2014-06-04,70.95,71.12,70.47,71.05,1491234,70.8975,0.92,77.2282608695652
2014-06-05,71.0,71.54,70.65,70.72,1776400,70.9775,0.92,76.8695652173913
2014-06-06,70.81,71.16,70.56,70.77,1636331,70.825,0.92,76.92391304347825
2014-06-09,70.73,71.14,70.53,70.71,1063615,70.7775,0.92,76.8586956521739
2014-06-10,70.31,70.64,69.7,70.03,1967000,70.17,0.92,76.1195652173913
2014-06-11,69.66,70.07,69.46,69.93,2559107,69.78,0.92,76.01086956521739
2014-06-12,69.67,69.76,67.7,67.92,4137000,68.7625,0.92,73.82608695652173
2014-06-13,67.94,67.97,67.27,67.75,2841704,67.7325,0.92,73.64130434782608
2014-06-16,67.76,68.64,67.59,67.61,3075900,67.9,0.92,73.48913043478261
2014-06-17,67.5,68.44,67.45,68.22,2978100,67.9025,0.92,74.15217391304347
2014-06-18,68.19,68.8,67.91,68.74,2429925,68.41,0.92,74.71739130434781
2014-06-19,68.97,69.26,68.56,68.7,1205500,68.8725,0.92,74.67391304347827
2014-06-20,68.84,69.34,68.38,69.13,2697605,68.9225,0.92,75.14130434782608
2014-06-23,68.94,69.22,68.66,68.83,1247700,68.9125,0.92,74.81521739130434
2014-06-24,68.75,69.43,68.34,68.61,1474200,68.7825,0.92,74.57608695652173
2014-06-25,68.84,69.67,68.84,69.55,1676600,69.225,0.92,75.59782608695652
2014-06-26,69.54,69.62,69.06,69.23,1208700,69.3625,0.92,75.25
2014-06-27,68.91,69.32,68.91,69.16,1796904,69.075,0.92,75.17391304347825
2014-06-30,69.35,69.38,68.44,68.56,1578408,68.9325,0.92,74.52173913043478
2014-07-01,68.79,69.98,68.79,69.62,2215457,69.295,0.92,75.67391304347827
2014-07-02,69.48,70.19,69.41,69.59,1581818,69.6675,0.92,75.6413043478261
2014-07-03,69.78,70.52,69.65,70.41,1241019,70.09,0.92,76.53260869565217
2014-07-07,70.0,70.44,69.51,70.38,1655700,70.0825,0.92,76.49999999999999
2014-07-08,69.95,70.05,69.1,69.77,1683500,69.7175,0.92,75.83695652173913
2014-07-09,69.98,70.49,69.73,70.24,1308407,70.11,0.92,76.34782608695652
2014-07-10,69.62,70.72,69.53,70.51,1258800,70.095,0.92,76.6413043478261
2014-07-11,70.37,70.54,69.67,70.48,1103628,70.265,0.92,76.60869565217392
2014-07-14,70.85,70.85,70.32,70.64,1294100,70.665,0.92,76.78260869565217
2014-07-15,70.64,71.55,70.49,71.01,2982518,70.9225,0.92,77.18478260869566
2014-07-16,71.22,71.23,70.05,71.0,2260300,70.875,0.92,77.17391304347825
2014-07-17,70.56,71.34,70.35,70.58,1841300,70.7075,0.92,76.71739130434783
2014-07-18,70.81,71.1,70.27,71.06,1953720,70.81,0.92,77.23913043478261
2014-07-21,70.62,70.68,69.68,70.07,1927300,70.2625,0.92,76.16304347826086
2014-07-22,70.36,70.99,70.32,70.72,1529107,70.5975,0.92,76.8695652173913
2014-07-23,70.97,72.0,70.85,71.45,2575825,71.3175,0.92,77.66304347826087
2014-07-24,72.14,73.75,71.93,72.43,3435900,72.5625,0.92,78.72826086956522
2014-07-25,72.19,72.41,71.75,72.22,1363400,72.1425,0.92,78.5
2014-07-28,72.18,72.92,71.99,72.54,1622730,72.4075,0.92,78.84782608695653
2014-07-29,72.6,72.62,72.14,72.3,1842900,72.415,0.92,78.58695652173913
2014-07-30,72.5,72.84,72.06,72.75,1431800,72.5375,0.92,79.07608695652173
2014-07-31,72.25,72.7,71.49,71.65,2629365,72.0225,0.92,77.8804347826087
2014-08-01,71.63,73.15,71.57,72.37,3147900,72.18,0.92,78.66304347826087
2014-08-04,70.4,70.9,68.54,70.28,5459700,70.03,0.92,76.39130434782608
2014-08-05,70.2,71.83,69.92,70.67,2437333,70.655,0.92,76.81521739130434
2014-08-06,70.23,71.01,70.0,70.35,1095500,70.3975,0.92,76.46739130434781
2014-08-07,70.88,70.88,69.68,70.0,2154300,70.36,0.92,76.08695652173913
2014-08-08,69.93,70.96,69.66,70.94,1249000,70.3725,0.92,77.1086956521739
2014-08-11,71.4,72.0,71.15,71.24,1526235,71.4475,0.92,77.43478260869564
2014-08-12,71.09,71.53,70.54,71.02,1810931,71.045,0.92,77.19565217391303
2014-08-13,71.74,72.14,71.57,71.88,1080900,71.8325,0.69,104.17391304347827
2014-08-14,72.11,72.38,71.85,72.13,945447,72.1175,0.69,104.53623188405797
2014-08-15,72.21,72.32,71.17,71.43,3010502,71.7825,0.69,103.5217391304348
2014-08-18,71.53,72.41,71.43,72.21,1514000,71.895,0.69,104.65217391304348
2014-08-19,72.25,72.93,72.04,72.6,1824200,72.455,0.69,105.21739130434783
2014-08-20,72.45,72.6,72.15,72.48,1687526,72.42,0.69,105.04347826086958
2014-08-21,72.5,73.45,72.44,73.1,1617337,72.8725,0.69,105.94202898550725
2014-08-22,73.1,73.34,72.91,72.93,1329200,73.07,0.69,105.69565217391306
2014-08-25,73.15,73.68,73.02,73.45,1005800,73.325,0.69,106.44927536231886
2014-08-26,73.4,73.7,73.13,73.32,979815,73.3875,0.69,106.26086956521739
2014-08-27,73.05,73.58,72.6,72.67,1539731,72.975,0.69,105.31884057971016
2014-08-28,72.54,73.51,72.45,73.27,1218041,72.9425,0.69,106.18840579710145
2014-08-29,73.4,73.77,72.95,73.7,1207100,73.455,0.69,106.81159420289856
2014-09-02,73.72,73.86,73.31,73.83,2433900,73.68,0.69,107.0
2014-09-03,73.9,74.7,73.66,74.37,1955534,74.1575,0.69,107.78260869565219
2014-09-04,74.43,75.0,73.97,74.3,1938603,74.425,0.69,107.68115942028986
2014-09-05,74.29,75.45,74.2,75.32,1943940,74.815,0.69,109.15942028985508
2014-09-08,75.27,75.71,75.11,75.41,1381747,75.375,0.69,109.28985507246377
2014-09-09,75.51,75.69,75.19,75.29,1726127,75.42,0.69,109.11594202898553
2014-09-10,75.6,75.81,75.22,75.48,1328700,75.5275,0.69,109.39130434782611
2014-09-11,75.03,75.67,75.02,75.26,1353200,75.245,0.69,109.07246376811595
2014-09-12,75.26,75.52,74.87,75.39,1950500,75.26,0.69,109.2608695652174
2014-09-15,75.28,75.53,74.8,74.96,1339300,75.1425,0.69,108.6376811594203
2014-09-16,74.94,75.87,74.88,75.55,1607400,75.31,0.69,109.4927536231884
2014-09-17,75.74,75.74,74.69,74.96,2139800,75.2825,0.69,108.6376811594203
2014-09-18,75.16,75.6,74.91,75.42,1632920,75.2725,0.69,109.30434782608697
2014-09-19,75.9,76.32,75.81,76.09,2330400,76.03,0.69,110.27536231884059
2014-09-22,75.8,76.09,75.49,75.87,1345100,75.8125,0.69,109.95652173913045
2014-09-23,75.72,76.17,75.5,75.86,1565800,75.8125,0.69,109.94202898550725
2014-09-24,75.92,77.74,75.76,77.66,2081600,76.77,0.69,112.55072463768116
2014-09-25,77.29,77.69,76.09,76.16,1747135,76.8075,0.69,110.3768115942029
2014-09-26,76.17,76.41,75.18,75.68,1381400,75.86,0.69,109.68115942028987
2014-09-29,74.91,75.93,74.82,75.63,1372200,75.3225,0.69,109.60869565217392
2014-09-30,75.81,75.96,74.9,74.92,1567833,75.3975,0.69,108.57971014492755
2014-10-01,75.02,75.23,74.17,74.58,2624000,74.75,0.69,108.08695652173914
2014-10-02,74.78,75.61,74.32,75.05,2713400,74.94,0.69,108.76811594202898
2014-10-03,75.72,76.57,75.6,76.16,2334700,76.0125,0.69,110.3768115942029
2014-10-06,76.66,76.95,75.3,75.81,1697721,76.18,0.69,109.86956521739131
2014-10-07,75.43,75.57,74.47,74.49,2940100,74.99,0.69,107.95652173913044
2014-10-08,74.73,76.69,74.52,76.66,2089600,75.65,0.69,111.10144927536233
2014-10-09,76.51,76.67,75.38,75.4,1457213,75.99,0.69,109.27536231884059
2014-10-10,75.62,76.39,75.51,75.52,2701334,75.76,0.69,109.44927536231884
2014-10-13,75.42,75.47,73.85,73.91,2369300,74.6625,0.69,107.11594202898551
2014-10-14,74.3,75.53,74.07,74.58,2779000,74.62,0.69,108.08695652173914
2014-10-15,73.7,74.01,71.72,73.23,3758400,73.165,0.69,106.13043478260872
2014-10-16,71.83,73.24,71.76,72.13,3166933,72.24,0.69,104.53623188405797
2014-10-17,72.8,74.22,72.73,73.62,2799319,73.3425,0.69,106.69565217391306
2014-10-20,73.31,74.27,72.9,74.11,2476820,73.6475,0.69,107.40579710144928
2014-10-21,74.74,75.91,74.68,75.83,1761500,75.29,0.69,109.89855072463769
2014-10-22,76.13,76.75,75.81,76.0,1740607,76.1725,0.69,110.14492753623189
2014-10-23,76.87,77.13,76.33,76.45,1685904,76.695,0.69,110.79710144927537
2014-10-24,76.46,77.2,76.34,77.1,1787900,76.775,0.69,111.73913043478261
2014-10-27,77.24,78.68,77.14,78.41,2371606,77.8675,0.69,113.6376811594203
2014-10-28,78.57,78.71,77.89,78.49,1684101,78.415,0.69,113.7536231884058
2014-10-29,78.23,78.87,77.71,78.08,1909700,78.2225,0.69,113.15942028985508
2014-10-30,77.93,78.6,77.34,78.19,3194548,78.015,0.69,113.31884057971016
2014-10-31,78.87,79.13,78.21,78.48,3228233,78.6725,0.69,113.73913043478262
2014-11-03,78.66,78.92,78.37,78.58,1626100,78.6325,0.69,113.8840579710145
2014-11-04,78.9,79.73,78.48,79.51,2221613,79.155,0.69,115.23188405797103
2014-11-05,79.81,79.99,78.51,78.91,1605800,79.305,0.79,99.88607594936708
2014-11-06,79.27,79.81,78.86,79.6,1544914,79.385,0.79,100.75949367088606
2014-11-07,79.76,79.81,77.98,78.27,2255100,78.955,0.79,99.0759493670886
2014-11-10,78.45,79.11,78.15,79.09,2082311,78.7,0.79,100.11392405063292
2014-11-11,79.12,80.06,79.12,79.6,1485400,79.475,0.79,100.75949367088606
2014-11-12,79.32,80.41,79.3,80.24,2618700,79.8175,0.79,101.56962025316454
2014-11-13,80.37,81.01,80.28,80.66,2233800,80.58,0.79,102.1012658227848
2014-11-14,80.66,80.97,80.2,80.35,1622900,80.545,0.79,101.70886075949366
2014-11-17,80.42,80.86,80.11,80.36,1555000,80.4375,0.79,101.72151898734177
2014-11-18,80.29,81.23,80.11,81.01,1219682,80.66,0.79,102.54430379746836
2014-11-19,81.03,81.04,79.62,79.73,1836600,80.355,0.79,100.92405063291139
2014-11-20,79.3,79.49,78.58,78.87,2319600,79.06,0.79,99.83544303797468
2014-11-21,79.81,80.0,79.3,79.55,1809128,79.665,0.79,100.69620253164557
2014-11-24,80.02,81.07,79.68,80.97,1842029,80.435,0.79,102.49367088607595
2014-11-25,80.94,81.17,80.26,80.98,1531234,80.8375,0.79,102.50632911392405
2014-11-26,81.21,81.7,80.8,81.5,1231103,81.3025,0.79,103.16455696202532
2014-11-28,81.76,82.68,81.71,82.19,642501,82.085,0.79,104.03797468354429
2014-12-01,81.81,82.2,81.43,82.0,1492239,81.86,0.79,103.79746835443038
2014-12-02,82.0,82.4,81.81,82.13,1577900,82.085,0.79,103.96202531645568
2014-12-03,82.17,82.48,81.79,81.95,1161600,82.0975,0.79,103.73417721518987
2014-12-04,82.01,82.26,81.37,82.23,1184962,81.9675,0.79,104.0886075949367
2014-12-05,82.15,82.57,81.99,82.23,819973,82.235,0.79,104.0886075949367
2014-12-08,82.25,83.36,82.18,82.49,1523300,82.57,0.79,104.41772151898734
2014-12-09,81.57,81.91,81.01,81.29,1527392,81.445,0.79,102.89873417721519
2014-12-10,81.39,81.87,80.36,80.48,1735871,81.025,0.79,101.87341772151899
2014-12-11,80.84,81.79,80.3,80.47,1427149,80.85,0.79,101.86075949367088
2014-12-12,80.15,80.72,79.28,79.3,1119500,79.8625,0.79,100.37974683544303
2014-12-15,80.53,80.53,79.19,79.57,1711093,79.955,0.79,100.72151898734175
2014-12-16,79.64,81.42,79.09,79.1,1978500,79.8125,0.79,100.126582278481
2014-12-17,79.36,80.89,79.03,80.65,1711581,79.9825,0.79,102.08860759493672
2014-12-18,81.22,82.41,80.85,82.41,1642341,81.7225,0.79,104.31645569620252
2014-12-19,82.81,83.38,82.21,83.04,2586700,82.86,0.79,105.11392405063292
2014-12-22,82.92,83.4,82.72,83.0,1219706,83.01,0.79,105.0632911392405
2014-12-23,83.18,83.2,81.54,81.92,1346700,82.46,0.79,103.69620253164557
2014-12-24,82.11,82.59,81.85,82.07,481746,82.155,0.79,103.88607594936707
2014-12-26,82.37,82.51,81.56,81.84,1408038,82.07,0.79,103.59493670886076
2014-12-29,81.59,81.92,81.03,81.15,2069405,81.4225,0.79,102.72151898734178
2014-12-30,81.05,81.91,81.05,81.82,1264800,81.4575,0.79,103.56962025316454
2014-12-31,82.15,82.42,80.66,80.73,790566,81.49,0.79,102.18987341772151
2015-01-02,81.18,81.61,79.87,80.51,1019523,80.7925,0.79,101.9113924050633
2015-01-05,80.19,80.92,79.78,80.05,1346000,80.235,0.79,101.32911392405063
2015-01-06,80.33,80.78,78.41,79.19,2106390,79.6775,0.79,100.24050632911391
2015-01-07,80.05,82.13,79.52,82.03,2024500,80.9325,0.79,103.83544303797468
2015-01-08,82.75,84.59,82.72,84.56,2741747,83.655,0.79,107.0379746835443
2015-01-09,84.44,84.48,83.63,83.84,1770348,84.0975,0.79,106.12658227848101
2015-01-12,84.04,84.6,82.73,82.81,1353148,83.545,0.79,104.82278481012658
2015-01-13,83.67,84.39,81.93,82.5,1723600,83.1225,0.79,104.43037974683544
2015-01-14,81.75,82.35,81.47,81.95,1359000,81.88,0.79,103.73417721518987
2015-01-15,82.08,82.46,80.78,80.85,1224672,81.5425,0.79,102.34177215189872
2015-01-16,80.58,82.33,80.56,82.26,1317929,81.4325,0.79,104.12658227848101
2015-01-20,82.54,83.12,80.82,81.74,2007888,82.055,0.79,103.46835443037973
2015-01-21,81.81,82.48,81.38,81.94,2004738,81.9025,0.79,103.72151898734177
2015-01-22,82.43,83.95,81.45,83.92,2321800,82.9375,0.79,106.22784810126582
2015-01-23,83.95,84.18,83.38,83.47,1178830,83.745,0.79,105.65822784810126
2015-01-26,83.42,84.79,83.15,84.75,1515809,84.0275,0.79,107.27848101265822
2015-01-27,83.94,85.13,83.57,84.7,1633093,84.335,0.79,107.21518987341771
2015-01-28,85.79,87.33,85.04,85.39,4157200,85.8875,0.79,108.0886075949367
2015-01-29,83.73,85.35,82.76,84.82,2927300,84.165,0.79,107.36708860759492
2015-01-30,84.59,85.53,83.06,83.19,3039300,84.0925,0.79,105.30379746835442
2015-02-02,81.37,82.91,81.32,82.82,3086200,82.105,0.79,104.83544303797467
2015-02-03,83.38,83.8,82.76,83.42,2167200,83.34,0.87,95.88505747126437
2015-02-04,83.1,85.0,83.1,83.87,2653100,83.7675,0.87,96.40229885057472
2015-02-05,84.23,84.92,83.89,84.43,2228569,84.3675,0.87,97.04597701149426
2015-02-06,84.61,86.32,84.47,85.47,1936943,85.2175,0.87,98.24137931034483
2015-02-09,85.36,85.4,83.88,84.22,1514200,84.715,0.87,96.80459770114942
2015-02-10,84.9,85.18,84.48,85.12,2124205,84.92,0.87,97.83908045977012
2015-02-11,85.31,86.42,85.05,86.09,1930445,85.7175,0.87,98.95402298850576
2015-02-12,86.64,86.68,85.24,86.04,1533800,86.15,0.87,98.89655172413794
2015-02-13,86.04,86.11,85.34,86.08,1253200,85.8925,0.87,98.94252873563218
2015-02-17,86.1,86.72,85.75,86.41,1309002,86.245,0.87,99.32183908045977
2015-02-18,86.33,86.47,85.66,86.22,1420265,86.17,0.87,99.10344827586206
2015-02-19,86.26,86.54,85.87,86.17,834214,86.21,0.87,99.04597701149426
2015-02-20,85.96,87.06,85.65,87.06,1213276,86.4325,0.87,100.06896551724138
2015-02-23,87.15,88.15,86.96,88.1,1894590,87.59,0.87,101.26436781609195
2015-02-24,88.11,89.31,87.78,89.25,2442843,88.6125,0.87,102.58620689655173
2015-02-25,88.91,89.43,88.22,88.3,1678987,88.715,0.87,101.49425287356321
2015-02-26,88.16,88.82,87.73,88.17,1145138,88.22,0.87,101.3448275862069
2015-02-27,88.06,88.75,87.89,87.99,1502300,88.1725,0.87,101.13793103448275
2015-03-02,88.71,90.49,88.64,89.52,3820300,89.34,0.87,102.89655172413792
2015-03-03,89.93,89.93,87.62,88.43,1942300,88.9775,0.87,101.64367816091955
2015-03-04,88.09,89.1,87.48,89.03,1620700,88.425,0.87,102.33333333333333
2015-03-05,89.21,89.63,88.6,88.95,1504219,89.0975,0.87,102.24137931034483
2015-03-06,88.72,88.72,86.75,87.01,1501425,87.8,0.87,100.01149425287358
2015-03-09,87.26,88.15,87.03,87.98,1244101,87.605,0.87,101.1264367816092
2015-03-10,87.03,87.33,85.94,86.94,1785056,86.81,0.87,99.93103448275862
2015-03-11,87.18,87.63,86.5,87.27,1172138,87.145,0.87,100.3103448275862
2015-03-12,87.74,88.71,87.74,88.48,1197800,88.1675,0.87,101.70114942528735
2015-03-13,88.22,88.57,87.33,88.12,1172400,88.06,0.87,101.28735632183908
2015-03-16,88.73,90.0,88.64,89.98,1368101,89.3375,0.87,103.42528735632185
2015-03-17,89.46,89.72,88.94,89.55,1343728,89.4175,0.87,102.93103448275862
2015-03-18,89.33,90.63,88.6,90.38,1896937,89.735,0.87,103.88505747126436
2015-03-19,90.4,90.4,89.27,89.92,1627407,89.9975,0.87,103.35632183908046
2015-03-20,90.32,91.45,90.2,91.25,2488232,90.805,0.87,104.88505747126437
2015-03-23,91.42,91.59,90.29,90.32,1904597,90.905,0.87,103.81609195402298
2015-03-24,90.42,90.68,89.38,89.45,1705800,89.9825,0.87,102.816091954023
2015-03-25,89.73,90.64,88.86,89.01,2177900,89.56,0.87,102.3103448275862
2015-03-26,88.75,90.07,88.11,89.14,1611600,89.0175,0.87,102.45977011494253
2015-03-27,89.2,90.21,89.07,90.09,1672700,89.6425,0.87,103.55172413793103
2015-03-30,89.96,91.02,89.81,90.8,1416619,90.3975,0.87,104.36781609195403
2015-03-31,90.57,91.42,90.16,90.27,2290100,90.605,0.87,103.75862068965517
2015-04-01,90.21,90.24,88.16,88.85,2131659,89.365,0.87,102.12643678160919
2015-04-02,89.25,89.83,88.43,89.6,1257296,89.2775,0.87,102.98850574712642
2015-04-06,88.97,90.47,88.74,89.93,1400900,89.5275,0.87,103.36781609195403
2015-04-07,89.9,90.52,89.89,89.94,1180308,90.0625,0.87,103.37931034482759
2015-04-08,90.09,90.43,89.54,90.19,1623236,90.0625,0.87,103.66666666666667
2015-04-09,89.9,90.61,89.48,89.89,1490847,89.97,0.87,103.32183908045977
2015-04-10,89.76,90.6,89.51,90.52,1909383,90.0975,0.87,104.04597701149424
2015-04-13,90.48,91.24,89.38,89.62,1822900,90.18,0.87,103.01149425287358
2015-04-14,90.29,90.52,89.0,90.3,1368800,90.0275,0.87,103.79310344827586
2015-04-15,90.56,91.12,90.09,90.15,1502900,90.48,0.87,103.62068965517243
2015-04-16,90.15,90.16,89.43,89.66,1151123,89.85,0.87,103.05747126436782
2015-04-17,89.16,89.73,88.59,89.55,1460400,89.2575,0.87,102.93103448275862
2015-04-20,89.93,90.83,89.61,90.14,1425908,90.1275,0.87,103.60919540229885
2015-04-21,90.4,90.9,90.17,90.35,1000929,90.455,0.87,103.85057471264368
2015-04-22,90.46,91.62,90.31,91.5,1788974,90.9725,0.87,105.17241379310344
2015-04-23,91.09,91.89,90.68,91.5,1488625,91.29,0.87,105.17241379310344
2015-04-24,91.41,91.78,90.9,91.38,1317600,91.3675,0.87,105.03448275862068
2015-04-27,91.72,91.91,89.44,89.53,1943320,90.65,0.87,102.9080459770115
2015-04-28,89.28,90.57,88.52,90.48,2225849,89.7125,0.87,104.0
2015-04-29,89.86,90.36,88.24,88.9,2618106,89.34,0.87,102.18390804597702
2015-04-30,88.9,88.9,83.85,84.34,5378100,86.4975,0.87,96.9425287356322
2015-05-01,84.53,85.77,84.09,85.55,2945726,84.985,0.87,98.33333333333333
2015-05-04,85.77,86.23,85.19,85.63,2065301,85.705,0.87,98.42528735632183
2015-05-05,85.7,86.0,84.34,84.57,1991026,85.1525,1.1,76.88181818181818
2015-05-06,84.99,85.26,84.23,84.76,2190500,84.81,1.1,77.05454545454545
2015-05-07,84.8,85.63,84.72,84.99,2153963,85.035,1.1,77.26363636363635
2015-05-08,85.87,86.95,85.74,86.65,1657600,86.3025,1.1,78.77272727272727
2015-05-11,86.59,86.89,86.1,86.36,1754129,86.485,1.1,78.5090909090909
2015-05-12,86.11,86.44,85.77,86.16,1826600,86.12,1.1,78.32727272727271
2015-05-13,86.51,87.19,86.16,86.48,1996250,86.585,1.1,78.61818181818181
2015-05-14,87.07,88.06,86.81,88.0,1653232,87.485,1.1,80.0
2015-05-15,87.95,88.34,87.18,87.55,2296028,87.755,1.1,79.59090909090908
2015-05-18,87.57,88.43,87.37,87.85,2255014,87.805,1.1,79.86363636363635
2015-05-19,88.06,88.98,87.25,87.3,3311119,87.8975,1.1,79.36363636363636
2015-05-20,87.37,88.53,86.96,88.07,2699800,87.7325,1.1,80.06363636363635
2015-05-21,87.96,88.79,87.87,88.66,1871800,88.32,1.1,80.6
2015-05-22,88.47,88.84,88.27,88.5,1296204,88.52,1.1,80.45454545454545
2015-05-26,88.48,88.81,87.59,87.59,1756652,88.1175,1.1,79.62727272727273
2015-05-27,87.6,88.77,87.29,88.69,1340323,88.0875,1.1,80.62727272727273
2015-05-28,88.68,89.63,88.08,88.11,2032678,88.625,1.1,80.1
2015-05-29,88.16,88.91,87.81,88.17,2113800,88.2625,1.1,80.15454545454546
2015-06-01,88.33,88.72,87.62,88.42,1549436,88.2725,1.1,80.38181818181818
2015-06-02,88.02,88.49,87.68,88.03,1274517,88.055,1.1,80.02727272727272
2015-06-03,88.2,88.42,87.73,88.02,1114900,88.0925,1.1,80.0181818181818
2015-06-04,87.23,88.09,87.12,87.61,1458101,87.5125,1.1,79.64545454545454
2015-06-05,87.09,88.17,86.17,88.04,2805900,87.3675,1.1,80.03636363636363
2015-06-08,88.27,88.75,87.91,87.99,2640102,88.23,1.1,79.99090909090908
2015-06-09,88.6,88.99,87.51,87.66,2223311,88.19,1.1,79.69090909090909
2015-06-10,88.11,88.98,87.7,88.77,1903004,88.39,1.1,80.69999999999999
2015-06-11,89.23,90.11,88.75,89.67,2654307,89.44,1.1,81.51818181818182
2015-06-12,89.21,89.37,88.68,88.88,1654900,89.035,1.1,80.79999999999998
2015-06-15,88.53,88.92,88.08,88.27,2268236,88.45,1.1,80.24545454545454
2015-06-16,88.43,89.45,88.15,89.12,2310213,88.7875,1.1,81.01818181818182
2015-06-17,89.42,90.29,89.27,89.99,2236755,89.7425,1.1,81.8090909090909
2015-06-18,90.04,90.66,89.84,89.85,2603618,90.0975,1.1,81.68181818181817
2015-06-19,89.84,90.57,89.7,89.87,2513000,89.995,1.1,81.7
2015-06-22,90.56,90.74,89.78,89.86,2252930,90.235,1.1,81.69090909090909
2015-06-23,90.26,90.31,89.15,89.23,2356039,89.7375,1.1,81.11818181818181
2015-06-24,89.23,89.37,87.01,87.03,3406800,88.16,1.1,79.11818181818181
2015-06-25,87.44,87.44,85.85,86.67,3811942,86.85,1.1,78.79090909090908
2015-06-26,87.02,87.02,85.64,86.03,9080900,86.4275,1.1,78.2090909090909
2015-06-29,85.13,85.61,83.63,83.74,3795609,84.5275,1.1,76.12727272727271
2015-06-30,84.63,84.87,83.57,83.65,4071800,84.18,1.1,76.04545454545455
2015-07-01,84.29,85.13,84.18,84.95,3395066,84.6375,1.1,77.22727272727272
2015-07-02,85.25,85.46,84.14,84.5,1556800,84.8375,1.1,76.81818181818181
2015-07-06,83.69,84.88,83.63,84.54,2679328,84.185,1.1,76.85454545454546
2015-07-07,84.76,85.35,83.8,85.0,2312826,84.7275,1.1,77.27272727272727
2015-07-08,84.5,85.19,83.29,83.4,2597120,84.095,1.1,75.81818181818181
2015-07-09,84.65,84.9,83.82,84.16,2459723,84.3825,1.1,76.5090909090909
2015-07-10,85.03,85.69,84.86,85.48,1457300,85.265,1.1,77.7090909090909
2015-07-13,86.13,86.35,85.44,86.12,1376225,86.01,1.1,78.29090909090908
2015-07-14,85.76,86.57,85.36,86.17,3056800,85.965,1.1,78.33636363636363
2015-07-15,86.11,86.98,85.78,86.6,2223938,86.3675,1.1,78.72727272727272
2015-07-16,87.22,87.24,86.49,87.02,1488338,86.9925,1.1,79.1090909090909
2015-07-17,87.14,87.37,86.47,86.76,1916783,86.935,1.1,78.87272727272727
2015-07-20,86.72,87.04,86.47,86.58,1177435,86.7025,1.1,78.7090909090909
2015-07-21,86.56,86.93,85.73,86.19,1526200,86.3525,1.1,78.35454545454544
2015-07-22,86.09,86.89,86.08,86.82,1757459,86.47,1.1,78.92727272727271
2015-07-23,86.91,87.09,84.04,84.27,3063626,85.5775,1.1,76.6090909090909
2015-07-24,84.03,84.13,83.04,83.29,2232801,83.6225,1.1,75.71818181818182
2015-07-27,82.99,83.16,82.13,82.29,2744459,82.6425,1.1,74.80909090909091
2015-07-28,82.39,83.78,82.09,83.68,2187400,82.985,1.1,76.07272727272728
2015-07-29,83.85,84.43,83.42,84.35,3110641,84.0125,1.1,76.68181818181817
2015-07-30,84.52,86.47,80.05,83.34,7632424,83.595,1.1,75.76363636363637
2015-07-31,83.32,85.2,83.16,84.98,4519622,84.165,1.1,77.25454545454545
2015-08-03,84.56,86.13,84.56,85.82,2602900,85.2675,1.1,78.0181818181818
2015-08-04,86.16,86.64,85.55,85.75,2373100,86.025,1.1,77.95454545454545
2015-08-05,86.5,86.55,85.67,86.27,1780600,86.2475,1.1,78.42727272727272
2015-08-06,86.41,86.59,84.62,84.78,2038459,85.6,1.1,77.07272727272726
2015-08-07,85.0,85.13,84.01,85.08,2125700,84.805,1.1,77.34545454545454
2015-08-10,85.66,86.41,85.62,85.73,1638722,85.855,1.1,77.93636363636364
2015-08-11,85.26,86.07,85.01,85.89,1939700,85.5575,1.1,78.08181818181818
2015-08-12,85.01,85.2,83.99,85.05,2212067,84.8125,1.1,77.31818181818181
2015-08-13,85.1,85.24,84.17,84.2,1572038,84.6775,0.89,94.60674157303372
2015-08-14,83.97,84.47,83.78,84.27,1955600,84.1225,0.89,94.68539325842696
2015-08-17,83.72,84.45,82.91,84.34,1817400,83.855,0.89,94.76404494382022
2015-08-18,84.2,84.93,84.04,84.8,1563344,84.4925,0.89,95.28089887640449
2015-08-19,84.02,85.9,83.76,85.27,2473117,84.7375,0.89,95.80898876404494
2015-08-20,84.48,85.04,82.19,82.26,2544200,83.4925,0.89,92.42696629213484
2015-08-21,81.73,82.42,80.56,80.6,3033639,81.3275,0.89,90.56179775280899
2015-08-24,76.65,80.4,74.76,78.98,6632834,77.6975,0.89,88.74157303370787
2015-08-25,80.8,81.82,79.34,79.42,5448828,80.345,0.89,89.23595505617978
2015-08-26,81.23,83.67,79.79,83.55,4654615,82.06,0.89,93.87640449438202
2015-08-27,84.15,85.27,82.29,83.69,4646800,83.85,0.89,94.03370786516854
2015-08-28,83.55,83.57,82.89,83.39,2596932,83.35,0.89,93.69662921348315
2015-08-31,83.21,84.19,82.08,82.27,1902621,82.9375,0.89,92.438202247191
2015-09-01,80.46,81.42,79.68,80.23,3119402,80.4475,0.89,90.14606741573034
2015-09-02,81.23,81.75,80.55,81.65,2093900,81.295,0.89,91.74157303370787
2015-09-03,82.05,82.56,80.85,81.15,1614800,81.6525,0.89,91.17977528089888
2015-09-04,79.98,80.92,79.72,80.55,2087100,80.2925,0.89,90.50561797752809
2015-09-08,81.87,82.32,81.06,82.25,2014222,81.875,0.89,92.41573033707866
2015-09-09,83.07,83.26,81.02,81.24,2378600,82.1475,0.89,91.28089887640449
2015-09-10,81.17,83.33,80.83,83.01,2617712,82.085,0.89,93.26966292134831
2015-09-11,82.79,85.04,82.52,85.01,3073926,83.84,0.89,95.51685393258427
2015-09-14,85.09,85.22,84.01,84.31,1953800,84.6575,0.89,94.73033707865169
2015-09-15,84.48,85.38,84.17,85.08,1895600,84.7775,0.89,95.59550561797752
2015-09-16,85.12,85.56,84.63,85.36,2220915,85.1675,0.89,95.91011235955055
2015-09-17,85.51,85.78,84.51,84.77,2101801,85.1425,0.89,95.24719101123596
2015-09-18,83.95,84.43,83.34,83.63,2708300,83.8375,0.89,93.96629213483145
2015-09-21,84.25,84.89,82.81,83.0,2066188,83.7375,0.89,93.25842696629213
2015-09-22,82.18,82.18,80.44,81.5,2445006,81.575,0.89,91.57303370786516
2015-09-23,81.93,82.62,81.5,82.04,1754530,82.0225,0.89,92.17977528089888
2015-09-24,81.53,81.67,80.27,81.43,2125630,81.225,0.89,91.49438202247191
2015-09-25,82.15,82.15,79.0,79.51,1893525,80.7025,0.89,89.3370786516854
2015-09-28,79.36,79.67,76.28,77.12,2622700,78.1075,0.89,86.65168539325843
2015-09-29,76.95,78.36,76.25,76.72,2796227,77.07,0.89,86.20224719101124
2015-09-30,77.63,78.16,76.11,76.82,2106838,77.18,0.89,86.31460674157303
2015-10-01,77.03,77.23,75.82,77.12,2212700,76.8,0.89,86.65168539325843
2015-10-02,76.12,78.65,75.52,78.62,2742100,77.2275,0.89,88.3370786516854
2015-10-05,79.44,79.69,78.34,79.55,3372047,79.255,0.89,89.3820224719101
2015-10-06,79.49,79.77,77.38,78.11,2085534,78.6875,0.89,87.76404494382022
2015-10-07,78.42,78.63,77.27,77.55,3048533,77.9675,0.89,87.13483146067415
2015-10-08,77.53,78.22,76.94,77.7,2467219,77.5975,0.89,87.30337078651685
2015-10-09,77.79,78.81,77.5,78.67,2615200,78.1925,0.89,88.3932584269663
2015-10-12,78.59,80.09,78.59,80.08,1779649,79.3375,0.89,89.97752808988764
2015-10-13,79.91,81.04,79.61,80.08,2887600,80.16,0.89,89.97752808988764
2015-10-14,79.95,80.51,78.52,78.61,1781397,79.3975,0.89,88.32584269662921
2015-10-15,78.79,79.26,78.17,79.14,2928600,78.84,0.89,88.92134831460675
2015-10-16,79.22,80.3,79.17,80.13,2679708,79.705,0.89,90.03370786516854
2015-10-19,80.04,80.36,79.55,80.2,1566924,80.0375,0.89,90.1123595505618
2015-10-20,80.12,80.41,78.63,78.73,1748800,79.4725,0.89,88.46067415730337
2015-10-21,79.25,79.48,77.28,78.03,3416118,78.51,0.89,87.67415730337079
2015-10-22,78.35,78.9,76.71,77.75,3138499,77.9275,0.89,87.35955056179775
2015-10-23,78.25,80.54,78.25,80.14,2324510,79.295,0.89,90.04494382022472
2015-10-26,79.99,81.11,79.34,80.81,2147000,80.3125,0.89,90.79775280898876
2015-10-27,80.7,82.13,80.35,82.09,3167813,81.3175,0.89,92.23595505617978
2015-10-28,82.05,82.85,81.29,82.83,2028600,82.255,0.89,93.06741573033707
2015-10-29,82.8,83.32,81.8,83.01,2369549,82.7325,0.89,93.26966292134831
2015-10-30,82.97,83.54,82.17,82.2,2599925,82.72,0.89,92.35955056179776
2015-11-02,86.26,86.74,84.96,86.15,4097300,86.0275,0.89,96.79775280898878
2015-11-03,85.79,86.41,84.8,86.37,2422868,85.8425,1.17,73.82051282051283
2015-11-04,86.68,86.8,85.58,86.58,2362337,86.41,1.17,74.0
2015-11-05,86.75,88.32,86.42,88.2,2396776,87.4225,1.17,75.38461538461539
2015-11-06,88.04,88.52,87.2,88.5,2129195,88.065,1.17,75.64102564102565
2015-11-09,88.09,88.35,86.73,87.67,2044700,87.71,1.17,74.93162393162393
2015-11-10,87.67,88.17,87.25,88.03,1564900,87.78,1.17,75.23931623931624
2015-11-11,88.14,88.14,86.86,87.22,1958549,87.59,1.17,74.54700854700855
2015-11-12,86.96,86.96,85.41,85.49,1610600,86.205,1.17,73.06837606837607
2015-11-13,85.36,86.0,85.0,85.5,2321336,85.465,1.17,73.07692307692308
2015-11-16,85.4,86.24,85.18,86.19,2168317,85.7525,1.17,73.66666666666667
2015-11-17,86.29,87.02,86.19,86.72,1554946,86.555,1.17,74.11965811965813
2015-11-18,87.01,88.69,86.73,88.6,1834100,87.7575,1.17,75.72649572649573
2015-11-19,88.59,88.62,87.07,87.36,1630665,87.91,1.17,74.66666666666667
2015-11-20,87.82,88.07,87.23,87.59,2400100,87.6775,1.17,74.86324786324786
2015-11-23,87.74,88.21,87.06,87.33,1129475,87.585,1.17,74.64102564102565
2015-11-24,86.91,87.35,86.6,86.76,1481619,86.905,1.17,74.15384615384616
2015-11-25,86.99,87.18,86.56,86.98,1458034,86.9275,1.17,74.34188034188035
2015-11-27,87.07,87.7,86.74,87.29,517944,87.2,1.17,74.60683760683762
2015-11-30,87.39,87.88,86.8,86.85,1929200,87.23,1.17,74.23076923076923
2015-12-01,87.39,88.94,87.26,88.91,2345662,88.125,1.17,75.99145299145299
2015-12-02,88.6,88.88,86.87,87.29,2037800,87.91,1.17,74.60683760683762
2015-12-03,87.46,87.61,85.64,86.3,2408900,86.7525,1.17,73.76068376068376
2015-12-04,86.76,88.56,86.73,88.44,1589567,87.6225,1.17,75.58974358974359
2015-12-07,88.29,88.86,88.08,88.74,1761128,88.4925,1.17,75.84615384615384
2015-12-08,88.09,88.79,87.68,88.55,1378301,88.2775,1.17,75.68376068376068
2015-12-09,87.96,88.84,86.91,87.51,1586700,87.805,1.17,74.79487179487181
2015-12-10,87.66,88.05,86.87,87.14,1858991,87.43,1.17,74.47863247863248
2015-12-11,86.14,86.97,85.89,85.9,2527932,86.225,1.17,73.41880341880344
2015-12-14,86.06,86.57,85.34,86.52,1987617,86.1225,1.17,73.94871794871796
2015-12-15,87.01,88.09,86.46,86.68,1974869,87.06,1.17,74.08547008547009
2015-12-16,87.47,88.31,86.73,88.22,1447020,87.6825,1.17,75.40170940170941
2015-12-17,88.99,89.55,87.94,87.96,1647605,88.61,1.17,75.17948717948718
2015-12-18,87.54,87.93,86.61,86.61,2641737,87.1725,1.17,74.02564102564104
2015-12-21,87.31,88.09,86.75,88.05,1310415,87.55,1.17,75.25641025641026
2015-12-22,88.5,89.08,87.55,88.87,1112026,88.5,1.17,75.95726495726497
2015-12-23,89.32,89.94,89.08,89.65,1348047,89.4975,1.17,76.62393162393164
2015-12-24,89.48,90.0,89.27,89.71,453900,89.615,1.17,76.67521367521367
2015-12-28,89.44,90.81,89.24,90.49,1532141,89.995,1.17,77.34188034188034
2015-12-29,90.7,91.23,90.63,90.85,1193747,90.8525,1.17,77.64957264957265
2015-12-30,90.47,90.81,90.19,90.54,1021208,90.5025,1.17,77.3846153846154
2015-12-31,89.42,90.55,89.25,89.27,1059913,89.6225,1.17,76.2991452991453
2016-01-04,87.73,88.07,87.2,87.95,1675500,87.7375,1.17,75.17094017094018
2016-01-05,88.38,89.97,88.19,89.68,2366714,89.055,1.17,76.64957264957266
2016-01-06,87.94,88.58,86.77,87.24,2324917,87.6325,1.17,74.56410256410257
2016-01-07,85.96,86.76,84.69,85.0,2502600,85.6025,1.17,72.64957264957265
2016-01-08,85.36,85.76,83.57,83.86,1777331,84.6375,1.17,71.67521367521368
2016-01-11,82.31,83.35,78.23,79.27,5879469,80.79,1.17,67.75213675213675
2016-01-12,81.27,81.57,79.03,79.89,3727400,80.44,1.17,68.28205128205128
2016-01-13,79.99,80.55,77.78,78.17,2884243,79.1225,1.17,66.81196581196582
2016-01-14,78.3,82.04,78.16,81.78,3642023,80.07,1.17,69.8974358974359
2016-01-15,80.0,81.59,79.7,81.24,3844700,80.6325,1.17,69.43589743589743
2016-01-19,82.2,82.28,80.37,81.58,2561200,81.6075,1.17,69.72649572649573
2016-01-20,80.32,81.02,77.8,80.28,3022941,79.855,1.17,68.61538461538463
2016-01-21,80.32,81.53,79.39,80.08,2161351,80.33,1.17,68.44444444444444
2016-01-22,81.39,81.92,81.01,81.59,1539400,81.4775,1.17,69.73504273504274
2016-01-25,81.73,82.29,81.0,81.2,2113300,81.555,1.17,69.40170940170941
2016-01-26,81.5,82.84,80.77,82.71,1893401,81.955,1.17,70.6923076923077
2016-01-27,82.64,83.53,81.35,81.75,1922700,82.3175,1.17,69.87179487179488
2016-01-28,82.32,82.32,78.56,79.0,3530235,80.55,1.17,67.52136752136752
2016-01-29,79.73,81.42,78.89,81.37,3719000,80.3525,1.17,69.54700854700856
2016-02-01,76.5,80.75,76.23,79.8,4195542,78.32,1.17,68.2051282051282
2016-02-02,79.46,79.95,77.38,77.73,2818621,78.63,0.99,78.51515151515152
2016-02-03,78.43,78.58,75.72,77.33,2327210,77.515,0.99,78.11111111111111
2016-02-04,76.89,78.74,75.85,76.6,2546528,77.02,0.99,77.37373737373737
2016-02-05,76.26,77.36,75.91,76.61,2918800,76.535,0.99,77.38383838383838
2016-02-08,75.96,76.6,74.73,76.16,2527517,75.8625,0.99,76.92929292929293
2016-02-09,75.39,77.33,75.36,76.65,2653800,76.1825,0.99,77.42424242424244
2016-02-10,76.84,79.02,76.2,78.22,2187742,77.57,0.99,79.01010101010101
2016-02-11,76.7,78.23,76.23,77.12,2786900,77.07,0.99,77.89898989898991
2016-02-12,77.6,78.9,76.91,78.85,2168300,78.065,0.99,79.64646464646464
2016-02-16,79.56,80.35,78.86,79.77,2382100,79.635,0.99,80.57575757575758
2016-02-17,79.76,81.42,79.51,80.98,1716713,80.4175,0.99,81.7979797979798
2016-02-18,81.13,81.81,80.72,81.0,1801000,81.165,0.99,81.81818181818181
2016-02-19,81.04,81.09,80.25,80.83,2446800,80.8025,0.99,81.64646464646465
2016-02-22,81.28,82.0,80.82,81.46,1283437,81.39,0.99,82.28282828282828
2016-02-23,81.21,81.73,80.2,81.2,2273700,81.085,0.99,82.02020202020202
2016-02-24,80.34,82.41,80.23,82.14,1877500,81.28,0.99,82.96969696969697
2016-02-25,82.23,82.81,81.62,82.67,1315641,82.3325,0.99,83.5050505050505
2016-02-26,83.0,83.57,82.88,83.03,1225061,83.12,0.99,83.86868686868686
2016-02-29,82.75,83.07,81.7,81.7,1776735,82.305,0.99,82.52525252525253
2016-03-01,82.52,82.9,81.58,82.88,1817029,82.47,0.99,83.71717171717171
2016-03-02,82.58,83.64,82.36,83.16,1956960,82.935,0.99,84.0
2016-03-03,82.8,83.7,82.27,83.61,1353712,83.095,0.99,84.45454545454545
2016-03-04,83.41,84.0,82.86,83.51,1101300,83.445,0.99,84.35353535353536
2016-03-07,84.01,84.44,83.5,84.15,1285334,84.025,0.99,85.0
2016-03-08,83.48,83.66,82.66,82.71,1478004,83.1275,0.99,83.54545454545455
2016-03-09,83.13,83.45,82.79,83.18,1334700,83.1375,0.99,84.02020202020202
2016-03-10,83.65,84.0,81.47,82.32,1831747,82.86,0.99,83.15151515151514
2016-03-11,83.08,84.05,82.63,83.88,1581500,83.41,0.99,84.72727272727272
2016-03-14,84.0,84.5,83.44,83.61,1287402,83.8875,0.99,84.45454545454545
2016-03-15,82.4,82.84,80.19,80.43,2859587,81.465,0.99,81.24242424242425
2016-03-16,80.3,81.78,80.14,81.1,1859400,80.83,0.99,81.91919191919192
2016-03-17,81.16,81.31,79.21,79.74,2304900,80.355,0.99,80.54545454545455
2016-03-18,80.07,81.04,79.81,80.86,2442100,80.445,0.99,81.67676767676768
2016-03-21,80.94,81.43,80.18,80.85,1592900,80.85,0.99,81.66666666666666
2016-03-22,80.8,81.85,80.57,81.16,1434725,81.095,0.99,81.97979797979798
2016-03-23,81.35,82.2,81.03,81.28,1731205,81.465,0.99,82.1010101010101
2016-03-24,80.92,82.13,80.59,81.48,1729107,81.28,0.99,82.30303030303031
2016-03-28,81.55,81.71,80.28,80.77,1563128,81.0775,0.99,81.58585858585859
2016-03-29,80.81,81.89,80.29,81.82,1904200,81.2025,0.99,82.64646464646464
2016-03-30,82.24,82.46,81.58,81.78,1151500,82.015,0.99,82.60606060606061
2016-03-31,81.78,82.43,81.46,81.95,1663002,81.905,0.99,82.77777777777779
2016-04-01,81.68,82.28,81.33,82.16,1766113,81.8625,0.99,82.98989898989899
2016-04-04,82.29,83.27,82.29,83.13,1793034,82.745,0.99,83.96969696969697
2016-04-05,82.54,82.86,81.19,81.31,1883306,81.975,0.99,82.13131313131314
2016-04-06,81.62,84.12,81.62,84.06,2460317,82.855,0.99,84.9090909090909
2016-04-07,83.66,84.71,83.34,83.76,1858900,83.8675,0.99,84.60606060606061
2016-04-08,84.11,84.63,82.64,83.0,1408523,83.595,0.99,83.83838383838383
2016-04-11,83.11,83.27,82.01,82.2,1185800,82.6475,0.99,83.03030303030303
2016-04-12,82.33,82.86,81.92,82.56,1405013,82.4175,0.99,83.39393939393939
2016-04-13,83.04,83.92,82.67,83.87,1239532,83.375,0.99,84.71717171717172
2016-04-14,83.87,84.38,83.44,83.91,1181038,83.9,0.99,84.75757575757575
2016-04-15,83.72,84.34,83.45,84.25,1216629,83.94,0.99,85.1010101010101
2016-04-18,83.79,84.64,83.58,84.57,946655,84.145,0.99,85.42424242424242
2016-04-19,85.21,86.17,85.02,85.59,1495602,85.4975,0.99,86.45454545454545
2016-04-20,85.45,87.76,85.45,87.2,2165000,86.465,0.99,88.08080808080808
2016-04-21,87.11,87.85,86.5,86.82,1991494,87.07,0.99,87.69696969696969
2016-04-22,86.9,87.33,86.1,86.91,1371900,86.81,0.99,87.78787878787878
2016-04-25,86.56,86.91,85.72,86.35,1157200,86.385,0.99,87.22222222222221
2016-04-26,86.49,86.91,86.28,86.58,1135322,86.565,0.99,87.45454545454545
2016-04-27,86.89,87.16,86.37,86.54,1907694,86.74,0.99,87.41414141414143
2016-04-28,82.82,83.91,78.13,78.51,7081441,80.8425,0.99,79.30303030303031
2016-04-29,78.02,80.02,76.54,78.46,6335376,78.26,0.99,79.25252525252525
2016-05-02,77.5,79.6,77.14,79.5,3795223,78.435,0.99,80.3030303030303
2016-05-03,79.15,79.84,78.49,79.24,2777200,79.18,1.18,67.15254237288136
2016-05-04,79.09,79.43,77.36,77.51,3899400,78.3475,1.18,65.6864406779661
2016-05-05,76.5,79.07,75.5,78.55,5766300,77.405,1.18,66.5677966101695
2016-05-06,78.55,78.82,76.6,76.85,3745698,77.705,1.18,65.12711864406779
2016-05-09,77.05,78.73,76.91,78.47,2785000,77.79,1.18,66.5
2016-05-10,78.67,79.24,78.28,78.47,2568000,78.665,1.18,66.5
2016-05-11,78.6,78.78,76.92,76.96,3106200,77.815,1.18,65.22033898305085
2016-05-12,77.31,77.46,76.61,77.0,2850200,77.095,1.18,65.2542372881356
2016-05-13,77.04,77.31,76.18,76.25,2173732,76.695,1.18,64.61864406779661
2016-05-16,76.34,77.46,76.22,77.39,1704111,76.8525,1.18,65.58474576271186
2016-05-17,77.39,77.69,76.69,77.1,2864422,77.2175,1.18,65.33898305084746
2016-05-18,77.08,78.24,76.74,77.83,2440302,77.4725,1.18,65.95762711864407
2016-05-19,77.19,78.2,76.71,77.33,1692500,77.3575,1.18,65.53389830508475
2016-05-20,77.82,77.87,77.07,77.41,2707516,77.5425,1.18,65.60169491525424
2016-05-23,77.27,77.62,76.73,76.74,2032512,77.09,1.18,65.03389830508475
2016-05-24,77.07,77.66,76.92,77.46,1674500,77.2775,1.18,65.64406779661017
2016-05-25,77.78,77.99,76.69,76.73,3011025,77.2975,1.18,65.02542372881356
2016-05-26,76.65,77.46,76.4,77.29,2036500,76.95,1.18,65.50000000000001
2016-05-27,77.55,78.36,77.45,78.15,1857200,77.8775,1.18,66.22881355932205
2016-05-31,78.16,79.17,78.15,78.95,3613000,78.6075,1.18,66.90677966101696
2016-06-01,78.58,79.05,78.44,78.72,2596405,78.6975,1.18,66.71186440677967
2016-06-02,78.7,79.89,78.61,79.89,2361100,79.2725,1.18,67.70338983050848
2016-06-03,79.72,79.99,79.21,79.79,1988000,79.6775,1.18,67.61864406779662
2016-06-06,79.72,80.52,79.37,80.42,2021848,80.0075,1.18,68.15254237288136
2016-06-07,80.1,80.41,79.72,80.0,2142684,80.0575,1.18,67.79661016949153
2016-06-08,79.85,80.13,79.5,79.66,3437900,79.785,1.18,67.50847457627118
2016-06-09,79.56,79.96,79.11,79.29,3082766,79.48,1.18,67.1949152542373
2016-06-10,79.0,79.06,78.05,78.53,2714500,78.66,1.18,66.55084745762713
2016-06-13,78.53,78.79,78.15,78.2,2042115,78.4175,1.18,66.27118644067797
2016-06-14,78.01,78.32,77.57,77.93,1707421,77.9575,1.18,66.04237288135594
2016-06-15,78.02,78.08,76.61,76.68,3548700,77.3475,1.18,64.98305084745763
2016-06-16,76.4,76.6,75.43,76.54,3228320,76.2425,1.18,64.86440677966102
2016-06-17,76.56,76.57,75.37,75.51,2897500,76.0025,1.18,63.991525423728824
2016-06-20,76.4,77.06,76.23,76.48,2193800,76.5425,1.18,64.81355932203391
2016-06-21,76.82,77.06,76.31,76.89,1855021,76.77,1.18,65.16101694915254
2016-06-22,76.9,77.69,76.8,77.04,2148551,77.1075,1.18,65.28813559322035
2016-06-23,77.98,78.14,77.44,78.12,1279300,77.92,1.18,66.20338983050848
2016-06-24,75.64,76.25,75.04,75.23,3282019,75.54,1.18,63.7542372881356
2016-06-27,74.84,75.15,73.25,73.69,2117103,74.2325,1.18,62.449152542372886
2016-06-28,75.16,75.44,73.98,75.43,2888300,75.0025,1.18,63.92372881355933
2016-06-29,75.97,77.45,75.69,77.29,2305800,76.6,1.18,65.50000000000001
2016-06-30,77.36,78.17,76.97,78.01,2992900,77.6275,1.18,66.11016949152543
2016-07-01,77.92,78.38,77.63,78.29,2303000,78.055,1.18,66.34745762711866
2016-07-05,77.91,78.69,77.72,78.23,2576206,78.1375,1.18,66.29661016949153
2016-07-06,78.18,80.47,77.77,79.99,2853019,79.1025,1.18,67.78813559322033
2016-07-07,79.08,80.18,78.68,79.44,3949624,79.345,1.18,67.32203389830508
2016-07-08,79.55,80.44,79.34,80.38,2900446,79.9275,1.18,68.11864406779661
2016-07-11,80.5,81.45,80.38,81.06,1818400,80.8475,1.18,68.69491525423729
2016-07-12,81.15,82.0,81.12,81.77,2668721,81.51,1.18,69.29661016949153
2016-07-13,82.14,82.87,81.97,82.28,1942600,82.315,1.18,69.72881355932203
2016-07-14,82.76,83.42,82.54,82.97,1742828,82.9225,1.18,70.3135593220339
2016-07-15,83.02,83.28,82.12,82.36,2379672,82.695,1.18,69.79661016949153
2016-07-18,82.5,83.32,82.29,83.21,1587709,82.83,1.18,70.51694915254237
2016-07-19,82.94,83.5,82.38,82.82,1739115,82.91,1.18,70.1864406779661
2016-07-20,82.93,83.54,82.57,83.29,1300800,83.0825,1.18,70.58474576271188
2016-07-21,83.24,83.55,82.27,82.61,1793876,82.9175,1.18,70.00847457627118
2016-07-22,82.91,83.14,82.57,82.99,1253300,82.9025,1.18,70.33050847457628
2016-07-25,82.85,82.99,82.04,82.86,1336812,82.685,1.18,70.22033898305085
2016-07-26,82.81,83.66,82.68,83.64,1510038,83.1975,1.18,70.88135593220339
2016-07-27,83.5,83.64,82.88,83.34,1688746,83.34,1.18,70.6271186440678
2016-07-28,83.12,83.23,82.18,82.56,3311728,82.7725,1.18,69.96610169491527
2016-07-29,82.6,83.74,82.45,83.6,2727100,83.0975,1.18,70.84745762711864
2016-08-01,83.21,83.89,82.1,82.41,4588547,82.9025,1.18,69.83898305084746
2016-08-02,83.04,85.52,82.01,84.92,4813800,83.8725,1.18,71.96610169491525
2016-08-03,84.74,84.9,83.24,84.64,2616500,84.38,1.18,71.72881355932203
2016-08-04,84.52,84.8,83.51,83.58,1793500,84.1025,1.18,70.83050847457628
2016-08-05,84.0,84.74,83.69,84.36,1492800,84.1975,1.18,71.49152542372882
2016-08-08,84.64,84.7,83.61,83.78,1214600,84.1825,1.18,71.0
2016-08-09,83.91,84.05,83.56,83.8,1354700,83.83,1.18,71.01694915254238
2016-08-10,83.8,83.98,83.24,83.55,2212302,83.6425,1.18,70.80508474576271
2016-08-11,83.69,83.73,82.65,83.61,1176000,83.42,1.18,70.85593220338983
2016-08-12,83.55,83.66,83.12,83.6,1025632,83.4825,1.03,81.16504854368931
2016-08-15,83.25,83.49,83.05,83.19,1392900,83.245,1.03,80.76699029126213
2016-08-16,83.0,83.18,82.65,82.68,1059700,82.8775,1.03,80.27184466019418
2016-08-17,82.88,82.99,82.12,82.78,1491923,82.6925,1.03,80.36893203883496
2016-08-18,82.61,82.93,82.34,82.42,1541100,82.575,1.03,80.01941747572816
2016-08-19,82.12,82.36,81.56,81.72,2054831,81.94,1.03,79.33980582524272
2016-08-22,81.73,82.26,81.56,82.15,1349900,81.925,1.03,79.75728155339806
2016-08-23,82.39,82.56,82.0,82.02,899566,82.2425,1.03,79.63106796116504
2016-08-24,81.85,82.01,80.87,81.08,1262139,81.4525,1.03,78.71844660194175
2016-08-25,80.77,80.88,79.27,79.36,2097037,80.07,1.03,77.04854368932038
2016-08-26,79.65,79.76,78.76,79.35,1743700,79.38,1.03,77.03883495145631
2016-08-29,79.38,79.89,79.24,79.77,1427000,79.57,1.03,77.44660194174757
2016-08-30,79.75,79.88,79.39,79.72,858310,79.685,1.03,77.39805825242718
2016-08-31,79.71,79.99,79.11,79.67,1657800,79.62,1.03,77.3495145631068
2016-09-01,79.9,80.08,79.16,79.7,1638044,79.71,1.03,77.37864077669903
2016-09-02,80.1,80.14,79.53,79.73,1310000,79.875,1.03,77.40776699029126
2016-09-06,79.96,80.87,79.75,80.81,2161730,80.3475,1.03,78.45631067961165
2016-09-07,80.62,81.47,80.43,81.16,1438208,80.92,1.03,78.79611650485437
2016-09-08,81.0,81.1,80.52,80.71,1157929,80.8325,1.03,78.35922330097087
2016-09-09,80.12,80.12,78.81,78.81,1869600,79.465,1.03,76.51456310679612
2016-09-12,78.49,80.22,78.4,79.98,1371235,79.2725,1.03,77.6504854368932
2016-09-13,79.19,79.32,77.63,78.09,2458848,78.5575,1.03,75.81553398058253
2016-09-14,78.07,78.07,75.04,75.26,7329800,76.61,1.03,73.06796116504854
2016-09-15,75.1,76.85,74.41,76.6,4230994,75.74,1.03,74.36893203883494
2016-09-16,76.12,77.05,75.53,77.0,5941745,76.425,1.03,74.75728155339806
2016-09-19,77.06,77.63,76.54,76.57,3089146,76.95,1.03,74.3398058252427
2016-09-20,76.78,76.85,75.94,75.96,2540007,76.3825,1.03,73.74757281553397
2016-09-21,76.05,76.99,75.72,76.85,1885735,76.4025,1.03,74.61165048543688
2016-09-22,77.37,77.75,77.14,77.56,2468298,77.455,1.03,75.30097087378641
2016-09-23,77.52,77.97,77.33,77.66,2098539,77.62,1.03,75.39805825242718
2016-09-26,77.2,77.43,76.67,76.88,1700611,77.045,1.03,74.64077669902912
2016-09-27,76.71,78.18,76.62,78.14,2649120,77.4125,1.03,75.86407766990291
2016-09-28,78.09,78.38,77.61,78.26,2482103,78.085,1.03,75.98058252427185
2016-09-29,77.49,77.85,76.8,76.9,2676834,77.26,1.03,74.66019417475728
2016-09-30,77.11,78.0,76.78,77.7,2614015,77.3975,1.03,75.4368932038835
2016-10-03,77.4,77.54,75.69,75.79,2471616,76.605,1.03,73.58252427184466
2016-10-04,76.05,76.34,75.27,75.69,1933916,75.8375,1.03,73.48543689320388
2016-10-05,75.97,76.55,75.68,75.88,1864700,76.02,1.03,73.66990291262135
2016-10-06,75.43,76.72,75.1,76.71,2068723,75.99,1.03,74.4757281553398
2016-10-07,76.87,77.12,75.86,76.4,2442415,76.5625,1.03,74.1747572815534
2016-10-10,76.37,76.79,75.91,76.47,1238843,76.385,1.03,74.24271844660194
2016-10-11,76.24,76.3,75.12,75.32,1620900,75.745,1.03,73.126213592233
2016-10-12,75.52,76.21,75.15,75.79,1237452,75.6675,1.03,73.58252427184466
2016-10-13,75.36,75.6,74.69,75.34,1344024,75.2475,1.03,73.14563106796116
2016-10-14,75.66,75.85,75.07,75.27,1469100,75.4625,1.03,73.07766990291262
2016-10-17,75.27,75.51,74.91,74.96,1050142,75.1625,1.03,72.7766990291262
2016-10-18,75.53,75.85,75.14,75.73,1296000,75.5625,1.03,73.52427184466019
2016-10-19,75.74,75.88,75.14,75.21,1697474,75.4925,1.03,73.01941747572815
2016-10-20,75.24,75.73,75.05,75.58,1209138,75.4,1.03,73.37864077669903
2016-10-21,75.15,75.21,74.54,75.15,1690046,75.0125,1.03,72.96116504854369
2016-10-24,75.58,76.35,75.55,75.61,1427737,75.7725,1.03,73.40776699029126
2016-10-25,75.33,75.33,74.34,74.91,2252365,74.9775,1.03,72.72815533980582
2016-10-26,74.56,74.87,73.5,74.4,2151608,74.3325,1.03,72.23300970873787
2016-10-27,74.69,75.18,74.3,74.8,1757000,74.7425,1.03,72.62135922330097
2016-10-28,65.07,68.9,63.26,67.5,13666746,66.1825,1.03,65.53398058252426
2016-10-31,68.53,71.13,67.84,68.69,7407207,69.0475,1.03,66.68932038834951
2016-11-01,68.53,68.9,66.33,66.89,6047728,67.6625,1.03,64.94174757281553
2016-11-02,67.09,68.95,66.92,68.66,4877803,67.905,0.97,70.78350515463917
2016-11-03,69.01,69.55,65.02,65.38,5542123,67.24,0.97,67.4020618556701
2016-11-04,65.58,66.01,64.77,65.17,5803634,65.3825,0.97,67.18556701030928
2016-11-07,66.23,66.39,65.38,66.0,3356900,66.0,0.97,68.04123711340206
2016-11-08,64.46,65.64,62.7,65.35,5774700,64.5375,0.97,67.37113402061856
2016-11-09,68.53,71.72,65.72,69.25,6758500,68.805,0.97,71.3917525773196
2016-11-10,69.76,71.97,69.76,71.72,5995321,70.8025,0.97,73.93814432989691
2016-11-11,71.42,71.86,70.39,71.37,3162639,71.26,0.97,73.57731958762888
2016-11-14,71.45,72.81,71.16,72.35,3144400,71.9425,0.97,74.58762886597938
2016-11-15,72.53,72.82,71.2,71.39,4890400,71.985,0.97,73.5979381443299
2016-11-16,71.13,71.96,70.67,70.83,2491302,71.1475,0.97,73.02061855670104
2016-11-17,71.19,72.09,70.99,71.64,2355837,71.4775,0.97,73.85567010309279
2016-11-18,71.53,71.59,70.65,70.77,2653027,71.135,0.97,72.95876288659794
2016-11-21,70.85,71.17,69.95,70.25,3712800,70.555,0.97,72.42268041237114
2016-11-22,70.16,70.41,69.35,70.13,2747600,70.0125,0.97,72.29896907216495
2016-11-23,69.79,70.58,69.64,70.55,1806401,70.14,0.97,72.73195876288659
2016-11-25,70.96,71.84,70.37,71.11,1035562,71.07,0.97,73.30927835051547
2016-11-28,71.33,71.95,70.9,71.57,3038700,71.4375,0.97,73.78350515463917
2016-11-29,71.51,71.78,70.44,70.99,4099200,71.18,0.97,73.18556701030927
2016-11-30,71.02,71.57,70.77,71.01,4885600,71.0925,0.97,73.20618556701032
2016-12-01,70.94,71.89,70.66,70.93,3332219,71.105,0.97,73.1237113402062
2016-12-02,71.19,71.68,70.74,70.83,2362930,71.11,0.97,73.02061855670104
2016-12-05,70.96,72.15,70.74,72.1,3302621,71.4875,0.97,74.3298969072165
2016-12-06,72.01,72.16,70.72,71.42,2726233,71.5775,0.97,73.62886597938144
2016-12-07,70.2,70.63,68.6,70.5,5534530,69.9825,0.97,72.68041237113403
2016-12-08,70.57,71.37,70.06,71.11,2362331,70.7775,0.97,73.30927835051547
2016-12-09,71.13,73.29,71.1,73.04,3048200,72.14,0.97,75.29896907216495
2016-12-12,72.9,73.7,72.62,73.48,2447600,73.175,0.97,75.75257731958763
2016-12-13,73.61,74.09,73.25,73.75,2548900,73.675,0.97,76.03092783505154
2016-12-14,73.74,73.93,72.13,72.47,2523700,73.0675,0.97,74.71134020618557
2016-12-15,72.5,73.21,71.97,73.0,3210017,72.67,0.97,75.25773195876289
2016-12-16,73.29,73.87,72.95,73.76,3726900,73.4675,0.97,76.04123711340208
2016-12-19,73.77,74.32,73.11,73.7,2936548,73.725,0.97,75.97938144329898
2016-12-20,73.87,74.28,72.97,73.35,2397300,73.6175,0.97,75.61855670103093
2016-12-21,72.49,72.98,71.82,72.62,3206815,72.4775,0.97,74.86597938144331
2016-12-22,72.66,72.99,71.87,72.11,1612996,72.4075,0.97,74.34020618556701
2016-12-23,72.36,73.4,72.1,72.88,995715,72.685,0.97,75.1340206185567
2016-12-27,72.92,73.65,72.89,73.07,1500900,73.1325,0.97,75.3298969072165
2016-12-28,73.13,73.69,72.52,72.55,1514804,72.9725,0.97,74.79381443298969
2016-12-29,72.31,73.15,72.23,72.35,1728426,72.51,0.97,74.58762886597938
2016-12-30,72.33,72.61,71.72,71.97,1613135,72.1575,0.97,74.19587628865979
2017-01-03,71.99,74.75,71.9,74.48,4459440,73.28,0.97,76.78350515463919
2017-01-04,74.5,75.69,74.5,75.63,2461500,75.08,0.97,77.96907216494846
2017-01-05,75.33,75.59,74.31,74.5,1921038,74.9325,0.97,76.80412371134021
2017-01-06,74.62,75.41,74.17,75.33,2306919,74.8825,0.97,77.65979381443299
2017-01-09,75.03,75.6,74.75,74.76,1985668,75.035,0.97,77.07216494845362
2017-01-10,74.58,75.97,74.52,75.22,2420456,75.0725,0.97,77.54639175257732
2017-01-11,75.15,75.63,72.85,73.72,3049400,74.3375,0.97,76.0
2017-01-12,73.4,74.27,73.29,74.19,1998600,73.7875,0.97,76.48453608247422
2017-01-13,74.48,75.14,74.26,75.0,1443727,74.72,0.97,77.31958762886597
2017-01-17,74.61,75.86,74.37,75.18,1523725,75.005,0.97,77.50515463917527
2017-01-18,75.65,75.85,75.03,75.8,1768600,75.5825,0.97,78.14432989690721
2017-01-19,75.6,75.76,75.25,75.55,2240100,75.54,0.97,77.88659793814433
2017-01-20,75.55,75.78,74.93,75.03,2389700,75.3225,0.97,77.35051546391753
2017-01-23,74.9,75.12,74.27,74.72,2180949,74.7525,0.97,77.03092783505154
2017-01-24,74.77,74.85,74.3,74.65,1060600,74.6425,0.97,76.95876288659795
2017-01-25,75.01,75.96,74.67,75.87,1556744,75.3775,0.97,78.21649484536083
2017-01-26,73.34,74.14,72.43,73.09,3866326,73.25,0.97,75.35051546391753
2017-01-27,73.58,73.58,71.99,72.47,3023700,72.905,0.97,74.71134020618557
2017-01-30,72.53,73.31,72.11,73.19,1645500,72.785,0.97,75.45360824742268
2017-01-31,73.89,75.05,72.88,74.96,3543405,74.195,0.97,77.27835051546391
2017-02-01,74.43,75.39,74.16,75.35,2569333,74.8325,0.97,77.68041237113401
2017-02-02,74.91,75.2,73.79,74.44,2428320,74.585,0.97,76.74226804123711
2017-02-03,74.69,75.09,74.41,74.87,1581084,74.765,0.97,77.18556701030928
2017-02-06,74.85,76.06,74.85,75.97,2951800,75.4325,0.97,78.31958762886597
2017-02-07,75.5,79.69,75.0,77.76,6390740,76.9875,1.02,76.23529411764706
2017-02-08,77.4,77.85,76.67,77.81,2465000,77.4325,1.02,76.2843137254902
2017-02-09,77.81,77.9,77.04,77.45,2053629,77.55,1.02,75.93137254901961
2017-02-10,77.5,77.73,76.78,77.4,1688227,77.3525,1.02,75.88235294117648
2017-02-13,77.81,78.4,77.25,78.07,1523464,77.8825,1.02,76.5392156862745
2017-02-14,77.59,79.05,77.38,78.88,1777400,78.225,1.02,77.33333333333333
2017-02-15,78.97,80.49,78.01,80.42,2732617,79.4725,1.02,78.84313725490196
2017-02-16,80.25,80.48,79.23,80.24,1802000,80.05,1.02,78.66666666666666
2017-02-17,80.0,80.78,79.56,80.71,2499000,80.2625,1.02,79.12745098039215
2017-02-21,80.5,81.51,80.28,81.34,2170300,80.9075,1.02,79.74509803921569
2017-02-22,81.19,81.57,80.87,81.08,1545300,81.1775,1.02,79.49019607843137
2017-02-23,81.3,81.85,80.92,81.73,1795400,81.45,1.02,80.12745098039215
2017-02-24,81.54,82.15,80.91,82.14,1331548,81.685,1.02,80.52941176470588
2017-02-27,82.14,82.62,81.9,82.49,1400600,82.2875,1.02,80.87254901960783
2017-02-28,82.01,82.32,81.29,81.37,1938807,81.7475,1.02,79.77450980392157
2017-03-01,82.18,82.51,81.72,82.05,1919732,82.115,1.02,80.44117647058823
2017-03-02,81.93,82.5,81.58,81.79,2065300,81.95,1.02,80.18627450980392
2017-03-03,82.24,83.0,81.73,82.85,1888965,82.455,1.02,81.22549019607843
2017-03-06,82.45,82.84,81.68,81.7,2330549,82.1675,1.02,80.09803921568627
2017-03-07,81.09,81.59,80.77,81.21,2144402,81.165,1.02,79.61764705882352
2017-03-08,81.3,81.94,81.14,81.2,2634022,81.395,1.02,79.6078431372549
2017-03-09,81.47,82.11,81.12,81.94,2018500,81.66,1.02,80.33333333333333
2017-03-10,82.28,82.42,81.77,82.04,1714400,82.1275,1.02,80.43137254901961
2017-03-13,82.14,82.7,81.71,82.55,1690000,82.275,1.02,80.9313725490196
2017-03-14,82.25,84.88,81.86,82.6,1704325,82.8975,1.02,80.98039215686273
2017-03-15,82.73,84.13,82.66,83.8,3092000,83.33,1.02,82.15686274509804
2017-03-16,83.69,83.74,82.45,82.83,1985918,83.1775,1.02,81.20588235294117
2017-03-17,83.04,83.22,82.51,83.11,2624400,82.97,1.02,81.48039215686275
2017-03-20,83.15,83.18,82.2,82.37,1169200,82.725,1.02,80.75490196078432
2017-03-21,82.42,82.88,81.24,81.45,1344000,81.9975,1.02,79.8529411764706
2017-03-22,81.74,81.86,81.07,81.64,1209500,81.5775,1.02,80.0392156862745
2017-03-23,81.62,82.05,80.97,81.1,1397108,81.435,1.02,79.50980392156862
2017-03-24,81.1,81.58,80.83,81.23,1700624,81.185,1.02,79.63725490196079
2017-03-27,80.93,82.31,80.89,82.25,1368711,81.595,1.02,80.63725490196079
2017-03-28,81.95,82.29,81.61,82.2,1406700,82.0125,1.02,80.58823529411765
2017-03-29,82.24,82.24,81.47,82.05,1521827,82.0,1.02,80.44117647058823
2017-03-30,81.69,81.97,81.04,81.67,1312129,81.5925,1.02,80.06862745098039
2017-03-31,81.51,81.97,81.22,81.55,1735844,81.5625,1.02,79.95098039215686
2017-04-03,81.73,82.26,80.71,80.96,1973800,81.415,1.02,79.37254901960783
2017-04-04,80.75,80.76,80.17,80.42,1205500,80.525,1.02,78.84313725490196
2017-04-05,80.68,81.61,80.32,80.53,1113000,80.785,1.02,78.95098039215686
2017-04-06,81.4,82.75,80.86,82.71,2369100,81.93,1.02,81.08823529411764
2017-04-07,82.3,82.8,81.85,82.35,1803823,82.325,1.02,80.73529411764706
2017-04-10,82.37,82.8,82.17,82.41,1140121,82.4375,1.02,80.79411764705881
2017-04-11,82.37,82.6,81.87,82.3,1056800,82.285,1.02,80.68627450980392
2017-04-12,81.71,81.98,81.04,81.71,1273300,81.61,1.02,80.10784313725489
2017-04-13,81.56,81.98,81.38,81.43,1084410,81.5875,1.02,79.83333333333334
2017-04-17,81.48,81.91,81.19,81.83,928686,81.6025,1.02,80.22549019607843
2017-04-18,72.65,74.0,71.95,72.39,13338106,72.7475,1.02,70.97058823529412
2017-04-19,72.6,72.85,71.29,72.52,5473800,72.315,1.02,71.09803921568627
2017-04-20,72.76,73.88,71.88,73.31,4581909,72.9575,1.02,71.87254901960785
2017-04-21,73.11,73.24,72.02,72.5,2908200,72.7175,1.02,71.07843137254902
2017-04-24,73.21,73.45,72.32,72.48,3077517,72.865,1.02,71.05882352941177
2017-04-25,72.16,72.71,72.1,72.36,2026900,72.3325,1.02,70.94117647058823
2017-04-26,72.71,72.82,72.25,72.31,2570932,72.5225,1.02,70.8921568627451
2017-04-27,72.77,73.26,72.44,73.14,1858400,72.9025,1.02,71.70588235294117
2017-04-28,73.17,73.21,72.13,72.59,3348100,72.775,1.02,71.16666666666667
2017-05-01,71.49,73.0,71.1,72.19,3438110,71.945,1.02,70.77450980392156
2017-05-02,72.55,73.06,71.83,72.99,3548400,72.6075,1.21,60.32231404958677
2017-05-03,72.88,72.89,72.1,72.54,2700757,72.6025,1.21,59.9504132231405
2017-05-04,72.78,73.87,72.56,72.74,2384432,72.9875,1.21,60.11570247933884
2017-05-05,73.01,73.2,71.9,72.47,1906300,72.645,1.21,59.892561983471076
2017-05-08,72.66,72.66,71.83,72.01,1688400,72.29,1.21,59.512396694214885
2017-05-09,72.28,72.54,72.03,72.39,1712600,72.31,1.21,59.82644628099174
2017-05-10,72.17,72.28,71.77,72.0,2459400,72.055,1.21,59.50413223140496
2017-05-11,72.06,72.96,71.82,72.78,2548500,72.405,1.21,60.14876033057852
2017-05-12,72.78,73.01,72.52,72.9,1649200,72.8025,1.21,60.247933884297524
2017-05-15,72.77,73.44,72.51,72.96,1441700,72.92,1.21,60.29752066115702
2017-05-16,73.05,73.1,72.18,72.63,1867700,72.74,1.21,60.02479338842975
2017-05-17,71.61,72.55,71.5,71.6,2978000,71.815,1.21,59.17355371900826
2017-05-18,71.8,72.59,71.8,72.19,2075730,72.095,1.21,59.66115702479339
2017-05-19,72.73,74.2,72.55,73.5,2653682,73.245,1.21,60.743801652892564
2017-05-22,73.2,73.97,73.0,73.09,1750600,73.315,1.21,60.404958677685954
2017-05-23,73.1,73.32,72.83,72.96,1400000,73.0525,1.21,60.29752066115702
2017-05-24,73.1,73.32,72.83,73.1,1196609,73.0875,1.21,60.413223140495866
2017-05-25,73.23,73.65,73.14,73.44,1499900,73.365,1.21,60.69421487603306
2017-05-26,73.29,73.57,72.95,73.1,1245611,73.2275,1.21,60.413223140495866
2017-05-30,72.8,73.61,72.56,73.55,1374626,73.13,1.21,60.78512396694215
2017-05-31,73.73,74.31,73.31,74.29,2811200,73.91,1.21,61.39669421487604
2017-06-01,74.22,75.36,73.24,75.05,2065900,74.4675,1.21,62.02479338842975
2017-06-02,75.22,76.42,75.02,75.79,3086614,75.6125,1.21,62.63636363636364
2017-06-05,75.72,75.83,74.79,75.45,1534400,75.4475,1.21,62.35537190082645
2017-06-06,75.22,75.22,73.48,73.94,1524733,74.465,1.21,61.107438016528924
2017-06-07,74.07,74.13,73.6,74.04,1305817,73.96,1.21,61.190082644628106
2017-06-08,74.14,75.0,74.04,74.47,1330800,74.4125,1.21,61.54545454545455
2017-06-09,74.43,75.28,74.3,75.2,1366521,74.8025,1.21,62.14876033057852
2017-06-12,75.0,75.88,74.78,75.08,1711800,75.185,1.21,62.049586776859506
2017-06-13,75.21,75.22,74.51,74.91,1580401,74.9625,1.21,61.90909090909091
2017-06-14,75.36,75.97,75.0,75.61,1385233,75.485,1.21,62.48760330578513
2017-06-15,75.37,75.95,74.77,75.94,1488979,75.5075,1.21,62.760330578512395
2017-06-16,75.97,76.1,74.15,74.99,2494111,75.3025,1.21,61.97520661157024
2017-06-19,75.06,76.49,74.78,76.21,1878100,75.635,1.21,62.98347107438016
2017-06-20,76.05,77.15,75.89,76.31,2230800,76.35,1.21,63.066115702479344
2017-06-21,76.35,77.72,76.3,77.48,1712223,76.9625,1.21,64.03305785123968
2017-06-22,77.67,79.75,77.66,78.75,2758416,78.4575,1.21,65.08264462809917
2017-06-23,78.91,79.79,78.53,79.68,9340823,79.2275,1.21,65.85123966942149
2017-06-26,79.64,79.94,79.3,79.47,2042821,79.5875,1.21,65.67768595041322
2017-06-27,79.58,80.37,79.08,79.25,1793600,79.57,1.21,65.49586776859505
2017-06-28,79.71,80.11,79.05,79.08,2118100,79.4875,1.21,65.35537190082644
2017-06-29,78.68,79.28,77.94,78.25,1411900,78.5375,1.21,64.6694214876033
2017-06-30,78.67,78.67,77.73,77.92,1929500,78.2475,1.21,64.39669421487604
2017-07-03,78.09,78.77,78.09,78.29,704300,78.31,1.21,64.70247933884298
2017-07-05,78.3,78.89,77.96,78.69,1655800,78.46,1.21,65.03305785123968
2017-07-06,78.27,78.54,76.75,76.89,1840226,77.6125,1.21,63.54545454545455
2017-07-07,77.13,77.26,76.7,77.19,1182622,77.07,1.21,63.79338842975206
2017-07-10,76.93,77.4,76.56,76.68,1256839,76.8925,1.21,63.371900826446286
2017-07-11,76.62,76.77,75.96,76.66,1233100,76.5025,1.21,63.35537190082645
2017-07-12,77.29,77.74,77.07,77.31,1425816,77.3525,1.21,63.892561983471076
2017-07-13,77.42,77.9,77.08,77.56,1357500,77.49,1.21,64.09917355371901
2017-07-14,77.62,78.17,77.4,78.11,933400,77.825,1.21,64.55371900826447
2017-07-17,78.28,78.78,77.98,78.09,1459140,78.2825,1.21,64.53719008264463
2017-07-18,77.81,78.09,76.67,76.97,1982500,77.385,1.21,63.611570247933884
2017-07-19,77.21,77.28,76.31,77.0,1809745,76.95,1.21,63.63636363636364
2017-07-20,77.19,77.94,77.01,77.32,1603500,77.365,1.21,63.90082644628099
2017-07-21,77.21,77.56,76.04,76.29,2052733,76.775,1.21,63.04958677685951
2017-07-24,76.21,77.37,76.21,77.07,1912900,76.715,1.21,63.69421487603305
2017-07-25,77.38,77.9,77.05,77.69,1126800,77.505,1.21,64.20661157024793
2017-07-26,77.51,78.0,77.39,77.67,1345509,77.6425,1.21,64.1900826446281
2017-07-27,77.48,77.8,75.76,76.6,1640600,76.91,1.21,63.30578512396694
2017-07-28,76.71,77.79,76.16,77.61,1296700,77.0675,1.21,64.14049586776859
2017-07-31,77.8,78.32,77.24,77.26,2165900,77.655,1.21,63.851239669421496
2017-08-01,77.72,77.94,77.1,77.33,1938031,77.5225,1.21,63.90909090909091
2017-08-02,71.06,72.37,69.58,70.99,7309800,71.0,1.21,58.6694214876033
2017-08-03,70.16,70.49,68.33,69.36,4095831,69.585,1.21,57.32231404958678
2017-08-04,69.71,69.71,68.53,69.14,2407000,69.2725,1.21,57.1404958677686
2017-08-07,69.15,69.5,68.86,69.24,2929039,69.1875,1.21,57.22314049586777
2017-08-08,69.24,70.19,68.94,69.34,2082228,69.4275,1.21,57.30578512396695
2017-08-09,69.16,69.22,67.76,68.23,2945206,68.5925,1.21,56.38842975206612
2017-08-10,68.04,68.5,67.23,67.31,2295200,67.77,0.87,77.36781609195403
2017-08-11,67.57,67.57,66.82,66.98,1750306,67.235,0.87,76.98850574712644
2017-08-14,67.35,67.82,66.7,66.76,2046949,67.1575,0.87,76.73563218390805
2017-08-15,67.1,67.49,66.41,66.43,2004008,66.8575,0.87,76.35632183908046
2017-08-16,66.72,66.92,65.6,66.01,2600249,66.3125,0.87,75.87356321839081
2017-08-17,65.86,66.4,65.15,65.16,2461000,65.6425,0.87,74.89655172413792
2017-08-18,64.99,65.22,64.35,64.38,1428300,64.735,0.87,74.0
2017-08-21,64.3,64.62,64.06,64.36,1341242,64.335,0.87,73.97701149425288
2017-08-22,64.4,65.65,64.39,65.42,1745700,64.965,0.87,75.19540229885058
2017-08-23,65.17,65.85,64.96,65.63,2296929,65.4025,0.87,75.43678160919539
2017-08-24,65.93,66.73,65.82,66.1,2282800,66.145,0.87,75.97701149425286
2017-08-25,66.15,66.39,65.96,66.08,1333142,66.145,0.87,75.95402298850574
2017-08-28,66.38,66.54,65.87,66.39,1198900,66.295,0.87,76.3103448275862
2017-08-29,66.14,66.74,66.03,66.4,1779438,66.3275,0.87,76.32183908045978
2017-08-30,66.34,66.74,66.21,66.49,1696100,66.445,0.87,76.42528735632183
2017-08-31,66.47,68.04,66.47,67.46,2667933,67.11,0.87,77.54022988505747
2017-09-01,67.69,68.14,67.51,67.82,1536218,67.79,0.87,77.95402298850574
2017-09-05,67.56,68.01,67.05,67.52,2044779,67.535,0.87,77.60919540229885
2017-09-06,67.73,68.61,67.56,68.61,2881626,68.1275,0.87,78.86206896551724
2017-09-07,68.49,69.09,68.31,69.06,2108300,68.7375,0.87,79.37931034482759
2017-09-08,68.98,69.4,68.23,68.36,1843600,68.7425,0.87,78.57471264367815
2017-09-11,68.82,69.99,68.69,69.73,2246803,69.3075,0.87,80.14942528735632
2017-09-12,69.73,69.79,68.68,69.44,2049675,69.41,0.87,79.81609195402298
2017-09-13,69.07,69.56,68.75,69.29,1362500,69.1675,0.87,79.64367816091955
2017-09-14,68.86,68.86,67.26,67.46,2661200,68.11,0.87,77.54022988505747
2017-09-15,67.57,67.9,67.11,67.5,4676900,67.52,0.87,77.58620689655173
2017-09-18,67.75,67.98,66.98,67.07,1592706,67.445,0.87,77.0919540229885
2017-09-19,67.01,67.28,65.95,66.26,1878700,66.625,0.87,76.1609195402299
2017-09-20,66.33,66.94,66.01,66.71,1639740,66.4975,0.87,76.67816091954022
2017-09-21,66.72,67.44,66.64,66.77,1452300,66.8925,0.87,76.7471264367816
2017-09-22,66.9,67.09,66.24,66.66,2181100,66.7225,0.87,76.62068965517241
2017-09-25,66.43,67.5,66.41,67.34,1482400,66.92,0.87,77.40229885057472
2017-09-26,67.43,68.06,67.43,67.82,1358569,67.685,0.87,77.95402298850574
2017-09-27,67.96,68.22,67.39,68.14,1245831,67.9275,0.87,78.32183908045977
2017-09-28,67.84,68.1,66.93,66.97,2324425,67.46,0.87,76.97701149425288
2017-09-29,66.76,67.6,66.57,66.92,2800400,66.9625,0.87,76.91954022988506
2017-10-02,67.22,68.39,67.12,68.24,2134243,67.7425,0.87,78.43678160919539
2017-10-03,68.25,68.38,67.44,67.6,1531289,67.9175,0.87,77.70114942528735
2017-10-04,67.6,68.19,67.34,67.52,2333675,67.6625,0.87,77.60919540229885
2017-10-05,67.63,67.93,67.32,67.64,1754716,67.63,0.87,77.74712643678161
2017-10-06,67.6,67.89,65.6,65.88,3661819,66.7425,0.87,75.72413793103448
2017-10-09,65.83,65.88,64.23,64.92,3508250,65.215,0.87,74.62068965517241
2017-10-10,65.38,65.9,65.25,65.78,1607859,65.5775,0.87,75.60919540229885
2017-10-11,65.71,66.04,65.54,65.82,2213515,65.7775,0.87,75.6551724137931
2017-10-12,65.78,66.8,65.57,66.33,3122225,66.12,0.87,76.24137931034483
2017-10-13,66.15,66.35,63.85,64.96,3742352,65.3275,0.87,74.66666666666666
2017-10-16,64.79,65.92,64.42,64.63,2449600,64.94,0.87,74.28735632183907
2017-10-17,64.49,65.22,64.1,65.08,2278749,64.7225,0.87,74.80459770114942
2017-10-18,65.18,65.85,64.49,64.7,2756400,65.055,0.87,74.36781609195403
2017-10-19,64.6,66.23,64.6,66.15,1937972,65.395,0.87,76.0344827586207
2017-10-20,66.44,66.96,66.39,66.71,1493839,66.625,0.87,76.67816091954022
2017-10-23,66.77,67.18,66.51,66.65,1846600,66.7775,0.87,76.60919540229885
2017-10-24,66.4,66.86,65.82,66.44,2187000,66.38,0.87,76.36781609195403
2017-10-25,66.58,67.18,66.53,67.05,2185842,66.835,0.87,77.06896551724138
2017-10-26,68.5,69.34,64.2,64.75,8325001,66.6975,0.87,74.42528735632185
2017-10-27,64.49,64.63,61.64,62.01,7873532,63.1925,0.87,71.27586206896551
2017-10-30,61.75,62.6,61.53,61.7,3727841,61.895,0.87,70.91954022988506
2017-10-31,61.81,63.01,60.69,61.9,5444800,61.8525,0.87,71.14942528735632
2017-11-01,60.81,62.6,60.8,62.18,3484539,61.5975,0.87,71.47126436781609
2017-11-02,62.47,62.91,60.33,61.07,3899500,61.695,0.87,70.19540229885058
2017-11-03,60.62,61.75,60.51,61.38,4167237,61.065,0.87,70.55172413793103
2017-11-06,60.19,60.75,57.55,60.25,4789600,59.685,0.87,69.25287356321839
2017-11-07,60.35,61.65,59.99,60.27,2385211,60.565,0.36,167.41666666666669
2017-11-08,60.27,61.07,60.06,60.99,2481500,60.5975,0.36,169.41666666666669
2017-11-09,60.88,61.63,60.47,60.56,2515400,60.885,0.36,168.22222222222223
2017-11-10,60.23,60.4,58.32,58.55,8061643,59.375,0.36,162.63888888888889
2017-11-13,58.6,59.35,57.65,58.33,5398500,58.4825,0.36,162.02777777777777
2017-11-14,58.32,58.43,56.69,57.07,3453867,57.6275,0.36,158.52777777777777
2017-11-15,56.18,57.78,55.69,56.83,6217400,56.62,0.36,157.86111111111111
2017-11-16,56.83,57.83,56.23,57.42,4960021,57.0775,0.36,159.5
2017-11-17,57.04,58.01,56.83,57.51,3800435,57.3475,0.36,159.75
2017-11-20,55.96,56.6,54.66,55.0,5543622,55.555,0.36,152.77777777777777
2017-11-21,55.06,56.22,54.84,55.72,4136400,55.46,0.36,154.77777777777777
2017-11-22,55.9,57.59,55.86,56.97,4503300,56.58,0.36,158.25
2017-11-24,57.01,57.12,56.12,56.37,743100,56.655,0.36,156.58333333333334
2017-11-27,56.42,56.63,55.49,55.89,2987500,56.1075,0.36,155.25
2017-11-28,55.94,57.65,55.5,57.56,2972300,56.6625,0.36,159.8888888888889
2017-11-29,57.82,59.74,57.76,59.11,4802203,58.6075,0.36,164.19444444444446
2017-11-30,59.3,60.1,58.38,59.19,4086300,59.2425,0.36,164.41666666666666
2017-12-01,58.95,59.15,57.4,58.9,4462400,58.6,0.36,163.61111111111111
2017-12-04,59.31,61.14,59.04,61.02,6033400,60.1275,0.36,169.50000000000003
2017-12-05,60.99,61.35,59.68,60.35,4211338,60.5925,0.36,167.63888888888889
2017-12-06,60.41,60.94,59.44,59.72,2768500,60.1275,0.36,165.88888888888889
2017-12-07,59.79,60.17,58.45,58.5,2527218,59.2275,0.36,162.5
2017-12-08,58.58,59.46,58.46,58.89,2987026,58.8475,0.36,163.58333333333334
2017-12-11,59.16,60.45,58.88,60.24,2966100,59.6825,0.36,167.33333333333334
2017-12-12,60.29,60.76,59.68,60.26,2924400,60.2475,0.36,167.38888888888889
2017-12-13,60.12,60.9,60.05,60.57,2376700,60.41,0.36,168.25
2017-12-14,60.61,62.09,60.34,60.35,3249100,60.8475,0.36,167.63888888888889
2017-12-15,61.0,63.79,60.66,63.19,9027424,62.16,0.36,175.52777777777777
2017-12-18,62.94,63.0,62.05,62.39,4362800,62.595,0.36,173.30555555555557
2017-12-19,62.25,63.35,62.14,63.01,3956600,62.6875,0.36,175.02777777777777
2017-12-20,63.11,63.78,63.11,63.46,3152500,63.365,0.36,176.2777777777778
2017-12-21,63.49,63.75,62.51,62.68,2017000,63.1075,0.36,174.11111111111111
2017-12-22,62.95,63.2,62.3,62.49,2284900,62.735,0.36,173.58333333333334
2017-12-26,62.49,63.31,62.38,62.67,1540524,62.7125,0.36,174.08333333333334
2017-12-27,62.81,62.84,62.1,62.3,1191600,62.5125,0.36,173.05555555555554
2017-12-28,62.26,62.42,61.58,62.14,1207100,62.1,0.36,172.61111111111111
2017-12-29,61.93,62.12,61.26,61.27,1508840,61.645,0.36,170.19444444444446
2018-01-02,61.7,63.34,61.62,63.23,2410111,62.4725,0.36,175.63888888888889
2018-01-03,63.01,63.31,62.5,62.86,1785000,62.92,0.36,174.61111111111111
2018-01-04,62.97,63.9,62.3,63.66,2728702,63.2075,0.36,176.83333333333334
2018-01-05,63.57,63.92,62.71,63.22,3149929,63.355,0.36,175.61111111111111
2018-01-08,63.41,65.62,63.0,65.22,3546144,64.3125,0.36,181.16666666666666
2018-01-09,65.18,67.44,64.75,67.1,5314200,66.1175,0.36,186.38888888888889
2018-01-10,66.85,68.16,65.69,68.06,4363900,67.19,0.36,189.05555555555557
2018-01-11,68.19,69.17,67.78,69.11,2566015,68.5625,0.36,191.97222222222223
2018-01-12,69.44,71.52,68.78,71.49,4045711,70.3075,0.36,198.58333333333331
2018-01-16,71.6,73.17,71.56,72.58,4520386,72.2275,0.36,201.61111111111111
2018-01-17,72.0,73.16,71.6,72.65,3370000,72.3525,0.36,201.80555555555557
2018-01-18,72.3,72.72,70.89,71.71,3828400,71.905,0.36,199.19444444444443
2018-01-19,72.03,72.55,71.22,71.91,2868400,71.9275,0.36,199.75
2018-01-22,72.05,73.97,72.02,73.51,3313829,72.8875,0.36,204.19444444444446
2018-01-23,73.5,73.93,72.57,73.21,2217100,73.3025,0.36,203.36111111111111
2018-01-24,73.98,75.35,73.59,74.69,2770700,74.4025,0.36,207.47222222222223
2018-01-25,74.46,74.76,73.33,73.99,2426839,74.135,0.36,205.52777777777777
2018-01-26,74.28,75.02,74.09,74.97,1403708,74.59,0.36,208.25
2018-01-29,74.72,75.75,74.52,75.23,2458513,75.055,0.36,208.97222222222223
2018-01-30,71.94,74.74,71.68,73.87,3450000,73.0575,0.36,205.19444444444446
2018-01-31,74.05,74.09,71.33,71.79,4209800,72.815,0.36,199.41666666666669
2018-02-01,70.61,70.68,67.89,69.06,4670800,69.56,0.36,191.83333333333334
2018-02-02,68.7,69.02,67.29,67.46,3430400,68.1175,0.36,187.38888888888889
2018-02-05,67.0,67.32,64.33,64.34,3656149,65.7475,0.36,178.72222222222223
2018-02-06,63.32,66.0,62.4,65.44,4527644,64.29,0.36,181.77777777777777
2018-02-07,65.14,66.31,64.52,65.14,3391400,65.2775,0.36,180.94444444444446
2018-02-08,67.36,68.93,65.5,66.63,5093600,67.105,3.35,19.88955223880597
2018-02-09,67.36,67.74,64.23,66.72,4354646,66.5125,3.35,19.91641791044776
2018-02-12,67.12,68.81,66.86,68.03,3319424,67.705,3.35,20.307462686567163
2018-02-13,65.08,66.17,63.8,65.69,4063245,65.185,3.35,19.608955223880596
2018-02-14,65.46,67.45,65.36,67.34,2423700,66.4025,3.35,20.101492537313433
2018-02-15,68.04,68.94,67.52,68.1,2899428,68.15,3.35,20.328358208955223
2018-02-16,67.9,70.44,67.66,69.34,2558100,68.835,3.35,20.698507462686567
2018-02-20,69.07,69.3,67.91,68.84,2361826,68.78,3.35,20.549253731343285
2018-02-21,68.78,69.73,68.38,68.81,2618204,68.925,3.35,20.540298507462687
2018-02-22,69.0,69.74,67.6,67.83,2149000,68.5425,3.35,20.24776119402985
2018-02-23,68.21,69.62,68.09,69.31,1660828,68.8075,3.35,20.68955223880597
2018-02-26,69.39,71.02,69.18,70.57,1541946,70.04,3.35,21.06567164179104
2018-02-27,70.31,71.06,69.59,70.04,3179292,70.25,3.35,20.907462686567165
2018-02-28,70.01,70.55,69.2,69.21,1947811,69.7425,3.35,20.659701492537312
2018-03-01,69.27,69.77,67.55,68.28,2408108,68.7175,3.35,20.382089552238806
2018-03-02,67.76,69.12,67.72,68.94,1725300,68.385,3.35,20.57910447761194
2018-03-05,68.66,70.59,68.66,70.4,3180600,69.5775,3.35,21.01492537313433
2018-03-06,70.46,70.88,69.6,69.92,1859709,70.215,3.35,20.871641791044777
2018-03-07,69.41,70.25,69.28,70.04,1725000,69.745,3.35,20.907462686567165
2018-03-08,70.22,70.87,69.93,70.42,1983700,70.36,3.35,21.02089552238806
2018-03-09,70.51,71.43,70.51,71.16,1827600,70.9025,3.35,21.241791044776118
2018-03-12,71.19,72.54,71.19,72.36,2687900,71.82,3.35,21.599999999999998
2018-03-13,72.65,73.23,72.05,72.27,2675920,72.55,3.35,21.573134328358208
2018-03-14,72.57,73.14,71.45,72.04,2231100,72.3,3.35,21.5044776119403
2018-03-15,72.05,72.66,70.58,70.7,4094119,71.4975,3.35,21.1044776119403
2018-03-16,70.96,71.58,70.58,70.95,6794200,71.0175,3.35,21.17910447761194
2018-03-19,71.01,71.1,69.67,69.99,2677305,70.4425,3.35,20.892537313432832
2018-03-20,70.05,70.32,65.16,65.41,7260600,67.735,3.35,19.52537313432836
2018-03-21,65.39,66.38,65.3,65.69,2171927,65.69,3.35,19.608955223880596
2018-03-22,65.18,65.56,63.73,63.86,1927103,64.5825,3.35,19.062686567164178
2018-03-23,64.16,64.22,61.55,61.71,2525000,62.91,3.35,18.420895522388058
2018-03-26,62.38,62.45,60.76,62.1,3248211,61.9225,3.35,18.53731343283582
2018-03-27,62.1,62.4,60.82,61.22,2605600,61.635,3.35,18.274626865671642
2018-03-28,61.52,63.15,61.47,62.56,3564400,62.175,3.35,18.67462686567164
2018-03-29,62.46,62.95,61.87,62.68,2238821,62.49,3.35,18.71044776119403
2018-04-02,63.25,64.44,60.0,61.01,2908500,62.175,3.35,18.21194029850746
2018-04-03,61.4,61.88,59.92,61.28,2053904,61.12,3.35,18.292537313432835
2018-04-04,60.8,63.34,60.63,62.94,2176800,61.9275,3.35,18.788059701492536
2018-04-05,63.25,64.26,62.69,63.84,2061300,63.51,3.35,19.056716417910447
2018-04-06,63.3,63.83,61.81,62.39,1779100,62.8325,3.35,18.623880597014924
2018-04-09,62.75,63.5,62.03,62.5,1261500,62.695,3.35,18.65671641791045
2018-04-10,63.01,64.8,62.88,64.34,2035727,63.7575,3.35,19.205970149253734
2018-04-11,63.84,64.86,63.63,63.97,2158000,64.075,3.35,19.0955223880597
2018-04-12,64.22,64.67,61.94,62.26,3676236,63.2725,3.35,18.58507462686567
2018-04-13,62.33,62.66,59.66,60.42,5102037,61.2675,3.35,18.035820895522388
2018-04-16,60.29,64.28,59.54,62.29,5553527,61.6,3.35,18.594029850746267
2018-04-17,62.68,63.33,62.36,63.19,1653622,62.89,3.35,18.86268656716418
2018-04-18,63.49,64.68,62.99,63.89,2279509,63.7625,3.35,19.071641791044776
2018-04-19,63.39,63.4,61.9,62.31,1758800,62.75,3.35,18.6
2018-04-20,62.42,62.74,61.18,62.07,2696522,62.1025,3.35,18.528358208955222
2018-04-23,62.3,62.9,61.85,62.22,2323700,62.3175,3.35,18.573134328358208
2018-04-24,63.68,64.89,61.85,62.36,3131900,63.195,3.35,18.614925373134326
2018-04-25,62.05,63.84,62.05,63.57,3073100,62.8775,3.35,18.976119402985073
2018-04-26,64.02,64.38,63.15,64.19,2055100,63.935,3.35,19.161194029850744
2018-04-27,64.14,65.99,64.14,65.82,1909302,65.0225,3.35,19.647761194029847
2018-04-30,65.73,65.8,64.16,64.17,2393437,64.965,3.35,19.155223880597013
2018-05-01,63.67,64.09,62.71,63.6,1811400,63.5175,3.35,18.98507462686567
2018-05-02,63.54,66.45,63.3,64.65,4818845,64.485,3.35,19.29850746268657
2018-05-03,53.89,55.59,50.79,50.8,15594300,52.7675,3.35,15.164179104477611
2018-05-04,51.01,53.37,51.0,53.01,7400500,52.0975,3.35,15.823880597014924
2018-05-07,53.02,53.7,52.47,52.77,4856600,52.99,3.35,15.75223880597015
2018-05-08,52.63,52.91,51.71,52.5,3978400,52.4375,3.35,15.671641791044776
2018-05-09,52.7,53.51,52.35,52.76,4046642,52.83,0.81,65.1358024691358
2018-05-10,53.13,55.93,53.03,54.74,4934907,54.2075,0.81,67.58024691358024
2018-05-11,54.57,55.74,53.73,55.3,3948200,54.835,0.81,68.2716049382716
2018-05-14,55.44,55.75,54.56,55.16,2923200,55.2275,0.81,68.09876543209876
2018-05-15,54.92,55.16,53.9,54.02,2837200,54.5,0.81,66.69135802469135
2018-05-16,54.21,54.94,54.08,54.51,2123800,54.435,0.81,67.29629629629629
2018-05-17,54.48,54.61,53.57,54.33,2368725,54.2475,0.81,67.07407407407406
2018-05-18,54.48,54.57,53.23,53.33,3907700,53.9025,0.81,65.8395061728395
2018-05-21,53.61,54.07,53.03,53.13,3235900,53.46,0.81,65.5925925925926
2018-05-22,53.12,53.43,52.57,52.83,3066807,52.9875,0.81,65.22222222222221
2018-05-23,52.8,53.02,52.34,52.69,2631821,52.7125,0.81,65.04938271604938
2018-05-24,52.42,53.19,51.4,52.44,3562620,52.3625,0.81,64.74074074074073
2018-05-25,52.36,53.22,52.1,52.44,2750200,52.53,0.81,64.74074074074073
2018-05-29,52.21,52.47,51.08,51.75,2632200,51.8775,0.81,63.888888888888886
2018-05-30,51.93,52.63,51.55,52.46,3012200,52.1425,0.81,64.76543209876543
2018-05-31,52.54,52.61,51.98,52.09,4457436,52.305,0.81,64.30864197530865
2018-06-01,53.02,53.38,52.32,52.66,2490943,52.845,0.81,65.01234567901234
2018-06-04,52.73,53.03,52.39,52.64,2038100,52.6975,0.81,64.98765432098764
2018-06-05,52.83,53.32,52.5,52.81,2683244,52.865,0.81,65.19753086419753
2018-06-06,53.0,53.65,52.73,53.54,1819601,53.23,0.81,66.09876543209876
2018-06-07,53.55,53.77,52.73,52.95,3851000,53.25,0.81,65.37037037037037
2018-06-08,52.91,53.39,52.63,53.35,1939300,53.07,0.81,65.86419753086419
2018-06-11,53.31,54.2,53.08,53.81,1067100,53.6,0.81,66.4320987654321
2018-06-12,53.86,53.97,53.28,53.55,3187617,53.665,0.81,66.1111111111111
2018-06-13,54.55,54.92,54.05,54.2,3141800,54.43,0.81,66.91358024691358
2018-06-14,54.25,55.02,53.78,54.62,3350408,54.4175,0.81,67.43209876543209
2018-06-15,54.54,55.08,54.33,54.75,5362809,54.675,0.81,67.5925925925926
2018-06-18,54.39,54.61,52.64,53.0,4831000,53.66,0.81,65.43209876543209
2018-06-19,52.66,54.4,52.66,54.1,3819029,53.455,0.81,66.79012345679013
2018-06-20,54.12,54.44,53.53,54.25,1828803,54.085,0.81,66.9753086419753
2018-06-21,54.38,54.42,53.42,53.54,1745500,53.94,0.81,66.09876543209876
2018-06-22,53.9,54.41,53.78,53.98,2998333,54.0175,0.81,66.64197530864196
2018-06-25,53.89,54.29,52.9,53.34,1693300,53.605,0.81,65.85185185185185
2018-06-26,53.4,53.69,52.72,53.32,1779300,53.2825,0.81,65.82716049382715
2018-06-27,53.14,53.71,52.6,52.93,2028333,53.095,0.81,65.34567901234567
2018-06-28,50.6,51.0,48.28,50.37,6511700,50.0625,0.81,62.185185185185176
2018-06-29,49.84,49.9,48.78,48.83,3545331,49.3375,0.81,60.28395061728394
2018-07-02,48.9,49.67,48.6,49.15,3679400,49.08,0.81,60.679012345679006
2018-07-03,49.23,50.25,49.16,49.5,1857800,49.535,0.81,61.11111111111111
2018-07-05,49.86,50.45,49.57,50.04,3663037,49.98,0.81,61.77777777777777
2018-07-06,50.1,50.4,49.54,49.94,4756042,49.995,0.81,61.654320987654316
2018-07-09,50.36,51.01,50.07,50.26,3849900,50.425,0.81,62.04938271604938
2018-07-10,50.54,50.73,49.89,50.17,3704200,50.3325,0.81,61.93827160493827
2018-07-11,49.5,50.23,48.85,49.96,3478900,49.635,0.81,61.67901234567901
2018-07-12,50.27,50.53,49.76,50.26,3528200,50.205,0.81,62.04938271604938
2018-07-13,49.96,51.63,49.85,50.8,3035446,50.56,0.81,62.716049382716044
2018-07-16,50.99,51.25,50.52,50.71,1568600,50.8675,0.81,62.60493827160494
2018-07-17,50.74,50.82,49.93,49.97,2280900,50.365,0.81,61.691358024691354
2018-07-18,49.94,50.19,49.49,49.49,2235900,49.7775,0.81,61.098765432098766
2018-07-19,49.4,49.85,48.14,49.0,4400023,49.0975,0.81,60.49382716049382
2018-07-20,48.66,49.3,48.22,48.8,3092901,48.745,0.81,60.246913580246904
2018-07-23,48.8,49.77,48.32,49.16,3571400,49.0125,0.81,60.69135802469135
2018-07-24,49.45,49.7,49.05,49.19,2911804,49.3475,0.81,60.728395061728385
2018-07-25,49.35,49.74,49.06,49.42,3718645,49.3925,0.81,61.01234567901234
2018-07-26,49.42,49.95,49.0,49.28,4540522,49.4125,0.81,60.839506172839506
2018-07-27,49.31,49.89,48.98,49.32,5052345,49.375,0.81,60.888888888888886
2018-07-30,49.36,50.27,49.13,50.16,4419700,49.73,0.81,61.92592592592592
2018-07-31,50.22,50.97,49.77,49.95,9292866,50.2275,0.81,61.666666666666664
2018-08-01,49.96,50.53,49.83,50.04,3096700,50.09,0.81,61.77777777777777
2018-08-02,49.83,50.12,49.37,49.98,4006800,49.825,0.81,61.703703703703695
2018-08-03,50.0,50.99,50.0,50.3,4836187,50.3225,0.81,62.09876543209876
2018-08-06,49.24,51.54,49.09,50.05,7838716,49.98,0.81,61.79012345679011
2018-08-07,49.89,50.89,49.27,50.8,5324331,50.2125,0.81,62.716049382716044
2018-08-08,51.14,51.14,48.77,48.96,4275603,50.0025,0.81,60.44444444444444
2018-08-09,48.82,49.54,48.82,49.37,3378000,49.1375,0.81,60.95061728395061
2018-08-10,49.39,49.44,48.29,48.4,3071219,48.88,0.81,59.75308641975308
2018-08-13,48.35,49.1,48.35,49.06,2743000,48.715,0.81,60.5679012345679
2018-08-14,49.08,50.42,49.06,50.17,2790427,49.6825,0.81,61.93827160493827
2018-08-15,49.8,50.32,49.06,50.25,3104400,49.8575,0.81,62.03703703703703
2018-08-16,50.48,50.95,50.19,50.45,5151700,50.5175,0.81,62.28395061728395
2018-08-17,50.35,52.14,50.35,51.9,4880700,51.185,0.81,64.07407407407406
2018-08-20,51.84,52.11,51.19,51.75,3605800,51.7225,0.81,63.888888888888886
2018-08-21,51.84,51.98,51.59,51.66,2831407,51.7675,0.81,63.77777777777777
2018-08-22,51.53,51.65,51.06,51.26,2379530,51.375,-3.76,-13.632978723404255
2018-08-23,51.33,51.75,51.2,51.33,2707623,51.4025,-3.76,-13.65159574468085
2018-08-24,51.51,52.06,51.44,51.83,2670145,51.71,-3.76,-13.784574468085106
2018-08-27,51.95,52.95,51.95,52.47,3027316,52.33,-3.76,-13.954787234042554
2018-08-28,52.6,52.62,52.04,52.25,2672517,52.3775,-3.76,-13.896276595744682
2018-08-29,52.25,52.65,52.05,52.28,2977515,52.3075,-3.76,-13.904255319148938
2018-08-30,52.1,52.86,51.77,52.45,2184320,52.295,-3.76,-13.949468085106384
2018-08-31,52.13,52.58,51.81,52.19,2038528,52.1775,-3.76,-13.88031914893617
2018-09-04,52.0,52.17,50.79,51.23,2940528,51.5475,-3.76,-13.625
2018-09-05,51.06,52.36,51.0,52.36,4424629,51.695,-3.76,-13.925531914893618
2018-09-06,52.39,52.69,51.86,52.11,2195311,52.2625,-3.76,-13.85904255319149
2018-09-07,51.99,52.68,51.87,52.62,2500900,52.29,-3.76,-13.99468085106383
2018-09-10,52.63,53.41,52.63,52.88,2948300,52.8875,-3.76,-14.063829787234043
2018-09-11,52.51,52.74,51.86,52.13,3221200,52.31,-3.76,-13.864361702127662
2018-09-12,52.15,53.08,52.15,52.94,1703935,52.58,-3.76,-14.079787234042554
2018-09-13,53.19,53.63,52.86,52.94,3027700,53.155,-3.76,-14.079787234042554
2018-09-14,53.09,53.37,52.09,52.1,3501500,52.6625,-3.76,-13.856382978723406
2018-09-17,52.07,52.99,51.57,52.6,4230203,52.3075,-3.76,-13.989361702127662
2018-09-18,52.58,53.86,52.58,53.6,2586140,53.155,-3.76,-14.255319148936172
2018-09-19,53.67,54.38,53.67,53.94,3127314,53.915,-3.76,-14.345744680851064
2018-09-20,54.03,55.48,54.03,55.17,4796100,54.6775,-3.76,-14.672872340425533
2018-09-21,55.22,55.36,54.69,54.94,4570691,55.0525,-3.76,-14.611702127659575
2018-09-24,54.92,55.15,53.48,53.91,4961505,54.365,-3.76,-14.337765957446809
2018-09-25,53.78,54.0,53.11,53.33,2995200,53.555,-3.76,-14.183510638297873
2018-09-26,53.39,54.28,53.39,53.63,2548600,53.6725,-3.76,-14.263297872340427
2018-09-27,53.63,54.53,53.57,54.06,2044500,53.9475,-3.76,-14.377659574468087
2018-09-28,53.65,54.11,53.43,54.0,3178601,53.7975,-3.76,-14.361702127659575
2018-10-01,54.11,54.39,53.75,53.94,2236036,54.0475,-3.76,-14.345744680851064
2018-10-02,53.97,54.45,53.68,53.98,1800600,54.02,-3.76,-14.356382978723405
2018-10-03,54.16,54.53,53.94,53.97,3172328,54.15,-3.76,-14.35372340425532
2018-10-04,53.7,54.29,53.37,53.59,2908622,53.7375,-3.76,-14.252659574468087
2018-10-05,53.59,54.37,53.59,53.79,2068915,53.835,-3.76,-14.305851063829788
2018-10-08,53.72,54.64,53.72,54.44,1807200,54.13,-3.76,-14.47872340425532
2018-10-09,54.31,54.55,53.36,54.38,1834908,54.15,-3.76,-14.46276595744681
2018-10-10,54.46,55.63,54.15,54.22,3516900,54.615,-3.76,-14.420212765957448
2018-10-11,54.12,54.28,51.42,51.53,6872133,52.8375,-3.76,-13.704787234042554
2018-10-12,51.96,51.99,51.06,51.63,3971200,51.66,-3.76,-13.731382978723406
2018-10-15,51.57,52.16,51.5,51.53,2725408,51.69,-3.76,-13.704787234042554
2018-10-16,51.86,52.88,51.56,52.65,4878918,52.2375,-3.76,-14.002659574468085
2018-10-17,52.65,54.54,52.57,53.52,4351700,53.32,-3.76,-14.234042553191491
2018-10-18,53.55,54.0,53.15,53.42,3574545,53.53,-3.76,-14.207446808510639
2018-10-19,53.42,54.58,52.93,53.19,3004400,53.53,-3.76,-14.14627659574468
2018-10-22,53.19,53.52,51.79,52.01,3684322,52.6275,-3.76,-13.832446808510639
2018-10-23,51.51,52.15,50.93,51.83,3209221,51.605,-3.76,-13.784574468085106
2018-10-24,51.66,52.29,49.51,49.6,6826602,50.765,-3.76,-13.191489361702128
2018-10-25,49.89,51.17,48.91,50.64,4279600,50.1525,-3.76,-13.46808510638298
2018-10-26,50.03,50.34,48.97,49.92,4413108,49.815,-3.76,-13.276595744680852
2018-10-29,50.61,51.44,49.6,50.24,2742348,50.4725,-3.76,-13.361702127659576
2018-10-30,50.38,51.61,50.0,51.57,4245500,50.89,-3.76,-13.715425531914894
2018-10-31,51.7,51.79,50.13,50.6,4698939,51.055,-3.76,-13.457446808510639
2018-11-01,50.6,52.7,50.54,52.61,3318604,51.6125,-3.76,-13.992021276595745
2018-11-02,52.91,53.12,51.13,51.44,2383818,52.15,-3.76,-13.680851063829788
2018-11-05,51.58,52.27,51.57,52.09,1958022,51.8775,-3.76,-13.853723404255321
2018-11-06,51.32,52.59,50.91,52.53,2953029,51.8375,-3.76,-13.970744680851064
2018-11-07,52.8,53.7,52.59,53.65,2911344,53.185,-3.76,-14.268617021276595
2018-11-08,52.95,56.2,51.21,56.13,7442303,54.1225,1.95,28.784615384615385
2018-11-09,56.46,56.6,54.46,55.31,4201230,55.7075,1.95,28.364102564102566
2018-11-12,55.33,56.29,54.98,55.93,2783005,55.6325,1.95,28.682051282051283
2018-11-13,56.05,57.36,55.94,56.73,2666800,56.52,1.95,29.092307692307692
2018-11-14,57.02,58.31,56.3,57.31,4346100,57.235,1.95,29.389743589743592
2018-11-15,56.9,57.64,55.62,57.63,3770045,56.9475,1.95,29.553846153846155
2018-11-16,56.85,57.15,55.3,55.46,6445123,56.19,1.95,28.441025641025643
2018-11-19,55.41,56.16,54.33,54.57,5103200,55.1175,1.95,27.984615384615385
2018-11-20,54.41,54.58,52.41,52.91,4419912,53.5775,1.95,27.133333333333333
2018-11-21,52.79,53.46,52.41,53.11,4799210,52.9425,1.95,27.235897435897435
2018-11-23,53.0,53.15,52.25,52.88,975100,52.82,1.95,27.11794871794872
2018-11-26,53.5,54.1,52.93,53.38,5349800,53.4775,1.95,27.374358974358977
2018-11-27,53.38,54.49,53.28,54.33,4923771,53.87,1.95,27.861538461538462
2018-11-28,54.37,54.89,53.86,54.88,5282300,54.5,1.95,28.143589743589747
2018-11-29,54.81,55.55,54.56,55.02,2856060,54.985,1.95,28.215384615384618
2018-11-30,55.23,55.23,54.11,54.83,4442739,54.85,1.95,28.117948717948718
2018-12-03,55.0,56.52,54.92,56.2,7001239,55.66,1.95,28.82051282051282
2018-12-04,56.0,56.39,54.41,55.07,5149813,55.4675,1.95,28.24102564102564
2018-12-06,54.49,54.81,52.17,54.81,4844900,54.07,1.95,28.10769230769231
2018-12-07,54.46,55.44,53.78,53.91,4184723,54.3975,1.95,27.646153846153844
2018-12-10,53.91,53.93,51.52,53.05,3681600,53.1025,1.95,27.205128205128204
2018-12-11,53.57,54.42,52.85,53.54,2382800,53.595,1.95,27.45641025641026
2018-12-12,53.88,54.99,53.7,53.73,2231000,54.075,1.95,27.553846153846152
2018-12-13,53.78,53.78,51.93,52.39,2950338,52.97,1.95,26.866666666666667
2018-12-14,51.74,52.13,49.92,50.06,3554700,50.9625,1.95,25.671794871794873
2018-12-17,49.23,49.37,47.66,47.93,3643000,48.5475,1.95,24.57948717948718
2018-12-18,48.55,48.63,46.58,47.05,3369000,47.7025,1.95,24.128205128205128
2018-12-19,47.05,47.56,45.84,46.13,4142700,46.645,1.95,23.656410256410258
2018-12-20,46.08,46.71,44.6,45.3,4603631,45.6725,1.95,23.23076923076923
2018-12-21,45.3,46.29,44.15,44.44,6035815,45.045,1.95,22.78974358974359
2018-12-24,44.33,44.39,42.9,42.93,1903106,43.6375,1.95,22.015384615384615
2018-12-26,43.11,44.59,42.17,44.57,3365352,43.61,1.95,22.856410256410257
2018-12-27,44.0,44.58,42.9,44.58,2743100,44.015,1.95,22.861538461538462
2018-12-28,44.75,45.27,44.1,44.58,4077508,44.675,1.95,22.861538461538462
2018-12-31,44.28,44.85,43.95,44.6,2482400,44.42,1.95,22.871794871794872
2019-01-02,44.12,45.6,43.95,45.07,3314429,44.685,1.95,23.112820512820512
2019-01-03,44.57,44.9,43.82,44.16,4258805,44.3625,1.95,22.646153846153844
2019-01-04,44.62,45.07,44.21,44.92,3077200,44.705,1.95,23.035897435897436
2019-01-07,44.92,46.38,44.67,45.8,2670600,45.4425,1.95,23.487179487179485
2019-01-08,46.04,46.87,45.98,46.5,3064728,46.3475,1.95,23.846153846153847
2019-01-09,46.8,47.17,46.38,46.58,3580906,46.7325,1.95,23.887179487179488
2019-01-10,46.87,48.04,46.75,47.59,2761226,47.3125,1.95,24.405128205128207
2019-01-11,47.35,47.61,46.97,47.59,1703521,47.38,1.95,24.405128205128207
2019-01-14,47.2,47.58,47.18,47.28,2557800,47.31,1.95,24.24615384615385
2019-01-15,47.42,47.67,47.05,47.63,2632800,47.4425,1.95,24.425641025641028
2019-01-16,47.74,48.75,47.66,48.42,3136600,48.1425,1.95,24.83076923076923
2019-01-17,48.19,48.74,47.69,48.17,2532843,48.1975,1.95,24.702564102564104
2019-01-18,48.62,49.17,48.61,49.05,2720303,48.8625,1.95,25.153846153846153
2019-01-22,48.76,48.9,48.31,48.65,2234300,48.655,1.95,24.94871794871795
2019-01-23,48.72,49.09,48.16,48.87,1539235,48.71,1.95,25.06153846153846
2019-01-24,48.8,49.13,48.26,48.52,1976102,48.6775,1.95,24.882051282051282
2019-01-25,48.9,49.6,48.9,49.35,4750900,49.1875,1.95,25.30769230769231
2019-01-28,49.16,49.43,48.48,49.14,1956404,49.0525,1.95,25.2
2019-01-29,49.3,49.5,48.96,49.34,2568668,49.275,1.95,25.302564102564105
2019-01-30,49.39,49.46,48.31,48.76,5037014,48.98,1.95,25.005128205128205
2019-01-31,48.67,50.63,48.61,49.97,5287839,49.47,1.95,25.625641025641027
2019-02-01,49.17,49.75,48.31,49.34,3090745,49.1425,1.95,25.302564102564105
2019-02-04,49.38,49.93,49.03,49.91,3855800,49.5625,1.95,25.594871794871793
2019-02-05,49.99,50.7,49.79,50.2,2450100,50.17,1.95,25.743589743589745
2019-02-06,50.0,51.07,50.0,50.79,3308300,50.465,1.95,26.046153846153846
2019-02-07,53.5,54.7,52.75,54.25,8144800,53.8,0.94,57.71276595744681
2019-02-08,54.47,54.52,52.06,52.67,4727200,53.43,0.94,56.03191489361703
2019-02-11,52.84,53.23,52.12,53.19,2661100,52.845,0.94,56.58510638297872
2019-02-12,53.61,54.66,53.38,54.53,3663319,54.045,0.94,58.01063829787235
2019-02-13,54.65,55.19,54.07,55.05,2724700,54.74,0.94,58.56382978723404
2019-02-14,54.91,55.65,54.46,55.5,3608761,55.13,0.94,59.04255319148937
2019-02-15,55.9,55.98,55.36,55.48,3650600,55.68,0.94,59.02127659574468
2019-02-19,55.31,56.88,55.13,56.79,2795700,56.0275,0.94,60.41489361702128
2019-02-20,56.22,56.49,55.54,55.91,2715907,56.04,0.94,59.47872340425532
2019-02-21,55.8,55.9,54.37,54.75,2590435,55.205,0.94,58.24468085106383
2019-02-22,54.7,55.01,54.26,54.9,2317200,54.7175,0.94,58.40425531914894
2019-02-25,55.44,55.44,54.53,54.58,2278710,54.9975,0.94,58.06382978723404
2019-02-26,54.52,54.69,53.56,53.6,2166600,54.0925,0.94,57.02127659574469
2019-02-27,53.29,53.89,52.96,53.63,2818000,53.4425,0.94,57.05319148936171
2019-02-28,53.65,54.36,53.38,54.34,4113000,53.9325,0.94,57.80851063829788
2019-03-01,54.66,54.97,52.94,53.05,3598700,53.905,0.94,56.43617021276596
2019-03-04,53.01,53.01,50.64,50.9,4399524,51.89,0.94,54.14893617021277
2019-03-05,50.8,51.0,49.81,49.86,2962574,50.3675,0.94,53.04255319148936
2019-03-06,49.85,49.91,48.2,48.23,2663300,49.0475,0.94,51.308510638297875
2019-03-07,48.07,48.31,47.46,47.5,3240543,47.835,0.94,50.53191489361702
2019-03-08,47.22,48.09,47.04,47.7,3181407,47.5125,0.94,50.74468085106383
2019-03-11,47.93,48.87,47.46,48.85,2864700,48.2775,0.94,51.968085106382986
2019-03-12,48.97,49.79,48.92,49.33,2809800,49.2525,0.94,52.47872340425532
2019-03-13,49.72,51.07,49.45,50.65,4979000,50.2225,0.94,53.88297872340426
2019-03-14,50.76,50.87,50.18,50.8,4233800,50.6525,0.94,54.04255319148936
2019-03-15,50.81,51.02,50.1,50.27,5657540,50.55,0.94,53.47872340425533
2019-03-18,50.35,50.69,49.47,49.97,4008429,50.12,0.94,53.15957446808511
2019-03-19,50.04,50.88,50.04,50.55,4430700,50.3775,0.94,53.776595744680854
2019-03-20,50.41,50.42,48.97,49.36,2633600,49.79,0.94,52.51063829787234
2019-03-21,49.22,50.26,49.13,50.16,2285400,49.6925,0.94,53.361702127659576
2019-03-22,50.0,50.28,48.62,48.64,2414000,49.385,0.94,51.74468085106383
2019-03-25,48.65,48.66,47.15,47.56,3459685,48.005,0.94,50.59574468085107
2019-03-26,47.8,48.53,47.53,47.79,2797322,47.9125,0.94,50.840425531914896
2019-03-27,47.77,48.38,47.48,48.06,3600500,47.9225,0.94,51.12765957446809
2019-03-28,48.1,48.54,47.66,47.92,3042443,48.055,0.94,50.97872340425533
2019-03-29,47.89,48.18,47.55,48.15,3029517,47.9425,0.94,51.22340425531915
2019-04-01,48.67,49.19,48.43,49.12,2249335,48.8525,0.94,52.255319148936174
2019-04-02,48.09,48.5,47.11,47.16,3544024,47.715,0.94,50.170212765957444
2019-04-03,47.52,48.23,46.58,47.08,3481246,47.3525,0.94,50.08510638297872
2019-04-04,47.04,47.18,46.36,46.87,2218597,46.8625,0.94,49.861702127659576
2019-04-05,47.07,48.04,47.02,47.49,2827019,47.405,0.94,50.52127659574469
2019-04-08,47.42,47.77,46.92,47.55,2005357,47.415,0.94,50.58510638297872
2019-04-09,47.34,47.6,46.99,47.34,1799735,47.3175,0.94,50.36170212765958
2019-04-10,47.43,47.43,46.09,46.94,3097527,46.9725,0.94,49.93617021276596
2019-04-11,47.13,47.21,46.2,46.38,2208900,46.73,0.94,49.340425531914896
2019-04-12,46.7,47.3,46.5,46.79,2524315,46.8225,0.94,49.776595744680854
2019-04-15,46.99,47.66,46.78,47.08,2920700,47.1275,0.94,50.08510638297872
2019-04-16,47.38,47.41,46.22,46.75,2422326,46.94,0.94,49.73404255319149
2019-04-17,46.89,46.97,44.5,44.88,3433073,45.81,0.94,47.74468085106383
2019-04-18,44.92,46.18,44.89,46.0,3975621,45.4975,0.94,48.93617021276596
2019-04-22,45.93,46.36,45.09,45.26,2781247,45.66,0.94,48.148936170212764
2019-04-23,45.39,46.53,45.25,46.08,2828800,45.8125,0.94,49.02127659574468
2019-04-24,46.13,46.89,45.94,46.58,3255200,46.385,0.94,49.5531914893617
2019-04-25,46.4,47.08,45.93,46.85,2348700,46.565,0.94,49.840425531914896
2019-04-26,47.05,47.67,46.99,47.51,1746701,47.305,0.94,50.54255319148936
2019-04-29,47.51,47.81,47.09,47.44,1789017,47.4625,0.94,50.46808510638298
2019-04-30,48.0,48.76,47.26,48.71,6961829,48.1825,0.94,51.819148936170215
2019-05-01,48.7,48.72,47.48,47.6,3044500,48.125,0.94,50.63829787234043
2019-05-02,47.75,48.91,47.75,48.74,2707400,48.2875,0.94,51.851063829787236
2019-05-03,48.86,49.89,48.81,49.56,3512106,49.28,0.94,52.72340425531915
2019-05-06,48.79,49.53,48.17,49.44,3188143,48.9825,0.94,52.59574468085106
2019-05-07,49.14,49.63,48.66,48.94,4987336,49.0925,0.94,52.06382978723404
2019-05-08,49.14,50.02,48.42,49.71,3866600,49.3225,0.94,52.88297872340426
2019-05-09,48.05,50.4,47.24,50.14,5154300,48.9575,0.99,50.64646464646465
2019-05-10,50.24,50.77,47.93,48.85,3291100,49.4475,0.99,49.343434343434346
2019-05-13,48.0,48.0,45.92,46.07,4349100,46.9975,0.99,46.535353535353536
2019-05-14,46.21,46.74,45.96,46.1,3479400,46.2525,0.99,46.56565656565657
2019-05-15,45.84,46.34,45.2,46.18,2170909,45.89,0.99,46.64646464646464
2019-05-16,46.2,46.57,45.07,45.23,2880209,45.7675,0.99,45.686868686868685
2019-05-17,44.92,46.21,44.8,45.03,3068131,45.24,0.99,45.484848484848484
2019-05-20,44.82,46.08,44.71,45.98,3667100,45.3975,0.99,46.44444444444444
2019-05-21,46.26,47.36,46.2,46.9,3570200,46.68,0.99,47.37373737373737
2019-05-22,46.79,46.94,46.29,46.84,1986700,46.715,0.99,47.313131313131315
2019-05-23,46.47,46.55,45.63,45.91,2021114,46.14,0.99,46.37373737373737
2019-05-24,45.99,46.38,45.59,45.95,1173400,45.9775,0.99,46.41414141414142
2019-05-28,45.94,46.51,45.43,45.48,1727240,45.84,0.99,45.93939393939394
2019-05-29,45.39,45.39,43.51,43.68,3058801,44.4925,0.99,44.121212121212125
2019-05-30,43.57,43.84,42.47,42.93,2552714,43.2025,0.99,43.36363636363637
2019-05-31,42.46,42.71,42.02,42.07,3134225,42.315,0.99,42.494949494949495
2019-06-03,42.08,43.19,42.01,42.92,2531800,42.55,0.99,43.35353535353536
2019-06-04,43.55,44.16,43.36,43.95,2728500,43.755,0.99,44.3939393939394
2019-06-05,44.37,44.43,43.18,43.3,2639133,43.82,0.99,43.73737373737374
2019-06-06,43.2,43.27,42.38,42.79,2748900,42.91,0.99,43.22222222222222
2019-06-07,43.15,44.11,42.95,43.85,2290900,43.515,0.99,44.292929292929294
2019-06-10,43.94,44.8,43.76,44.0,2310133,44.125,0.99,44.44444444444444
2019-06-11,44.52,45.32,44.34,44.64,2914810,44.705,0.99,45.09090909090909
2019-06-12,44.44,44.73,43.97,44.22,1705588,44.34,0.99,44.666666666666664
2019-06-13,44.22,45.3,44.21,45.27,2029000,44.75,0.99,45.727272727272734
2019-06-14,45.25,45.25,44.1,44.16,1732516,44.69,0.99,44.6060606060606
2019-06-17,44.41,44.74,43.98,44.46,2183712,44.3975,0.99,44.909090909090914
2019-06-18,44.78,45.32,44.36,44.54,2254000,44.75,0.99,44.98989898989899
2019-06-19,44.81,45.49,44.8,45.04,2121305,45.035,0.99,45.494949494949495
2019-06-20,45.7,45.81,44.35,44.77,2082800,45.1575,0.99,45.22222222222223
2019-06-21,44.76,44.99,44.36,44.7,4091845,44.7025,0.99,45.151515151515156
2019-06-24,44.8,45.02,44.26,45.01,2642149,44.7725,0.99,45.464646464646464
2019-06-25,45.21,46.12,44.83,45.75,2753100,45.4775,0.99,46.21212121212121
2019-06-26,45.78,45.9,45.16,45.63,2738100,45.6175,0.99,46.09090909090909
2019-06-27,45.63,46.67,45.54,46.61,2649433,46.1125,0.99,47.08080808080808
2019-06-28,46.29,47.17,46.01,47.1,2720500,46.6425,0.99,47.57575757575758
2019-07-01,47.43,47.94,47.13,47.56,2983061,47.515,0.99,48.04040404040404
2019-07-02,47.5,47.5,46.69,47.17,1795443,47.215,0.99,47.64646464646465
2019-07-03,47.67,48.9,47.44,48.0,1949800,48.0025,0.99,48.484848484848484
2019-07-05,47.74,48.88,47.54,48.23,2244639,48.0975,0.99,48.717171717171716
2019-07-08,47.75,47.76,46.3,47.49,3798800,47.325,0.99,47.96969696969697
2019-07-09,47.17,47.77,46.84,47.2,1970705,47.245,0.99,47.67676767676768
2019-07-10,47.43,47.65,46.87,47.46,1882136,47.3525,0.99,47.93939393939394
2019-07-11,49.05,49.97,47.87,48.26,2952500,48.7875,0.99,48.74747474747475
2019-07-12,48.08,48.31,47.06,47.59,2413100,47.76,0.99,48.07070707070707
2019-07-15,47.59,47.81,47.07,47.5,2114800,47.4925,0.99,47.97979797979798
2019-07-16,47.18,47.25,46.09,46.79,3525333,46.8275,0.99,47.26262626262626
2019-07-17,46.5,46.5,44.92,45.07,3211509,45.7475,0.99,45.525252525252526
2019-07-18,44.8,45.38,44.41,45.19,1998336,44.945,0.99,45.64646464646464
2019-07-19,45.25,45.35,44.73,44.99,1385758,45.08,0.99,45.44444444444445
2019-07-22,45.14,45.4,44.39,44.53,1663962,44.865,0.99,44.97979797979798
2019-07-23,44.66,44.72,43.98,44.4,2678100,44.44,0.99,44.848484848484844
2019-07-24,44.49,44.89,44.21,44.75,4842700,44.585,0.99,45.2020202020202
2019-07-25,44.84,45.8,44.66,44.91,2888700,45.0525,0.99,45.36363636363636
2019-07-26,45.07,45.31,44.88,45.12,1472249,45.095,0.99,45.57575757575757
2019-07-29,45.19,45.88,45.12,45.81,1825600,45.5,0.99,46.27272727272727
2019-07-30,45.43,46.77,45.09,46.41,2797300,45.925,0.99,46.878787878787875
2019-07-31,46.31,46.53,45.29,45.73,6371200,45.965,0.99,46.19191919191919
2019-08-01,46.5,47.5,46.35,46.67,4735400,46.755,0.99,47.141414141414145
2019-08-02,46.44,46.83,45.26,46.11,2157900,46.16,0.99,46.57575757575758
2019-08-05,45.75,46.63,45.22,45.55,3769100,45.7875,0.99,46.01010101010101
2019-08-06,45.48,46.18,42.05,42.92,5465300,44.1575,0.99,43.35353535353536
2019-08-07,42.38,42.84,41.03,42.75,6580512,42.25,0.99,43.18181818181818
2019-08-08,43.64,44.27,42.35,43.89,4805575,43.5375,0.99,44.333333333333336
2019-08-09,43.92,44.68,43.51,44.35,2061700,44.115,0.99,44.7979797979798
2019-08-12,44.2,44.54,43.64,43.78,1813900,44.04,0.99,44.22222222222222
2019-08-13,43.97,45.32,43.56,44.67,2164107,44.38,0.99,45.121212121212125
2019-08-14,44.1,44.18,42.38,42.41,3352775,43.2675,0.99,42.838383838383834
2019-08-15,42.54,42.74,41.91,42.0,2113400,42.2975,0.99,42.42424242424242
2019-08-16,42.21,43.32,42.13,43.19,1924641,42.7125,0.99,43.62626262626262
2019-08-19,43.64,44.04,43.36,43.48,1661414,43.63,0.99,43.91919191919192
2019-08-20,44.08,44.51,43.65,43.76,2541928,44.0,0.65,67.32307692307691
2019-08-21,43.42,44.31,43.2,43.57,2140323,43.625,0.65,67.03076923076922
2019-08-22,43.87,44.49,43.71,43.76,2637600,43.9575,0.65,67.32307692307691
2019-08-23,43.54,44.35,42.55,42.79,2863200,43.3075,0.65,65.83076923076922
2019-08-26,43.22,44.1,43.22,43.83,2280400,43.5925,0.65,67.43076923076923
2019-08-27,43.36,43.8,41.83,41.93,4309100,42.73,0.65,64.50769230769231
2019-08-28,41.74,42.08,41.25,41.74,3283923,41.7025,0.65,64.21538461538462
2019-08-29,42.18,42.58,41.85,42.27,2957200,42.22,0.65,65.03076923076924
2019-08-30,42.43,43.48,42.43,43.13,3234300,42.8675,0.65,66.35384615384615
2019-09-03,42.76,43.4,42.13,43.3,3418731,42.8975,0.65,66.61538461538461
2019-09-04,43.84,44.39,43.53,44.35,2608506,44.0275,0.65,68.23076923076923
2019-09-05,44.79,45.31,44.3,44.38,3069106,44.695,0.65,68.27692307692308
2019-09-06,44.51,45.55,44.44,45.43,1908300,44.9825,0.65,69.8923076923077
2019-09-09,45.32,46.9,45.32,46.82,3392600,46.09,0.65,72.03076923076922
2019-09-10,46.65,48.02,46.36,47.95,3966010,47.245,0.65,73.76923076923077
2019-09-11,48.04,48.92,47.42,48.88,3009847,48.315,0.65,75.2
2019-09-12,49.0,49.19,47.91,48.48,2486409,48.645,0.65,74.58461538461538
2019-09-13,48.66,49.06,47.83,48.22,2077000,48.4425,0.65,74.18461538461538
2019-09-16,47.5,48.98,47.35,48.91,1989518,48.185,0.65,75.24615384615385
2019-09-17,49.05,49.1,48.22,48.26,2226936,48.6575,0.65,74.24615384615385
2019-09-18,48.17,48.2,47.61,47.88,2463812,47.965,0.65,73.66153846153847
2019-09-19,48.05,48.31,47.73,48.02,2009247,48.0275,0.65,73.87692307692308
2019-09-20,48.24,49.09,47.62,47.89,5791168,48.21,0.65,73.67692307692307
2019-09-23,47.7,47.89,46.56,47.17,2361003,47.33,0.65,72.56923076923077
2019-09-24,47.31,47.78,46.75,47.06,2446492,47.225,0.65,72.4
2019-09-25,46.96,47.88,46.68,47.67,2560800,47.2975,0.65,73.33846153846154
2019-09-26,47.66,48.18,46.51,47.3,2018094,47.4125,0.65,72.76923076923076
2019-09-27,47.55,47.7,46.9,47.57,3159300,47.43,0.65,73.18461538461538
2019-09-30,47.0,47.42,46.96,47.19,2461200,47.1425,0.65,72.6
2019-10-01,47.51,48.39,47.06,47.28,2497733,47.56,0.65,72.73846153846154
2019-10-02,46.89,47.07,45.66,45.76,3253515,46.345,0.65,70.39999999999999
2019-10-03,45.59,45.9,44.8,45.81,2516774,45.525,0.65,70.47692307692307
2019-10-04,45.88,46.18,45.34,46.07,1866969,45.8675,0.65,70.87692307692308
2019-10-07,46.09,46.12,45.4,45.6,1857598,45.8025,0.65,70.15384615384616
2019-10-08,45.27,45.48,44.68,44.96,1971180,45.0975,0.65,69.16923076923077
2019-10-09,45.26,45.51,45.16,45.3,1942103,45.3075,0.65,69.69230769230768
2019-10-10,45.3,46.71,45.3,46.05,2432673,45.84,0.65,70.84615384615384
2019-10-11,46.72,47.55,46.72,46.92,2044053,46.9775,0.65,72.18461538461538
2019-10-14,46.76,46.99,46.48,46.78,1466863,46.7525,0.65,71.96923076923076
2019-10-15,47.25,47.97,47.03,47.9,1890158,47.5375,0.65,73.6923076923077
2019-10-16,49.11,50.99,48.3,49.07,5943173,49.3675,0.65,75.49230769230769
2019-10-17,49.19,51.36,49.19,51.21,4512064,50.2375,0.65,78.78461538461538
2019-10-18,51.07,51.67,50.74,51.54,3665478,51.255,0.65,79.29230769230769
2019-10-21,51.13,51.48,49.15,50.41,4717586,50.5425,0.65,77.55384615384615
2019-10-22,50.49,50.78,49.73,50.74,1969230,50.435,0.65,78.06153846153846
2019-10-23,50.43,50.72,49.71,50.02,2095443,50.22,0.65,76.95384615384616
2019-10-24,50.17,50.25,49.14,49.69,2072088,49.8125,0.65,76.44615384615383
2019-10-25,49.7,50.2,49.15,50.05,1933447,49.775,0.65,77.0
2019-10-28,50.04,50.57,49.97,50.28,1382705,50.215,0.65,77.35384615384615
2019-10-29,50.14,51.51,49.82,51.23,2313400,50.675,0.65,78.8153846153846
2019-10-30,50.48,50.78,49.37,50.16,2807700,50.1975,0.65,77.16923076923077
2019-10-31,49.88,50.16,49.07,49.45,3952900,49.64,0.65,76.07692307692308
2019-11-01,49.75,50.9,49.46,50.44,2035500,50.1375,0.65,77.6
2019-11-04,50.65,51.89,50.5,51.74,2398300,51.195,0.65,79.6
2019-11-05,52.0,52.72,51.47,51.5,3111911,51.9225,0.65,79.23076923076923
2019-11-06,51.49,51.96,51.01,51.43,3042500,51.4725,0.65,79.12307692307692
2019-11-07,54.24,54.76,52.69,53.2,4773736,53.7225,-16.65,-3.1951951951951956
2019-11-08,52.95,53.86,52.3,53.75,3366277,53.215,-16.65,-3.2282282282282284
2019-11-11,53.2,53.72,52.82,53.68,3544800,53.355,-16.65,-3.224024024024024
2019-11-12,53.64,54.19,53.53,54.03,3432944,53.8475,-16.65,-3.245045045045045
2019-11-13,53.81,54.94,53.54,54.79,3394026,54.27,-16.65,-3.290690690690691
2019-11-14,54.85,55.33,54.59,54.75,4312300,54.88,-16.65,-3.2882882882882885
2019-11-15,54.93,56.27,54.75,56.24,3373300,55.5475,-16.65,-3.377777777777778
2019-11-18,56.14,56.69,55.81,56.01,2719900,56.1625,-16.65,-3.3639639639639642
2019-11-19,56.24,56.37,55.65,55.68,2137000,55.985,-16.65,-3.3441441441441446
2019-11-20,55.31,55.81,55.09,55.41,2686400,55.405,-16.65,-3.327927927927928
2019-11-21,55.42,55.62,54.86,55.17,2301300,55.2675,-16.65,-3.313513513513514
2019-11-22,55.33,55.99,55.25,55.69,2061900,55.565,-16.65,-3.344744744744745
2019-11-25,55.99,56.49,55.62,56.35,2111100,56.1125,-16.65,-3.3843843843843846
2019-11-26,56.24,56.24,53.76,54.21,5571698,55.1125,-16.65,-3.2558558558558564
2019-11-27,54.21,55.26,54.15,55.22,1988836,54.71,-16.65,-3.3165165165165167
2019-11-29,54.92,55.27,54.75,55.03,833434,54.9925,-16.65,-3.3051051051051052
2019-12-02,55.03,55.07,54.51,54.64,1622247,54.8125,-16.65,-3.281681681681682
2019-12-03,54.27,54.6,53.83,54.53,2301259,54.3075,-16.65,-3.2750750750750752
2019-12-04,54.74,55.07,54.45,54.78,1753800,54.76,-16.65,-3.2900900900900902
2019-12-05,54.87,55.03,54.22,54.25,1924836,54.5925,-16.65,-3.2582582582582584
2019-12-06,54.61,55.09,54.5,54.87,1525900,54.7675,-16.65,-3.2954954954954956
2019-12-09,54.71,54.81,54.03,54.34,1586963,54.4725,-16.65,-3.2636636636636642
2019-12-10,54.21,54.22,53.45,53.82,1823202,53.925,-16.65,-3.2324324324324327
2019-12-11,53.71,54.35,53.7,54.28,1691100,54.01,-16.65,-3.26006006006006
2019-12-12,54.38,55.02,54.11,54.66,1533202,54.5425,-16.65,-3.282882882882883
2019-12-13,54.47,54.76,53.59,53.66,1568635,54.12,-16.65,-3.222822822822823
2019-12-16,53.26,53.98,52.63,53.7,2872500,53.3925,-16.65,-3.2252252252252256
2019-12-17,53.57,53.6,51.0,51.57,3657118,52.435,-16.65,-3.0972972972972976
2019-12-18,51.24,51.58,50.83,51.1,2624313,51.1875,-16.65,-3.0690690690690694
2019-12-19,51.35,51.46,50.5,50.61,1920900,50.98,-16.65,-3.0396396396396397
2019-12-20,51.09,52.03,50.51,51.8,4939500,51.3575,-16.65,-3.111111111111111
2019-12-23,51.81,51.94,51.11,51.13,1402241,51.4975,-16.65,-3.070870870870871
2019-12-24,51.37,51.77,51.08,51.29,535400,51.3775,-16.65,-3.080480480480481
2019-12-26,51.35,51.45,50.92,51.17,839615,51.2225,-16.65,-3.0732732732732737
2019-12-27,51.14,51.61,50.75,51.5,1427121,51.25,-16.65,-3.0930930930930933
2019-12-30,51.47,51.66,50.7,50.77,1648900,51.15,-16.65,-3.04924924924925
2019-12-31,50.13,50.9,50.1,50.58,1908317,50.4275,-16.65,-3.037837837837838
2020-01-02,50.92,51.01,49.48,50.09,2824600,50.375,-16.65,-3.008408408408409
2020-01-03,49.32,49.8,49.14,49.36,1876300,49.405,-16.65,-2.9645645645645646
2020-01-06,49.26,49.82,48.93,49.77,2410243,49.445,-16.65,-2.9891891891891897
2020-01-07,49.61,49.99,49.33,49.79,1820327,49.68,-16.65,-2.990390390390391
2020-01-08,49.68,50.31,49.26,50.06,1727100,49.8275,-16.65,-3.006606606606607
2020-01-09,50.2,50.44,49.67,50.3,1747000,50.1525,-16.65,-3.021021021021021
2020-01-10,50.4,50.72,49.88,50.63,2298202,50.4075,-16.65,-3.040840840840841
2020-01-13,50.53,50.56,49.8,50.44,2526564,50.3325,-16.65,-3.0294294294294297
2020-01-14,50.94,52.46,50.94,52.45,3186300,51.6975,-16.65,-3.1501501501501505
2020-01-15,52.27,54.12,52.04,53.81,4023233,53.06,-16.65,-3.2318318318318324
2020-01-16,54.17,54.52,53.61,54.42,2710300,54.18,-16.65,-3.268468468468469
2020-01-17,54.53,54.64,53.63,53.93,2566400,54.1825,-16.65,-3.239039039039039
2020-01-21,53.89,54.4,53.5,54.01,1874033,53.95,-16.65,-3.243843843843844
2020-01-22,54.37,55.49,54.22,55.32,3059842,54.85,-16.65,-3.322522522522523
2020-01-23,55.21,55.22,54.54,54.87,3333100,54.96,-16.65,-3.2954954954954956
2020-01-24,54.95,54.95,52.75,53.82,2107212,54.1175,-16.65,-3.2324324324324327
2020-01-27,52.85,53.59,52.02,53.38,2511403,52.96,-16.65,-3.2060060060060063
2020-01-28,53.76,54.08,53.15,53.8,2089200,53.6975,-16.65,-3.2312312312312312
2020-01-29,53.93,54.4,53.41,53.74,1748602,53.87,-16.65,-3.227627627627628
2020-01-30,53.49,53.87,52.51,53.29,1919723,53.29,-16.65,-3.200600600600601
2020-01-31,53.0,53.17,50.9,51.21,7692221,52.07,-16.65,-3.075675675675676
2020-02-03,51.43,52.18,51.09,51.26,1905524,51.49,-16.65,-3.0786786786786786
2020-02-04,52.06,52.68,51.54,51.59,3443814,51.9675,-16.65,-3.098498498498499
2020-02-05,52.09,53.45,52.04,52.68,5655776,52.565,-16.65,-3.163963963963964
2020-02-06,57.55,59.8,56.84,58.26,6735054,58.1125,0.75,77.67999999999999
2020-02-07,59.09,60.48,57.74,58.24,4384700,58.8875,0.75,77.65333333333334
2020-02-10,58.25,59.7,58.0,59.19,3616679,58.785,0.75,78.92
2020-02-11,59.25,59.47,58.35,59.41,2611300,59.12,0.75,79.21333333333332
2020-02-12,60.0,60.69,59.69,60.13,2290779,60.1275,0.75,80.17333333333333
2020-02-13,59.54,60.32,59.37,59.4,1953300,59.6575,0.75,79.2
2020-02-14,59.19,59.79,57.61,59.62,3284900,59.0525,0.75,79.49333333333333
2020-02-18,59.6,59.99,58.78,59.01,2276473,59.345,0.75,78.67999999999999
2020-02-19,58.9,59.37,58.66,59.35,1896900,59.07,0.75,79.13333333333334
2020-02-20,59.09,60.53,58.76,60.42,2688023,59.7,0.75,80.56
2020-02-21,60.17,60.39,59.5,59.72,2275400,59.945,0.75,79.62666666666667
2020-02-24,58.21,58.94,57.91,58.14,2105470,58.3,0.75,77.52
2020-02-25,58.5,58.8,55.26,55.44,2764400,57.0,0.75,73.92
2020-02-26,55.45,56.75,54.99,55.01,3160700,55.55,0.75,73.34666666666666
2020-02-27,54.24,55.38,52.24,52.25,4825718,53.5275,0.75,69.66666666666667
2020-02-28,50.58,52.15,49.49,52.12,6367000,51.085,0.75,69.49333333333333
2020-03-02,52.31,54.02,51.77,54.02,4630343,53.03,0.75,72.02666666666667
2020-03-03,53.98,54.89,51.51,52.96,3434729,53.335,0.75,70.61333333333333
2020-03-04,54.79,56.09,53.23,54.63,4431322,54.685,0.75,72.84
2020-03-05,53.21,54.16,51.82,52.48,3369949,52.9175,0.75,69.97333333333333
2020-03-06,50.86,52.17,50.03,51.27,2889201,51.0825,0.75,68.36
2020-03-09,48.0,49.74,47.11,47.93,4876911,48.195,0.75,63.906666666666666
2020-03-10,49.2,49.82,46.9,49.71,3013703,48.9075,0.75,66.28
2020-03-11,48.46,49.33,47.61,48.65,3576313,48.5125,0.75,64.86666666666666
2020-03-12,45.75,46.0,42.36,42.39,4218738,44.125,0.75,56.52
2020-03-13,44.38,47.75,42.56,47.62,4410313,45.5775,0.75,63.49333333333333
2020-03-16,42.59,46.87,42.16,44.22,3499900,43.96,0.75,58.96
2020-03-17,44.92,48.55,43.6,47.76,3982940,46.2075,0.75,63.68
2020-03-18,45.1,49.19,41.5,45.7,3776232,45.3725,0.75,60.93333333333334
2020-03-19,45.16,46.33,42.12,43.79,2538421,44.35,0.75,58.38666666666666
2020-03-20,44.83,46.07,42.3,43.33,3900104,44.1325,0.75,57.77333333333333
2020-03-23,42.9,43.0,39.05,41.0,3344749,41.4875,0.75,54.666666666666664
2020-03-24,41.8,44.18,40.97,43.54,3275003,42.6225,0.75,58.053333333333335
2020-03-25,43.66,46.19,41.93,42.25,3625905,43.5075,0.75,56.333333333333336
2020-03-26,42.62,45.67,41.81,45.4,3516244,43.875,0.75,60.53333333333333
2020-03-27,44.0,45.55,43.16,44.38,3046706,44.2725,0.75,59.17333333333334
2020-03-30,46.25,48.67,45.86,48.44,3754841,47.305,0.75,64.58666666666666
2020-03-31,48.83,50.19,46.99,47.94,6194706,48.4875,0.75,63.919999999999995
2020-04-01,46.15,48.11,46.0,47.71,3426441,46.9925,0.75,63.61333333333334
2020-04-02,46.94,47.55,44.58,46.42,3265600,46.3725,0.75,61.89333333333334
2020-04-03,45.79,47.18,45.58,46.61,2567959,46.29,0.75,62.14666666666667
2020-04-06,48.4,49.74,47.36,49.35,3545514,48.7125,0.75,65.8
2020-04-07,50.47,50.77,47.79,47.88,2407300,49.2275,0.75,63.84
2020-04-08,48.36,49.83,47.39,49.4,2659306,48.745,0.75,65.86666666666666
2020-04-09,49.23,50.79,49.23,50.43,2012650,49.92,0.75,67.24
2020-04-13,50.33,50.33,48.65,49.03,1775648,49.585,0.75,65.37333333333333
2020-04-14,50.15,50.98,49.32,50.69,1917269,50.285,0.75,67.58666666666666
2020-04-15,49.83,50.4,48.95,50.07,2265209,49.8125,0.75,66.76
2020-04-16,50.16,50.64,49.11,50.06,1725263,49.9925,0.75,66.74666666666667
2020-04-17,51.0,51.41,49.85,51.23,2143800,50.8725,0.75,68.30666666666666
2020-04-20,50.76,52.33,50.12,50.74,1901601,50.9875,0.75,67.65333333333334
2020-04-21,50.05,50.2,48.02,48.27,1857414,49.135,0.75,64.36
2020-04-22,49.16,49.44,48.54,49.04,1740516,49.045,0.75,65.38666666666667
2020-04-23,49.24,50.07,48.85,49.32,1942148,49.37,0.75,65.76
2020-04-24,49.6,50.59,48.99,50.32,1963808,49.875,0.75,67.09333333333333
2020-04-27,50.74,53.05,50.62,51.93,2208800,51.585,0.75,69.24
2020-04-28,52.52,52.65,51.14,51.45,1903306,51.94,0.75,68.60000000000001
2020-04-29,51.95,52.07,50.83,51.36,2540000,51.5525,0.75,68.48
2020-04-30,50.93,51.25,49.04,49.48,7132125,50.175,0.75,65.97333333333333
2020-05-01,49.0,49.0,47.19,47.42,2235780,48.1525,0.75,63.22666666666667
2020-05-04,47.29,47.47,46.34,47.02,2546106,47.03,0.75,62.693333333333335
2020-05-05,47.54,48.3,47.15,47.45,2137963,47.61,0.75,63.26666666666667
2020-05-06,47.82,48.53,47.39,47.4,3022109,47.785,0.75,63.199999999999996
2020-05-07,48.06,49.03,48.0,48.52,3117800,48.4025,0.75,64.69333333333334
2020-05-08,49.31,50.24,48.16,49.88,2768146,49.3975,0.75,66.50666666666667
2020-05-11,53.09,54.2,52.11,53.24,5884712,53.16,1.2,44.36666666666667
2020-05-12,53.46,54.33,50.05,50.1,2421421,51.985,1.2,41.75
2020-05-13,50.03,50.2,47.27,47.6,2340947,48.775,1.2,39.66666666666667
2020-05-14,46.65,47.36,45.76,47.3,2640600,46.7675,1.2,39.416666666666664
2020-05-15,48.3,49.0,47.76,48.95,2548600,48.5025,1.2,40.79166666666667
2020-05-18,50.07,52.45,50.07,52.21,2710212,51.2,1.2,43.50833333333333
2020-05-19,51.9,52.73,51.52,51.56,2086930,51.9275,1.2,42.96666666666667
2020-05-20,52.02,53.76,51.04,52.95,2745900,52.4425,1.2,44.12500000000001
2020-05-21,52.7,53.46,52.28,53.18,1410400,52.905,1.2,44.31666666666667
2020-05-22,53.05,53.7,52.64,53.59,1364506,53.245,1.2,44.65833333333334
2020-05-26,54.77,55.07,52.44,52.6,2524726,53.72,1.2,43.833333333333336
2020-05-27,52.76,53.75,51.69,53.75,1911400,52.9875,1.2,44.79166666666667
2020-05-28,54.31,55.29,53.81,54.37,1656000,54.445,1.2,45.30833333333333
2020-05-29,54.5,55.03,53.72,54.69,4376800,54.485,1.2,45.575
2020-06-01,54.48,55.07,54.14,54.7,1247832,54.5975,1.2,45.583333333333336
2020-06-02,54.52,55.99,54.01,55.77,2941947,55.0725,1.2,46.475
2020-06-03,55.99,57.13,55.82,56.62,2163750,56.39,1.2,47.18333333333333
2020-06-04,56.17,57.08,55.82,56.49,2077663,56.39,1.2,47.075
2020-06-05,57.06,58.49,57.0,57.27,1856720,57.455,1.2,47.725
2020-06-08,57.06,59.46,56.9,59.31,2562208,58.1825,1.2,49.425000000000004
2020-06-09,58.68,58.91,57.08,57.65,1458612,58.08,1.2,48.041666666666664
2020-06-10,57.92,58.03,55.38,55.47,2206911,56.7,1.2,46.225
2020-06-11,54.1,54.48,52.12,52.49,1888406,53.2975,1.2,43.74166666666667
2020-06-12,54.0,54.4,51.5,52.89,1747737,53.1975,1.2,44.075
2020-06-15,51.83,53.93,51.25,53.46,1946511,52.6175,1.2,44.550000000000004
2020-06-16,54.8,55.04,53.61,54.5,2564726,54.4875,1.2,45.41666666666667
2020-06-17,54.51,54.63,53.5,53.66,2102312,54.075,1.2,44.71666666666667
2020-06-18,53.5,53.65,52.66,53.11,2023729,53.23,1.2,44.25833333333333
2020-06-19,54.14,54.78,53.32,53.81,4682600,54.0125,1.2,44.84166666666667
2020-06-22,53.69,53.95,52.94,53.82,1285014,53.6,1.2,44.85
2020-06-23,54.29,54.54,53.41,53.48,1589515,53.93,1.2,44.56666666666666
2020-06-24,53.0,53.58,51.58,52.01,2300100,52.5425,1.2,43.34166666666667
2020-06-25,51.66,52.31,51.17,51.87,2494005,51.7525,1.2,43.225
2020-06-26,51.76,52.33,50.43,50.55,8788356,51.2675,1.2,42.125
2020-06-29,50.96,51.97,50.93,51.97,1604466,51.4575,1.2,43.30833333333334
2020-06-30,51.28,52.57,50.83,52.19,2559800,51.7175,1.2,43.49166666666667
2020-07-01,52.32,52.58,51.46,51.68,1633726,52.01,1.2,43.06666666666667
2020-07-02,52.32,52.75,51.54,51.8,2371500,52.1025,1.2,43.166666666666664
2020-07-06,52.22,52.46,51.3,51.74,2284126,51.93,1.2,43.11666666666667
2020-07-07,51.01,51.32,50.17,50.22,1619335,50.68,1.2,41.85
2020-07-08,50.32,50.53,49.4,50.29,1975243,50.135,1.2,41.90833333333333
2020-07-09,50.19,50.27,48.39,48.88,1575900,49.4325,1.2,40.733333333333334
2020-07-10,48.76,49.54,48.25,49.36,1841213,48.9775,1.2,41.13333333333333
2020-07-13,49.61,50.66,49.26,49.87,2143738,49.85,1.2,41.55833333333333
2020-07-14,49.63,51.0,49.51,50.93,1669909,50.2675,1.2,42.44166666666667
2020-07-15,51.49,52.28,51.19,52.09,1642800,51.7625,1.2,43.40833333333334
2020-07-16,51.92,52.72,51.58,52.42,1387534,52.16,1.2,43.68333333333334
2020-07-17,52.6,53.35,52.38,53.13,1139935,52.865,1.2,44.275000000000006
2020-07-20,53.26,53.42,52.52,53.15,2959628,53.0875,1.2,44.291666666666664
2020-07-21,53.54,56.05,53.54,55.99,2661499,54.78,1.2,46.65833333333334
2020-07-22,56.0,56.33,55.52,56.16,1531700,56.0025,1.2,46.8
2020-07-23,56.27,57.05,56.04,56.55,1685200,56.4775,1.2,47.125
2020-07-24,56.75,57.63,56.14,56.5,1504400,56.755,1.2,47.083333333333336
2020-07-27,56.27,57.52,55.74,57.48,1704600,56.7525,1.2,47.9
2020-07-28,57.34,57.59,56.49,56.58,1524468,57.0,1.2,47.15
2020-07-29,56.88,57.99,56.53,57.7,1894100,57.275,1.2,48.083333333333336
2020-07-30,56.81,57.0,55.6,56.48,2437405,56.4725,1.2,47.06666666666666
2020-07-31,56.43,56.5,53.91,54.62,4732100,55.365,1.2,45.516666666666666
2020-08-03,55.55,58.31,55.54,58.04,2856100,56.86,1.2,48.36666666666667
2020-08-04,57.76,58.34,57.03,57.83,1890000,57.74,1.2,48.19166666666667
2020-08-05,58.64,58.97,57.09,57.6,2764599,58.075,1.2,48.0
2020-08-06,52.5,55.45,52.11,53.11,5229135,53.2925,1.2,44.25833333333333
2020-08-07,52.62,52.74,51.61,52.58,2844789,52.3875,1.2,43.81666666666667
2020-08-10,52.58,53.81,52.35,53.06,2161747,52.95,1.2,44.21666666666667
2020-08-11,53.36,53.92,52.85,53.04,1782400,53.2925,1.2,44.2
2020-08-12,53.48,54.17,53.26,53.82,1635241,53.6825,1.2,44.85
2020-08-13,53.42,53.65,52.26,52.43,2608926,52.94,2.25,23.302222222222223
2020-08-14,52.2,53.7,51.92,53.68,1985671,52.875,2.25,23.857777777777777
2020-08-17,53.7,53.78,52.6,52.73,1616753,53.2025,2.25,23.435555555555553
2020-08-18,52.7,53.29,51.93,52.05,1724222,52.4925,2.25,23.133333333333333
2020-08-19,51.98,52.63,51.51,51.64,1358715,51.94,2.25,22.95111111111111
2020-08-20,51.37,51.53,50.05,50.16,1729663,50.7775,2.25,22.293333333333333
2020-08-21,49.95,50.32,49.59,49.85,1629000,49.9275,2.25,22.155555555555555
2020-08-24,50.23,50.27,49.44,49.8,1365943,49.935,2.25,22.133333333333333
2020-08-25,49.85,50.6,49.46,50.56,1781208,50.1175,2.25,22.471111111111114
2020-08-26,50.21,51.1,49.94,50.95,2038300,50.55,2.25,22.644444444444446
2020-08-27,51.19,51.46,50.26,50.67,1932032,50.895,2.25,22.52
2020-08-28,50.6,50.79,49.98,50.5,1119865,50.4675,2.25,22.444444444444443
2020-08-31,50.25,51.23,50.22,50.76,2279021,50.615,2.25,22.56
2020-09-01,50.52,50.74,48.57,49.34,2033147,49.7925,2.25,21.928888888888892
2020-09-02,49.62,51.28,49.33,50.99,2355425,50.305,2.25,22.662222222222223
2020-09-03,51.35,51.9,49.46,50.02,3189700,50.6825,2.25,22.23111111111111
2020-09-04,50.17,50.21,49.0,49.72,2368963,49.775,2.25,22.09777777777778
2020-09-08,49.67,49.93,48.82,49.27,2825949,49.4225,2.25,21.89777777777778
2020-09-09,49.56,50.04,48.96,49.54,1560330,49.525,2.25,22.017777777777777
2020-09-10,49.31,49.55,48.51,48.54,2394000,48.9775,2.25,21.573333333333334
2020-09-11,48.84,48.84,47.86,48.38,1481044,48.48,2.25,21.502222222222223
2020-09-14,48.61,48.99,46.93,47.05,4552100,47.895,2.25,20.91111111111111
2020-09-15,47.44,47.77,46.53,46.55,2600277,47.0725,2.25,20.688888888888886
2020-09-16,46.74,47.7,46.7,47.21,4038243,47.0875,2.25,20.982222222222223
2020-09-17,46.7,47.36,45.89,47.3,3926799,46.8125,2.25,21.022222222222222
2020-09-18,47.3,48.33,47.23,47.68,4227480,47.635,2.25,21.191111111111113
2020-09-21,47.03,47.36,46.48,47.1,2632400,46.9925,2.25,20.933333333333334
2020-09-22,47.1,47.53,46.83,47.08,2423527,47.135,2.25,20.924444444444443
2020-09-23,47.2,47.21,45.24,45.25,2526306,46.225,2.25,20.11111111111111
2020-09-24,45.5,46.23,44.65,45.81,2880580,45.5475,2.25,20.36
2020-09-25,46.7,47.68,46.28,47.43,2944848,47.0225,2.25,21.08
2020-09-28,47.97,48.54,47.46,47.55,1837230,47.88,2.25,21.133333333333333
2020-09-29,47.63,47.68,46.74,46.89,1546368,47.235,2.25,20.84
2020-09-30,46.59,47.41,46.34,46.95,3222041,46.8225,2.25,20.866666666666667
2020-10-01,47.19,47.2,45.81,46.08,2115029,46.57,2.25,20.48
2020-10-02,45.52,46.77,45.29,46.3,1747200,45.97,2.25,20.577777777777776
2020-10-05,46.5,47.43,46.07,47.15,2820863,46.7875,2.25,20.955555555555556
2020-10-06,47.59,47.8,46.32,46.47,1854300,47.045,2.25,20.653333333333332
2020-10-07,46.55,47.43,46.54,47.15,1758700,46.9175,2.25,20.955555555555556
2020-10-08,47.29,48.73,46.8,48.68,1774800,47.875,2.25,21.635555555555555
2020-10-09,48.92,48.93,47.81,48.03,2002519,48.4225,2.25,21.346666666666668
2020-10-12,48.23,48.51,47.88,48.32,1138300,48.235,2.25,21.475555555555555
2020-10-13,47.8,48.34,47.68,47.92,1256500,47.935,2.25,21.297777777777778
2020-10-14,48.0,48.9,47.73,48.37,1240600,48.25,2.25,21.497777777777777
2020-10-15,47.74,48.95,47.48,48.92,1180127,48.2725,2.25,21.742222222222225
2020-10-16,48.89,49.35,48.36,48.79,1284587,48.8475,2.25,21.684444444444445
2020-10-19,48.78,49.24,47.8,47.9,1791500,48.43,2.25,21.288888888888888
2020-10-20,48.23,48.46,47.69,47.71,1678600,48.0225,2.25,21.204444444444444
2020-10-21,47.47,48.26,47.31,47.83,1294435,47.7175,2.25,21.257777777777775
2020-10-22,47.9,48.9,47.9,48.77,1396519,48.3675,2.25,21.675555555555558
2020-10-23,49.11,49.55,48.75,49.34,1290025,49.1875,2.25,21.928888888888892
2020-10-26,48.88,49.13,47.69,48.03,1643100,48.4325,2.25,21.346666666666668
2020-10-27,47.85,48.39,47.47,47.48,1473210,47.7975,2.25,21.10222222222222
2020-10-28,46.55,47.01,45.88,45.96,1698131,46.35,2.25,20.426666666666666
2020-10-29,45.83,46.15,44.92,45.61,1894122,45.6275,2.25,20.27111111111111
2020-10-30,45.49,46.26,45.15,45.79,4173801,45.6725,2.25,20.35111111111111
2020-11-02,46.8,47.84,46.26,47.52,2496524,47.105,2.25,21.12
2020-11-03,48.53,49.41,48.44,48.79,2180132,48.7925,2.25,21.684444444444445
2020-11-04,50.0,50.84,49.3,49.44,2901723,49.895,2.25,21.973333333333333
2020-11-05,51.51,54.28,51.5,53.06,4444006,52.5875,-0.86,-61.697674418604656
2020-11-06,53.23,53.55,52.24,52.64,2255631,52.915,-0.86,-61.2093023255814
2020-11-09,55.5,56.3,54.03,55.41,3043685,55.31,-0.86,-64.43023255813954
2020-11-10,55.6,57.83,55.21,57.37,3553220,56.5025,-0.86,-66.70930232558139
2020-11-11,57.54,57.69,55.88,56.23,1899400,56.835,-0.86,-65.38372093023256
2020-11-12,55.64,56.49,55.2,56.0,1612100,55.8325,-0.86,-65.11627906976744
2020-11-13,56.36,57.59,55.99,57.43,1435189,56.8425,-0.86,-66.77906976744187
2020-11-16,58.5,59.19,58.02,58.47,2167212,58.545,-0.86,-67.98837209302326
2020-11-17,55.0,55.34,53.2,54.68,3749739,54.555,-0.86,-63.58139534883721
2020-11-18,55.11,55.95,53.19,53.32,2497381,54.3925,-0.86,-62.0
2020-11-19,52.98,52.98,51.51,52.29,2834146,52.44,-0.86,-60.80232558139535
2020-11-20,52.08,52.55,51.27,51.86,2449677,51.94,-0.86,-60.30232558139535
2020-11-23,52.35,52.75,51.7,52.29,1982639,52.2725,-0.86,-60.80232558139535
2020-11-24,52.89,54.13,52.4,53.97,2287781,53.3475,-0.86,-62.75581395348837
2020-11-25,54.03,54.13,53.2,53.77,1908810,53.7825,-0.86,-62.52325581395349
2020-11-27,53.59,54.25,53.49,53.78,788108,53.7775,-0.86,-62.53488372093023
2020-11-30,53.9,54.8,53.5,54.59,5380611,54.1975,-0.86,-63.47674418604652
2020-12-01,55.4,55.44,53.87,54.03,2231756,54.685,-0.86,-62.82558139534884
2020-12-02,53.87,55.86,53.8,55.65,3001500,54.795,-0.86,-64.70930232558139
2020-12-03,55.72,56.18,54.9,55.43,3345200,55.5575,-0.86,-64.45348837209302
2020-12-04,55.72,56.99,55.07,56.99,2223700,56.1925,-0.86,-66.26744186046513
2020-12-07,56.63,56.63,55.06,55.4,2778222,55.93,-0.86,-64.4186046511628
2020-12-08,55.29,56.63,55.14,56.47,1487530,55.8825,-0.86,-65.66279069767442
2020-12-09,56.46,56.69,55.42,56.15,1245625,56.18,-0.86,-65.29069767441861
2020-12-10,55.71,56.05,55.23,55.45,1649700,55.61,-0.86,-64.47674418604652
2020-12-11,55.09,55.13,53.93,54.28,2268142,54.6075,-0.86,-63.116279069767444
2020-12-14,54.91,55.02,53.36,53.55,1953832,54.21,-0.86,-62.26744186046511
2020-12-15,54.05,55.22,54.0,54.92,1494301,54.5475,-0.86,-63.86046511627907
2020-12-16,54.71,54.86,54.12,54.24,1139148,54.4825,-0.86,-63.06976744186047
2020-12-17,54.61,54.66,53.66,54.22,3102618,54.2875,-0.86,-63.04651162790697
2020-12-18,54.18,55.03,53.82,54.96,2925605,54.4975,-0.86,-63.906976744186046
2020-12-21,54.0,54.44,53.3,54.02,1740582,53.94,-0.86,-62.8139534883721
2020-12-22,54.1,54.42,53.55,53.63,1171800,53.925,-0.86,-62.36046511627907
2020-12-23,53.77,54.29,53.64,53.86,925218,53.89,-0.86,-62.627906976744185
2020-12-24,53.93,54.07,53.31,53.8,349623,53.7775,-0.86,-62.55813953488372
2020-12-28,54.09,54.43,53.31,53.66,975300,53.8725,-0.86,-62.3953488372093
2020-12-29,53.88,54.09,53.14,53.5,925538,53.6525,-0.86,-62.2093023255814
2020-12-30,53.57,53.84,53.12,53.49,1122200,53.505,-0.86,-62.197674418604656
2020-12-31,52.95,53.63,52.64,53.56,1251811,53.195,-0.86,-62.27906976744186
2021-01-04,53.88,54.04,52.11,52.93,2861028,53.24,-0.86,-61.54651162790698
2021-01-05,53.07,53.65,51.93,53.12,1846340,52.9425,-0.86,-61.76744186046511
2021-01-06,53.39,55.2,53.23,55.06,2776063,54.22,-0.86,-64.0232558139535
2021-01-07,55.21,56.56,55.06,56.31,3344742,55.785,-0.86,-65.47674418604652
2021-01-08,56.65,56.99,55.55,55.91,2137500,56.275,-0.86,-65.01162790697674
2021-01-11,55.6,56.33,55.47,55.74,1271500,55.785,-0.86,-64.81395348837209
2021-01-12,55.9,56.24,55.47,55.99,1277900,55.9,-0.86,-65.1046511627907
2021-01-13,55.91,56.24,55.39,55.4,994185,55.735,-0.86,-64.4186046511628
2021-01-14,55.34,55.91,54.76,55.39,1681300,55.35,-0.86,-64.40697674418605
2021-01-15,55.33,55.58,54.2,55.44,1257991,55.1375,-0.86,-64.46511627906976
2021-01-19,55.63,55.73,54.54,54.81,1674917,55.1775,-0.86,-63.73255813953489
2021-01-20,54.82,55.03,54.19,54.59,1605920,54.6575,-0.86,-63.47674418604652
2021-01-21,54.45,55.31,53.15,55.07,1995100,54.495,-0.86,-64.03488372093024
2021-01-22,54.88,55.73,54.7,55.39,1326282,55.175,-0.86,-64.40697674418605
2021-01-25,54.94,55.3,54.38,55.03,1429925,54.9125,-0.86,-63.98837209302326
2021-01-26,55.15,55.85,54.94,55.48,893714,55.355,-0.86,-64.51162790697674
2021-01-27,54.98,55.62,54.71,55.29,2733821,55.15,-0.86,-64.29069767441861
2021-01-28,55.45,56.32,55.25,55.57,1856098,55.6475,-0.86,-64.61627906976744
2021-01-29,55.63,55.81,53.22,53.73,2622113,54.5975,-0.86,-62.47674418604651
2021-02-01,53.93,54.88,53.82,54.48,1593100,54.2775,-0.86,-63.348837209302324
2021-02-02,55.8,56.27,54.47,54.54,1571600,55.27,-0.86,-63.41860465116279
2021-02-03,54.19,54.57,53.71,54.4,1312446,54.2175,-0.86,-63.25581395348837
2021-02-04,54.71,56.47,54.36,55.98,2823609,55.38,-0.86,-65.09302325581395
2021-02-05,55.2,55.75,53.01,54.26,3019134,54.555,2.14,25.355140186915886
2021-02-08,54.35,54.5,51.81,52.91,4018673,53.3925,2.14,24.724299065420556
2021-02-09,53.15,53.48,52.24,52.95,2216900,52.955,2.14,24.742990654205606
2021-02-10,53.2,53.51,52.83,53.06,1797950,53.15,2.14,24.794392523364486
2021-02-11,53.12,53.18,51.85,52.41,1754523,52.64,2.14,24.490654205607473
2021-02-12,52.0,52.41,51.54,51.86,1983500,51.9525,2.14,24.233644859813083
2021-02-16,52.13,52.19,51.46,51.75,2043217,51.8825,2.14,24.182242990654203
2021-02-17,51.5,52.11,50.78,51.72,2138067,51.5275,2.14,24.168224299065418
2021-02-18,51.5,51.67,51.1,51.37,2042409,51.41,2.14,24.004672897196258
2021-02-19,51.34,52.13,51.27,52.0,2368373,51.685,2.14,24.299065420560748
2021-02-22,52.02,52.34,51.53,52.13,1741298,52.005,2.14,24.35981308411215
2021-02-23,52.34,52.6,51.51,51.98,2201642,52.1075,2.14,24.28971962616822
2021-02-24,52.05,53.16,51.95,52.55,2366852,52.4275,2.14,24.556074766355138
2021-02-25,52.73,53.44,51.88,52.14,2040307,52.5475,2.14,24.36448598130841
2021-02-26,52.15,52.22,51.38,51.52,2850611,51.8175,2.14,24.074766355140188
2021-03-01,51.94,53.04,51.83,52.75,1887134,52.39,2.14,24.649532710280372
2021-03-02,53.06,53.34,52.76,52.97,1984323,53.0325,2.14,24.75233644859813
2021-03-03,52.78,53.48,52.48,53.25,2180021,52.9975,2.14,24.883177570093455
2021-03-04,53.02,53.35,51.63,52.2,2486800,52.55,2.14,24.39252336448598
2021-03-05,52.5,53.68,51.93,53.49,2485442,52.9,2.14,24.99532710280374
2021-03-08,54.06,55.17,53.62,54.7,1744300,54.3875,2.14,25.560747663551403
2021-03-09,54.76,55.54,54.3,54.31,1839600,54.7275,2.14,25.378504672897197
2021-03-10,54.78,56.42,54.14,56.17,1840681,55.3775,2.14,26.247663551401867
2021-03-11,56.17,56.58,55.38,55.72,2276100,55.9625,2.14,26.037383177570092
2021-03-12,56.17,57.68,55.91,57.35,2233228,56.7775,2.14,26.799065420560748
2021-03-15,57.26,58.08,57.12,58.0,1523136,57.615,2.14,27.102803738317757
2021-03-16,57.85,58.08,57.27,57.27,1516900,57.6175,2.14,26.761682242990656
2021-03-17,57.63,58.4,57.41,57.94,1797733,57.845,2.14,27.074766355140184
2021-03-18,57.81,58.89,57.81,58.28,1606504,58.1975,2.14,27.233644859813083
2021-03-19,58.09,59.39,58.01,58.68,3672100,58.5425,2.14,27.42056074766355
2021-03-22,58.51,59.22,58.13,59.14,2043179,58.75,2.14,27.635514018691588
2021-03-23,59.02,59.19,57.55,57.7,1900540,58.365,2.14,26.962616822429908
2021-03-24,57.81,60.15,57.73,59.11,2048900,58.7,2.14,27.621495327102803
2021-03-25,59.32,60.66,58.61,60.39,1816500,59.745,2.14,28.2196261682243
2021-03-26,61.0,61.9,60.85,61.86,1926200,61.4025,2.14,28.906542056074766
2021-03-29,61.71,62.76,61.55,62.46,1989366,62.12,2.14,29.186915887850468
2021-03-30,62.51,62.96,61.95,62.28,1550255,62.425,2.14,29.102803738317757
2021-03-31,61.8,62.07,60.73,60.75,2311800,61.3375,2.14,28.387850467289717
2021-04-01,60.58,60.93,59.41,60.88,1610413,60.45,2.14,28.44859813084112
2021-04-05,61.05,61.21,60.07,60.54,1871400,60.7175,2.14,28.28971962616822
2021-04-06,60.79,61.08,60.17,60.24,1410519,60.57,2.14,28.149532710280372
2021-04-07,60.36,60.78,60.14,60.7,1288145,60.495,2.14,28.364485981308412
2021-04-08,60.29,60.59,58.82,59.25,1708946,59.7375,2.14,27.686915887850464
2021-04-09,59.43,60.05,59.34,60.05,1284200,59.7175,2.14,28.0607476635514
2021-04-12,60.05,61.16,60.05,60.86,1645300,60.53,2.14,28.439252336448597
2021-04-13,60.73,60.73,59.38,60.14,1824510,60.245,2.14,28.102803738317757
2021-04-14,59.97,61.12,59.96,60.82,1343200,60.4675,2.14,28.42056074766355
2021-04-15,60.55,61.09,60.41,60.87,1777146,60.73,2.14,28.44392523364486
2021-04-16,61.05,61.46,60.43,61.31,1660351,61.0625,2.14,28.649532710280372
2021-04-19,61.58,61.77,60.89,61.23,1480508,61.3675,2.14,28.612149532710276
2021-04-20,60.5,61.3,60.41,61.05,1198032,60.815,2.14,28.528037383177566
2021-04-21,61.53,62.11,61.33,61.71,1413941,61.67,2.14,28.83644859813084
2021-04-22,61.72,61.95,60.6,60.69,1867800,61.24,2.14,28.359813084112147
2021-04-23,60.7,61.57,60.19,61.41,1350921,60.9675,2.14,28.696261682242987
2021-04-26,61.57,61.57,60.29,60.48,1527600,60.9775,2.14,28.261682242990652
2021-04-27,60.26,60.26,59.42,59.76,1742416,59.925,2.14,27.925233644859812
2021-04-28,59.59,60.79,59.56,60.08,1418800,60.005,2.14,28.074766355140184
2021-04-29,60.3,60.73,60.29,60.66,1279700,60.495,2.14,28.345794392523363
2021-04-30,60.88,60.91,60.12,60.34,2070900,60.5625,2.14,28.19626168224299
2021-05-03,60.9,61.86,60.55,61.55,2192300,61.215,2.14,28.761682242990652
2021-05-04,61.6,62.04,61.27,62.02,1910101,61.7325,2.14,28.981308411214954
2021-05-05,61.4,61.41,59.45,60.83,2991400,60.7725,2.14,28.425233644859812
2021-05-06,55.69,56.65,54.13,56.54,7120500,55.7525,0.41,137.90243902439025
2021-05-07,56.55,58.73,56.55,58.16,3158300,57.4975,0.41,141.85365853658536
2021-05-10,56.86,59.52,56.86,58.33,3285010,57.8925,0.41,142.26829268292684
2021-05-11,58.0,58.19,55.95,56.17,2441385,57.0775,0.41,137.0
2021-05-12,56.37,56.82,55.55,55.81,2666700,56.1375,0.41,136.1219512195122
2021-05-13,55.8,56.59,55.6,56.1,2565923,56.0225,0.41,136.82926829268294
2021-05-14,56.25,56.44,55.91,56.34,2137148,56.235,0.41,137.41463414634148
2021-05-17,56.18,56.81,55.77,56.45,1964208,56.3025,0.41,137.6829268292683
2021-05-18,56.27,56.55,55.65,56.27,1782245,56.185,0.41,137.2439024390244
2021-05-19,55.95,56.46,55.24,55.94,3432525,55.8975,0.41,136.4390243902439
2021-05-20,55.98,57.45,55.76,57.05,2246700,56.56,0.41,139.14634146341464
2021-05-21,57.36,58.28,57.19,57.34,1697926,57.5425,0.41,139.85365853658539
2021-05-24,57.64,57.64,56.62,56.63,1260549,57.1325,0.41,138.1219512195122
2021-05-25,56.41,56.68,55.53,55.62,2077000,56.06,0.41,135.65853658536585
2021-05-26,55.58,56.23,54.77,56.08,2531200,55.665,0.41,136.78048780487805
2021-05-27,56.41,56.64,55.96,56.07,3727200,56.27,0.41,136.75609756097563
2021-05-28,56.35,56.39,55.91,56.07,1612951,56.18,0.41,136.75609756097563
2021-06-01,56.1,56.26,55.28,55.56,1808731,55.8,0.41,135.51219512195124
2021-06-02,55.93,56.46,55.44,56.19,2220450,56.005,0.41,137.0487804878049
2021-06-03,55.89,56.62,55.89,56.35,1373354,56.1875,0.41,137.4390243902439
2021-06-04,56.58,56.64,56.22,56.56,1789749,56.5,0.41,137.95121951219514
2021-06-07,56.87,59.09,56.74,58.9,3846023,57.9,0.41,143.65853658536585
2021-06-08,58.95,59.49,58.14,58.84,3566736,58.855,0.41,143.51219512195124
2021-06-09,59.05,59.37,58.51,58.56,1735532,58.8725,0.41,142.82926829268294
2021-06-10,58.85,60.16,58.54,60.01,2860229,59.39,0.41,146.3658536585366
2021-06-11,60.32,60.38,59.12,59.31,3762500,59.7825,0.41,144.65853658536588
2021-06-14,59.09,59.33,57.73,58.33,2781216,58.62,0.41,142.26829268292684
2021-06-15,58.38,58.63,57.95,58.27,1812300,58.3075,0.41,142.1219512195122
2021-06-16,58.26,58.56,57.33,57.5,2118600,57.9125,0.41,140.2439024390244
2021-06-17,57.83,57.83,56.31,57.39,2345900,57.34,0.41,139.97560975609758
2021-06-18,56.76,57.01,55.94,56.05,4153149,56.44,0.41,136.70731707317074
2021-06-21,56.3,56.91,56.14,56.68,2025800,56.5075,0.41,138.2439024390244
2021-06-22,56.65,56.84,56.03,56.69,2349451,56.5525,0.41,138.26829268292684
2021-06-23,56.82,56.83,55.63,56.28,2425345,56.39,0.41,137.26829268292684
2021-06-24,56.38,56.51,55.91,56.19,1421800,56.2475,0.41,137.0487804878049
2021-06-25,56.21,57.6,55.91,57.28,5591740,56.75,0.41,139.70731707317074
2021-06-28,57.28,57.51,56.7,57.25,1705500,57.185,0.41,139.63414634146343
2021-06-29,57.46,58.15,57.26,57.4,2040504,57.5675,0.41,140.0
2021-06-30,57.0,57.21,56.57,57.09,2120300,56.9675,0.41,139.2439024390244
2021-07-01,57.14,58.4,57.14,57.94,1628533,57.655,0.41,141.3170731707317
2021-07-02,57.82,58.01,57.19,57.88,1436739,57.725,0.41,141.1707317073171
2021-07-06,57.63,57.69,56.25,56.95,2097700,57.13,0.41,138.90243902439025
2021-07-07,56.9,57.43,56.66,57.02,1859730,57.0025,0.41,139.07317073170734
2021-07-08,56.57,56.87,55.94,56.62,2203360,56.5,0.41,138.09756097560975
2021-07-09,57.13,57.49,56.94,57.18,1299712,57.185,0.41,139.46341463414635
2021-07-12,56.94,57.7,56.74,57.44,1296100,57.205,0.41,140.09756097560975
2021-07-13,57.35,57.69,56.86,57.1,1347423,57.25,0.41,139.26829268292684
2021-07-14,57.14,57.36,56.74,57.07,1189435,57.0775,0.41,139.19512195121953
2021-07-15,56.71,57.17,56.71,56.77,975032,56.84,0.41,138.46341463414635
2021-07-16,56.78,57.29,56.44,56.82,1332714,56.8325,0.41,138.58536585365854
2021-07-19,56.4,56.75,55.5,56.02,1718300,56.1675,0.41,136.63414634146343
2021-07-20,57.88,59.87,57.42,57.69,4506098,58.215,0.41,140.70731707317074
2021-07-21,57.93,58.62,57.66,58.6,4157155,58.2025,0.41,142.9268292682927
2021-07-22,58.45,59.14,58.12,59.03,2037425,58.685,0.41,143.97560975609758
2021-07-23,59.45,59.71,59.08,59.2,1466146,59.36,0.41,144.39024390243904
2021-07-26,59.23,59.94,58.75,58.98,1556147,59.225,0.41,143.85365853658536
2021-07-27,58.8,59.78,58.39,59.42,1498632,59.0975,0.41,144.9268292682927
2021-07-28,59.36,59.96,59.06,59.65,1614333,59.5075,0.41,145.4878048780488
2021-07-29,60.0,60.24,59.74,59.99,1185400,59.9925,0.41,146.31707317073173
2021-07-30,59.99,60.38,59.15,59.38,4612070,59.725,0.41,144.82926829268294
2021-08-02,59.43,59.93,59.09,59.57,2136406,59.505,0.41,145.2926829268293
2021-08-03,59.51,59.79,58.65,59.63,3234400,59.395,0.41,145.43902439024393
2021-08-04,59.17,59.93,58.91,58.98,2574900,59.2475,0.41,143.85365853658536
2021-08-05,54.91,55.2,50.52,50.57,9623800,52.8,0.41,123.34146341463415
2021-08-06,50.46,51.62,50.18,50.99,4583282,50.8125,0.41,124.3658536585366
2021-08-09,50.98,52.21,50.39,50.7,3165600,51.07,0.41,123.65853658536587
2021-08-10,50.45,51.06,49.37,51.01,4340340,50.4725,0.41,124.41463414634147
2021-08-11,51.2,52.04,50.88,51.69,3449032,51.4525,0.41,126.07317073170732
2021-08-12,51.6,52.09,50.99,52.08,1807512,51.69,0.41,127.02439024390245
2021-08-13,52.08,52.29,51.64,51.7,1835626,51.9275,0.41,126.09756097560977
2021-08-16,51.7,52.55,51.42,52.43,2395946,52.025,0.4,131.075
2021-08-17,52.3,52.67,51.7,52.61,1701700,52.32,0.4,131.52499999999998
2021-08-18,52.55,52.55,51.52,51.53,1796000,52.0375,0.4,128.825
2021-08-19,51.31,52.04,50.99,51.32,2251229,51.415,0.4,128.29999999999998
2021-08-20,51.09,51.88,50.85,51.39,2980410,51.3025,0.4,128.475
2021-08-23,51.62,52.39,51.49,52.18,2216205,51.92,0.4,130.45
2021-08-24,52.19,52.21,51.49,51.77,2122938,51.915,0.4,129.425
2021-08-25,51.76,52.05,51.0,51.77,1899300,51.645,0.4,129.425
2021-08-26,51.59,51.74,50.92,51.3,2169600,51.3875,0.4,128.24999999999997
2021-08-27,51.47,52.08,51.3,51.74,1786774,51.6475,0.4,129.35
2021-08-30,51.75,51.96,51.5,51.51,1725829,51.68,0.4,128.77499999999998
2021-08-31,51.38,52.56,51.34,52.49,2920300,51.9425,0.4,131.225
2021-09-01,52.4,52.47,51.52,52.4,2801382,52.1975,0.4,131.0
2021-09-02,52.4,53.69,52.4,53.57,2025837,53.015,0.4,133.92499999999998
2021-09-03,53.56,53.86,53.37,53.64,1629600,53.6075,0.4,134.1
2021-09-07,53.6,53.96,53.14,53.72,2133003,53.605,0.4,134.29999999999998
2021-09-08,53.55,53.88,53.21,53.49,1663200,53.5325,0.4,133.725
2021-09-09,53.47,53.73,53.13,53.29,1626447,53.405,0.4,133.225
2021-09-10,53.4,53.53,52.54,52.82,2330700,53.0725,0.4,132.04999999999998
2021-09-13,53.0,53.5,52.78,52.95,2460200,53.0575,0.4,132.375
2021-09-14,53.07,53.35,52.04,52.13,3163600,52.6475,0.4,130.325
2021-09-15,52.01,53.1,51.69,53.02,2591623,52.455,0.4,132.55
2021-09-16,53.13,53.39,52.43,52.73,2703745,52.92,0.4,131.825
2021-09-17,52.59,53.47,52.35,52.57,7119400,52.745,0.4,131.42499999999998
2021-09-20,52.0,52.32,51.01,51.55,3503400,51.72,0.4,128.87499999999997
2021-09-21,51.85,52.19,50.85,51.04,2935300,51.4825,0.4,127.6
2021-09-22,51.42,51.73,50.99,51.01,2271800,51.2875,0.4,127.52499999999999
2021-09-23,51.13,51.95,51.05,51.36,1964300,51.3725,0.4,128.39999999999998
2021-09-24,51.37,51.82,51.16,51.19,2031300,51.385,0.4,127.975
2021-09-27,51.21,51.89,51.21,51.5,3299602,51.4525,0.4,128.75
2021-09-28,51.5,51.84,50.96,51.17,5819400,51.3675,0.4,127.925
2021-09-29,51.44,51.79,51.11,51.59,6371653,51.4825,0.4,128.975
2021-09-30,51.5,51.62,49.44,49.46,6558473,50.505,0.4,123.64999999999999
2021-10-01,49.68,50.18,48.84,50.01,7010383,49.6775,0.4,125.02499999999999
2021-10-04,49.81,50.79,49.19,49.53,7179685,49.83,0.4,123.825
2021-10-05,49.57,49.93,48.91,49.18,4247056,49.3975,0.4,122.94999999999999
2021-10-06,48.86,49.02,47.75,48.66,4004200,48.5725,0.4,121.64999999999999
2021-10-07,48.88,49.76,48.85,49.0,2773809,49.1225,0.4,122.5
2021-10-08,48.96,49.32,48.68,48.71,2257913,48.9175,0.4,121.77499999999999
2021-10-11,48.61,49.25,48.6,48.72,2738482,48.795,0.4,121.8
2021-10-12,48.76,48.84,47.99,48.06,3006149,48.4125,0.4,120.15
2021-10-13,47.94,48.15,47.2,47.74,3613200,47.7575,0.4,119.35
2021-10-14,48.38,48.69,48.0,48.63,3027324,48.425,0.4,121.575
2021-10-15,48.87,49.26,48.53,48.54,2014200,48.8,0.4,121.35
2021-10-18,48.28,48.28,47.33,47.63,2818525,47.88,0.4,119.075
2021-10-19,47.93,48.76,47.86,48.63,3783122,48.295,0.4,121.575
2021-10-20,48.73,49.56,48.72,49.26,5149910,49.0675,0.4,123.14999999999999
2021-10-21,49.28,49.42,48.53,49.06,3644400,49.0725,0.4,122.65
2021-10-22,49.11,49.6,49.01,49.57,2198448,49.3225,0.4,123.925
2021-10-25,49.73,49.73,48.68,48.73,2409995,49.2175,0.4,121.82499999999999
2021-10-26,48.98,49.0,48.28,48.7,2417100,48.74,0.4,121.75
2021-10-27,48.93,48.93,47.41,47.44,3435026,48.1775,0.4,118.6
2021-10-28,47.58,48.03,47.15,47.72,4778704,47.62,0.4,119.3
2021-10-29,47.5,48.09,47.48,47.81,8410502,47.72,0.4,119.525
2021-11-01,47.71,48.75,47.53,48.62,4073707,48.1525,0.4,121.54999999999998
2021-11-02,49.3,49.91,48.41,48.89,4505044,49.1275,0.4,122.225
2021-11-03,48.89,50.53,48.71,50.4,4167700,49.6325,0.4,125.99999999999999
2021-11-04,50.29,50.35,48.91,49.16,2798909,49.6775,0.4,122.89999999999999
2021-11-05,49.46,50.25,49.2,49.54,2707302,49.6125,0.4,123.85
2021-11-08,49.54,50.15,49.54,49.63,3651925,49.715,0.4,124.075
2021-11-09,50.47,50.55,48.71,49.32,3696611,49.7625,0.94,52.46808510638298
2021-11-10,49.23,50.4,49.23,50.3,3368028,49.79,0.94,53.51063829787234
2021-11-11,50.11,50.32,49.51,49.88,3614900,49.955,0.94,53.06382978723405
2021-11-12,50.35,51.48,50.21,51.44,3776405,50.87,0.94,54.72340425531915
2021-11-15,51.41,51.48,50.35,50.46,2539928,50.925,0.94,53.68085106382979
2021-11-16,50.5,50.82,50.02,50.04,2274400,50.345,0.94,53.23404255319149
2021-11-17,49.99,50.24,49.72,49.73,2000910,49.92,0.94,52.90425531914894
2021-11-18,49.77,49.77,49.08,49.33,2254819,49.4875,0.94,52.47872340425532
2021-11-19,49.35,49.91,48.43,48.44,3982539,49.0325,0.94,51.53191489361702
2021-11-22,48.41,48.94,47.76,48.29,3304700,48.35,0.94,51.37234042553192
2021-11-23,48.22,49.33,48.17,49.14,3642408,48.715,0.94,52.276595744680854
2021-11-24,49.14,49.7,48.62,48.78,2478704,49.06,0.94,51.8936170212766
2021-11-26,48.2,48.25,47.14,47.6,2473600,47.7975,0.94,50.63829787234043
2021-11-29,47.76,48.25,47.28,47.47,3151900,47.69,0.94,50.5
2021-11-30,47.1,47.57,46.2,46.23,7108340,46.775,0.94,49.180851063829785
2021-12-01,46.91,47.11,45.85,45.87,3843306,46.435,0.94,48.797872340425535
2021-12-02,46.37,47.25,46.28,46.81,3424400,46.6775,0.94,49.797872340425535
2021-12-03,46.99,47.71,46.79,47.02,2664922,47.1275,0.94,50.02127659574469
2021-12-06,47.71,48.36,47.51,47.7,3106000,47.82,0.94,50.74468085106383
2021-12-07,47.8,48.4,47.54,48.1,3773665,47.96,0.94,51.17021276595745
2021-12-08,48.29,48.71,47.97,48.25,3112600,48.305,0.94,51.329787234042556
2021-12-09,48.26,48.84,48.08,48.48,2103100,48.415,0.94,51.57446808510638
2021-12-10,48.71,48.83,48.02,48.49,2087827,48.5125,0.94,51.58510638297873
2021-12-13,48.34,48.79,48.01,48.44,2404615,48.395,0.94,51.53191489361702
2021-12-14,48.37,49.47,48.34,48.93,3750541,48.7775,0.94,52.0531914893617
2021-12-15,49.07,49.4,48.75,49.21,2891405,49.1075,0.94,52.351063829787236
2021-12-16,49.31,50.07,49.28,49.44,2870126,49.525,0.94,52.59574468085106
2021-12-17,49.59,49.89,48.92,49.65,6852787,49.5125,0.94,52.819148936170215
2021-12-20,49.41,49.47,48.41,49.13,4162934,49.105,0.94,52.265957446808514
2021-12-21,49.5,50.26,49.48,49.72,3221700,49.74,0.94,52.8936170212766
2021-12-22,49.8,50.25,49.29,50.18,2545682,49.88,0.94,53.38297872340426
2021-12-23,50.38,51.23,50.21,50.75,2051000,50.6425,0.94,53.98936170212766
2021-12-27,50.8,51.41,50.71,51.36,1419500,51.07,0.94,54.63829787234043
2021-12-28,51.22,51.88,51.22,51.72,1405628,51.51,0.94,55.02127659574468
2021-12-29,51.67,52.22,51.67,52.05,1430732,51.9025,0.94,55.37234042553192
2021-12-30,52.34,52.48,52.1,52.17,1640078,52.2725,0.94,55.50000000000001
2021-12-31,51.78,52.01,51.49,51.49,1727206,51.6925,0.94,54.776595744680854
2022-01-03,51.52,52.04,51.23,52.01,2378823,51.7,0.94,55.329787234042556
2022-01-04,52.04,52.87,52.03,52.6,3477400,52.385,0.94,55.957446808510646
2022-01-05,52.62,54.45,52.62,53.32,5112400,53.2525,0.94,56.72340425531915
2022-01-06,53.66,53.79,52.43,52.51,2894911,53.0975,0.94,55.861702127659576
2022-01-07,52.62,54.39,52.57,54.24,3665500,53.455,0.94,57.70212765957447
2022-01-10,50.88,51.27,48.42,51.03,8772300,50.4,0.94,54.287234042553195
2022-01-11,50.95,52.77,50.24,52.71,4485416,51.6675,0.94,56.07446808510639
2022-01-12,52.58,52.58,51.16,51.68,4126644,52.0,0.94,54.97872340425532
2022-01-13,51.64,52.45,51.45,52.24,2977358,51.945,0.94,55.57446808510639
2022-01-14,52.19,53.11,51.87,53.09,2343714,52.565,0.94,56.47872340425533
2022-01-18,53.11,53.31,52.33,52.59,2751300,52.835,0.94,55.946808510638306
2022-01-19,52.39,52.91,52.02,52.07,1977800,52.3475,0.94,55.3936170212766
2022-01-20,52.09,52.77,51.58,51.61,2525300,52.0125,0.94,54.90425531914894
2022-01-21,51.44,51.76,50.37,50.56,3230200,51.0325,0.94,53.787234042553195
2022-01-24,50.01,50.95,49.09,50.81,3532209,50.215,0.94,54.05319148936171
2022-01-25,50.5,51.03,49.47,50.75,2249248,50.4375,0.94,53.98936170212766
2022-01-26,50.84,51.68,50.49,50.8,2671400,50.9525,0.94,54.04255319148936
2022-01-27,51.2,52.36,51.19,52.31,3317800,51.765,0.94,55.64893617021277
2022-01-28,52.28,52.66,51.44,52.63,2241607,52.2525,0.94,55.98936170212767
2022-01-31,52.03,52.03,50.79,51.57,4975752,51.605,0.94,54.861702127659576
2022-02-01,51.41,51.64,50.87,51.33,4598414,51.3125,0.94,54.6063829787234
2022-02-02,51.11,51.97,50.99,51.6,3880031,51.4175,0.94,54.8936170212766
2022-02-03,51.58,52.74,51.11,51.43,3115600,51.715,0.17,302.52941176470586
2022-02-04,50.99,52.25,50.81,51.96,2935525,51.5025,0.17,305.6470588235294
2022-02-07,52.17,53.04,51.3,52.63,2660993,52.285,0.17,309.5882352941176
2022-02-08,52.85,54.29,52.66,54.15,3370467,53.4875,0.17,318.52941176470586
2022-02-09,54.22,54.25,53.75,53.97,1868500,54.0475,0.17,317.4705882352941
2022-02-10,53.65,53.92,52.58,52.81,2334300,53.24,0.17,310.6470588235294
2022-02-11,52.67,53.0,52.35,52.55,2884200,52.6425,0.17,309.1176470588235
2022-02-14,52.55,52.62,51.42,52.29,2497800,52.22,0.17,307.5882352941176
2022-02-15,52.81,53.78,52.7,53.53,2037600,53.205,0.17,314.88235294117646
2022-02-16,53.24,54.66,53.18,54.54,3045000,53.905,0.17,320.8235294117647
2022-02-17,54.25,54.99,54.06,54.51,3240050,54.4525,0.17,320.6470588235294
2022-02-18,54.5,55.51,54.07,54.18,2610410,54.565,0.17,318.70588235294116
2022-02-22,54.41,54.53,53.63,53.92,2223912,54.1225,0.17,317.1764705882353
2022-02-23,54.25,54.33,53.35,53.45,2325500,53.845,0.17,314.4117647058823
2022-02-24,52.71,52.71,51.32,52.48,2743475,52.305,0.17,308.70588235294116
2022-02-25,52.98,54.38,52.85,54.2,2512958,53.6025,0.17,318.8235294117647
2022-02-28,53.31,54.17,52.9,54.01,3847200,53.5975,0.17,317.70588235294116
2022-03-01,54.0,54.0,52.25,52.83,2702023,53.27,0.17,310.7647058823529
2022-03-02,53.08,53.69,52.84,53.46,2018700,53.2675,0.17,314.4705882352941
2022-03-03,53.53,54.08,53.19,53.81,2240600,53.6525,0.17,316.52941176470586
2022-03-04,52.92,54.03,52.64,54.0,2464901,53.3975,0.17,317.6470588235294
2022-03-07,53.69,53.69,52.38,52.43,3123523,53.0475,0.17,308.4117647058823
2022-03-08,52.52,53.3,52.05,52.43,2437832,52.575,0.17,308.4117647058823
2022-03-09,53.49,53.84,53.09,53.19,1576800,53.4025,0.17,312.8823529411764
2022-03-10,52.78,53.32,52.51,53.17,1595700,52.945,0.17,312.7647058823529
2022-03-11,52.95,53.41,52.53,52.57,1649400,52.865,0.17,309.235294117647
2022-03-14,53.15,53.29,51.99,52.61,2295100,52.76,0.17,309.4705882352941
2022-03-15,52.84,53.99,52.61,53.93,2442503,53.3425,0.17,317.235294117647
2022-03-16,54.22,54.44,52.73,53.77,3224215,53.79,0.17,316.29411764705884
2022-03-17,53.45,57.19,53.17,57.19,6567281,55.25,0.17,336.4117647058823
2022-03-18,57.28,57.37,56.18,57.29,6505000,57.03,0.17,336.99999999999994
2022-03-21,57.49,58.47,57.22,57.6,3284649,57.695,0.17,338.8235294117647
2022-03-22,58.1,58.44,57.44,57.75,2714514,57.9325,0.17,339.70588235294116
2022-03-23,57.8,58.13,56.71,56.76,2480304,57.35,0.17,333.8823529411764
2022-03-24,56.73,57.56,56.41,57.27,1819000,56.9925,0.17,336.88235294117646
2022-03-25,57.39,57.98,57.07,57.96,1725100,57.6,0.17,340.94117647058823
2022-03-28,57.75,57.85,56.84,57.8,1797721,57.56,0.17,339.99999999999994
2022-03-29,58.0,58.16,56.9,57.61,1942946,57.6675,0.17,338.88235294117646
2022-03-30,57.73,58.34,57.25,57.63,1971700,57.7375,0.17,339.0
2022-03-31,57.0,57.38,56.68,56.7,1952923,56.94,0.17,333.52941176470586
2022-04-01,56.74,57.61,56.59,57.6,1998406,57.135,0.17,338.8235294117647
2022-04-04,57.28,57.57,56.35,56.7,2560200,56.975,0.17,333.52941176470586
2022-04-05,56.67,57.69,56.67,56.83,2037900,56.965,0.17,334.2941176470588
2022-04-06,56.78,57.64,56.67,57.41,2095800,57.125,0.17,337.70588235294116
2022-04-07,57.3,59.42,57.2,59.38,4154900,58.325,0.17,349.29411764705884
2022-04-08,59.88,62.15,59.58,61.9,4910991,60.8775,0.17,364.1176470588235
2022-04-11,61.95,62.75,61.16,61.38,3036454,61.81,0.17,361.05882352941177
2022-04-12,62.26,63.51,61.88,63.3,4212437,62.7375,0.17,372.35294117647055
2022-04-13,63.08,63.61,62.13,63.03,2744505,62.9625,0.17,370.7647058823529
2022-04-14,63.4,64.12,62.91,62.96,2924900,63.3475,0.17,370.35294117647055
2022-04-18,62.55,63.67,62.55,62.98,1546436,62.9375,0.17,370.4705882352941
2022-04-19,63.1,63.45,62.41,62.72,1807916,62.92,0.17,368.9411764705882
2022-04-20,62.88,64.21,62.88,63.86,1900065,63.4575,0.17,375.6470588235294
2022-04-21,64.04,64.53,63.42,63.75,2738500,63.935,0.17,375.0
2022-04-22,62.93,63.1,61.5,61.57,2360700,62.275,0.17,362.17647058823525
2022-04-25,61.25,61.63,59.82,61.24,2661200,60.985,0.17,360.2352941176471
2022-04-26,60.88,62.06,60.6,60.63,1950700,61.0425,0.17,356.6470588235294
2022-04-27,60.63,60.74,59.61,59.83,2678449,60.2025,0.17,351.9411764705882
2022-04-28,60.12,60.42,58.97,59.82,2146700,59.8325,0.17,351.88235294117646
2022-04-29,59.55,59.55,57.89,58.05,7224500,58.76,0.17,341.4705882352941
2022-05-02,58.78,59.01,57.2,58.08,3049200,58.2675,0.17,341.6470588235294
2022-05-03,58.47,59.63,58.47,58.79,2295810,58.84,0.17,345.8235294117647
2022-05-04,59.45,60.92,58.52,60.49,3889600,59.845,0.17,355.8235294117647
2022-05-05,55.04,59.2,54.41,57.87,6229015,56.63,-5.05,-11.45940594059406
2022-05-06,57.27,58.6,57.08,58.27,2969700,57.805,-5.05,-11.538613861386139
2022-05-09,57.77,57.89,56.53,56.97,3340866,57.29,-5.05,-11.281188118811881
2022-05-10,57.18,57.43,55.12,56.05,3113134,56.445,-5.05,-11.099009900990099
2022-05-11,56.44,57.79,55.84,55.9,2742458,56.4925,-5.05,-11.06930693069307
2022-05-12,55.5,55.52,53.75,54.98,2749300,54.9375,-5.05,-10.887128712871286
2022-05-13,55.22,55.85,54.79,55.61,2235045,55.3675,-5.05,-11.011881188118812
2022-05-16,55.94,56.89,55.66,56.14,2689909,56.1575,-5.05,-11.116831683168318
2022-05-17,56.5,56.77,55.88,56.7,2038655,56.4625,-5.05,-11.227722772277229
2022-05-18,57.67,57.92,55.48,55.68,2452135,56.6875,-5.05,-11.025742574257427
2022-05-19,55.0,56.16,54.49,55.83,2550047,55.37,-5.05,-11.055445544554455
2022-05-20,55.87,56.16,54.67,55.8,2259400,55.625,-5.05,-11.049504950495049
2022-05-23,56.55,57.45,55.99,56.96,2083482,56.7375,-5.05,-11.27920792079208
2022-05-24,57.01,57.3,55.68,57.11,1482735,56.775,-5.05,-11.30891089108911
2022-05-25,56.94,57.97,56.6,57.74,1947700,57.3125,-5.05,-11.433663366336635
2022-05-26,56.8,58.56,56.38,58.02,2207544,57.44,-5.05,-11.48910891089109
2022-05-27,57.91,58.31,57.6,57.7,1645200,57.88,-5.05,-11.425742574257427
2022-05-31,56.79,57.11,55.92,56.32,3702141,56.535,-5.05,-11.152475247524753
2022-06-01,56.71,56.96,54.52,55.43,1985400,55.905,-5.05,-10.976237623762376
2022-06-02,55.45,55.47,53.63,54.5,2261000,54.7625,-5.05,-10.792079207920793
2022-06-03,54.43,54.5,53.72,53.82,1722400,54.1175,-5.05,-10.657425742574258
2022-06-06,53.66,54.15,53.3,53.74,1683558,53.7125,-5.05,-10.641584158415842
2022-06-07,53.76,54.03,53.21,53.91,1296555,53.7275,-5.05,-10.675247524752475
2022-06-08,53.62,54.14,53.46,53.55,1289600,53.6925,-5.05,-10.603960396039604
2022-06-09,53.15,53.34,52.31,52.35,1994507,52.7875,-5.05,-10.366336633663368
2022-06-10,51.78,53.97,51.56,53.46,2400760,52.6925,-5.05,-10.586138613861387
2022-06-13,52.57,53.15,51.09,51.49,1881430,52.075,-5.05,-10.196039603960397
2022-06-14,51.37,51.92,50.6,51.11,2284700,51.25,-5.05,-10.120792079207922
2022-06-15,51.29,51.86,50.49,51.04,2255115,51.17,-5.05,-10.106930693069307
2022-06-16,50.72,50.78,49.7,50.48,2231500,50.42,-5.05,-9.996039603960396
2022-06-17,50.66,51.4,50.4,50.7,4222978,50.79,-5.05,-10.03960396039604
2022-06-21,51.39,51.87,50.66,51.49,2090100,51.3525,-5.05,-10.196039603960397
2022-06-22,51.2,52.78,50.94,52.59,2197100,51.8775,-5.05,-10.413861386138615
2022-06-23,52.82,53.54,52.55,53.02,1607488,52.9825,-5.05,-10.4990099009901
2022-06-24,53.46,54.99,52.85,54.45,5742000,53.9375,-5.05,-10.782178217821784
2022-06-27,54.55,54.91,53.76,54.86,1944901,54.52,-5.05,-10.863366336633664
2022-06-28,55.0,55.38,53.61,53.82,1381607,54.4525,-5.05,-10.657425742574258
2022-06-29,54.31,54.47,53.47,53.69,1627400,53.985,-5.05,-10.631683168316831
2022-06-30,52.86,52.95,51.96,52.27,2041900,52.51,-5.05,-10.350495049504952
2022-07-01,52.48,53.18,51.84,53.1,1930812,52.65,-5.05,-10.514851485148515
2022-07-05,52.83,52.91,51.32,52.25,1703532,52.3275,-5.05,-10.346534653465348
2022-07-06,52.23,53.26,51.92,52.64,2970200,52.5125,-5.05,-10.423762376237624
2022-07-07,52.54,52.96,52.13,52.75,2191900,52.595,-5.05,-10.445544554455445
2022-07-08,52.92,53.82,52.74,52.92,1399000,53.1,-5.05,-10.47920792079208
2022-07-11,52.75,53.32,52.58,52.99,1239125,52.91,-5.05,-10.493069306930694
2022-07-12,52.99,53.91,52.78,53.2,2154056,53.22,-5.05,-10.534653465346535
2022-07-13,52.72,53.27,52.59,52.9,2068931,52.87,-5.05,-10.475247524752476
2022-07-14,52.39,54.3,51.95,54.05,2627119,53.1725,-5.05,-10.702970297029703
2022-07-15,54.79,55.23,54.27,55.21,2011800,54.875,-5.05,-10.932673267326733
2022-07-18,55.51,55.51,54.49,54.74,2546000,55.0625,-5.05,-10.83960396039604
2022-07-19,55.09,55.94,54.77,55.68,1679400,55.37,-5.05,-11.025742574257427
2022-07-20,55.86,56.05,55.18,55.69,2136659,55.695,-5.05,-11.027722772277228
2022-07-21,55.53,56.16,55.3,56.13,1973430,55.78,-5.05,-11.114851485148515
2022-07-22,56.63,57.37,56.26,56.99,2222534,56.8125,-5.05,-11.285148514851485
2022-07-25,57.09,57.89,57.01,57.28,1951605,57.3175,-5.05,-11.342574257425744
2022-07-26,57.54,57.99,57.28,57.8,1734633,57.6525,-5.05,-11.445544554455445
2022-07-27,57.56,58.33,57.26,58.11,2007041,57.815,-5.05,-11.506930693069307
2022-07-28,58.13,58.99,57.3,58.88,2196600,58.325,-5.05,-11.65940594059406
2022-07-29,58.9,59.74,58.72,59.56,4198442,59.23,-5.05,-11.794059405940596
2022-08-01,59.49,60.65,59.23,60.32,3096219,59.9225,-5.05,-11.944554455445545
2022-08-02,60.51,60.54,59.05,59.76,3591646,59.965,-5.05,-11.833663366336634
2022-08-03,60.17,60.41,59.36,60.17,2868078,60.0275,-5.05,-11.914851485148516
2022-08-04,60.4,61.17,60.15,60.24,2072708,60.49,-5.05,-11.928712871287129
2022-08-05,60.06,61.53,60.0,61.51,1947226,60.775,-5.05,-12.18019801980198
2022-08-08,61.69,62.23,61.26,61.49,2706831,61.6675,-5.05,-12.176237623762377
2022-08-09,61.68,62.23,61.5,61.77,2004642,61.795,-5.05,-12.231683168316833
2022-08-10,62.16,62.76,61.9,62.75,2954200,62.3925,-5.05,-12.425742574257427
2022-08-11,60.61,66.2,60.53,66.0,6881438,63.335,0.51,129.41176470588235
2022-08-12,65.82,69.55,65.82,69.32,5356994,67.6275,0.51,135.92156862745097
2022-08-15,68.84,71.45,67.09,69.97,10335625,69.3375,0.51,137.19607843137254
2022-08-16,69.85,71.11,69.02,70.14,3552337,70.03,0.51,137.52941176470588
2022-08-17,69.37,69.85,68.72,69.11,2061829,69.2625,0.51,135.50980392156862
2022-08-18,69.36,69.66,68.3,68.8,1983800,69.03,0.51,134.90196078431373
2022-08-19,68.79,69.62,68.68,69.23,2907205,69.08,0.51,135.7450980392157
2022-08-22,69.07,69.21,67.85,67.91,1639200,68.51,0.51,133.15686274509804
2022-08-23,67.97,68.39,67.8,67.98,2181815,68.035,0.51,133.29411764705884
2022-08-24,68.03,68.94,67.82,68.75,1743088,68.385,0.51,134.80392156862746
2022-08-25,68.79,69.18,68.46,69.1,1563900,68.8825,0.51,135.49019607843135
2022-08-26,69.09,69.38,67.58,67.6,1853414,68.4125,0.51,132.54901960784312
2022-08-29,67.2,69.99,66.79,69.69,2150608,68.4175,0.51,136.6470588235294
2022-08-30,69.87,70.57,69.22,69.84,2855137,69.875,0.51,136.94117647058823
2022-08-31,70.0,70.86,69.68,70.72,3479900,70.315,0.51,138.66666666666666
2022-09-01,70.42,71.55,70.29,71.32,2233900,70.895,0.51,139.84313725490193
2022-09-02,71.51,72.28,70.77,70.99,2133843,71.3875,0.51,139.19607843137254
2022-09-06,71.2,71.42,68.73,69.51,3302955,70.215,0.51,136.29411764705884
2022-09-07,69.5,71.09,69.05,70.97,3105217,70.1525,0.51,139.15686274509804
2022-09-08,70.97,71.2,69.73,70.63,2468233,70.6325,0.51,138.49019607843135
2022-09-09,70.82,70.84,69.87,69.89,2077000,70.355,0.51,137.0392156862745
2022-09-12,69.88,70.13,68.83,69.03,2392731,69.4675,0.51,135.35294117647058
2022-09-13,68.59,68.65,66.65,66.83,3422300,67.68,0.51,131.0392156862745
2022-09-14,66.97,67.38,66.11,66.74,4396878,66.8,0.51,130.8627450980392
2022-09-15,66.94,67.36,66.26,66.39,3542898,66.7375,0.51,130.1764705882353
2022-09-16,66.14,67.03,65.9,66.86,7319427,66.4825,0.51,131.09803921568627
2022-09-19,66.29,68.23,66.17,68.2,2746400,67.2225,0.51,133.72549019607843
2022-09-20,67.94,68.31,67.3,67.79,3500703,67.835,0.51,132.921568627451
2022-09-21,68.6,69.24,67.5,67.52,2049500,68.215,0.51,132.39215686274508
2022-09-22,67.61,67.78,66.71,67.27,1990647,67.3425,0.51,131.90196078431373
2022-09-23,66.78,66.96,64.99,66.05,2140500,66.195,0.51,129.50980392156862
2022-09-26,65.73,66.49,65.43,65.77,2682500,65.855,0.51,128.96078431372547
2022-09-27,66.35,67.32,65.53,66.21,3325300,66.3525,0.51,129.8235294117647
2022-09-28,69.16,69.6,67.55,69.29,4236614,68.9,0.51,135.86274509803923
2022-09-29,69.23,69.35,67.24,67.79,2924846,68.4025,0.51,132.921568627451
2022-09-30,67.61,67.95,66.54,66.68,3368000,67.195,0.51,130.7450980392157
2022-10-03,66.79,68.31,66.05,67.97,2618200,67.28,0.51,133.27450980392157
2022-10-04,68.54,69.84,68.14,69.82,3700684,69.085,0.51,136.9019607843137
2022-10-05,69.28,70.15,68.59,69.39,2505814,69.3525,0.51,136.05882352941177
2022-10-06,69.21,69.93,69.01,69.44,2314209,69.3975,0.51,136.15686274509804
2022-10-07,68.8,69.28,67.73,68.22,2669100,68.5075,0.51,133.76470588235293
2022-10-10,68.28,69.05,68.14,68.78,2158551,68.5625,0.51,134.86274509803923
2022-10-11,69.0,71.12,68.47,70.33,3185516,69.73,0.51,137.90196078431373
2022-10-12,70.09,70.4,67.86,67.86,3763129,69.0525,0.51,133.05882352941177
2022-10-13,67.18,69.3,66.92,68.87,3322453,68.0675,0.51,135.0392156862745
2022-10-14,69.36,69.71,67.68,68.08,2200738,68.7075,0.51,133.49019607843135
2022-10-17,69.01,69.38,68.01,68.22,3685513,68.655,0.51,133.76470588235293
2022-10-18,69.18,70.68,69.1,70.66,3354600,69.905,0.51,138.54901960784312
2022-10-19,70.74,71.9,70.29,70.8,2035639,70.9325,0.51,138.8235294117647
2022-10-20,70.72,70.94,69.8,70.77,2688548,70.5575,0.51,138.76470588235293
2022-10-21,70.85,73.17,70.72,73.03,3086725,71.9425,0.51,143.19607843137254
2022-10-24,73.67,74.52,73.15,73.8,2286404,73.785,0.51,144.70588235294116
2022-10-25,73.0,74.31,72.74,73.72,3451575,73.4425,0.51,144.54901960784312
2022-10-26,74.55,75.45,74.1,74.91,2431700,74.7525,0.51,146.88235294117646
2022-10-27,75.38,76.1,75.04,75.34,2187746,75.465,0.51,147.72549019607843
2022-10-28,75.68,77.19,75.61,77.14,2137024,76.405,0.51,151.2549019607843
2022-10-31,76.96,77.0,75.83,75.9,7830900,76.4225,0.51,148.82352941176472
2022-11-01,75.99,76.5,74.73,75.39,3287100,75.6525,0.51,147.8235294117647
2022-11-02,75.42,76.81,75.03,75.05,3093600,75.5775,0.51,147.15686274509804
2022-11-03,74.61,76.18,74.02,75.67,3479023,75.12,0.51,148.37254901960785
2022-11-04,77.75,79.9,77.03,79.52,5580531,78.55,0.41,193.95121951219514
2022-11-07,79.3,81.57,78.04,80.98,3667531,79.9725,0.41,197.51219512195124
2022-11-08,80.14,80.97,79.0,80.11,3612280,80.055,0.41,195.39024390243904
2022-11-09,80.0,81.21,79.61,80.17,2320300,80.2475,0.41,195.53658536585368
2022-11-10,81.4,81.51,76.04,77.93,4865850,79.22,0.41,190.07317073170734
2022-11-11,78.07,78.25,73.08,75.27,6354133,76.1675,0.41,183.58536585365854
2022-11-14,75.55,76.94,75.09,75.21,2932611,75.6975,0.41,183.4390243902439
2022-11-15,75.34,76.14,74.01,74.32,3267432,74.9525,0.41,181.2682926829268
2022-11-16,74.56,75.69,74.34,75.18,2145788,74.9425,0.41,183.36585365853662
2022-11-17,75.12,76.69,74.4,76.58,3750929,75.6975,0.41,186.78048780487805
2022-11-18,77.11,78.13,76.89,77.68,2478600,77.4525,0.41,189.46341463414637
2022-11-21,77.42,78.43,77.2,77.72,3273616,77.6925,0.41,189.5609756097561
2022-11-22,78.56,79.5,78.38,78.89,1883403,78.8325,0.41,192.41463414634148
2022-11-23,78.88,79.4,77.97,78.44,2046048,78.6725,0.41,191.3170731707317
2022-11-25,79.01,79.72,78.5,78.95,1118711,79.045,0.41,192.56097560975613
2022-11-28,78.62,79.56,78.1,78.46,2587800,78.685,0.41,191.3658536585366
2022-11-29,78.38,79.35,78.1,78.65,2522889,78.62,0.41,191.82926829268294
2022-11-30,78.49,80.22,77.92,80.17,6069414,79.2,0.41,195.53658536585368
2022-12-01,80.3,80.33,78.55,79.26,3337500,79.61,0.41,193.31707317073173
2022-12-02,79.18,81.48,78.63,80.88,2834707,80.0425,0.41,197.26829268292684
2022-12-05,80.06,80.4,79.18,79.48,2115258,79.78,0.41,193.85365853658539
2022-12-06,79.31,79.95,78.61,79.4,3043628,79.3175,0.41,193.65853658536588
2022-12-07,79.65,80.39,79.3,80.15,3502837,79.8725,0.41,195.48780487804882
2022-12-08,80.15,81.27,79.99,80.78,2249046,80.5475,0.41,197.02439024390245
2022-12-09,80.48,80.78,77.32,77.55,3839200,79.0325,0.41,189.14634146341464
2022-12-12,77.9,79.52,77.29,79.52,2098600,78.5575,0.41,193.95121951219514
2022-12-13,79.62,79.62,78.03,78.26,4000700,78.8825,0.41,190.87804878048783
2022-12-14,78.57,78.97,77.61,78.55,2722100,78.425,0.41,191.58536585365854
2022-12-15,78.05,78.81,77.61,78.57,3131090,78.26,0.41,191.6341463414634
2022-12-16,77.96,79.39,77.84,79.28,8088402,78.6175,0.41,193.3658536585366
2022-12-19,79.4,80.13,78.93,79.34,2428242,79.45,0.41,193.51219512195124
2022-12-20,79.52,80.42,79.03,79.58,2359629,79.6375,0.41,194.09756097560975
2022-12-21,80.03,80.69,79.66,80.0,1869256,80.095,0.41,195.1219512195122
2022-12-22,80.0,80.9,79.62,80.56,2024302,80.27,0.41,196.4878048780488
2022-12-23,80.45,80.75,79.63,80.05,1397120,80.22,0.41,195.2439024390244
2022-12-27,80.0,80.05,79.07,79.15,1903905,79.5675,0.41,193.0487804878049
2022-12-28,79.32,79.6,78.53,78.6,1670950,79.0125,0.41,191.70731707317074
2022-12-29,79.05,79.05,77.49,77.72,2003748,78.3275,0.41,189.5609756097561
2022-12-30,77.06,77.27,76.03,76.87,2415725,76.8075,0.41,187.4878048780488
2023-01-03,76.46,76.75,75.34,76.73,4060050,76.32,0.41,187.14634146341464
2023-01-04,76.71,77.05,75.95,77.0,2265853,76.6775,0.41,187.8048780487805
2023-01-05,76.79,77.0,76.4,76.62,2726000,76.7025,0.41,186.87804878048783
2023-01-06,77.28,78.66,76.99,78.64,2534504,77.8925,0.41,191.8048780487805
2023-01-09,78.66,79.11,77.47,77.57,3070319,78.2025,0.41,189.1951219512195
2023-01-10,77.95,78.35,77.15,78.13,1500736,77.895,0.41,190.5609756097561
2023-01-11,78.19,78.35,76.5,76.52,2227600,77.39,0.41,186.6341463414634
2023-01-12,76.37,77.04,75.89,76.52,1478365,76.455,0.41,186.6341463414634
2023-01-13,76.31,77.24,76.26,76.87,2920412,76.67,0.41,187.4878048780488
2023-01-17,76.72,77.58,76.28,76.42,2225700,76.75,0.41,186.39024390243904
2023-01-18,76.21,77.26,76.14,76.47,2142100,76.52,0.41,186.51219512195124
2023-01-19,76.54,76.78,75.26,75.48,1949216,76.015,0.41,184.09756097560978
2023-01-20,75.9,76.63,74.72,75.82,1950125,75.7675,0.41,184.92682926829266
2023-01-23,75.96,76.17,75.28,75.48,1520900,75.7225,0.41,184.09756097560978
2023-01-24,75.05,75.4,73.86,74.85,1340746,74.79,0.41,182.5609756097561
2023-01-25,74.75,75.81,74.5,75.73,2329700,75.1975,0.41,184.70731707317074
2023-01-26,75.94,77.95,75.59,77.88,2276136,76.84,0.41,189.9512195121951
2023-01-27,78.12,78.55,76.37,76.48,2214100,77.38,0.41,186.53658536585368
2023-01-30,76.83,77.53,76.5,77.24,2436848,77.025,0.41,188.390243902439
2023-01-31,77.49,77.74,76.23,77.25,7346127,77.1775,0.41,188.41463414634148
2023-02-01,77.0,77.44,75.67,75.72,3328043,76.4575,0.41,184.6829268292683
2023-02-02,77.25,78.97,74.59,76.28,6160600,76.7725,-0.5,-152.56
2023-02-03,79.37,80.44,77.22,78.67,3588833,78.925,-0.5,-157.34
2023-02-06,78.79,79.23,76.73,77.03,2184916,77.945,-0.5,-154.06
2023-02-07,77.05,78.75,76.61,78.61,3556200,77.755,-0.5,-157.22
2023-02-08,78.41,80.36,78.41,79.92,2386149,79.275,-0.5,-159.84
2023-02-09,80.11,80.39,77.94,78.26,2106372,79.175,-0.5,-156.52
2023-02-10,78.69,80.18,78.43,79.83,1352821,79.2825,-0.5,-159.66
2023-02-13,79.8,80.21,79.01,79.46,2050400,79.62,-0.5,-158.92
2023-02-14,79.33,79.74,78.71,78.75,2459500,79.1325,-0.5,-157.5
2023-02-15,78.49,78.79,77.95,78.58,1574308,78.4525,-0.5,-157.16
2023-02-16,78.23,79.12,77.72,78.64,1424714,78.4275,-0.5,-157.28
2023-02-17,78.72,79.71,78.42,78.78,5193647,78.9075,-0.5,-157.56
2023-02-21,78.5,78.69,77.79,78.17,2305736,78.2875,-0.5,-156.34
2023-02-22,78.3,78.4,77.41,77.52,1815800,77.9075,-0.5,-155.04
2023-02-23,77.52,78.43,77.34,77.7,2456032,77.7475,-0.5,-155.4
2023-02-24,77.71,77.92,77.13,77.57,1838800,77.5825,-0.5,-155.14
2023-02-27,77.78,78.04,77.09,77.41,2569350,77.58,-0.5,-154.82
2023-02-28,76.75,77.02,75.67,75.71,5323116,76.2875,-0.5,-151.42
2023-03-01,75.45,76.13,75.21,75.98,1902234,75.6925,-0.5,-151.96
2023-03-02,75.92,76.12,74.53,74.71,2250000,75.32,-0.5,-149.42
2023-03-03,75.07,75.24,74.17,75.2,1665129,74.92,-0.5,-150.4
2023-03-06,75.1,75.36,74.08,74.66,3206532,74.8,-0.5,-149.32
2023-03-07,74.79,74.96,72.94,72.97,2640352,73.915,-0.5,-145.94
2023-03-08,72.94,73.26,71.95,72.65,2804524,72.7,-0.5,-145.3
2023-03-09,72.96,72.96,70.89,71.29,2954600,72.025,-0.5,-142.58
2023-03-10,71.29,72.34,71.05,71.19,2167287,71.4675,-0.5,-142.38
2023-03-13,70.45,71.46,70.01,70.1,3455500,70.505,-0.5,-140.2
2023-03-14,70.94,71.03,69.4,70.72,2521652,70.5225,-0.5,-141.44
2023-03-15,69.87,70.01,68.96,69.82,2264911,69.665,-0.5,-139.64
2023-03-16,69.17,70.63,69.17,70.51,1606380,69.87,-0.5,-141.02
2023-03-17,70.49,70.49,68.84,69.62,4479127,69.86,-0.5,-139.24
2023-03-20,70.07,71.55,69.87,71.14,2255600,70.6575,-0.5,-142.28
2023-03-21,71.79,72.38,71.29,72.26,2544531,71.93,-0.5,-144.52
2023-03-22,72.01,72.47,69.92,69.94,1925125,71.085,-0.5,-139.88
2023-03-23,69.85,70.01,68.69,69.01,1985700,69.39,-0.5,-138.02
2023-03-24,68.7,70.51,68.53,70.37,1994892,69.5275,-0.5,-140.74
2023-03-27,71.42,71.57,70.57,71.24,2212000,71.2,-0.5,-142.48
2023-03-28,71.42,73.07,71.29,72.47,2623507,72.0625,-0.5,-144.94
2023-03-29,72.7,74.75,72.52,74.6,3158100,73.6425,-0.5,-149.2
2023-03-30,74.99,75.44,74.69,75.35,1696300,75.1175,-0.5,-150.7
2023-03-31,75.27,75.8,74.88,75.5,2318357,75.3625,-0.5,-151.0
2023-04-03,75.79,76.96,75.49,76.71,1786820,76.2375,-0.5,-153.42
2023-04-04,76.71,77.07,76.21,76.66,2624339,76.6625,-0.5,-153.32
2023-04-05,77.04,79.5,76.93,79.42,2948840,78.2225,-0.5,-158.84
2023-04-06,79.77,80.61,78.97,79.23,1855300,79.645,-0.5,-158.46
2023-04-10,79.16,79.65,78.94,79.62,1658400,79.3425,-0.5,-159.24
2023-04-11,79.9,80.33,79.4,79.95,1570520,79.895,-0.5,-159.9
2023-04-12,79.62,79.89,78.47,79.15,1631128,79.2825,-0.5,-158.3
2023-04-13,79.51,81.19,79.36,80.72,3776900,80.195,-0.5,-161.44
2023-04-14,80.68,80.85,80.11,80.63,1524300,80.5675,-0.5,-161.26
2023-04-17,80.74,80.79,79.17,80.06,1887421,80.19,-0.5,-160.12
2023-04-18,80.36,80.38,79.28,79.45,1317846,79.8675,-0.5,-158.9
2023-04-19,79.99,80.05,78.52,78.99,1432328,79.3875,-0.5,-157.98
2023-04-20,79.02,80.09,78.8,80.09,1709239,79.5,-0.5,-160.18
2023-04-21,80.5,80.6,79.66,80.08,1691700,80.21,-0.5,-160.16
2023-04-24,79.99,81.11,79.69,81.0,1394300,80.4475,-0.5,-162.0
2023-04-25,81.09,81.15,80.18,80.88,1371700,80.825,-0.5,-161.76
2023-04-26,80.43,80.99,79.65,80.39,1982300,80.365,-0.5,-160.78
2023-04-27,80.18,82.11,80.18,82.08,1658200,81.1375,-0.5,-164.16
2023-04-28,81.67,82.44,81.67,82.1,2535013,81.97,-0.5,-164.2
2023-05-01,82.18,82.31,81.14,82.25,2021529,81.97,-0.5,-164.5
2023-05-02,82.06,82.64,81.14,82.36,2014102,82.05,-0.5,-164.72
2023-05-03,82.88,83.01,81.49,81.64,2166000,82.255,-0.5,-163.28
2023-05-04,79.04,81.44,77.56,80.83,3309350,79.7175,1.35,59.874074074074066
2023-05-05,81.05,83.77,80.97,83.2,2739200,82.2475,1.35,61.629629629629626
2023-05-08,83.39,84.29,82.77,84.15,1779223,83.65,1.35,62.333333333333336
2023-05-09,84.74,85.93,84.19,84.35,2105100,84.8025,1.35,62.481481481481474
2023-05-10,84.44,85.29,84.05,85.18,1996940,84.74,1.35,63.096296296296295
2023-05-11,85.2,85.4,84.55,84.84,1626553,84.9975,1.35,62.84444444444444
2023-05-12,84.86,85.07,84.31,84.77,1185871,84.7525,1.35,62.792592592592584
2023-05-15,84.72,85.4,84.19,85.32,1575911,84.9075,1.35,63.19999999999999
2023-05-16,85.42,86.2,85.21,85.8,1557400,85.6575,1.35,63.55555555555555
2023-05-17,86.29,87.03,85.77,86.56,2466805,86.4125,1.35,64.11851851851851
2023-05-18,86.46,86.46,84.7,85.56,2945700,85.795,1.35,63.37777777777777
2023-05-19,85.87,86.46,85.53,85.93,1552504,85.9475,1.35,63.65185185185185
2023-05-22,85.99,86.51,85.21,85.98,1795800,85.9225,1.35,63.68888888888889
2023-05-23,85.78,86.07,84.68,84.79,1516928,85.33,1.35,62.80740740740741
2023-05-24,84.89,85.5,84.15,84.96,1424147,84.875,1.35,62.93333333333332
2023-05-25,84.56,85.11,83.76,84.7,1878654,84.5325,1.35,62.74074074074074
2023-05-26,84.7,85.02,82.6,82.83,1936500,83.7875,1.35,61.35555555555555
2023-05-30,82.18,82.72,81.1,81.33,2422700,81.8325,1.35,60.24444444444444
2023-05-31,80.9,82.81,80.9,82.3,6129700,81.7275,1.35,60.962962962962955
2023-06-01,82.84,84.46,82.75,83.42,3013900,83.3675,1.35,61.79259259259259
2023-06-02,83.64,84.72,83.27,84.59,2447178,84.055,1.35,62.65925925925926
2023-06-05,84.67,85.07,84.08,84.76,1526009,84.645,1.35,62.785185185185185
2023-06-06,84.79,85.11,83.19,84.34,2300700,84.3575,1.35,62.474074074074075
2023-06-07,84.34,84.34,83.07,83.27,2240400,83.755,1.35,61.68148148148148
2023-06-08,84.36,86.13,83.78,85.33,3092666,84.9,1.35,63.2074074074074
2023-06-09,86.43,87.13,85.52,86.77,3026200,86.4625,1.35,64.27407407407406
2023-06-12,86.73,87.37,86.31,87.18,1988740,86.8975,1.35,64.57777777777778
2023-06-13,87.36,88.59,87.02,88.02,3133210,87.7475,1.35,65.19999999999999
2023-06-14,87.53,87.93,86.1,86.97,2837534,87.1325,1.35,64.42222222222222
2023-06-15,87.29,89.45,86.97,89.16,2498839,88.2175,1.35,66.04444444444444
2023-06-16,89.91,91.27,89.64,91.25,5134019,90.5175,1.35,67.5925925925926
2023-06-20,91.14,92.09,90.9,91.24,2530400,91.3425,1.35,67.58518518518518
2023-06-21,91.75,92.34,91.13,91.99,2398218,91.8025,1.35,68.14074074074074
2023-06-22,91.93,92.57,91.42,92.52,1991800,92.11,1.35,68.53333333333333
2023-06-23,92.32,92.89,91.6,91.72,5393827,92.1325,1.35,67.94074074074074
2023-06-26,91.73,92.6,91.46,92.29,3133130,92.02,1.35,68.36296296296297
2023-06-27,90.81,93.31,90.02,93.09,2003000,91.8075,1.35,68.95555555555555
2023-06-28,93.18,94.31,92.93,93.81,2262431,93.5575,1.35,69.48888888888888
2023-06-29,93.84,94.3,93.4,93.92,1696000,93.865,1.35,69.57037037037037
2023-06-30,93.8,95.1,93.59,94.57,2384805,94.265,1.35,70.05185185185184
2023-07-03,93.83,94.8,93.42,94.59,1029711,94.16,1.35,70.06666666666666
2023-07-05,94.53,94.67,94.07,94.63,1892300,94.475,1.35,70.09629629629629
2023-07-06,94.42,94.55,93.91,94.25,3613500,94.2825,1.35,69.81481481481481
2023-07-07,94.08,94.38,93.61,93.97,2549130,94.01,1.35,69.60740740740741
2023-07-10,93.16,93.81,92.73,93.69,2678500,93.3475,1.35,69.39999999999999
2023-07-11,93.72,94.49,93.45,94.36,1495245,94.005,1.35,69.89629629629628
2023-07-12,94.02,94.15,93.18,93.57,1706400,93.73,1.35,69.3111111111111
2023-07-13,93.6,94.25,93.37,93.42,1340612,93.66,1.35,69.2
2023-07-14,93.87,94.41,92.89,93.14,1735500,93.5775,1.35,68.99259259259259
2023-07-17,93.05,93.83,92.9,93.47,1131003,93.3125,1.35,69.23703703703703
2023-07-18,93.34,93.86,92.87,93.19,1560200,93.315,1.35,69.02962962962962
2023-07-19,93.12,93.46,91.33,92.15,2543706,92.515,1.35,68.25925925925925
2023-07-20,92.91,94.12,92.68,94.1,1915600,93.4525,1.35,69.7037037037037
2023-07-21,94.3,94.66,93.16,93.19,1780329,93.8275,1.35,69.02962962962962
2023-07-24,93.2,93.93,92.72,93.05,1514400,93.225,1.35,68.92592592592592
2023-07-25,92.95,93.8,92.59,93.73,1521400,93.2675,1.35,69.42962962962963
2023-07-26,93.06,93.5,92.07,92.28,2650700,92.7275,1.35,68.35555555555555
2023-07-27,92.28,92.98,92.2,92.43,1618812,92.4725,1.35,68.46666666666667
2023-07-28,92.52,92.67,91.57,91.69,1807700,92.1125,1.35,67.91851851851851
2023-07-31,92.19,92.19,90.92,91.47,1992803,91.6925,1.35,67.75555555555555
2023-08-01,91.31,91.95,91.12,91.64,1528652,91.505,1.35,67.88148148148147
2023-08-02,91.59,93.19,91.41,93.09,2344530,92.32,1.35,68.95555555555555
2023-08-03,93.19,94.19,93.0,93.77,1725749,93.5375,1.35,69.45925925925926
2023-08-04,93.58,93.91,91.23,91.25,2503760,92.4925,1.35,67.5925925925926
2023-08-07,91.75,92.89,91.73,92.22,1502400,92.1475,1.35,68.3111111111111
2023-08-08,92.53,92.99,91.5,91.76,2059185,92.195,1.35,67.97037037037038
2023-08-09,92.55,92.94,91.79,91.97,1945514,92.3125,1.35,68.12592592592593
2023-08-10,91.97,93.03,91.93,92.34,1609300,92.3175,1.35,68.39999999999999
2023-08-11,92.48,92.89,92.19,92.38,1539734,92.485,1.35,68.42962962962962
2023-08-14,92.73,93.13,92.17,92.99,2156600,92.755,1.35,68.88148148148147
2023-08-15,94.25,95.45,90.49,90.57,4357600,92.69,-0.25,-362.28
2023-08-16,90.56,91.16,90.09,90.4,2984737,90.5525,-0.25,-361.6
2023-08-17,88.69,88.75,85.7,86.39,5412407,87.3825,-0.25,-345.56
2023-08-18,86.48,86.81,85.61,85.85,5215169,86.1875,-0.25,-343.4
2023-08-21,85.89,87.35,85.7,86.94,2964410,86.47,-0.25,-347.76
2023-08-22,87.0,87.24,85.46,85.52,2129821,86.305,-0.25,-342.08
2023-08-23,85.58,86.15,85.12,85.37,1662316,85.555,-0.25,-341.48
2023-08-24,85.44,86.79,85.44,86.17,2206931,85.96,-0.25,-344.68
2023-08-25,86.61,87.93,86.37,87.63,2165900,87.135,-0.25,-350.52
2023-08-28,87.64,90.09,87.63,89.74,3420193,88.775,-0.25,-358.96
2023-08-29,89.74,90.0,88.42,89.83,2046100,89.4975,-0.25,-359.32
2023-08-30,90.1,90.44,88.01,88.04,2208305,89.1475,-0.25,-352.16
2023-08-31,88.25,88.55,87.24,87.33,2386600,87.8425,-0.25,-349.32
2023-09-01,87.61,88.15,87.38,87.58,1454338,87.68,-0.25,-350.32
2023-09-05,87.46,87.59,86.56,86.91,2110805,87.13,-0.25,-347.64
2023-09-06,86.69,87.38,86.62,87.25,1352811,86.985,-0.25,-349.0
2023-09-07,87.9,89.09,87.61,88.59,2410400,88.2975,-0.25,-354.36
2023-09-08,88.48,89.25,88.48,88.78,1524784,88.7475,-0.25,-355.12
2023-09-11,88.77,89.8,88.65,89.73,1878069,89.2375,-0.25,-358.92
2023-09-12,89.41,89.8,88.66,88.93,1773404,89.2,-0.25,-355.72
2023-09-13,89.08,89.39,87.85,87.95,2031100,88.5675,-0.25,-351.8
2023-09-14,88.1,88.44,87.02,87.7,2084200,87.815,-0.25,-350.8
2023-09-15,87.23,87.81,87.2,87.75,4155907,87.4975,-0.25,-351.0
2023-09-18,88.11,88.72,87.77,88.17,1954116,88.1925,-0.25,-352.68
2023-09-19,88.17,88.7,87.91,88.26,1278646,88.26,-0.25,-353.04
2023-09-20,88.73,89.74,88.41,89.37,1728506,89.0625,-0.25,-357.48
2023-09-21,89.32,89.92,88.99,89.1,2006100,89.3325,-0.25,-356.4
2023-09-22,88.83,89.61,88.73,88.96,1541500,89.0325,-0.25,-355.84
2023-09-25,88.1,89.73,88.01,89.21,1388500,88.7625,-0.25,-356.84
2023-09-26,88.79,89.47,88.42,88.67,1444814,88.8375,-0.25,-354.68
2023-09-27,88.8,89.06,87.18,88.04,1951000,88.27,-0.25,-352.16
2023-09-28,88.31,88.59,87.64,87.8,1477600,88.085,-0.25,-351.2
2023-09-29,87.52,87.8,86.72,86.82,2318767,87.215,-0.25,-347.28
2023-10-02,85.98,87.05,85.82,86.38,2742315,86.3075,-0.25,-345.52
2023-10-03,86.3,87.08,86.24,86.83,2555546,86.6125,-0.25,-347.32
2023-10-04,86.96,88.93,86.7,88.91,3267129,87.875,-0.25,-355.64
2023-10-05,89.24,90.07,89.02,89.82,1951137,89.5375,-0.25,-359.28
2023-10-06,89.83,90.23,89.0,89.93,1844200,89.7475,-0.25,-359.72
2023-10-09,89.62,90.99,89.39,90.73,1303514,90.1825,-0.25,-362.92
2023-10-10,90.47,91.84,90.39,91.61,1413609,91.0775,-0.25,-366.44
2023-10-11,91.45,91.92,90.19,91.68,1974100,91.31,-0.25,-366.72
2023-10-12,91.78,92.36,91.26,91.88,1906000,91.82,-0.25,-367.52
2023-10-13,92.35,93.52,92.34,93.22,1920049,92.8575,-0.25,-372.88
2023-10-16,93.59,93.94,92.61,92.66,1576213,93.2,-0.25,-370.64
2023-10-17,92.74,93.31,92.56,93.04,1951868,92.9125,-0.25,-372.16
2023-10-18,93.3,94.37,92.91,93.8,2118914,93.595,-0.25,-375.2
2023-10-19,93.64,93.96,92.21,92.79,1913531,93.15,-0.25,-371.16
2023-10-20,93.07,93.17,92.07,92.38,1890900,92.6725,-0.25,-369.52
2023-10-23,91.94,92.54,91.19,91.99,1591622,91.915,-0.25,-367.96
2023-10-24,92.3,93.45,92.3,93.42,1535946,92.8675,-0.25,-373.68
2023-10-25,93.74,94.19,93.0,93.53,1384206,93.615,-0.25,-374.12
2023-10-26,93.07,93.4,92.47,92.55,1616815,92.8725,-0.25,-370.2
2023-10-27,92.26,92.86,90.99,91.39,1512400,91.875,-0.25,-365.56
2023-10-30,91.73,92.06,90.59,91.04,1636000,91.355,-0.25,-364.16
2023-10-31,91.42,91.44,90.19,91.0,3349200,91.0125,-0.25,-364.0
2023-11-01,91.07,93.6,91.04,93.58,3341600,92.3225,-0.25,-374.32
2023-11-02,92.93,93.87,91.15,93.78,2827680,92.9325,-0.25,-375.12
2023-11-03,96.27,102.46,96.11,100.21,5293100,98.7625,0.0201,4985.572139303482
2023-11-06,99.5,102.1,98.79,101.66,2612108,100.5125,0.0201,5057.71144278607
2023-11-07,101.75,103.3,101.32,103.0,2808431,102.3425,0.0201,5124.378109452737
2023-11-08,103.02,103.5,101.63,102.27,2153901,102.605,0.0201,5088.059701492537
2023-11-09,102.18,103.4,101.96,102.81,1898831,102.5875,0.0201,5114.925373134329
2023-11-10,103.08,104.59,103.03,104.12,1752900,103.705,0.0201,5180.099502487563
2023-11-13,104.58,105.5,104.15,104.94,1751000,104.7925,0.0201,5220.895522388059
2023-11-14,104.34,104.6,102.03,102.9,2839729,103.4675,0.0201,5119.402985074627
2023-11-15,102.85,103.47,100.92,101.8,3692400,102.26,0.0201,5064.6766169154225
2023-11-16,102.34,104.25,102.23,103.3,1595608,103.03,0.0201,5139.3034825870645
2023-11-17,103.72,103.95,102.94,103.39,2693100,103.5,0.0201,5143.781094527363
2023-11-20,102.91,105.81,102.91,105.26,2086140,104.2225,0.0201,5236.81592039801
2023-11-21,105.33,106.22,104.74,105.52,2158600,105.4525,0.0201,5249.751243781095
2023-11-22,105.79,106.35,105.25,105.88,1374506,105.8175,0.0201,5267.661691542288
2023-11-24,105.85,106.42,105.7,106.27,531500,106.06,0.0201,5287.064676616916
2023-11-27,106.27,106.9,106.1,106.65,1512543,106.48,0.0201,5305.9701492537315
2023-11-28,106.75,107.15,105.97,106.16,1034841,106.5075,0.0201,5281.592039800995
2023-11-29,105.99,106.1,104.93,105.3,1463740,105.58,0.0201,5238.805970149254
2023-11-30,105.01,107.16,104.85,107.08,2944400,106.025,0.0201,5327.3631840796015
2023-12-01,107.01,107.86,106.97,107.16,1617500,107.25,0.0201,5331.3432835820895
2023-12-04,106.69,107.56,106.5,107.46,1775000,107.0525,0.0201,5346.268656716417
2023-12-05,107.32,108.03,106.79,107.14,1601165,107.32,0.0201,5330.348258706468
2023-12-06,106.94,106.94,104.91,105.87,1460500,106.165,0.0201,5267.164179104478
2023-12-07,106.1,106.4,105.22,106.38,1749810,106.025,0.0201,5292.537313432836
2023-12-08,106.69,107.03,105.67,106.83,1245028,106.555,0.0201,5314.925373134329
2023-12-11,107.28,107.71,106.51,106.97,1372600,107.1175,0.0201,5321.890547263682
2023-12-12,107.27,108.41,106.73,107.93,1519100,107.585,0.0201,5369.651741293533
2023-12-13,107.8,108.85,107.34,108.05,2294147,108.01,0.0201,5375.621890547263
2023-12-14,104.0,104.21,100.56,102.69,5262200,102.865,0.0201,5108.955223880597
2023-12-15,102.05,102.22,98.34,100.49,7262100,100.775,0.0201,4999.502487562188
2023-12-18,101.63,102.3,100.51,101.12,2301700,101.39,0.0201,5030.845771144279
2023-12-19,101.44,101.71,100.77,101.15,2178100,101.2675,0.0201,5032.338308457712
2023-12-20,101.17,101.17,99.03,99.12,2344574,100.1225,0.0201,4931.3432835820895
2023-12-21,99.77,101.48,99.6,101.24,1578432,100.5225,0.0201,5036.815920398009
2023-12-22,101.56,101.99,100.71,101.33,1115854,101.3975,0.0201,5041.293532338308
2023-12-26,101.1,101.52,100.3,101.14,1339128,101.015,0.0201,5031.8407960199
2023-12-27,100.88,101.14,100.26,100.96,1538200,100.81,0.0201,5022.885572139303
2023-12-28,101.07,101.43,100.03,100.28,1644221,100.7025,0.0201,4989.054726368159
2023-12-29,100.38,101.24,100.16,100.8,1508919,100.645,0.0201,5014.925373134328
2024-01-02,100.68,102.88,100.57,102.62,1704500,101.6875,0.0201,5105.472636815921
2024-01-03,103.4,104.87,102.93,104.73,2393044,103.9825,0.0201,5210.44776119403
2024-01-04,103.9,106.24,103.81,105.56,2573300,104.8775,0.0201,5251.741293532338
2024-01-05,106.37,106.43,105.1,105.72,1636602,105.905,0.0201,5259.701492537313
2024-01-08,106.25,106.25,104.33,105.17,1529120,105.5,0.0201,5232.338308457712
2024-01-09,103.0,103.54,100.36,103.37,3096900,102.5675,0.0201,5142.786069651742
2024-01-10,104.24,105.3,103.4,104.19,2243600,104.2825,0.0201,5183.582089552238
2024-01-11,104.42,105.9,104.35,105.73,2298011,105.1,0.0201,5260.199004975125
2024-01-12,105.72,106.06,104.85,105.79,2033232,105.605,0.0201,5263.184079601991
2024-01-16,106.11,106.76,105.32,106.38,1848207,106.1425,0.0201,5292.537313432836
2024-01-17,106.76,108.39,105.02,105.46,1653600,106.4075,0.0201,5246.766169154229
2024-01-18,104.78,106.43,104.03,106.39,1279634,105.4075,0.0201,5293.034825870647
2024-01-19,106.68,107.27,105.18,105.48,1646700,106.1525,0.0201,5247.761194029851
2024-01-22,105.65,106.36,105.26,105.34,1544900,105.6525,0.0201,5240.796019900497
2024-01-23,104.54,104.88,103.76,104.54,1066259,104.43,0.0201,5200.995024875622
2024-01-24,104.74,105.43,104.15,104.36,1758284,104.67,0.0201,5192.039800995025
2024-01-25,104.93,105.83,103.95,105.71,2101939,105.105,0.0201,5259.203980099503
2024-01-26,106.18,106.38,104.98,105.7,1897508,105.81,0.0201,5258.706467661692
2024-01-29,105.72,106.73,105.41,106.28,2082300,106.035,0.0201,5287.562189054726
2024-01-30,106.33,107.11,105.16,107.06,2135600,106.415,0.0201,5326.36815920398
2024-01-31,109.0,111.4,107.65,109.19,5675134,109.31,0.0201,5432.338308457712
2024-02-01,104.0,105.17,101.77,105.1,4648518,104.01,1.44,72.98611111111111
2024-02-02,105.8,106.64,103.02,103.46,3845055,104.73,1.44,71.84722222222221
2024-02-05,104.89,105.26,102.25,103.63,2524400,104.0075,1.44,71.96527777777777
2024-02-06,104.46,104.95,103.55,104.07,2267429,104.2575,1.44,72.27083333333333
2024-02-07,104.31,106.21,104.2,105.67,2054800,105.0975,1.44,73.38194444444444
2024-02-08,105.35,105.89,101.27,102.73,2454447,103.81,1.44,71.34027777777779
2024-02-09,103.52,105.42,103.24,104.95,2614600,104.2825,1.44,72.88194444444444
2024-02-12,104.67,104.7,102.39,103.62,2387963,103.845,1.44,71.95833333333334
2024-02-13,104.36,104.91,103.18,104.36,1854265,104.2025,1.44,72.47222222222223
2024-02-14,104.68,104.78,103.2,103.55,1471100,104.0525,1.44,71.90972222222223
2024-02-15,103.86,105.12,103.74,104.94,1509223,104.415,1.44,72.875
2024-02-16,104.99,105.6,104.36,104.45,2341300,104.85,1.44,72.53472222222223
2024-02-20,104.45,105.96,104.45,105.37,1873468,105.0575,1.44,73.17361111111111
2024-02-21,105.92,106.03,104.73,105.58,1626800,105.565,1.44,73.31944444444444
2024-02-22,105.48,107.87,105.3,107.15,1417816,106.45,1.44,74.40972222222223
2024-02-23,107.53,108.1,107.17,108.09,974306,107.7225,1.44,75.0625
2024-02-26,109.62,111.0,109.32,110.27,5922800,110.0525,1.44,76.57638888888889
2024-02-27,109.86,110.45,109.06,109.61,2777107,109.745,1.44,76.11805555555556
2024-02-28,109.6,111.72,108.84,111.66,2414805,110.455,1.44,77.54166666666667
2024-02-29,111.69,112.2,110.68,111.98,6327821,111.6375,1.44,77.7638888888889
2024-03-01,114.45,114.88,112.26,113.37,2990148,113.74,1.44,78.72916666666667
2024-03-04,113.48,115.33,112.47,112.64,3370300,113.48,1.44,78.22222222222223
2024-03-05,112.92,113.58,111.92,112.92,1804400,112.835,1.44,78.41666666666667
2024-03-06,113.43,113.92,110.54,110.62,2433043,112.1275,1.44,76.81944444444446
2024-03-07,111.43,113.75,110.65,113.67,1978895,112.375,1.44,78.9375
2024-03-08,113.88,115.38,113.12,115.17,1800414,114.3875,1.44,79.97916666666667
2024-03-11,114.73,115.8,113.88,115.48,2310753,114.9725,1.44,80.19444444444446
2024-03-12,115.48,115.96,114.14,115.62,1963329,115.3,1.44,80.29166666666667
2024-03-13,116.0,116.04,110.49,111.08,4522830,113.4025,1.44,77.13888888888889
2024-03-14,110.67,111.15,108.99,109.93,3348883,110.185,1.44,76.34027777777779
2024-03-15,109.0,110.61,108.59,110.61,4425346,109.7025,1.44,76.8125
2024-03-18,110.41,111.35,109.48,110.16,3650100,110.35,1.44,76.5
2024-03-19,110.22,113.0,109.37,112.85,2771339,111.36,1.44,78.36805555555556
2024-03-20,112.88,113.14,111.66,111.89,2350100,112.3925,1.44,77.70138888888889
2024-03-21,111.9,112.7,110.95,112.53,2159138,112.02,1.44,78.14583333333334
2024-03-22,113.04,113.04,110.26,111.01,1760513,111.8375,1.44,77.09027777777779
2024-03-25,111.03,111.87,110.41,111.01,1671353,111.08,1.44,77.09027777777779
2024-03-26,111.0,112.0,110.69,111.6,1480141,111.3225,1.44,77.5
2024-03-27,112.11,112.58,110.7,112.54,1235442,111.9825,1.44,78.15277777777779
2024-03-28,112.26,112.53,111.23,111.9,1655424,111.98,1.44,77.70833333333334
2024-04-01,111.7,112.23,110.46,112.06,1379560,111.6125,1.44,77.81944444444444
2024-04-02,111.58,112.09,110.47,111.25,1620200,111.3475,1.44,77.25694444444444
2024-04-03,111.78,112.37,110.56,110.93,1254300,111.41,1.44,77.03472222222223
2024-04-04,111.39,111.95,110.01,110.12,1377700,110.8675,1.44,76.47222222222223
2024-04-05,110.05,110.96,109.86,109.92,1443700,110.1975,1.44,76.33333333333334
2024-04-08,109.61,110.1,109.2,109.47,1958200,109.595,1.44,76.02083333333333
2024-04-09,109.74,109.88,106.34,108.07,1543400,108.5075,1.44,75.04861111111111
2024-04-10,107.53,108.57,107.22,107.94,1178203,107.815,1.44,74.95833333333333
2024-04-11,107.83,108.31,106.35,106.42,1229015,107.2275,1.44,73.90277777777779
2024-04-12,105.5,106.23,104.92,105.1,1535419,105.4375,1.44,72.98611111111111
2024-04-15,106.79,108.27,106.45,107.03,1969100,107.135,1.44,74.32638888888889
2024-04-16,107.44,108.01,106.9,107.17,1515804,107.38,1.44,74.42361111111111
2024-04-17,108.0,108.0,106.26,106.52,1618300,107.195,1.44,73.97222222222223
2024-04-18,107.07,107.44,105.53,106.0,1541130,106.51,1.44,73.61111111111111
2024-04-19,106.37,108.42,106.28,108.19,1486100,107.315,1.44,75.13194444444444
2024-04-22,103.85,104.5,101.23,102.83,5287300,103.1025,1.44,71.40972222222223
2024-04-23,102.67,103.75,101.59,103.37,2477426,102.845,1.44,71.78472222222223
2024-04-24,103.18,103.95,102.43,103.54,2057500,103.275,1.44,71.90277777777779
2024-04-25,103.77,104.87,103.58,103.81,1642728,104.0075,1.44,72.09027777777779
2024-04-26,103.2,103.94,102.93,103.21,1399916,103.32,1.44,71.67361111111111
2024-04-29,103.02,103.68,102.18,102.91,1690855,102.9475,1.44,71.46527777777777
2024-04-30,102.91,103.34,102.38,103.04,2456100,102.9175,1.44,71.55555555555556
2024-05-01,102.25,103.1,100.56,102.17,2858908,102.02,1.44,70.95138888888889
2024-05-02,100.0,106.68,100.0,102.98,3684813,102.415,1.06,97.15094339622641
2024-05-03,101.68,102.26,98.24,98.91,3446200,100.2725,1.06,93.31132075471697
2024-05-06,99.42,99.7,98.33,98.59,1889759,99.01,1.06,93.00943396226415
2024-05-07,98.77,99.91,98.73,99.72,2307955,99.2825,1.06,94.0754716981132
2024-05-08,99.84,100.09,97.31,97.44,2280705,98.67,1.06,91.92452830188678
2024-05-09,97.36,98.87,97.36,98.06,1822515,97.9125,1.06,92.50943396226415
2024-05-10,98.22,100.08,98.22,99.53,1726400,99.0125,1.06,93.89622641509433
2024-05-13,99.61,99.86,97.9,98.04,1392200,98.8525,1.06,92.49056603773585
2024-05-14,98.33,98.65,96.95,97.43,1338730,97.84,1.06,91.91509433962264
2024-05-15,97.23,98.13,96.88,97.11,1671485,97.3375,1.06,91.61320754716981
2024-05-16,97.56,99.07,97.27,98.7,2024083,98.15,1.06,93.11320754716981
2024-05-17,99.27,99.4,98.35,99.08,1308000,99.025,1.06,93.47169811320754
2024-05-20,99.28,99.28,97.86,98.46,1399900,98.72,1.06,92.88679245283018
2024-05-21,98.27,98.56,95.76,96.01,2178653,97.15,1.06,90.5754716981132
2024-05-22,95.88,97.13,95.5,96.32,1814371,96.2075,1.06,90.86792452830187
2024-05-23,96.24,96.95,95.9,96.05,2059000,96.285,1.06,90.61320754716981
2024-05-24,96.41,96.75,95.66,96.39,1207000,96.3025,1.06,90.93396226415094
2024-05-28,95.83,95.88,94.21,94.75,1782945,95.1675,1.06,89.38679245283018
2024-05-29,94.61,96.25,94.04,96.14,1721760,95.26,1.06,90.69811320754717
2024-05-30,96.26,98.1,96.02,97.71,2153325,97.0225,1.06,92.17924528301886
2024-05-31,97.73,99.44,97.06,99.27,4182760,98.375,1.06,93.65094339622641
2024-06-03,98.57,99.74,98.31,99.51,1774000,99.0325,1.06,93.87735849056604
2024-06-04,99.23,99.84,97.55,98.32,1823638,98.735,1.06,92.75471698113206
2024-06-05,98.46,98.46,97.02,97.96,1373029,97.975,1.06,92.41509433962263
2024-06-06,97.79,98.95,97.38,98.8,1719800,98.23,1.06,93.20754716981132
2024-06-07,99.07,99.32,98.34,98.51,1651043,98.81,1.06,92.93396226415095
2024-06-10,98.18,98.95,97.16,98.84,1404614,98.2825,1.06,93.24528301886792
2024-06-11,98.69,99.42,98.04,99.01,1694914,98.79,1.06,93.40566037735849
2024-06-12,99.0,99.19,97.13,99.0,1897919,98.58,1.06,93.39622641509433
2024-06-13,98.75,101.17,97.72,100.61,2121504,99.5625,1.06,94.91509433962264
2024-06-14,100.59,100.96,99.68,100.2,1442612,100.3575,1.06,94.52830188679245
2024-06-17,99.92,101.0,98.88,100.95,2377430,100.1875,1.06,95.23584905660377
2024-06-18,101.17,105.05,100.82,104.09,2797800,102.7825,1.06,98.19811320754717
2024-06-20,104.16,105.32,103.95,104.37,2952133,104.45,1.06,98.4622641509434
2024-06-21,104.53,105.14,103.12,104.63,4413100,104.355,1.06,98.7075471698113
2024-06-24,104.93,105.72,104.46,104.9,2285019,105.0025,1.06,98.9622641509434
2024-06-25,105.65,105.73,103.12,103.13,1907424,104.4075,1.06,97.29245283018867
2024-06-26,102.62,102.88,100.45,101.1,2106041,101.7625,1.06,95.37735849056602
2024-06-27,100.96,101.4,98.2,99.62,2352267,100.045,1.06,93.98113207547169
2024-06-28,100.04,100.6,98.08,98.32,4055853,99.26,1.06,92.75471698113206
2024-07-01,98.17,99.52,97.41,97.76,1793715,98.215,1.06,92.22641509433963
2024-07-02,97.76,97.77,96.09,96.54,1940383,97.04,1.06,91.0754716981132
2024-07-03,96.67,96.96,95.13,95.7,1121300,96.115,1.06,90.28301886792453
2024-07-05,95.58,96.27,94.4,95.89,2069012,95.535,1.06,90.4622641509434
2024-07-08,95.99,97.32,95.99,96.88,2293381,96.545,1.06,91.39622641509433
2024-07-09,97.27,97.27,95.35,96.01,1766700,96.475,1.06,90.5754716981132
2024-07-10,96.03,96.32,95.35,95.59,1612600,95.8225,1.06,90.17924528301887
2024-07-11,95.14,95.28,93.52,94.46,2710648,94.6,1.06,89.11320754716981
2024-07-12,94.99,95.54,94.02,94.1,1891046,94.6625,1.06,88.77358490566037
2024-07-15,94.86,95.99,93.17,93.74,2346800,94.44,1.06,88.43396226415094
2024-07-16,94.0,95.5,93.99,95.41,1647217,94.725,1.06,90.00943396226414
2024-07-17,95.82,96.95,95.47,95.97,1685683,96.0525,1.06,90.5377358490566
2024-07-18,95.67,96.76,94.99,95.3,1379948,95.68,1.06,89.90566037735849
2024-07-19,96.36,96.36,94.29,95.03,1614850,95.51,1.06,89.65094339622641
2024-07-22,95.47,96.7,94.99,95.42,1534700,95.645,1.06,90.0188679245283
2024-07-23,95.67,96.17,94.85,95.84,1169300,95.6325,1.06,90.41509433962264
2024-07-24,96.19,96.85,95.13,96.71,1693613,96.22,1.06,91.23584905660377
2024-07-25,97.04,98.9,96.85,96.91,1577216,97.425,1.06,91.42452830188678
2024-07-26,97.18,98.84,97.18,98.35,1383500,97.8875,1.06,92.78301886792453
2024-07-29,98.41,98.97,97.42,98.18,1160700,98.245,1.06,92.62264150943396
2024-07-30,97.98,100.29,97.98,100.26,1524000,99.1275,1.06,94.58490566037736
2024-07-31,100.13,101.55,99.84,100.83,3007800,100.5875,1.06,95.12264150943396
2024-08-01,101.29,103.45,101.09,103.39,1740011,102.305,1.06,97.5377358490566
2024-08-02,104.0,105.08,99.55,101.6,2613341,102.5575,1.06,95.84905660377358
2024-08-05,101.38,102.06,97.83,98.36,2318616,99.9075,1.06,92.79245283018868
2024-08-06,98.36,100.76,98.2,99.52,1935006,99.21,1.06,93.88679245283018
2024-08-07,99.36,100.75,98.75,99.71,1558500,99.6425,1.06,94.06603773584905
2024-08-08,98.5,99.19,96.05,98.92,1727100,98.165,1.06,93.32075471698113
2024-08-09,99.0,101.07,98.07,100.67,1193076,99.7025,1.06,94.97169811320754
2024-08-12,100.45,102.11,100.07,100.66,1338909,100.8225,1.06,94.96226415094338
2024-08-13,100.81,102.81,100.8,102.58,1970700,101.75,1.06,96.77358490566037
2024-08-14,109.0,109.0,105.01,106.36,4314705,107.3425,0.96,110.79166666666667
2024-08-15,105.01,108.08,105.01,107.91,3140989,106.5025,0.96,112.40625
2024-08-16,108.04,110.0,107.55,109.85,2452221,108.86,0.96,114.42708333333333
2024-08-19,109.55,109.9,108.58,109.79,1301709,109.455,0.96,114.36458333333334
2024-08-20,109.69,109.79,107.94,108.88,1548341,109.075,0.96,113.41666666666667
2024-08-21,109.23,110.2,109.16,109.65,1327264,109.56,0.96,114.21875000000001
2024-08-22,109.99,110.6,109.67,110.43,1346659,110.1725,0.96,115.03125000000001
2024-08-23,110.72,110.82,109.25,109.44,1316016,110.0575,0.96,114.0
2024-08-26,109.31,109.96,108.78,109.61,1161650,109.415,0.96,114.17708333333334
2024-08-27,109.84,110.69,109.34,110.08,1284528,109.9875,0.96,114.66666666666667
2024-08-28,110.32,111.6,110.32,111.04,1544847,110.82,0.96,115.66666666666667
2024-08-29,111.49,112.37,111.01,112.2,1919406,111.7675,0.96,116.87500000000001
2024-08-30,112.23,113.14,111.88,112.72,1836612,112.4925,0.96,117.41666666666667
2024-09-03,113.01,116.05,113.01,114.66,2566384,114.1825,0.96,119.4375
2024-09-04,115.0,115.82,112.84,113.91,1742745,114.3925,0.96,118.65625
2024-09-05,113.4,113.66,111.25,111.77,2801500,112.52,0.96,116.42708333333333
2024-09-06,111.93,112.87,111.2,111.77,3016200,111.9425,0.96,116.42708333333333
2024-09-09,112.5,113.67,112.07,112.8,1866200,112.76,0.96,117.5
2024-09-10,112.97,115.18,112.37,114.37,2287516,113.7225,0.96,119.13541666666667
2024-09-11,113.75,113.89,112.32,113.35,1940711,113.3275,0.96,118.07291666666667
2024-09-12,113.28,113.55,112.3,112.39,1457132,112.88,0.96,117.07291666666667
2024-09-13,112.5,113.83,112.04,113.17,1065523,112.885,0.96,117.88541666666667
2024-09-16,113.88,114.69,113.04,113.28,1294834,113.7225,0.96,118.0
2024-09-17,112.82,113.22,111.03,111.32,1807113,112.0975,0.96,115.95833333333333
2024-09-18,110.77,112.06,110.77,111.41,1260923,111.2525,0.96,116.05208333333333
2024-09-19,111.47,112.35,110.35,110.76,1696820,111.2325,0.96,115.37500000000001
2024-09-20,110.47,111.87,110.3,111.84,3291248,111.12,0.96,116.50000000000001
2024-09-23,112.2,112.79,110.64,111.84,2009114,111.8675,0.96,116.50000000000001
2024-09-24,111.14,111.24,109.81,110.19,3198100,110.595,0.96,114.78125
2024-09-25,110.1,110.65,106.54,108.82,3035000,109.0275,0.96,113.35416666666666
2024-09-26,108.36,109.77,108.1,109.23,2559656,108.865,0.96,113.78125000000001
2024-09-27,109.22,110.3,109.22,109.79,1684000,109.6325,0.96,114.36458333333334
2024-09-30,110.04,110.82,110.04,110.52,1993037,110.355,0.96,115.125
2024-10-01,110.46,110.56,109.43,110.33,1755741,110.195,0.96,114.92708333333334
2024-10-02,110.34,110.51,109.57,110.21,1678960,110.1575,0.96,114.80208333333333
2024-10-03,110.38,110.51,109.75,110.35,2468900,110.2475,0.96,114.94791666666667
2024-10-04,110.55,112.07,110.1,111.98,1490687,111.175,0.96,116.64583333333334
2024-10-07,111.71,112.01,111.37,111.76,1243762,111.7125,0.96,116.41666666666667
2024-10-08,112.32,112.88,111.78,112.62,2085200,112.4,0.96,117.31250000000001
2024-10-09,112.65,114.68,112.29,114.54,1372479,113.54,0.96,119.31250000000001
2024-10-10,114.9,115.14,113.75,113.84,1442327,114.4075,0.96,118.58333333333334
2024-10-11,114.16,114.68,111.93,112.51,1908300,113.32,0.96,117.19791666666667
2024-10-14,112.62,112.62,111.7,111.92,2267700,112.215,0.96,116.58333333333334
2024-10-15,111.42,113.41,111.05,111.98,2050400,111.965,0.96,116.64583333333334
2024-10-16,111.57,113.25,111.55,112.55,1405409,112.23,0.96,117.23958333333333
2024-10-17,111.28,112.29,110.92,111.93,1359353,111.605,0.96,116.59375000000001
2024-10-18,111.89,112.56,111.04,112.41,1369600,111.975,0.96,117.09375
2024-10-21,112.71,113.19,111.85,112.32,1401900,112.5175,0.96,117.0
2024-10-22,112.16,112.76,111.65,112.23,1104400,112.2,0.96,116.90625000000001
2024-10-23,112.37,112.9,111.42,111.92,988846,112.1525,0.96,116.58333333333334
2024-10-24,111.76,112.71,111.49,112.16,1040948,112.03,0.96,116.83333333333333
2024-10-25,111.81,111.99,110.52,110.89,1315200,111.3025,0.96,115.51041666666667
2024-10-28,111.35,111.66,110.3,110.87,1227100,111.045,0.96,115.48958333333334
2024-10-29,110.83,111.68,109.96,110.06,2098900,110.6325,0.96,114.64583333333334
2024-10-30,109.7,109.9,106.98,107.89,2105200,108.6175,0.96,112.38541666666667
2024-10-31,107.66,109.03,107.11,108.52,2877667,108.08,0.96,113.04166666666667
2024-11-01,112.87,119.13,112.87,116.13,3876405,115.25,1.71,67.91228070175438
2024-11-04,117.07,117.07,111.85,111.9,4392713,114.4725,1.71,65.43859649122807
2024-11-05,112.22,114.05,110.63,113.18,1774237,112.52,1.71,66.18713450292398
2024-11-06,116.1,116.54,113.65,115.58,2006723,115.4675,1.71,67.5906432748538
2024-11-07,116.08,119.58,116.0,118.22,2905016,117.47,1.71,69.13450292397661
2024-11-08,118.56,121.79,117.82,120.56,2791186,119.6825,1.71,70.50292397660819
2024-11-11,121.39,123.18,120.73,121.64,2137328,121.735,1.71,71.13450292397661
2024-11-12,121.93,125.41,121.69,123.51,3262300,123.135,1.71,72.2280701754386
2024-11-13,123.43,126.14,122.37,125.33,4785100,124.3175,1.71,73.29239766081871
2024-11-14,124.69,124.73,120.96,121.29,3171764,122.9175,1.71,70.92982456140352
2024-11-15,122.16,122.73,118.69,118.78,2241200,120.59,1.71,69.46198830409357
2024-11-18,118.76,120.4,118.48,120.03,1702400,119.4175,1.71,70.19298245614036
2024-11-19,119.52,120.45,118.19,118.33,2608132,119.1225,1.71,69.19883040935673
2024-11-20,118.36,120.41,118.03,120.34,2023126,119.285,1.71,70.37426900584795
2024-11-21,120.1,123.51,119.4,123.42,2008227,121.6075,1.71,72.17543859649123
2024-11-22,123.4,124.07,121.79,121.84,2264543,122.775,1.71,71.2514619883041
2024-11-25,121.78,122.5,120.6,121.77,3582347,121.6625,1.71,71.21052631578948
2024-11-26,122.9,122.99,120.56,122.44,1684715,122.2225,1.71,71.60233918128655
2024-11-27,122.01,123.49,121.52,122.63,1041513,122.4125,1.71,71.71345029239765
2024-11-29,122.82,123.63,122.0,122.24,878200,122.6725,1.71,71.48538011695906
2024-12-02,122.9,123.17,121.64,122.47,2391600,122.545,1.71,71.61988304093568
2024-12-03,123.18,123.7,122.15,123.27,1451030,123.075,1.71,72.08771929824562
2024-12-04,123.7,126.23,123.31,125.24,1641233,124.62,1.71,73.23976608187134
2024-12-05,124.6,125.24,121.15,122.84,2585195,123.4575,1.71,71.83625730994153
2024-12-06,123.39,123.87,122.18,122.76,1583924,123.05,1.71,71.78947368421053
2024-12-09,122.77,123.64,119.73,121.58,2087100,121.93,1.71,71.09941520467837
2024-12-10,121.58,121.58,119.42,120.42,1307013,120.75,1.71,70.42105263157895
2024-12-11,120.96,121.06,116.74,117.42,2013200,119.045,1.71,68.66666666666667
2024-12-12,117.88,119.27,117.32,117.46,2998600,117.9825,1.71,68.69005847953215
2024-12-13,118.81,118.91,117.07,118.1,1413636,118.2225,1.71,69.06432748538012
2024-12-16,118.13,118.78,116.27,116.55,1939728,117.4325,1.71,68.15789473684211
2024-12-17,115.87,116.57,114.6,115.82,1874846,115.715,1.71,67.73099415204678
2024-12-18,116.12,117.29,115.18,115.91,2203664,116.125,1.71,67.78362573099415
2024-12-19,115.72,117.64,115.0,117.0,2597300,116.34,1.71,68.42105263157895
2024-12-20,117.01,118.86,116.03,118.28,9313100,117.545,1.71,69.16959064327486
2024-12-23,118.28,118.78,116.69,118.35,1514200,118.025,1.71,69.21052631578947
2024-12-24,117.88,119.35,117.82,118.83,623500,118.47,1.71,69.49122807017544
2024-12-26,118.86,119.59,118.63,119.2,904221,119.07,1.71,69.70760233918129
2024-12-27,118.73,119.55,118.35,119.14,1215409,118.9425,1.71,69.67251461988305
2024-12-30,118.3,118.64,117.53,117.92,1121850,118.0975,1.71,68.95906432748538
2024-12-31,118.11,119.31,117.76,118.27,1199900,118.3625,1.71,69.16374269005848
2025-01-02,118.29,119.14,117.53,118.02,1478500,118.245,1.71,69.01754385964912
2025-01-03,118.84,120.32,118.44,119.3,1717500,119.225,1.71,69.76608187134502
2025-01-06,121.41,121.95,119.0,119.63,2777700,120.4975,1.71,69.95906432748538
2025-01-07,120.67,122.0,119.11,121.4,3394632,120.795,1.71,70.99415204678363
2025-01-08,122.65,122.83,120.88,122.53,2262076,122.2225,1.71,71.65497076023392
2025-01-10,121.82,122.75,121.11,121.57,1974300,121.8125,1.71,71.09356725146199
2025-01-13,121.08,121.27,119.25,120.86,1644343,120.615,1.71,70.67836257309942
2025-01-14,120.87,124.31,119.92,124.03,2375868,122.2825,1.71,72.53216374269006
2025-01-15,124.39,124.78,122.49,124.71,2144142,124.0925,1.71,72.9298245614035
2025-01-16,124.7,127.08,124.37,127.03,1927224,125.795,1.71,74.28654970760235
2025-01-17,127.2,127.27,125.17,126.27,1717600,126.4775,1.71,73.84210526315789
2025-01-21,126.96,127.89,126.51,127.83,1589000,127.2975,1.71,74.75438596491229
2025-01-22,127.85,129.36,126.41,128.75,1627114,128.0925,1.71,75.29239766081872
2025-01-23,129.42,129.68,127.31,129.3,1531418,128.9275,1.71,75.6140350877193
2025-01-24,129.47,129.47,128.53,128.83,1595300,129.075,1.71,75.33918128654972
2025-01-27,129.38,131.0,128.87,130.73,2191226,129.995,1.71,76.45029239766082
2025-01-28,130.84,131.29,127.5,127.73,2024586,129.34,1.71,74.69590643274854
2025-01-29,128.5,128.53,126.95,127.76,3901217,127.935,1.71,74.71345029239767
2025-01-30,127.16,132.84,125.0,128.26,3837172,128.315,1.65,77.73333333333333
2025-01-31,126.8,127.98,122.86,123.66,6025930,125.325,1.65,74.94545454545455
2025-02-03,123.92,126.47,123.0,125.33,3039828,124.68,1.65,75.95757575757575
2025-02-04,123.57,127.47,123.57,125.17,2588600,124.945,1.65,75.86060606060606
2025-02-05,127.02,128.56,126.33,127.45,2358719,127.34,1.65,77.24242424242425
2025-02-06,126.73,127.19,125.74,127.05,2455042,126.6775,1.65,77.0
2025-02-07,126.78,128.45,126.62,127.37,1797505,127.305,1.65,77.1939393939394
2025-02-10,127.35,127.79,126.19,127.2,1870539,127.1325,1.65,77.0909090909091
2025-02-11,127.31,128.81,126.96,128.39,2357216,127.8675,1.65,77.81212121212121
2025-02-12,128.35,130.53,127.03,127.06,2771646,128.2425,1.65,77.00606060606061
2025-02-13,127.61,128.51,125.27,126.78,2390528,127.0425,1.65,76.83636363636364
2025-02-14,127.0,127.9,126.16,126.21,1620345,126.8175,1.65,76.49090909090908
2025-02-18,125.8,126.52,123.94,126.25,1973434,125.6275,1.65,76.51515151515152
2025-02-19,125.78,127.14,125.62,126.75,2290727,126.3225,1.65,76.81818181818183
2025-02-20,126.19,127.62,126.01,127.38,2057600,126.8,1.65,77.2
2025-02-21,126.91,127.97,126.5,127.06,2354600,127.11,1.65,77.00606060606061
2025-02-24,126.59,128.63,126.08,127.55,2007325,127.2125,1.65,77.30303030303031
2025-02-25,127.85,128.27,126.13,127.81,2775200,127.515,1.65,77.46060606060607
2025-02-26,127.53,128.93,127.14,127.18,2921400,127.695,1.65,77.07878787878789
2025-02-27,127.58,128.67,127.08,127.47,1710006,127.7,1.65,77.25454545454546
2025-02-28,127.88,129.76,126.98,129.48,3852152,128.525,1.65,78.47272727272727
2025-03-03,129.34,131.47,128.6,129.18,2760500,129.6475,1.65,78.2909090909091
2025-03-04,129.26,129.82,126.17,126.31,2545120,127.89,1.65,76.55151515151516
2025-03-05,126.0,128.62,125.75,127.42,2373147,126.9475,1.65,77.22424242424243
2025-03-06,126.76,127.76,125.66,127.01,3649132,126.7975,1.65,76.97575757575758
2025-03-07,126.19,128.18,125.47,126.5,2615115,126.585,1.65,76.66666666666667
2025-03-10,125.7,128.18,122.26,123.93,4447149,125.0175,1.65,75.10909090909092
2025-03-11,123.62,125.59,122.86,124.17,2582200,124.06,1.65,75.25454545454546
2025-03-12,124.58,127.83,124.17,126.83,2761825,125.8525,1.65,76.86666666666667
2025-03-13,127.1,127.38,125.35,126.27,1664622,126.525,1.65,76.52727272727273
2025-03-14,126.28,128.37,125.14,128.0,1863250,126.9475,1.65,77.57575757575758
2025-03-17,127.59,130.06,127.59,130.03,1834744,128.8175,1.65,78.80606060606061
2025-03-18,130.0,131.84,129.49,131.46,1529618,130.6975,1.65,79.67272727272729
2025-03-19,131.46,132.48,130.46,132.12,1364400,131.63,1.65,80.07272727272728
2025-03-20,132.15,133.11,131.41,133.08,1788680,132.4375,1.65,80.65454545454547
2025-03-21,133.21,133.67,131.42,131.89,5709855,132.5475,1.65,79.93333333333332
2025-03-24,132.87,133.56,131.67,133.21,2153367,132.8275,1.65,80.73333333333335
2025-03-25,133.55,133.68,131.69,132.75,2122600,132.9175,1.65,80.45454545454545
2025-03-26,133.23,134.76,132.87,133.98,1232100,133.71,1.65,81.2
2025-03-27,134.81,137.06,133.65,136.65,2751457,135.5425,1.65,82.81818181818183
2025-03-28,136.93,137.18,135.93,136.44,1873300,136.62,1.65,82.69090909090909
2025-03-31,136.34,138.62,136.01,137.77,2472700,137.185,1.65,83.49696969696971
2025-04-01,137.56,137.91,136.18,137.13,2358131,137.195,1.65,83.10909090909091
2025-04-02,136.78,139.15,136.52,138.67,1399537,137.78,1.65,84.04242424242425
2025-04-03,138.63,139.5,135.3,137.09,4062542,137.63,1.65,83.0848484848485
2025-04-04,134.48,136.21,128.77,129.63,3779486,132.2725,1.65,78.56363636363636
2025-04-07,125.38,129.0,120.72,125.68,5505200,125.195,1.65,76.16969696969697
2025-04-08,129.34,130.27,123.65,125.0,4782354,127.065,1.65,75.75757575757576
2025-04-09,123.7,130.79,121.17,130.45,4287350,126.5275,1.65,79.06060606060606
2025-04-10,128.82,130.28,124.73,128.88,3180913,128.1775,1.65,78.10909090909091
2025-04-11,128.61,132.75,128.44,131.77,2168155,130.3925,1.65,79.86060606060607
2025-04-14,132.65,135.0,131.46,134.78,2418029,133.4725,1.65,81.68484848484849
2025-04-15,135.56,135.85,132.8,134.25,2277972,134.615,1.65,81.36363636363637
2025-04-16,134.35,136.33,133.51,134.36,3167923,134.6375,1.65,81.43030303030304
2025-04-17,133.66,136.54,133.64,134.71,2350100,134.6375,1.65,81.64242424242425
2025-04-21,135.52,135.79,129.52,131.17,2826000,133.0,1.65,79.4969696969697
2025-04-22,132.48,134.14,130.52,133.69,1700799,132.7075,1.65,81.02424242424243
2025-04-23,134.1,136.23,133.26,134.43,2196626,134.505,1.65,81.47272727272728
2025-04-24,133.97,136.27,133.48,135.84,1588342,134.89,1.65,82.32727272727273
2025-04-25,135.93,137.79,134.76,137.56,1804081,136.51,1.65,83.36969696969697
2025-04-28,138.0,138.91,136.95,138.24,1766219,138.025,1.65,83.7818181818182
2025-04-29,138.24,140.5,137.35,139.84,2103200,138.9825,1.65,84.75151515151516
2025-04-30,140.08,141.73,138.59,141.29,3469180,140.4225,1.65,85.63030303030303
2025-05-01,140.01,147.27,136.71,145.53,4035731,142.38,2.11,68.97156398104266
2025-05-02,147.28,150.12,146.35,149.53,3365998,148.32,2.11,70.86729857819905
2025-05-05,150.69,152.98,150.21,151.99,3160059,151.4675,2.11,72.03317535545024
2025-05-06,151.26,152.67,150.67,151.69,2265600,151.5725,2.11,71.89099526066352
2025-05-07,151.81,153.74,151.53,153.48,2309938,152.64,2.11,72.739336492891
2025-05-08,153.87,154.07,146.63,147.27,4363967,150.46,2.11,69.7962085308057
2025-05-09,147.86,149.74,147.18,148.22,3241400,148.25,2.11,70.24644549763033
2025-05-12,148.4,148.92,142.94,148.62,3997803,147.22,2.11,70.43601895734598
2025-05-13,148.16,149.21,147.45,148.26,2293130,148.27,2.11,70.26540284360189
2025-05-14,148.87,149.52,147.74,148.41,1978939,148.635,2.11,70.33649289099526
2025-05-15,148.92,151.96,148.0,151.95,1948115,150.2075,2.11,72.01421800947867
2025-05-16,151.88,154.32,151.25,154.25,2804931,152.925,2.11,73.10426540284361
2025-05-19,154.13,155.07,153.26,153.86,1566131,154.08,2.11,72.91943127962087
