Date,Open,High,Low,Close,Volume,VWAP,EPS,PE
1983-08-26,0.20811,0.20811,0.20811,0.20811,15754089,0.20811,,
1983-08-29,0.19944,0.19944,0.19944,0.19944,3598298,0.19944,,
1983-08-30,0.19944,0.19944,0.19944,0.19944,3096613,0.19944,,
1983-08-31,0.19944,0.19944,0.19944,0.19944,738113,0.19944,,
1983-09-01,0.1951,0.1951,0.1951,0.1951,1176367,0.1951,,
1983-09-02,0.1951,0.1951,0.1951,0.1951,674681,0.1951,,
1983-09-06,0.1951,0.1951,0.1951,0.1951,651615,0.1951,,
1983-09-07,0.1951,0.1951,0.1951,0.1951,1037971,0.1951,,
1983-09-08,0.19944,0.19944,0.19944,0.19944,697747,0.19944,,
1983-09-09,0.20377,0.20377,0.20377,0.20377,1066803,0.20377,,
1983-09-12,0.20377,0.20377,0.20377,0.20377,657381,0.20377,,
1983-09-13,0.19944,0.19944,0.19944,0.19944,317158,0.19944,,
1983-09-14,0.1951,0.1951,0.1951,0.1951,271026,0.1951,,
1983-09-15,0.1951,0.1951,0.1951,0.1951,282559,0.1951,,
1983-09-16,0.1951,0.1951,0.1951,0.1951,167229,0.1951,,
1983-09-19,0.1951,0.1951,0.1951,0.1951,149929,0.1951,,
1983-09-20,0.20811,0.20811,0.20811,0.20811,1124468,0.20811,,
1983-09-21,0.20811,0.20811,0.20811,0.20811,334457,0.20811,,
1983-09-22,0.20811,0.20811,0.20811,0.20811,420955,0.20811,,
1983-09-23,0.20811,0.20811,0.20811,0.20811,818844,0.20811,,
1983-09-26,0.21244,0.21244,0.21244,0.21244,149929,0.21244,,
1983-09-27,0.21244,0.21244,0.21244,0.21244,144163,0.21244,,
1983-09-28,0.21244,0.21244,0.21244,0.21244,126863,0.21244,,
1983-09-29,0.21244,0.21244,0.21244,0.21244,86498,0.21244,,
1983-09-30,0.21244,0.21244,0.21244,0.21244,957240,0.21244,,
1983-10-03,0.21244,0.21244,0.21244,0.21244,92264,0.21244,,
1983-10-04,0.21244,0.21244,0.21244,0.21244,74965,0.21244,,
1983-10-05,0.21244,0.21244,0.21244,0.21244,190295,0.21244,,
1983-10-06,0.23846,0.23846,0.23846,0.23846,593950,0.23846,,
1983-10-07,0.23412,0.23412,0.23412,0.23412,392122,0.23412,,
1983-10-10,0.23412,0.23412,0.23412,0.23412,126863,0.23412,,
1983-10-11,0.24279,0.24279,0.24279,0.24279,2150906,0.24279,,
1983-10-12,0.23846,0.23846,0.23846,0.23846,853443,0.23846,,
1983-10-13,0.23846,0.23846,0.23846,0.23846,2600693,0.23846,,
1983-10-14,0.23846,0.23846,0.23846,0.23846,69198,0.23846,,
1983-10-17,0.23846,0.23846,0.23846,0.23846,28833,0.23846,,
1983-10-18,0.23412,0.23412,0.23412,0.23412,253726,0.23412,,
1983-10-19,0.21678,0.21678,0.21678,0.21678,317158,0.21678,,
1983-10-20,0.22112,0.22112,0.22112,0.22112,397889,0.22112,,
1983-10-21,0.22979,0.22979,0.22979,0.22979,536285,0.22979,,
1983-10-24,0.22979,0.22979,0.22979,0.22979,196061,0.22979,,
1983-10-25,0.22979,0.22979,0.22979,0.22979,155696,0.22979,,
1983-10-26,0.23412,0.23412,0.23412,0.23412,184528,0.23412,,
1983-10-27,0.23412,0.23412,0.23412,0.23412,138396,0.23412,,
1983-10-28,0.23412,0.23412,0.23412,0.23412,115330,0.23412,,
1983-10-31,0.22979,0.22979,0.22979,0.22979,74965,0.22979,,
1983-11-01,0.22979,0.22979,0.22979,0.22979,80731,0.22979,,
1983-11-02,0.23412,0.23412,0.23412,0.23412,697747,0.23412,,
1983-11-03,0.23412,0.23412,0.23412,0.23412,80731,0.23412,,
1983-11-04,0.23412,0.23412,0.23412,0.23412,57665,0.23412,,
1983-11-07,0.23412,0.23412,0.23412,0.23412,420955,0.23412,,
1983-11-08,0.22979,0.22979,0.22979,0.22979,334457,0.22979,,
1983-11-09,0.22979,0.22979,0.22979,0.22979,34599,0.22979,,
1983-11-10,0.22979,0.22979,0.22979,0.22979,34599,0.22979,,
1983-11-11,0.22979,0.22979,0.22979,0.22979,98031,0.22979,,
1983-11-14,0.22979,0.22979,0.22979,0.22979,57665,0.22979,,
1983-11-15,0.22979,0.22979,0.22979,0.22979,51899,0.22979,,
1983-11-16,0.22112,0.22112,0.22112,0.22112,92264,0.22112,,
1983-11-17,0.22112,0.22112,0.22112,0.22112,276792,0.22112,,
1983-11-18,0.22112,0.22112,0.22112,0.22112,219127,0.22112,,
1983-11-21,0.21678,0.21678,0.21678,0.21678,403655,0.21678,,
1983-11-22,0.21244,0.21244,0.21244,0.21244,190295,0.21244,,
1983-11-23,0.21244,0.21244,0.21244,0.21244,138396,0.21244,,
1983-11-25,0.20377,0.20377,0.20377,0.20377,720813,0.20377,,
1983-11-28,0.19944,0.19944,0.19944,0.19944,726579,0.19944,,
1983-11-29,0.20377,0.20377,0.20377,0.20377,490153,0.20377,,
1983-11-30,0.20377,0.20377,0.20377,0.20377,357523,0.20377,,
1983-12-01,0.20811,0.20811,0.20811,0.20811,374823,0.20811,,
1983-12-02,0.20377,0.20377,0.20377,0.20377,1285930,0.20377,,
1983-12-05,0.20811,0.20811,0.20811,0.20811,5767,0.20811,,
1983-12-06,0.20377,0.20377,0.20377,0.20377,282559,0.20377,,
1983-12-07,0.20377,0.20377,0.20377,0.20377,63432,0.20377,,
1983-12-08,0.20376,0.20376,0.20376,0.20376,0,0.20376,,
1983-12-09,0.20377,0.20377,0.20377,0.20377,34599,0.20377,,
1983-12-12,0.20377,0.20377,0.20377,0.20377,132630,0.20377,,
1983-12-13,0.19944,0.19944,0.19944,0.19944,207594,0.19944,,
1983-12-14,0.19944,0.19944,0.19944,0.19944,132630,0.19944,,
1983-12-15,0.19944,0.19944,0.19944,0.19944,5767,0.19944,,
1983-12-16,0.19944,0.19944,0.19944,0.19944,201828,0.19944,,
1983-12-19,0.1951,0.1951,0.1951,0.1951,28833,0.1951,,
1983-12-20,0.1951,0.1951,0.1951,0.1951,294092,0.1951,,
1983-12-21,0.19944,0.19944,0.19944,0.19944,432488,0.19944,,
1983-12-22,0.21244,0.21244,0.21244,0.21244,1891413,0.21244,,
1983-12-23,0.21244,0.21244,0.21244,0.21244,322924,0.21244,,
1983-12-27,0.21244,0.21244,0.21244,0.21244,1395494,0.21244,,
1983-12-28,0.21244,0.21244,0.21244,0.21244,86498,0.21244,,
1983-12-29,0.21244,0.21244,0.21244,0.21244,126863,0.21244,,
1983-12-30,0.20811,0.20811,0.20811,0.20811,317158,0.20811,,
1984-01-03,0.20377,0.20377,0.20377,0.20377,386356,0.20377,,
1984-01-04,0.20377,0.20377,0.20377,0.20377,645848,0.20377,,
1984-01-05,0.20377,0.20377,0.20377,0.20377,2646825,0.20377,,
1984-01-06,0.21244,0.21244,0.21244,0.21244,432488,0.21244,,
1984-01-09,0.20811,0.20811,0.20811,0.20811,611249,0.20811,,
1984-01-10,0.20811,0.20811,0.20811,0.20811,213361,0.20811,,
1984-01-11,0.20377,0.20377,0.20377,0.20377,1833748,0.20377,,
1984-01-12,0.19944,0.19944,0.19944,0.19944,311391,0.19944,,
1984-01-13,0.19944,0.19944,0.19944,0.19944,98031,0.19944,,
1984-01-16,0.19944,0.19944,0.19944,0.19944,74965,0.19944,,
1984-01-17,0.20377,0.20377,0.20377,0.20377,1920246,0.20377,,
1984-01-18,0.20377,0.20377,0.20377,0.20377,2421932,0.20377,,
1984-01-19,0.19944,0.19944,0.19944,0.19944,115330,0.19944,,
1984-01-20,0.19944,0.19944,0.19944,0.19944,63432,0.19944,,
1984-01-23,0.19944,0.19944,0.19944,0.19944,1147534,0.19944,,
1984-01-24,0.19944,0.19944,0.19944,0.19944,5767,0.19944,,
1984-01-25,0.19944,0.19944,0.19944,0.19944,74965,0.19944,,
1984-01-26,0.1951,0.1951,0.1951,0.1951,247960,0.1951,,
1984-01-27,0.18643,0.18643,0.18643,0.18643,138396,0.18643,,
1984-01-30,0.18643,0.18643,0.18643,0.18643,74965,0.18643,,
1984-01-31,0.18643,0.18643,0.18643,0.18643,46132,0.18643,,
1984-02-01,0.18643,0.18643,0.18643,0.18643,172995,0.18643,,
1984-02-02,0.18643,0.18643,0.18643,0.18643,103797,0.18643,,
1984-02-03,0.17776,0.17776,0.17776,0.17776,253726,0.17776,,
1984-02-06,0.17342,0.17342,0.17342,0.17342,997605,0.17342,,
1984-02-07,0.17342,0.17342,0.17342,0.17342,657381,0.17342,,
1984-02-08,0.15608,0.15608,0.15608,0.15608,732346,0.15608,,
1984-02-09,0.14741,0.14741,0.14741,0.14741,1020671,0.14741,,
1984-02-10,0.15608,0.15608,0.15608,0.15608,271026,0.15608,,
1984-02-13,0.14741,0.14741,0.14741,0.14741,224894,0.14741,,
1984-02-14,0.15175,0.15175,0.15175,0.15175,144163,0.15175,,
1984-02-15,0.14741,0.14741,0.14741,0.14741,69198,0.14741,,
1984-02-16,0.14308,0.14308,0.14308,0.14308,161462,0.14308,,
1984-02-17,0.14308,0.14308,0.14308,0.14308,703513,0.14308,,
1984-02-21,0.14308,0.14308,0.14308,0.14308,51899,0.14308,,
1984-02-22,0.14308,0.14308,0.14308,0.14308,51899,0.14308,,
1984-02-23,0.14308,0.14308,0.14308,0.14308,23066,0.14308,,
1984-02-24,0.1344,0.1344,0.1344,0.1344,813077,0.1344,,
1984-02-27,0.1344,0.1344,0.1344,0.1344,40366,0.1344,,
1984-02-28,0.1344,0.1344,0.1344,0.1344,380589,0.1344,,
1984-02-29,0.1344,0.1344,0.1344,0.1344,34599,0.1344,,
1984-03-01,0.15608,0.15608,0.15608,0.15608,732346,0.15608,,
1984-03-02,0.16042,0.16042,0.16042,0.16042,374823,0.16042,,
1984-03-05,0.15175,0.15175,0.15175,0.15175,645848,0.15175,,
1984-03-06,0.15175,0.15175,0.15175,0.15175,103797,0.15175,,
1984-03-07,0.14741,0.14741,0.14741,0.14741,196061,0.14741,,
1984-03-08,0.13874,0.13874,0.13874,0.13874,184528,0.13874,,
1984-03-09,0.14308,0.14308,0.14308,0.14308,2306602,0.14308,,
1984-03-12,0.14308,0.14308,0.14308,0.14308,28833,0.14308,,
1984-03-13,0.13874,0.13874,0.13874,0.13874,311391,0.13874,,
1984-03-14,0.13874,0.13874,0.13874,0.13874,2583394,0.13874,,
1984-03-15,0.14308,0.14308,0.14308,0.14308,1262864,0.14308,,
1984-03-16,0.14741,0.14741,0.14741,0.14741,980306,0.14741,,
1984-03-19,0.14741,0.14741,0.14741,0.14741,565117,0.14741,,
1984-03-20,0.14741,0.14741,0.14741,0.14741,3165811,0.14741,,
1984-03-21,0.14741,0.14741,0.14741,0.14741,351757,0.14741,,
1984-03-22,0.14741,0.14741,0.14741,0.14741,3131212,0.14741,,
1984-03-23,0.14308,0.14308,0.14308,0.14308,172995,0.14308,,
1984-03-26,0.14308,0.14308,0.14308,0.14308,149929,0.14308,,
1984-03-27,0.14308,0.14308,0.14308,0.14308,6475784,0.14308,,
1984-03-28,0.14308,0.14308,0.14308,0.14308,57665,0.14308,,
1984-03-29,0.14741,0.14741,0.14741,0.14741,490153,0.14741,,
1984-03-30,0.15608,0.15608,0.15608,0.15608,761179,0.15608,,
1984-04-02,0.15608,0.15608,0.15608,0.15608,795778,0.15608,,
1984-04-03,0.16042,0.16042,0.16042,0.16042,1712652,0.16042,,
1984-04-04,0.16042,0.16042,0.16042,0.16042,749646,0.16042,,
1984-04-05,0.16042,0.16042,0.16042,0.16042,207594,0.16042,,
1984-04-06,0.15608,0.15608,0.15608,0.15608,224894,0.15608,,
1984-04-09,0.15608,0.15608,0.15608,0.15608,201828,0.15608,,
1984-04-10,0.15608,0.15608,0.15608,0.15608,115330,0.15608,,
1984-04-11,0.15175,0.15175,0.15175,0.15175,501686,0.15175,,
1984-04-12,0.15608,0.15608,0.15608,0.15608,57665,0.15608,,
1984-04-13,0.15608,0.15608,0.15608,0.15608,645848,0.15608,,
1984-04-16,0.15175,0.15175,0.15175,0.15175,1055270,0.15175,,
1984-04-17,0.15608,0.15608,0.15608,0.15608,1320529,0.15608,,
1984-04-18,0.15608,0.15608,0.15608,0.15608,271026,0.15608,,
1984-04-19,0.15175,0.15175,0.15175,0.15175,80731,0.15175,,
1984-04-23,0.15175,0.15175,0.15175,0.15175,11533,0.15175,,
1984-04-24,0.15175,0.15175,0.15175,0.15175,5767,0.15175,,
1984-04-25,0.15175,0.15175,0.15175,0.15175,69198,0.15175,,
1984-04-26,0.15175,0.15175,0.15175,0.15175,28833,0.15175,,
1984-04-27,0.14741,0.14741,0.14741,0.14741,11533,0.14741,,
1984-04-30,0.14741,0.14741,0.14741,0.14741,299858,0.14741,,
1984-05-01,0.14741,0.14741,0.14741,0.14741,28833,0.14741,,
1984-05-02,0.14741,0.14741,0.14741,0.14741,259493,0.14741,,
1984-05-03,0.15175,0.15175,0.15175,0.15175,357523,0.15175,,
1984-05-04,0.15608,0.15608,0.15608,0.15608,1049504,0.15608,,
1984-05-07,0.16042,0.16042,0.16042,0.16042,2675658,0.16042,,
1984-05-08,0.16909,0.16909,0.16909,0.16909,1234032,0.16909,,
1984-05-09,0.16909,0.16909,0.16909,0.16909,680447,0.16909,,
1984-05-10,0.16909,0.16909,0.16909,0.16909,444021,0.16909,,
1984-05-11,0.16909,0.16909,0.16909,0.16909,138396,0.16909,,
1984-05-14,0.16909,0.16909,0.16909,0.16909,1205199,0.16909,,
1984-05-15,0.16909,0.16909,0.16909,0.16909,876509,0.16909,,
1984-05-16,0.16909,0.16909,0.16909,0.16909,236427,0.16909,,
1984-05-17,0.16909,0.16909,0.16909,0.16909,467087,0.16909,,
1984-05-18,0.16909,0.16909,0.16909,0.16909,294092,0.16909,,
1984-05-21,0.16909,0.16909,0.16909,0.16909,438254,0.16909,,
1984-05-22,0.16909,0.16909,0.16909,0.16909,576650,0.16909,,
1984-05-23,0.16909,0.16909,0.16909,0.16909,305625,0.16909,,
1984-05-24,0.16909,0.16909,0.16909,0.16909,749646,0.16909,,
1984-05-25,0.16909,0.16909,0.16909,0.16909,17300,0.16909,,
1984-05-29,0.16909,0.16909,0.16909,0.16909,80731,0.16909,,
1984-05-30,0.16909,0.16909,0.16909,0.16909,224894,0.16909,,
1984-05-31,0.16909,0.16909,0.16909,0.16909,144163,0.16909,,
1984-06-01,0.16909,0.16909,0.16909,0.16909,963006,0.16909,,
1984-06-04,0.17342,0.17342,0.17342,0.17342,28833,0.17342,,
1984-06-05,0.17342,0.17342,0.17342,0.17342,92264,0.17342,,
1984-06-06,0.17342,0.17342,0.17342,0.17342,0,0.17342,,
1984-06-07,0.17342,0.17342,0.17342,0.17342,11533,0.17342,,
1984-06-08,0.17342,0.18209,0.17342,0.17342,5767,0.17558,,
1984-06-11,0.17342,0.17342,0.17342,0.17342,11533,0.17342,,
1984-06-12,0.17342,0.17342,0.17342,0.17342,990037,0.17342,,
1984-06-13,0.17342,0.17342,0.17342,0.17342,63432,0.17342,,
1984-06-14,0.17342,0.17342,0.17342,0.17342,5767,0.17342,,
1984-06-15,0.17342,0.17342,0.17342,0.17342,1510824,0.17342,,
1984-06-18,0.16909,0.16909,0.16909,0.16909,178762,0.16909,,
1984-06-19,0.16909,0.16909,0.16909,0.16909,5767,0.16909,,
1984-06-20,0.16909,0.16909,0.16909,0.16909,74965,0.16909,,
1984-06-21,0.16909,0.16909,0.16909,0.16909,628549,0.16909,,
1984-06-22,0.16909,0.16909,0.16909,0.16909,2093241,0.16909,,
1984-06-25,0.16909,0.16909,0.16909,0.16909,23066,0.16909,,
1984-06-26,0.16909,0.16909,0.16909,0.16909,657381,0.16909,,
1984-06-27,0.16475,0.16475,0.16475,0.16475,34599,0.16475,,
1984-06-28,0.16475,0.16475,0.16475,0.16475,126863,0.16475,,
1984-06-29,0.16475,0.16475,0.16475,0.16475,328691,0.16475,,
1984-07-02,0.16475,0.16475,0.16475,0.16475,17300,0.16475,,
1984-07-03,0.16475,0.16475,0.16475,0.16475,34599,0.16475,,
1984-07-05,0.16475,0.16475,0.16475,0.16475,1974307,0.16475,,
1984-07-06,0.16475,0.16475,0.16475,0.16475,1107169,0.16475,,
1984-07-09,0.16475,0.16475,0.16475,0.16475,109564,0.16475,,
1984-07-10,0.16475,0.16475,0.16475,0.16475,28833,0.16475,,
1984-07-11,0.16475,0.16475,0.16475,0.16475,57665,0.16475,,
1984-07-12,0.16475,0.16475,0.16475,0.16475,11533,0.16475,,
1984-07-13,0.16475,0.16475,0.16475,0.16475,92264,0.16475,,
1984-07-16,0.16475,0.16475,0.16475,0.16475,17300,0.16475,,
1984-07-17,0.16475,0.16475,0.16475,0.16475,1159067,0.16475,,
1984-07-18,0.16475,0.16475,0.16475,0.16475,640082,0.16475,,
1984-07-19,0.16475,0.16475,0.16475,0.16475,3942847,0.16475,,
1984-07-20,0.16475,0.16475,0.16475,0.16475,276792,0.16475,,
1984-07-23,0.16475,0.16475,0.16475,0.16475,86498,0.16475,,
1984-07-24,0.16042,0.16042,0.16042,0.16042,645848,0.16042,,
1984-07-25,0.16042,0.16042,0.16042,0.16042,28833,0.16042,,
1984-07-26,0.16042,0.16042,0.16042,0.16042,242193,0.16042,,
1984-07-27,0.16042,0.16042,0.16042,0.16042,380589,0.16042,,
1984-07-30,0.16042,0.16042,0.16042,0.16042,864976,0.16042,,
1984-07-31,0.16042,0.16042,0.16042,0.16042,294092,0.16042,,
1984-08-01,0.16042,0.16042,0.16042,0.16042,328691,0.16042,,
1984-08-02,0.16042,0.16042,0.16042,0.16042,57665,0.16042,,
1984-08-03,0.16042,0.16042,0.16042,0.16042,490153,0.16042,,
1984-08-06,0.16042,0.16042,0.16042,0.16042,2716023,0.16042,,
1984-08-07,0.16042,0.16042,0.16042,0.16042,1159067,0.16042,,
1984-08-08,0.16042,0.16042,0.16042,0.16042,69198,0.16042,,
1984-08-09,0.16475,0.16475,0.16475,0.16475,1187900,0.16475,,
1984-08-10,0.16475,0.16475,0.16475,0.16475,2364267,0.16475,,
1984-08-13,0.16475,0.16475,0.16475,0.16475,1078336,0.16475,,
1984-08-14,0.17342,0.17342,0.17342,0.17342,115330,0.17342,,
1984-08-15,0.17342,0.17342,0.16475,0.16909,455554,0.17017,,
1984-08-16,0.16909,0.17342,0.16475,0.17342,17300,0.17017,,
1984-08-17,0.16475,0.16475,0.16475,0.16475,178762,0.16475,,
1984-08-20,0.16475,0.16475,0.15608,0.16475,126863,0.16258,,
1984-08-21,0.16475,0.16475,0.15608,0.15608,34599,0.16042,,
1984-08-22,0.15608,0.15608,0.15608,0.15608,80731,0.15608,,
1984-08-23,0.15175,0.15175,0.15175,0.15175,57665,0.15175,,
1984-08-24,0.15175,0.16042,0.15175,0.16042,2491130,0.15609,,
1984-08-27,0.16042,0.16042,0.15175,0.16042,351757,0.15825,,
1984-08-28,0.15175,0.15175,0.15175,0.15175,5767,0.15175,,
1984-08-29,0.15175,0.16042,0.15175,0.16042,40366,0.15609,,
1984-08-30,0.16042,0.16042,0.16042,0.16042,11533,0.16042,,
1984-08-31,0.16042,0.16042,0.15175,0.16042,132630,0.15825,,
1984-09-04,0.16042,0.16475,0.15608,0.16475,645848,0.1615,,
1984-09-05,0.16475,0.16909,0.16042,0.16909,1562723,0.16584,,
1984-09-06,0.16909,0.16909,0.16042,0.16042,1499291,0.16476,,
1984-09-07,0.16475,0.16909,0.16475,0.16475,461320,0.16584,,
1984-09-10,0.16475,0.16909,0.16475,0.16475,57665,0.16584,,
1984-09-11,0.16475,0.16909,0.16475,0.16909,1112935,0.16692,,
1984-09-12,0.16909,0.16909,0.16909,0.16909,184528,0.16909,,
1984-09-13,0.16909,0.16909,0.16475,0.16909,190295,0.16801,,
1984-09-14,0.16909,0.16909,0.16475,0.16475,2197038,0.16692,,
1984-09-17,0.16475,0.16909,0.16475,0.16475,132630,0.16584,,
1984-09-18,0.16475,0.16909,0.15825,0.16475,565117,0.16421,,
1984-09-19,0.16475,0.16909,0.16475,0.16475,766945,0.16584,,
1984-09-20,0.16475,0.16909,0.16042,0.16909,92264,0.16584,,
1984-09-21,0.16475,0.16475,0.16042,0.16475,311391,0.16367,,
1984-09-24,0.16475,0.16475,0.16042,0.16042,991839,0.16259,,
1984-09-25,0.16042,0.16475,0.15608,0.15608,1095636,0.15933,,
1984-09-26,0.16042,0.16909,0.16042,0.16475,51899,0.16367,,
1984-09-27,0.16475,0.16909,0.16042,0.16042,271026,0.16367,,
1984-09-28,0.16042,0.16475,0.15608,0.16475,190295,0.1615,,
1984-10-01,0.16475,0.16475,0.15608,0.15608,28833,0.16042,,
1984-10-02,0.15608,0.16475,0.15608,0.15608,322924,0.15825,,
1984-10-03,0.15608,0.16475,0.15608,0.15608,69198,0.15825,,
1984-10-04,0.15608,0.16475,0.15608,0.16042,92264,0.15933,,
1984-10-05,0.16042,0.16042,0.15608,0.15608,294092,0.15825,,
1984-10-08,0.15607,0.15607,0.15607,0.15607,7879928,0.15607,,
1984-10-09,0.15608,0.15608,0.15608,0.15608,34599,0.15608,,
1984-10-10,0.15608,0.16475,0.15608,0.15825,236427,0.15879,,
1984-10-11,0.15825,0.16475,0.15608,0.16042,328691,0.15987,,
1984-10-12,0.16042,0.16042,0.15608,0.16042,132630,0.15934,,
1984-10-15,0.16042,0.16259,0.15608,0.16259,524752,0.16042,,
1984-10-16,0.16259,0.16475,0.15608,0.15608,1095636,0.15987,,
1984-10-17,0.15608,0.16475,0.15608,0.15608,17300,0.15825,,
1984-10-18,0.16475,0.16475,0.16475,0.16475,155696,0.16475,,
1984-10-19,0.15608,0.15608,0.15608,0.15608,17300,0.15608,,
1984-10-22,0.15608,0.16475,0.15608,0.15608,23066,0.15825,,
1984-10-23,0.15608,0.16475,0.15608,0.15608,126863,0.15825,,
1984-10-24,0.15608,0.16475,0.15608,0.15608,11533,0.15825,,
1984-10-25,0.15608,0.16475,0.15608,0.15608,57665,0.15825,,
1984-10-26,0.15608,0.16475,0.15175,0.15175,1153301,0.15608,,
1984-10-29,0.15175,0.15608,0.14741,0.15608,259493,0.15283,,
1984-10-30,0.15608,0.15608,0.14741,0.14741,461320,0.15175,,
1984-10-31,0.14741,0.15175,0.13874,0.14741,380589,0.14633,,
1984-11-01,0.14741,0.14741,0.13874,0.13874,495919,0.14308,,
1984-11-02,0.13874,0.14308,0.1344,0.1344,1193666,0.13766,,
1984-11-05,0.1344,0.13874,0.1344,0.1344,236427,0.13549,,
1984-11-06,0.1344,0.14741,0.1344,0.14741,928407,0.14091,,
1984-11-07,0.14524,0.14524,0.13874,0.13874,2018276,0.14199,,
1984-11-08,0.14308,0.14741,0.14308,0.14741,1937545,0.14525,,
1984-11-09,0.14741,0.14741,0.14741,0.14741,242193,0.14741,,
1984-11-12,0.14741,0.14741,0.14308,0.14741,570884,0.14633,,
1984-11-13,0.14741,0.14741,0.14308,0.14741,40366,0.14633,,
1984-11-14,0.14741,0.14741,0.13874,0.14741,6596880,0.14524,,
1984-11-15,0.14308,0.14308,0.14308,0.14308,92264,0.14308,,
1984-11-16,0.14308,0.14741,0.14308,0.14741,386356,0.14525,,
1984-11-19,0.14741,0.14741,0.14308,0.14308,224894,0.14525,,
1984-11-20,0.14308,0.14741,0.14308,0.14308,288325,0.14416,,
1984-11-21,0.14308,0.14741,0.14308,0.14308,138396,0.14416,,
1984-11-23,0.14308,0.14741,0.14308,0.14308,34599,0.14416,,
1984-11-26,0.14308,0.14741,0.14308,0.14741,6083662,0.14525,,
1984-11-27,0.14741,0.14741,0.14308,0.14741,74965,0.14633,,
1984-11-28,0.14741,0.15175,0.14741,0.15175,357523,0.14958,,
1984-11-29,0.15175,0.15175,0.14741,0.14741,617016,0.14958,,
1984-11-30,0.14741,0.15175,0.14741,0.15175,86498,0.14958,,
1984-12-03,0.15175,0.15175,0.14741,0.15175,617016,0.15067,,
1984-12-04,0.15175,0.15175,0.15175,0.15175,17300,0.15175,,
1984-12-05,0.14741,0.14741,0.14741,0.14741,34599,0.14741,,
1984-12-06,0.14741,0.15175,0.14741,0.14741,98031,0.1485,,
1984-12-07,0.14741,0.15175,0.14741,0.14741,230660,0.1485,,
1984-12-10,0.14741,0.14741,0.14741,0.14741,11533,0.14741,,
1984-12-11,0.14741,0.14741,0.14741,0.14741,11533,0.14741,,
1984-12-12,0.14741,0.15175,0.14741,0.14741,196061,0.1485,,
1984-12-13,0.14741,0.15175,0.14741,0.15175,282559,0.14958,,
1984-12-14,0.14741,0.14741,0.14741,0.14741,126863,0.14741,,
1984-12-17,0.14741,0.15175,0.14308,0.14308,2439231,0.14633,,
1984-12-18,0.14308,0.15175,0.14308,0.15175,3679029,0.14742,,
1984-12-19,0.15175,0.15391,0.14741,0.15175,1631921,0.15121,,
1984-12-20,0.15175,0.15175,0.15175,0.15175,69198,0.15175,,
1984-12-21,0.15175,0.16259,0.15175,0.16259,5587742,0.15717,,
1984-12-24,0.16259,0.16475,0.15608,0.15825,155696,0.16042,,
1984-12-26,0.15825,0.16259,0.15608,0.16259,484386,0.15988,,
1984-12-27,0.16042,0.16042,0.15608,0.15825,1366661,0.15879,,
1984-12-28,0.15825,0.16042,0.15608,0.15608,8684355,0.15771,,
1984-12-31,0.15608,0.16259,0.15608,0.16259,559351,0.15934,,
1985-01-02,0.16042,0.16042,0.15608,0.15608,1078336,0.15825,,
1985-01-03,0.15608,0.16042,0.15608,0.15825,547818,0.15771,,
1985-01-04,0.15608,0.15608,0.15608,0.15608,230660,0.15608,,
1985-01-07,0.15608,0.16042,0.15608,0.16042,576650,0.15825,,
1985-01-08,0.16042,0.16042,0.15608,0.15825,14687285,0.15879,,
1985-01-09,0.15825,0.16042,0.15608,0.16042,144163,0.15879,,
1985-01-10,0.16042,0.16909,0.16042,0.16042,1343595,0.16259,,
1985-01-11,0.16909,0.1821,0.16909,0.17776,3419537,0.17451,,
1985-01-14,0.17776,0.18426,0.17776,0.17776,2612226,0.17939,,
1985-01-15,0.17776,0.18643,0.17776,0.18643,1562723,0.1821,,
1985-01-16,0.18643,0.1951,0.18643,0.1951,2935150,0.19077,,
1985-01-17,0.1951,0.19944,0.19077,0.19944,1112935,0.19619,,
1985-01-18,0.19944,0.19944,0.19077,0.19077,1297463,0.19511,,
1985-01-21,0.19077,0.19944,0.19077,0.19944,403655,0.19511,,
1985-01-22,0.19944,0.20377,0.19077,0.1951,3834725,0.19727,,
1985-01-23,0.1951,0.20377,0.1951,0.1951,184528,0.19727,,
1985-01-24,0.1951,0.20377,0.1951,0.20377,1320529,0.19944,,
1985-01-25,0.20377,0.20377,0.1951,0.1951,1822215,0.19944,,
1985-01-28,0.19944,0.20377,0.19944,0.20377,1193666,0.20161,,
1985-01-29,0.20377,0.20377,0.19944,0.19944,172995,0.20161,,
1985-01-30,0.19944,0.20811,0.19944,0.20811,1810682,0.20378,,
1985-01-31,0.20811,0.21244,0.20811,0.20811,2358500,0.20919,,
1985-02-01,0.20811,0.21244,0.20811,0.20811,322924,0.20919,,
1985-02-04,0.20811,0.21244,0.20811,0.21244,530518,0.21028,,
1985-02-05,0.21244,0.21244,0.20811,0.21244,1337829,0.21136,,
1985-02-06,0.21244,0.21678,0.20811,0.21244,2179738,0.21244,,
1985-02-07,0.21244,0.21678,0.20811,0.21678,628549,0.21353,,
1985-02-08,0.21678,0.21678,0.21244,0.21244,870742,0.21461,,
1985-02-11,0.21244,0.21678,0.21244,0.21678,149929,0.21461,,
1985-02-12,0.21678,0.21678,0.21244,0.21244,317158,0.21461,,
1985-02-13,0.21244,0.21678,0.21244,0.21678,201828,0.21461,,
1985-02-14,0.21678,0.21678,0.21244,0.21244,3361872,0.21461,,
1985-02-15,0.21244,0.21678,0.21244,0.21678,1689586,0.21461,,
1985-02-19,0.21678,0.21678,0.21244,0.21461,3062014,0.21515,,
1985-02-20,0.21461,0.22112,0.21461,0.21678,126863,0.21678,,
1985-02-21,0.21678,0.22112,0.21678,0.21678,6441185,0.21787,,
1985-02-22,0.21678,0.22112,0.21244,0.21244,4555538,0.2157,,
1985-02-25,0.21678,0.22112,0.21678,0.21678,1314763,0.21787,,
1985-02-26,0.21678,0.22112,0.21244,0.22112,3552166,0.21787,,
1985-02-27,0.22112,0.22112,0.21678,0.22112,576650,0.22004,,
1985-02-28,0.22112,0.22112,0.21678,0.22112,2370033,0.22004,,
1985-03-01,0.22112,0.22112,0.21461,0.22112,4480574,0.21949,,
1985-03-04,0.22112,0.22545,0.21678,0.22112,1937545,0.22112,,
1985-03-05,0.22112,0.22979,0.22112,0.22545,4342177,0.22437,,
1985-03-06,0.22545,0.23629,0.22545,0.22979,4399842,0.22925,,
1985-03-07,0.22979,0.23412,0.22545,0.22979,1430093,0.22979,,
1985-03-08,0.22979,0.22979,0.22545,0.22545,2721790,0.22762,,
1985-03-11,0.22545,0.22979,0.22545,0.22545,461320,0.22654,,
1985-03-12,0.22545,0.22979,0.22545,0.22545,236427,0.22654,,
1985-03-13,0.22545,0.22979,0.21678,0.21678,542051,0.2222,,
1985-03-14,0.21678,0.22112,0.21678,0.21678,196061,0.21787,,
1985-03-15,0.21678,0.22112,0.21244,0.21678,4128817,0.21678,,
1985-03-18,0.21678,0.22112,0.21678,0.21895,311391,0.21841,,
1985-03-19,0.21895,0.22112,0.21244,0.21895,536285,0.21787,,
1985-03-20,0.21895,0.22112,0.21244,0.21244,7190830,0.21624,,
1985-03-21,0.21244,0.21678,0.21244,0.21461,219127,0.21407,,
1985-03-22,0.21461,0.21895,0.21028,0.21244,6781409,0.21407,,
1985-03-25,0.21244,0.21678,0.19077,0.19077,3315740,0.20269,,
1985-03-26,0.19077,0.19077,0.1821,0.1821,2808287,0.18644,,
1985-03-27,0.1821,0.19077,0.1821,0.19077,1706885,0.18644,,
1985-03-28,0.19077,0.19077,0.19077,0.19077,132630,0.19077,,
1985-03-29,0.19077,0.1951,0.1821,0.19077,922641,0.18969,,
1985-04-01,0.19077,0.1951,0.19077,0.19077,63432,0.19185,,
1985-04-02,0.19077,0.19944,0.19077,0.19944,178762,0.19511,,
1985-04-03,0.19944,0.20161,0.19293,0.19944,853443,0.19836,,
1985-04-04,0.19944,0.20377,0.19944,0.20377,674681,0.20161,,
1985-04-08,0.20377,0.20811,0.19944,0.20594,640082,0.20432,,
1985-04-09,0.20594,0.20594,0.19944,0.19944,23066,0.20269,,
1985-04-10,0.19944,0.20811,0.19944,0.20811,15148606,0.20378,,
1985-04-11,0.20811,0.20811,0.19944,0.20811,1683819,0.20594,,
1985-04-12,0.20811,0.20811,0.19944,0.20811,98031,0.20594,,
1985-04-15,0.19944,0.19944,0.19944,0.19944,5767,0.19944,,
1985-04-16,0.19944,0.20811,0.19944,0.20377,207594,0.20269,,
1985-04-17,0.20377,0.21244,0.20377,0.21244,2629526,0.20811,,
1985-04-18,0.21244,0.21244,0.20377,0.20377,1326296,0.20811,,
1985-04-19,0.20377,0.20811,0.20377,0.20811,397889,0.20594,,
1985-04-22,0.20811,0.20811,0.20377,0.20377,98031,0.20594,,
1985-04-23,0.20377,0.20811,0.20377,0.20377,311391,0.20486,,
1985-04-24,0.20377,0.21244,0.20377,0.20811,4192248,0.20702,,
1985-04-25,0.21244,0.21244,0.21244,0.21244,17300,0.21244,,
1985-04-26,0.21244,0.21244,0.20811,0.21244,467087,0.21136,,
1985-04-29,0.21244,0.21244,0.20811,0.20811,611249,0.21028,,
1985-04-30,0.20811,0.21244,0.20811,0.20811,853443,0.20919,,
1985-05-01,0.20811,0.20811,0.20811,0.20811,17300,0.20811,,
1985-05-02,0.20811,0.21244,0.20811,0.21244,276792,0.21028,,
1985-05-03,0.21244,0.21678,0.20811,0.21678,271026,0.21353,,
1985-05-06,0.21678,0.21678,0.21244,0.21244,236427,0.21461,,
1985-05-07,0.21244,0.22112,0.21244,0.21244,622782,0.21461,,
1985-05-08,0.21244,0.22112,0.21244,0.22112,536285,0.21678,,
1985-05-09,0.22112,0.23846,0.21678,0.23846,2681424,0.22871,,
1985-05-10,0.23412,0.23412,0.22979,0.23412,651615,0.23304,,
1985-05-13,0.23412,0.23846,0.22979,0.23846,495919,0.23521,,
1985-05-14,0.23846,0.24279,0.23412,0.24063,3465669,0.239,,
1985-05-15,0.24063,0.24279,0.23846,0.23846,882275,0.24009,,
1985-05-16,0.23846,0.24279,0.23846,0.23846,3085080,0.23954,,
1985-05-17,0.23846,0.24713,0.23846,0.24279,2214338,0.24171,,
1985-05-20,0.24279,0.24713,0.24279,0.24279,2272003,0.24388,,
1985-05-21,0.24279,0.24279,0.23412,0.23846,2969750,0.23954,,
1985-05-22,0.23846,0.24279,0.23412,0.23412,444021,0.23737,,
1985-05-23,0.23412,0.24279,0.23412,0.23846,617016,0.23737,,
1985-05-24,0.23629,0.23629,0.22979,0.23412,369056,0.23412,,
1985-05-28,0.23412,0.23412,0.22979,0.22979,138396,0.23195,,
1985-05-29,0.23412,0.23412,0.23412,0.23412,1234032,0.23412,,
1985-05-30,0.23412,0.24279,0.23412,0.23629,1360895,0.23683,,
1985-05-31,0.23629,0.24279,0.23412,0.23412,5979865,0.23683,,
1985-06-03,0.23412,0.23846,0.23412,0.23846,271026,0.23629,,
1985-06-04,0.23846,0.23846,0.23412,0.23412,438254,0.23629,,
1985-06-05,0.23412,0.23846,0.23412,0.23846,2456531,0.23629,,
1985-06-06,0.23846,0.23846,0.23412,0.23846,1326296,0.23738,,
1985-06-07,0.23846,0.23846,0.23412,0.23846,784245,0.23738,,
1985-06-10,0.23846,0.24279,0.23846,0.23846,69198,0.23954,,
1985-06-11,0.23846,0.24279,0.23846,0.24063,322924,0.24009,,
1985-06-12,0.24063,0.24713,0.24063,0.24496,4982259,0.24334,,
1985-06-13,0.24496,0.24713,0.23846,0.24713,1493525,0.24442,,
1985-06-14,0.24713,0.24713,0.24279,0.24713,588183,0.24605,,
1985-06-17,0.24713,0.24713,0.24279,0.24713,397889,0.24605,,
1985-06-18,0.24713,0.24713,0.24279,0.24279,155696,0.24496,,
1985-06-19,0.24279,0.25147,0.24279,0.24496,795778,0.2455,,
1985-06-20,0.24496,0.25147,0.24279,0.24279,813077,0.2455,,
1985-06-21,0.24279,0.24713,0.24279,0.24713,1516591,0.24496,,
1985-06-24,0.24713,0.24713,0.23846,0.23846,172995,0.2428,,
1985-06-25,0.23846,0.23846,0.23846,0.23846,11533,0.23846,,
1985-06-26,0.23846,0.24713,0.23846,0.23846,818844,0.24063,,
1985-06-27,0.23846,0.24713,0.23846,0.24279,1562723,0.24171,,
1985-06-28,0.24279,0.2558,0.24279,0.24713,6158626,0.24713,,
1985-07-01,0.2558,0.26881,0.2558,0.26447,10454672,0.26122,,
1985-07-02,0.26447,0.27314,0.26447,0.27314,4630503,0.2688,,
1985-07-03,0.27314,0.27314,0.26447,0.26447,3131212,0.2688,,
1985-07-05,0.26881,0.26881,0.26881,0.26881,155696,0.26881,,
1985-07-08,0.26881,0.28181,0.2558,0.27748,2127840,0.27098,,
1985-07-09,0.27748,0.27748,0.26881,0.27748,3171577,0.27531,,
1985-07-10,0.27748,0.27748,0.27314,0.27314,7352292,0.27531,,
1985-07-11,0.27314,0.28181,0.27314,0.28181,10131747,0.27748,,
1985-07-12,0.28181,0.28615,0.27314,0.28615,2710257,0.28181,,
1985-07-15,0.28615,0.28615,0.27748,0.28615,1430093,0.28398,,
1985-07-16,0.28615,0.28615,0.27748,0.28615,2831353,0.28398,,
1985-07-17,0.28615,0.28615,0.28181,0.28615,1020671,0.28507,,
1985-07-18,0.28615,0.28615,0.28181,0.28181,1066803,0.28398,,
1985-07-19,0.28181,0.28615,0.28181,0.28398,415188,0.28344,,
1985-07-22,0.27748,0.27748,0.26881,0.26881,801544,0.27314,,
1985-07-23,0.26881,0.27314,0.26447,0.27314,1349362,0.26989,,
1985-07-24,0.27314,0.27314,0.26881,0.27314,196061,0.27206,,
1985-07-25,0.27314,0.27748,0.27314,0.27531,271026,0.27477,,
1985-07-26,0.27531,0.28181,0.27314,0.28181,282559,0.27802,,
1985-07-29,0.28181,0.28181,0.27314,0.27748,1262864,0.27856,,
1985-07-30,0.27748,0.28615,0.27748,0.28181,1147534,0.28073,,
1985-07-31,0.28181,0.28615,0.28181,0.28615,715046,0.28398,,
1985-08-01,0.28615,0.28615,0.28181,0.28615,870742,0.28507,,
1985-08-02,0.28615,0.28615,0.28181,0.28615,3010115,0.28507,,
1985-08-05,0.28615,0.28615,0.28181,0.28181,501686,0.28398,,
1985-08-06,0.28181,0.28615,0.27748,0.28615,3696329,0.2829,,
1985-08-07,0.28615,0.28615,0.27748,0.28181,1176367,0.2829,,
1985-08-08,0.28181,0.28181,0.28181,0.28181,374823,0.28181,,
1985-08-09,0.28181,0.28181,0.27748,0.28181,190295,0.28073,,
1985-08-12,0.28181,0.28181,0.27748,0.28181,611249,0.28073,,
1985-08-13,0.28181,0.28181,0.27748,0.28181,409422,0.28073,,
1985-08-14,0.28181,0.28615,0.28181,0.28615,916874,0.28398,,
1985-08-15,0.28615,0.28615,0.28181,0.28615,611249,0.28507,,
1985-08-16,0.28615,0.28615,0.28181,0.28181,986072,0.28398,,
1985-08-19,0.28181,0.28615,0.28181,0.28615,968773,0.28398,,
1985-08-20,0.28615,0.29049,0.28181,0.29049,1326296,0.28724,,
1985-08-21,0.29049,0.29049,0.28181,0.28181,1268631,0.28615,,
1985-08-22,0.28181,0.29049,0.28181,0.28181,282559,0.28398,,
1985-08-23,0.28181,0.28615,0.27748,0.28615,599716,0.2829,,
1985-08-26,0.28615,0.29049,0.27748,0.28181,1827982,0.28398,,
1985-08-27,0.28181,0.28615,0.27748,0.28615,1424326,0.2829,,
1985-08-28,0.28615,0.28615,0.28181,0.28615,657381,0.28507,,
1985-08-29,0.28615,0.28615,0.28181,0.28615,824610,0.28507,,
1985-08-30,0.28615,0.28615,0.28181,0.28615,1649220,0.28507,,
1985-09-03,0.28615,0.29049,0.28181,0.28615,2012510,0.28615,0.0002,1430.75
1985-09-04,0.28615,0.30349,0.28615,0.29916,2946683,0.29374,0.0002,1495.7999999999997
1985-09-05,0.29916,0.30783,0.29482,0.30349,9232173,0.30133,0.0002,1517.4499999999998
1985-09-06,0.30349,0.30783,0.30349,0.30783,4774665,0.30566,0.0002,1539.1499999999999
1985-09-09,0.30783,0.31216,0.30349,0.30783,2612226,0.30783,0.0002,1539.1499999999999
1985-09-10,0.30783,0.3165,0.30783,0.31216,4157649,0.31108,0.0002,1560.8
1985-09-11,0.31216,0.3165,0.30783,0.30783,2323901,0.31108,0.0002,1539.1499999999999
1985-09-12,0.30783,0.31216,0.29482,0.29482,2323901,0.30241,0.0002,1474.1000000000001
1985-09-13,0.29482,0.30349,0.27748,0.28615,1084103,0.29049,0.0002,1430.75
1985-09-16,0.28615,0.28615,0.28181,0.28181,207594,0.28398,0.0002,1409.05
1985-09-17,0.28181,0.28615,0.27748,0.27748,334457,0.28073,0.0002,1387.3999999999999
1985-09-18,0.27748,0.28398,0.27314,0.27748,2300835,0.27802,0.0002,1387.3999999999999
1985-09-19,0.27748,0.28615,0.27748,0.28615,899575,0.28182,0.0002,1430.75
1985-09-20,0.28615,0.29049,0.28615,0.28615,2912084,0.28724,0.0002,1430.75
1985-09-23,0.28615,0.28615,0.28181,0.28181,824610,0.28398,0.0002,1409.05
1985-09-24,0.28181,0.28615,0.28181,0.28615,599716,0.28398,0.0002,1430.75
1985-09-25,0.28615,0.29482,0.28615,0.29049,1320529,0.2894,0.0002,1452.45
1985-09-26,0.29049,0.29482,0.28615,0.28615,322924,0.2894,0.0002,1430.75
1985-09-27,0.29049,0.29049,0.29049,0.29049,11441,0.29049,0.0002,1452.45
1985-09-30,0.29049,0.29049,0.28615,0.28615,461320,0.28832,0.0002,1430.75
1985-10-01,0.28615,0.29049,0.28615,0.28615,397889,0.28724,0.0002,1430.75
1985-10-02,0.28615,0.29482,0.28615,0.29482,2566094,0.29049,0.0002,1474.1000000000001
1985-10-03,0.29482,0.30349,0.29482,0.29699,196061,0.29753,0.0002,1484.9499999999998
1985-10-04,0.29916,0.30783,0.29916,0.30783,1833748,0.30349,0.0002,1539.1499999999999
1985-10-07,0.30783,0.30783,0.29916,0.30349,766945,0.30458,0.0002,1517.4499999999998
1985-10-08,0.30349,0.31216,0.30349,0.30783,444021,0.30674,0.0002,1539.1499999999999
1985-10-09,0.30783,0.30783,0.30349,0.30349,778478,0.30566,0.0002,1517.4499999999998
1985-10-10,0.30349,0.30783,0.30349,0.30783,190295,0.30566,0.0002,1539.1499999999999
1985-10-11,0.30783,0.30783,0.30349,0.30783,98031,0.30675,0.0002,1539.1499999999999
1985-10-14,0.30783,0.30783,0.29916,0.30349,1009138,0.30458,0.0002,1517.4499999999998
1985-10-15,0.30349,0.30349,0.29916,0.30349,115330,0.30241,0.0002,1517.4499999999998
1985-10-16,0.30349,0.30783,0.29916,0.29916,415188,0.30241,0.0002,1495.7999999999997
1985-10-17,0.30349,0.31216,0.30349,0.30783,2099007,0.30674,0.0002,1539.1499999999999
1985-10-18,0.30783,0.31216,0.30349,0.30783,588183,0.30783,0.0002,1539.1499999999999
1985-10-21,0.30783,0.30783,0.29916,0.29916,1153301,0.30349,0.0002,1495.7999999999997
1985-10-22,0.29916,0.30783,0.29916,0.30783,726579,0.30349,0.0002,1539.1499999999999
1985-10-23,0.30783,0.30783,0.29482,0.29916,986072,0.30241,0.0002,1495.7999999999997
1985-10-24,0.29916,0.30349,0.29482,0.29916,1689586,0.29916,0.0002,1495.7999999999997
1985-10-25,0.29916,0.30349,0.29482,0.30349,628549,0.30024,0.0002,1517.4499999999998
1985-10-28,0.30349,0.30349,0.29482,0.29916,726579,0.30024,0.0002,1495.7999999999997
1985-10-29,0.29916,0.30349,0.29482,0.29482,461320,0.29807,0.0002,1474.1000000000001
1985-10-30,0.29482,0.30349,0.29482,0.30349,645848,0.29916,0.0002,1517.4499999999998
1985-10-31,0.30349,0.30349,0.29482,0.29916,426721,0.30024,0.0002,1495.7999999999997
1985-11-01,0.30132,0.30349,0.30132,0.30349,495919,0.3024,0.0002,1517.4499999999998
1985-11-04,0.30349,0.30349,0.29916,0.30349,224894,0.30241,0.0002,1517.4499999999998
1985-11-05,0.30349,0.30349,0.29916,0.30349,403655,0.30241,0.0002,1517.4499999999998
1985-11-06,0.30349,0.30783,0.30349,0.30783,1136001,0.30566,0.0002,1539.1499999999999
1985-11-07,0.30783,0.31216,0.30783,0.30783,253726,0.30891,0.0002,1539.1499999999999
1985-11-08,0.30783,0.32083,0.30783,0.32083,3632897,0.31433,0.0002,1604.1499999999999
1985-11-11,0.32083,0.32083,0.31216,0.32083,1591555,0.31866,0.0002,1604.1499999999999
1985-11-12,0.32083,0.32517,0.3165,0.32517,2225871,0.32192,0.0002,1625.85
1985-11-13,0.32517,0.32517,0.32083,0.32083,1297463,0.323,0.0002,1604.1499999999999
1985-11-14,0.32083,0.32517,0.3165,0.3165,1164834,0.31975,0.0002,1582.5
1985-11-15,0.3165,0.32083,0.31216,0.31216,1447392,0.31541,0.0002,1560.8
1985-11-18,0.31216,0.32083,0.31216,0.32083,219127,0.31649,0.0002,1604.1499999999999
1985-11-19,0.32083,0.32083,0.3165,0.32083,1182133,0.31975,0.0002,1604.1499999999999
1985-11-20,0.32083,0.323,0.3165,0.32083,847676,0.32029,0.0002,1604.1499999999999
1985-11-21,0.32083,0.32951,0.32083,0.32517,1770317,0.32409,0.0002,1625.85
1985-11-22,0.32517,0.33384,0.32517,0.32951,2029809,0.32842,0.0002,1647.55
1985-11-25,0.32951,0.34251,0.32951,0.33384,2006743,0.33384,0.0002,1669.2
1985-11-26,0.33818,0.36419,0.33818,0.36419,7208130,0.35119,0.0002,1820.95
1985-11-27,0.36419,0.36419,0.35118,0.35986,8113471,0.35986,0.0002,1799.3
1985-11-29,0.35986,0.35986,0.35118,0.35118,201828,0.35552,0.0002,1755.8999999999999
1985-12-02,0.35118,0.35552,0.35118,0.35118,426721,0.35227,0.0002,1755.8999999999999
1985-12-03,0.35118,0.35552,0.34685,0.35335,916874,0.35173,0.0002,1766.75
1985-12-04,0.35335,0.35552,0.34251,0.35118,536285,0.35064,0.0002,1755.8999999999999
1985-12-05,0.35118,0.35118,0.34685,0.35118,2739089,0.3501,0.0002,1755.8999999999999
1985-12-06,0.35118,0.35118,0.34251,0.34251,530518,0.34684,0.0002,1712.5499999999997
1985-12-09,0.34251,0.35552,0.34251,0.35552,11757901,0.34902,0.0002,1777.6
1985-12-10,0.35552,0.35986,0.34685,0.35986,449787,0.35552,0.0002,1799.3
1985-12-11,0.35986,0.35986,0.35552,0.35986,582417,0.35878,0.0002,1799.3
1985-12-12,0.35986,0.35986,0.35552,0.35986,934174,0.35878,0.0002,1799.3
1985-12-13,0.35986,0.35986,0.35118,0.35118,593950,0.35552,0.0002,1755.8999999999999
1985-12-16,0.35118,0.35986,0.35118,0.35986,109564,0.35552,0.0002,1799.3
1985-12-17,0.35986,0.35986,0.35118,0.35552,980306,0.35661,0.0002,1777.6
1985-12-18,0.35552,0.35986,0.34685,0.35118,524752,0.35335,0.0002,1755.8999999999999
1985-12-19,0.35118,0.35118,0.34685,0.34685,265259,0.34902,0.0002,1734.2499999999998
1985-12-20,0.34685,0.35118,0.34251,0.34251,167229,0.34576,0.0002,1712.5499999999997
1985-12-23,0.34251,0.34685,0.32517,0.33384,1781850,0.33709,0.0002,1669.2
1985-12-24,0.32951,0.32951,0.30783,0.30783,1199433,0.31867,0.0002,1539.1499999999999
1985-12-26,0.30783,0.3165,0.30566,0.31216,1556956,0.31054,0.0002,1560.8
1985-12-27,0.31216,0.32517,0.30783,0.32517,1355128,0.31758,0.0002,1625.85
1985-12-30,0.32517,0.33384,0.32083,0.32083,1695352,0.32517,0.0002,1604.1499999999999
1985-12-31,0.32083,0.32951,0.32083,0.32951,299858,0.32517,0.0002,1647.55
1986-01-02,0.32951,0.32951,0.323,0.32951,1476225,0.32788,0.0002,1647.55
1986-01-03,0.32951,0.32951,0.32083,0.32951,461320,0.32734,0.0002,1647.55
1986-01-06,0.32951,0.33384,0.32517,0.32951,397889,0.32951,0.0002,1647.55
1986-01-07,0.33384,0.33818,0.33384,0.33384,3010115,0.33493,0.0002,1669.2
1986-01-08,0.33384,0.34251,0.33384,0.33818,322924,0.33709,0.0002,1690.8999999999999
1986-01-09,0.33818,0.33818,0.32951,0.32951,1124468,0.33385,0.0002,1647.55
1986-01-10,0.32951,0.33818,0.32951,0.33384,801544,0.33276,0.0002,1669.2
1986-01-13,0.33818,0.33818,0.33818,0.33818,599716,0.33818,0.0002,1690.8999999999999
1986-01-14,0.33818,0.33818,0.33384,0.33818,2958217,0.3371,0.0002,1690.8999999999999
1986-01-15,0.33818,0.34251,0.33384,0.34251,265259,0.33926,0.0002,1712.5499999999997
1986-01-16,0.34251,0.34685,0.33818,0.33818,1977911,0.34143,0.0002,1690.8999999999999
1986-01-17,0.33818,0.34685,0.33818,0.34685,3650197,0.34252,0.0002,1734.2499999999998
1986-01-20,0.34685,0.34685,0.33818,0.34251,588183,0.3436,0.0002,1712.5499999999997
1986-01-21,0.34251,0.34685,0.33818,0.34685,40366,0.3436,0.0002,1734.2499999999998
1986-01-22,0.34685,0.34685,0.33818,0.34251,213361,0.3436,0.0002,1712.5499999999997
1986-01-23,0.34251,0.34685,0.33818,0.34685,271026,0.3436,0.0002,1734.2499999999998
1986-01-24,0.34685,0.34685,0.33818,0.33818,265259,0.34252,0.0002,1690.8999999999999
1986-01-27,0.33818,0.34685,0.33818,0.34685,236427,0.34252,0.0002,1734.2499999999998
1986-01-28,0.34685,0.34902,0.33818,0.34902,161462,0.34577,0.0002,1745.1
1986-01-29,0.34902,0.36419,0.34685,0.36419,2243170,0.35606,0.0002,1820.95
1986-01-30,0.36419,0.36419,0.35552,0.35552,426721,0.35986,0.0002,1777.6
1986-01-31,0.35552,0.36419,0.35552,0.36419,455554,0.35986,0.0002,1820.95
1986-02-03,0.36419,0.36419,0.35552,0.36419,709280,0.36202,0.0002,1820.95
1986-02-04,0.36419,0.36853,0.35552,0.35986,1078336,0.36203,0.0002,1799.3
1986-02-05,0.35986,0.36853,0.35986,0.36853,974539,0.3642,0.0002,1842.65
1986-02-06,0.36853,0.38587,0.36419,0.38587,2491130,0.37612,0.0002,1929.35
1986-02-07,0.38587,0.42922,0.38153,0.42489,3315740,0.40538,0.0002,2124.45
1986-02-10,0.42489,0.4379,0.42489,0.42922,1908713,0.42923,0.0002,2146.1
1986-02-11,0.42922,0.42922,0.42055,0.42922,1614621,0.42705,0.0002,2146.1
1986-02-12,0.42922,0.42922,0.42055,0.42922,991839,0.42705,0.0002,2146.1
1986-02-13,0.42922,0.43356,0.42489,0.42922,542051,0.42922,0.0002,2146.1
1986-02-14,0.42922,0.43356,0.42922,0.43356,1159067,0.43139,0.0002,2167.7999999999997
1986-02-18,0.43356,0.43356,0.42922,0.42922,611249,0.43139,0.0002,2146.1
1986-02-19,0.42922,0.42922,0.41622,0.41622,1153301,0.42272,0.0002,2081.1
1986-02-20,0.41622,0.41622,0.40321,0.40321,1095636,0.40972,0.0002,2016.05
1986-02-21,0.40321,0.41188,0.40321,0.40755,668914,0.40646,0.0002,2037.75
1986-02-24,0.40755,0.41188,0.40321,0.40321,622782,0.40646,0.0002,2016.05
1986-02-25,0.40321,0.40755,0.39888,0.39888,271026,0.40213,0.0002,1994.3999999999999
1986-02-26,0.39888,0.40321,0.3902,0.39671,651615,0.39725,0.0002,1983.55
1986-02-27,0.39671,0.39888,0.3902,0.39454,345990,0.39508,0.0002,1972.6999999999998
1986-02-28,0.39454,0.39454,0.3902,0.3902,288325,0.39237,0.0002,1950.9999999999998
1986-03-03,0.3902,0.39454,0.3902,0.39454,893808,0.39237,0.0002,1972.6999999999998
1986-03-04,0.39454,0.39454,0.3902,0.39454,167229,0.39346,0.0002,1972.6999999999998
1986-03-05,0.3902,0.3902,0.38587,0.3902,230660,0.38912,0.0002,1950.9999999999998
1986-03-06,0.3902,0.3902,0.3902,0.3902,63432,0.3902,0.0002,1950.9999999999998
1986-03-07,0.3902,0.39454,0.38587,0.39454,1095636,0.39129,0.0002,1972.6999999999998
1986-03-10,0.39454,0.39454,0.38587,0.39237,738113,0.39183,0.0002,1961.85
1986-03-11,0.39237,0.39888,0.38804,0.39888,3431070,0.39454,0.0002,1994.3999999999999
1986-03-12,0.39888,0.41188,0.39454,0.41188,1966378,0.4043,0.0002,2059.4
1986-03-13,0.41188,0.42055,0.40755,0.42055,1487758,0.41513,0.0002,2102.75
1986-03-14,0.42055,0.42055,0.41188,0.41188,1614621,0.41622,0.0002,2059.4
1986-03-17,0.41188,0.41622,0.40321,0.40321,449787,0.40863,0.0002,2016.05
1986-03-18,0.40321,0.41188,0.40321,0.40755,1297463,0.40646,0.0002,2037.75
1986-03-19,0.40755,0.41188,0.40755,0.40755,755412,0.40863,0.0002,2037.75
1986-03-20,0.40755,0.41188,0.40755,0.41188,369056,0.40972,0.0002,2059.4
1986-03-21,0.41188,0.41188,0.40755,0.40755,709280,0.40972,0.0002,2037.75
1986-03-24,0.40755,0.41188,0.40755,0.41188,392122,0.40972,0.0002,2059.4
1986-03-25,0.41188,0.41188,0.40755,0.41188,288325,0.4108,0.0002,2059.4
1986-03-26,0.41188,0.41188,0.39888,0.39888,1095636,0.40538,0.0002,1994.3999999999999
1986-03-27,0.39888,0.40321,0.39454,0.39454,547818,0.39779,0.0002,1972.6999999999998
1986-03-31,0.39454,0.39888,0.39454,0.39454,253726,0.39563,0.0002,1972.6999999999998
1986-04-01,0.39454,0.40321,0.39454,0.40321,484386,0.39888,0.0002,2016.05
1986-04-02,0.40321,0.40321,0.39454,0.39454,340224,0.39888,0.0002,1972.6999999999998
1986-04-03,0.40321,0.42489,0.40321,0.42055,1095636,0.41297,0.0002,2102.75
1986-04-04,0.42055,0.4509,0.42055,0.4379,2773688,0.43248,0.0002,2189.5
1986-04-07,0.4379,0.4379,0.42922,0.43356,369056,0.43465,0.0002,2167.7999999999997
1986-04-08,0.43356,0.4379,0.42489,0.42922,3408004,0.43139,0.0002,2146.1
1986-04-09,0.42922,0.42922,0.42489,0.42922,392122,0.42814,0.0002,2146.1
1986-04-10,0.42922,0.45524,0.42489,0.45524,2133606,0.44115,0.0002,2276.2
1986-04-11,0.45524,0.45957,0.4509,0.45957,674681,0.45632,0.0002,2297.85
1986-04-14,0.45957,0.45957,0.4509,0.4509,847676,0.45524,0.0002,2254.5
1986-04-15,0.4509,0.45957,0.4509,0.45524,547818,0.45415,0.0002,2276.2
1986-04-16,0.45524,0.46391,0.45524,0.46391,559351,0.45958,0.0002,2319.5499999999997
1986-04-17,0.46391,0.46391,0.45524,0.46174,363290,0.4612,0.0002,2308.7
1986-04-18,0.46174,0.46391,0.45524,0.46391,242193,0.4612,0.0002,2319.5499999999997
1986-04-21,0.46391,0.47692,0.45307,0.47692,1326296,0.46771,0.0002,2384.6
1986-04-22,0.47692,0.48559,0.47258,0.48559,2364267,0.48017,0.0002,2427.95
1986-04-23,0.48559,0.48992,0.48125,0.48992,1234032,0.48667,0.0002,2449.6
1986-04-24,0.48992,0.52027,0.48559,0.5181,3926989,0.50347,0.0002,2590.5
1986-04-25,0.5181,0.52027,0.50727,0.51377,1308996,0.51485,0.0002,2568.8499999999995
1986-04-28,0.51377,0.51594,0.50293,0.51594,1389727,0.51214,0.0002,2579.7
1986-04-29,0.51594,0.51594,0.50293,0.50727,513219,0.51052,0.0002,2536.35
1986-04-30,0.50727,0.50727,0.48559,0.48992,934174,0.49751,0.0002,2449.6
1986-05-01,0.48992,0.49426,0.46391,0.46391,2099007,0.478,0.0002,2319.5499999999997
1986-05-02,0.46391,0.46391,0.44223,0.44657,951473,0.45416,0.0002,2232.85
1986-05-05,0.44657,0.45957,0.44223,0.45957,1879880,0.45199,0.0002,2297.85
1986-05-06,0.45957,0.47692,0.45524,0.47692,945707,0.46716,0.0002,2384.6
1986-05-07,0.47692,0.48992,0.47692,0.48992,1061037,0.48342,0.0002,2449.6
1986-05-08,0.48992,0.48992,0.48559,0.48992,668914,0.48884,0.0002,2449.6
1986-05-09,0.48992,0.48992,0.48559,0.48992,167229,0.48884,0.0002,2449.6
1986-05-12,0.48992,0.48992,0.48125,0.48559,882275,0.48667,0.0002,2427.95
1986-05-13,0.47692,0.47692,0.46825,0.47692,645848,0.47475,0.0002,2384.6
1986-05-14,0.47692,0.48125,0.47258,0.48125,507452,0.478,0.0002,2406.25
1986-05-15,0.48125,0.48125,0.47258,0.48125,80731,0.47908,0.0002,2406.25
1986-05-16,0.48125,0.48125,0.47258,0.47692,963006,0.478,0.0002,2384.6
1986-05-19,0.47692,0.47692,0.47258,0.47258,28833,0.47475,0.0002,2362.9
1986-05-20,0.47258,0.47692,0.47258,0.47692,1268631,0.47475,0.0002,2384.6
1986-05-21,0.47692,0.48559,0.47258,0.48559,582417,0.48017,0.0002,2427.95
1986-05-22,0.48559,0.52461,0.48559,0.52027,2692957,0.50402,0.0002,2601.35
1986-05-23,0.52027,0.52461,0.52027,0.52461,213361,0.52244,0.0002,2623.05
1986-05-27,0.52461,0.52461,0.52027,0.52461,542051,0.52353,0.0002,2623.05
1986-05-28,0.52461,0.52461,0.51594,0.52461,1170600,0.52244,0.0002,2623.05
1986-05-29,0.52461,0.52894,0.52027,0.52894,351757,0.52569,0.0002,2644.7
1986-05-30,0.52894,0.53328,0.52027,0.52894,219127,0.52786,0.0002,2644.7
1986-06-02,0.52894,0.53761,0.52461,0.53761,864976,0.53219,0.0,inf
1986-06-03,0.53761,0.54195,0.53328,0.54195,328691,0.5387,0.0,inf
1986-06-04,0.54195,0.55496,0.53761,0.55062,1516591,0.54629,0.0,inf
1986-06-05,0.55062,0.55496,0.54629,0.55496,121097,0.55171,0.0,inf
1986-06-06,0.55496,0.55929,0.55062,0.55496,1528124,0.55496,0.0,inf
1986-06-09,0.55496,0.55929,0.55062,0.55062,691980,0.55387,0.0,inf
1986-06-10,0.55062,0.55496,0.55062,0.55062,1136001,0.55171,0.0,inf
1986-06-11,0.55062,0.55496,0.55062,0.55062,1308996,0.55171,0.0,inf
1986-06-12,0.55062,0.55496,0.55062,0.55496,778478,0.55279,0.0,inf
1986-06-13,0.55929,0.55929,0.54628,0.55279,568962,0.55441,0.0,inf
1986-06-16,0.55279,0.55279,0.54628,0.55279,2721790,0.55116,0.0,inf
1986-06-17,0.55279,0.55279,0.53978,0.55279,688136,0.54954,0.0,inf
1986-06-18,0.55279,0.55279,0.53978,0.54628,814999,0.54791,0.0,inf
1986-06-19,0.54628,0.54628,0.53978,0.53978,661226,0.54303,0.0,inf
1986-06-20,0.53978,0.54628,0.53328,0.53978,549740,0.53978,0.0,inf
1986-06-23,0.53978,0.54628,0.53978,0.53978,176839,0.54141,0.0,inf
1986-06-24,0.53978,0.5788,0.53978,0.5788,4936127,0.55929,0.0,inf
1986-06-25,0.59181,0.64383,0.59181,0.63733,4271057,0.6162,0.0,inf
1986-06-26,0.63733,0.64383,0.63083,0.64383,2391177,0.63895,0.0,inf
1986-06-27,0.64383,0.64383,0.63083,0.64383,722735,0.64058,0.0,inf
1986-06-30,0.64383,0.65034,0.63733,0.64383,1460848,0.64383,0.0,inf
1986-07-01,0.64383,0.65034,0.63083,0.63733,1368584,0.64058,0.0,inf
1986-07-02,0.63733,0.63733,0.63083,0.63733,261415,0.63571,0.0,inf
1986-07-03,0.63733,0.64383,0.63083,0.64383,134552,0.63895,0.0,inf
1986-07-07,0.64383,0.64383,0.59831,0.61132,1164834,0.62432,0.0,inf
1986-07-08,0.59831,0.59831,0.51377,0.55929,4674713,0.56742,0.0,inf
1986-07-09,0.56579,0.64383,0.56579,0.61132,5216764,0.59668,0.0,inf
1986-07-10,0.61132,0.62432,0.59831,0.60481,1653064,0.60969,0.0,inf
1986-07-11,0.60481,0.60481,0.59831,0.60481,495919,0.60319,0.0,inf
1986-07-14,0.60481,0.60481,0.55929,0.55929,1099480,0.58205,0.0,inf
1986-07-15,0.55929,0.56579,0.52027,0.54628,5616575,0.54791,0.0,inf
1986-07-16,0.54628,0.5723,0.53978,0.56579,968773,0.55604,0.0,inf
1986-07-17,0.56579,0.56579,0.55929,0.56579,2379644,0.56417,0.0,inf
1986-07-18,0.56579,0.56579,0.55929,0.56579,507452,0.56417,0.0,inf
1986-07-21,0.56579,0.56579,0.55929,0.56579,1487758,0.56417,0.0,inf
1986-07-22,0.56579,0.56579,0.55929,0.56579,1203277,0.56417,0.0,inf
1986-07-23,0.56579,0.56579,0.55929,0.56579,407500,0.56417,0.0,inf
1986-07-24,0.56579,0.56579,0.55929,0.56579,522830,0.56417,0.0,inf
1986-07-25,0.56579,0.56579,0.54628,0.56579,734268,0.56091,0.0,inf
1986-07-28,0.56579,0.56579,0.53978,0.54628,765023,0.55441,0.0,inf
1986-07-29,0.54628,0.54628,0.53328,0.53328,361368,0.53978,0.0,inf
1986-07-30,0.53328,0.53978,0.48775,0.51702,2937073,0.51946,0.0,inf
1986-07-31,0.51702,0.52027,0.50726,0.52027,592028,0.51621,0.0,inf
1986-08-01,0.52027,0.53328,0.50726,0.53328,1084103,0.52352,0.0,inf
1986-08-04,0.53328,0.53978,0.52027,0.53328,1333985,0.53165,0.0,inf
1986-08-05,0.53328,0.54628,0.53328,0.53978,1949078,0.53815,0.0,inf
1986-08-06,0.53978,0.56579,0.53328,0.56579,784245,0.55116,0.0,inf
1986-08-07,0.5723,0.59181,0.5723,0.5788,826532,0.5788,0.0,inf
1986-08-08,0.5788,0.5788,0.5723,0.5788,315236,0.57718,0.0,inf
1986-08-11,0.5788,0.5788,0.5723,0.5723,538207,0.57555,0.0,inf
1986-08-12,0.5723,0.59831,0.5723,0.59831,2502663,0.58531,0.0,inf
1986-08-13,0.59831,0.60481,0.59181,0.59831,1595399,0.59831,0.0,inf
1986-08-14,0.59831,0.61132,0.59181,0.59181,292170,0.59831,0.0,inf
1986-08-15,0.59181,0.60481,0.59181,0.59831,161462,0.59668,0.0,inf
1986-08-18,0.59831,0.59831,0.5788,0.59181,642004,0.59181,0.0,inf
1986-08-19,0.59181,0.59181,0.5788,0.5853,292170,0.58693,0.0,inf
1986-08-20,0.5853,0.59181,0.5788,0.5853,442099,0.5853,0.0,inf
1986-08-21,0.59181,0.59831,0.59181,0.59831,115330,0.59506,0.0,inf
1986-08-22,0.59831,0.59831,0.5853,0.5853,165306,0.59181,0.0,inf
1986-08-25,0.5853,0.59831,0.5853,0.59181,411344,0.59018,0.0,inf
1986-08-26,0.59181,0.59181,0.5788,0.5853,1422404,0.58693,0.0,inf
1986-08-27,0.5853,0.59181,0.5788,0.59181,142240,0.58693,0.0,inf
1986-08-28,0.5853,0.5853,0.5788,0.5788,311391,0.58205,0.0,inf
1986-08-29,0.5853,0.5853,0.5853,0.5853,315236,0.5853,0.0,inf
1986-09-02,0.5853,0.5853,0.5788,0.5788,107641,0.58205,0.0003,1929.3333333333335
1986-09-03,0.5788,0.5788,0.5723,0.5788,880353,0.57718,0.0003,1929.3333333333335
1986-09-04,0.5788,0.59181,0.5723,0.5853,1714574,0.58205,0.0003,1951.0000000000002
1986-09-05,0.5853,0.59181,0.5788,0.5788,426721,0.58368,0.0003,1929.3333333333335
1986-09-08,0.5788,0.59181,0.56579,0.56579,272948,0.57555,0.0003,1885.966666666667
1986-09-09,0.56579,0.5788,0.55929,0.55929,276792,0.56579,0.0003,1864.3
1986-09-10,0.55929,0.56579,0.55279,0.55279,411344,0.55767,0.0003,1842.6333333333334
1986-09-11,0.55279,0.55929,0.50076,0.50076,1314763,0.5284,0.0003,1669.2
1986-09-12,0.50076,0.50076,0.47475,0.49426,4590137,0.49263,0.0003,1647.5333333333333
1986-09-15,0.50076,0.55279,0.50076,0.52677,1299386,0.52027,0.0003,1755.9
1986-09-16,0.52677,0.53328,0.52677,0.53328,807311,0.53003,0.0003,1777.6000000000001
1986-09-17,0.53328,0.54628,0.53328,0.53978,1034126,0.53815,0.0003,1799.2666666666669
1986-09-18,0.53978,0.55279,0.53978,0.53978,791933,0.54303,0.0003,1799.2666666666669
1986-09-19,0.53978,0.54628,0.53978,0.54628,322924,0.54303,0.0003,1820.9333333333334
1986-09-22,0.54628,0.55279,0.53978,0.54628,3994265,0.54628,0.0003,1820.9333333333334
1986-09-23,0.54628,0.55279,0.54628,0.55279,2064408,0.54954,0.0003,1842.6333333333334
1986-09-24,0.55279,0.59181,0.55279,0.5788,5801103,0.56905,0.0003,1929.3333333333335
1986-09-25,0.5788,0.5853,0.5788,0.5853,388278,0.58205,0.0003,1951.0000000000002
1986-09-26,0.5853,0.5853,0.5788,0.5788,330613,0.58205,0.0003,1929.3333333333335
1986-09-29,0.5788,0.5853,0.5723,0.5853,630471,0.58043,0.0003,1951.0000000000002
1986-09-30,0.5853,0.59181,0.5788,0.5853,2025965,0.5853,0.0003,1951.0000000000002
1986-10-01,0.5723,0.5723,0.55929,0.55929,634315,0.5658,0.0003,1864.3
1986-10-02,0.55929,0.56579,0.53978,0.54628,765023,0.55279,0.0003,1820.9333333333334
1986-10-03,0.54628,0.55929,0.54628,0.54628,280637,0.54953,0.0003,1820.9333333333334
1986-10-06,0.54628,0.55279,0.52677,0.53978,222971,0.5414,0.0003,1799.2666666666669
1986-10-07,0.53978,0.53978,0.52027,0.52027,349835,0.53003,0.0003,1734.2333333333336
1986-10-08,0.52027,0.55279,0.52027,0.55279,826532,0.53653,0.0003,1842.6333333333334
1986-10-09,0.55279,0.55929,0.54628,0.54628,211438,0.55116,0.0003,1820.9333333333334
1986-10-10,0.55279,0.5723,0.55279,0.5723,272948,0.56255,0.0003,1907.666666666667
1986-10-13,0.5723,0.5723,0.55929,0.55929,103797,0.5658,0.0003,1864.3
1986-10-14,0.55929,0.5723,0.55279,0.55929,453632,0.56092,0.0003,1864.3
1986-10-15,0.55929,0.55929,0.55279,0.55929,88420,0.55767,0.0003,1864.3
1986-10-16,0.55929,0.55929,0.55279,0.55929,296014,0.55767,0.0003,1864.3
1986-10-17,0.55929,0.55929,0.55279,0.55929,342146,0.55767,0.0003,1864.3
1986-10-20,0.55929,0.55929,0.54628,0.55279,661226,0.55441,0.0003,1842.6333333333334
1986-10-21,0.55279,0.55279,0.54628,0.54628,995683,0.54954,0.0003,1820.9333333333334
1986-10-22,0.54628,0.55929,0.54628,0.54628,545896,0.54953,0.0003,1820.9333333333334
1986-10-23,0.55279,0.56579,0.55279,0.56579,1014905,0.55929,0.0003,1885.966666666667
1986-10-24,0.56579,0.56579,0.55929,0.56579,153773,0.56417,0.0003,1885.966666666667
1986-10-27,0.56579,0.5788,0.55929,0.5723,442099,0.56905,0.0003,1907.666666666667
1986-10-28,0.5723,0.5788,0.5723,0.5788,1679975,0.57555,0.0003,1929.3333333333335
1986-10-29,0.5788,0.58205,0.5723,0.5788,1845281,0.57799,0.0003,1929.3333333333335
1986-10-30,0.5788,0.5853,0.5723,0.5853,345990,0.58043,0.0003,1951.0000000000002
1986-10-31,0.5853,0.5853,0.5723,0.5853,1387805,0.58205,0.0003,1951.0000000000002
1986-11-03,0.5853,0.58856,0.5723,0.5788,4939972,0.58124,0.0003,1929.3333333333335
1986-11-04,0.5788,0.5853,0.5723,0.5853,69198,0.58043,0.0003,1951.0000000000002
1986-11-05,0.5853,0.5853,0.5723,0.5853,2456531,0.58205,0.0003,1951.0000000000002
1986-11-06,0.5853,0.5853,0.5723,0.5853,192217,0.58205,0.0003,1951.0000000000002
1986-11-07,0.5853,0.5853,0.5723,0.5853,46132,0.58205,0.0003,1951.0000000000002
1986-11-10,0.5853,0.5853,0.5723,0.5788,799622,0.58043,0.0003,1929.3333333333335
1986-11-11,0.5853,0.59181,0.5853,0.59181,1368584,0.58855,0.0003,1972.7
1986-11-12,0.59181,0.59181,0.5853,0.59181,119174,0.59018,0.0003,1972.7
1986-11-13,0.59181,0.59181,0.5853,0.59181,257571,0.59018,0.0003,1972.7
1986-11-14,0.59181,0.59181,0.5788,0.5788,592028,0.58531,0.0003,1929.3333333333335
1986-11-17,0.5788,0.5853,0.5723,0.5853,488231,0.58043,0.0003,1951.0000000000002
1986-11-18,0.5853,0.5853,0.5788,0.5853,665070,0.58368,0.0003,1951.0000000000002
1986-11-19,0.5788,0.5788,0.5723,0.5723,230660,0.57555,0.0003,1907.666666666667
1986-11-20,0.5723,0.5788,0.5723,0.5723,96108,0.57393,0.0003,1907.666666666667
1986-11-21,0.5723,0.5853,0.5723,0.5853,234504,0.5788,0.0003,1951.0000000000002
1986-11-24,0.5853,0.59181,0.5788,0.5853,642004,0.5853,0.0003,1951.0000000000002
1986-11-25,0.5853,0.59181,0.5853,0.5853,353679,0.58693,0.0003,1951.0000000000002
1986-11-26,0.5853,0.59506,0.5853,0.5853,3486813,0.58774,0.0003,1951.0000000000002
1986-11-28,0.5853,0.59181,0.5788,0.5788,2064408,0.58368,0.0003,1929.3333333333335
1986-12-01,0.5788,0.59181,0.5788,0.59181,1049504,0.58531,0.0003,1972.7
1986-12-02,0.59181,0.59181,0.5788,0.5853,2391177,0.58693,0.0003,1951.0000000000002
1986-12-03,0.5853,0.65034,0.5853,0.63733,5501245,0.61457,0.0003,2124.4333333333334
1986-12-04,0.63733,0.66985,0.63733,0.65684,4051930,0.65034,0.0003,2189.4666666666667
1986-12-05,0.65684,0.66985,0.65034,0.65684,1114857,0.65847,0.0003,2189.4666666666667
1986-12-08,0.65684,0.66985,0.65684,0.66985,768867,0.66335,0.0003,2232.8333333333335
1986-12-09,0.66985,0.66985,0.65684,0.65684,741957,0.66335,0.0003,2189.4666666666667
1986-12-10,0.65684,0.66334,0.65684,0.66334,422877,0.66009,0.0003,2211.1333333333337
1986-12-11,0.66334,0.66334,0.63733,0.65034,1114857,0.65359,0.0003,2167.8
1986-12-12,0.64383,0.64383,0.63733,0.63733,1810682,0.64058,0.0003,2124.4333333333334
1986-12-15,0.63733,0.64383,0.59831,0.60481,2425776,0.62107,0.0003,2016.0333333333333
1986-12-16,0.60481,0.60481,0.5853,0.59831,2829431,0.59831,0.0003,1994.3666666666668
1986-12-17,0.59831,0.59831,0.5853,0.59831,3436836,0.59506,0.0003,1994.3666666666668
1986-12-18,0.59831,0.61132,0.59181,0.61132,1276320,0.60319,0.0003,2037.7333333333333
1986-12-19,0.61132,0.61132,0.59831,0.59831,726579,0.60482,0.0003,1994.3666666666668
1986-12-22,0.59831,0.60481,0.59831,0.60481,618938,0.60156,0.0003,2016.0333333333333
1986-12-23,0.60481,0.60481,0.59831,0.60481,1722263,0.60319,0.0003,2016.0333333333333
1986-12-24,0.60481,0.61132,0.59831,0.61132,449787,0.60644,0.0003,2037.7333333333333
1986-12-26,0.61132,0.61132,0.60481,0.60481,69198,0.60807,0.0003,2016.0333333333333
1986-12-29,0.60481,0.61132,0.60481,0.60807,1964456,0.60725,0.0003,2026.9
1986-12-30,0.60807,0.61132,0.60481,0.61132,1276320,0.60888,0.0003,2037.7333333333333
1986-12-31,0.61132,0.61132,0.60481,0.60481,284481,0.60807,0.0003,2016.0333333333333
1987-01-02,0.61132,0.62432,0.61132,0.62432,361368,0.61782,0.0003,2081.0666666666666
1987-01-05,0.62432,0.65034,0.62432,0.65034,618938,0.63733,0.0003,2167.8
1987-01-06,0.65684,0.72187,0.65684,0.71537,3152355,0.68773,0.0003,2384.5666666666666
1987-01-07,0.72187,0.74138,0.72187,0.72187,2248937,0.72675,0.0003,2406.2333333333336
1987-01-08,0.72187,0.72838,0.70887,0.72187,1541579,0.72025,0.0003,2406.2333333333336
1987-01-09,0.72187,0.72187,0.70887,0.71537,595872,0.717,0.0003,2384.5666666666666
1987-01-12,0.71537,0.72187,0.70887,0.72187,1260942,0.717,0.0003,2406.2333333333336
1987-01-13,0.72187,0.72187,0.70887,0.72187,192217,0.71862,0.0003,2406.2333333333336
1987-01-14,0.72187,0.72187,0.70887,0.72187,553584,0.71862,0.0003,2406.2333333333336
1987-01-15,0.72187,0.72187,0.70887,0.70887,422877,0.71537,0.0003,2362.9
1987-01-16,0.70887,0.71537,0.70887,0.71537,561273,0.71212,0.0003,2384.5666666666666
1987-01-19,0.71537,0.72838,0.70887,0.72838,680447,0.72025,0.0003,2427.933333333334
1987-01-20,0.72838,0.72838,0.72187,0.72187,453632,0.72513,0.0003,2406.2333333333336
1987-01-21,0.72187,0.72838,0.72187,0.72838,761179,0.72513,0.0003,2427.933333333334
1987-01-22,0.72838,0.72838,0.72187,0.72838,795778,0.72675,0.0003,2427.933333333334
1987-01-23,0.72838,0.73488,0.72187,0.72838,592028,0.72838,0.0003,2427.933333333334
1987-01-26,0.72838,0.72838,0.72187,0.72187,572806,0.72513,0.0003,2406.2333333333336
1987-01-27,0.72187,0.72838,0.72187,0.72838,976461,0.72513,0.0003,2427.933333333334
1987-01-28,0.72838,0.72838,0.72187,0.72187,161462,0.72513,0.0003,2406.2333333333336
1987-01-29,0.72187,0.72838,0.71537,0.72187,442099,0.72187,0.0003,2406.2333333333336
1987-01-30,0.72187,0.72187,0.71537,0.71537,146085,0.71862,0.0003,2384.5666666666666
1987-02-02,0.71537,0.72187,0.71537,0.72187,453632,0.71862,0.0003,2406.2333333333336
1987-02-03,0.72187,0.72838,0.72187,0.72187,484386,0.7235,0.0003,2406.2333333333336
1987-02-04,0.72187,0.72838,0.72187,0.72838,230660,0.72513,0.0003,2427.933333333334
1987-02-05,0.72838,0.72838,0.72187,0.72187,972617,0.72513,0.0003,2406.2333333333336
1987-02-06,0.72187,0.72187,0.71537,0.71537,322924,0.71862,0.0003,2384.5666666666666
1987-02-09,0.71537,0.72187,0.71537,0.71537,484386,0.717,0.0003,2384.5666666666666
1987-02-10,0.71537,0.72187,0.71537,0.71537,153773,0.717,0.0003,2384.5666666666666
1987-02-11,0.71537,0.72187,0.70887,0.71537,353679,0.71537,0.0003,2384.5666666666666
1987-02-12,0.71537,0.72187,0.70887,0.71537,246038,0.71537,0.0003,2384.5666666666666
1987-02-13,0.71537,0.72838,0.70887,0.72187,1007216,0.71862,0.0003,2406.2333333333336
1987-02-17,0.72187,0.72838,0.71537,0.72838,322924,0.7235,0.0003,2427.933333333334
1987-02-18,0.72838,0.72838,0.70887,0.71537,480542,0.72025,0.0003,2384.5666666666666
1987-02-19,0.71537,0.72187,0.70887,0.70887,357523,0.71375,0.0003,2362.9
1987-02-20,0.70887,0.72187,0.70887,0.70887,15377,0.71212,0.0003,2362.9
1987-02-23,0.71537,0.72838,0.71537,0.72838,307547,0.72188,0.0003,2427.933333333334
1987-02-24,0.72838,0.73488,0.71537,0.72187,642004,0.72513,0.0003,2406.2333333333336
1987-02-25,0.72187,0.73488,0.71862,0.72187,642004,0.72431,0.0003,2406.2333333333336
1987-02-26,0.72187,0.72838,0.71537,0.71537,299858,0.72025,0.0003,2384.5666666666666
1987-02-27,0.71537,0.72838,0.71537,0.72838,49976,0.72188,0.0003,2427.933333333334
1987-03-02,0.72838,0.73488,0.71537,0.72187,142240,0.72513,0.0003,2406.2333333333336
1987-03-03,0.72187,0.72838,0.72187,0.72838,49976,0.72513,0.0003,2427.933333333334
1987-03-04,0.72838,0.72838,0.71537,0.72187,334457,0.7235,0.0003,2406.2333333333336
1987-03-05,0.72187,0.72187,0.70236,0.70236,757334,0.71212,0.0003,2341.2000000000003
1987-03-06,0.70236,0.71537,0.70236,0.71537,861131,0.70887,0.0003,2384.5666666666666
1987-03-09,0.71537,0.71537,0.70887,0.70887,503608,0.71212,0.0003,2362.9
1987-03-10,0.70887,0.72187,0.70887,0.72187,1191744,0.71537,0.0003,2406.2333333333336
1987-03-11,0.72187,0.72838,0.71537,0.72838,542051,0.7235,0.0003,2427.933333333334
1987-03-12,0.72838,0.72838,0.71537,0.72838,572806,0.72513,0.0003,2427.933333333334
1987-03-13,0.72187,0.72187,0.71537,0.71537,707358,0.71862,0.0003,2384.5666666666666
1987-03-16,0.71537,0.72187,0.70236,0.70887,553584,0.71212,0.0003,2362.9
1987-03-17,0.70887,0.70887,0.70236,0.70887,2087474,0.70724,0.0003,2362.9
1987-03-18,0.70887,0.70887,0.68936,0.69586,403655,0.70074,0.0003,2319.5333333333338
1987-03-19,0.69586,0.69586,0.68936,0.68936,388278,0.69261,0.0003,2297.866666666667
1987-03-20,0.68936,0.69586,0.67635,0.68285,1576178,0.68611,0.0003,2276.1666666666665
1987-03-23,0.68285,0.68936,0.67635,0.68285,1653064,0.68285,0.0003,2276.1666666666665
1987-03-24,0.68285,0.69586,0.68285,0.68936,4924594,0.68773,0.0003,2297.866666666667
1987-03-25,0.68936,0.70236,0.68936,0.70236,380589,0.69586,0.0003,2341.2000000000003
1987-03-26,0.70236,0.70887,0.68936,0.68936,142240,0.69749,0.0003,2297.866666666667
1987-03-27,0.68936,0.70236,0.68285,0.68936,2583394,0.69098,0.0003,2297.866666666667
1987-03-30,0.68936,0.69586,0.66985,0.68285,811155,0.68448,0.0003,2276.1666666666665
1987-03-31,0.68285,0.68285,0.66985,0.68285,365212,0.6796,0.0003,2276.1666666666665
1987-04-01,0.68285,0.68285,0.66334,0.68285,3402237,0.67797,0.0003,2276.1666666666665
1987-04-02,0.68285,0.68611,0.67635,0.67635,557429,0.68042,0.0003,2254.5
1987-04-03,0.67635,0.68285,0.67635,0.67635,299858,0.67798,0.0003,2254.5
1987-04-06,0.67635,0.68285,0.65684,0.65684,1126390,0.66822,0.0003,2189.4666666666667
1987-04-07,0.65684,0.66334,0.63083,0.63083,3359950,0.64546,0.0003,2102.766666666667
1987-04-08,0.63083,0.64383,0.62432,0.63733,2956294,0.63408,0.0003,2124.4333333333334
1987-04-09,0.63733,0.65034,0.63083,0.63733,3794360,0.63896,0.0003,2124.4333333333334
1987-04-10,0.63733,0.65684,0.63733,0.65684,1902946,0.64708,0.0003,2189.4666666666667
1987-04-13,0.65684,0.66334,0.65034,0.66334,453632,0.65847,0.0003,2211.1333333333337
1987-04-14,0.66334,0.66334,0.65034,0.65684,1587711,0.65847,0.0003,2189.4666666666667
1987-04-15,0.65359,0.65359,0.64383,0.65034,2760233,0.65034,0.0003,2167.8
1987-04-16,0.65034,0.65034,0.64383,0.65034,1318607,0.64871,0.0003,2167.8
1987-04-20,0.65034,0.65684,0.64383,0.64383,61509,0.64871,0.0003,2146.1000000000004
1987-04-21,0.64383,0.65034,0.64383,0.65034,1856814,0.64709,0.0003,2167.8
1987-04-22,0.65034,0.65684,0.64383,0.65034,261415,0.65034,0.0003,2167.8
1987-04-23,0.65034,0.65684,0.64383,0.64383,180684,0.64871,0.0003,2146.1000000000004
1987-04-24,0.64383,0.65684,0.63733,0.63733,557429,0.64383,0.0003,2124.4333333333334
1987-04-27,0.63733,0.64383,0.62432,0.62432,772712,0.63245,0.0003,2081.0666666666666
1987-04-28,0.62758,0.63733,0.62758,0.63083,1922168,0.63083,0.0003,2102.766666666667
1987-04-29,0.63083,0.63733,0.62432,0.62432,1037971,0.6292,0.0003,2081.0666666666666
1987-04-30,0.62432,0.63733,0.61132,0.61457,3609831,0.62189,0.0003,2048.5666666666666
1987-05-01,0.61457,0.61782,0.61132,0.61782,2940917,0.61538,0.0003,2059.4
1987-05-04,0.61782,0.61782,0.61132,0.61132,1068725,0.61457,0.0003,2037.7333333333333
1987-05-05,0.61132,0.61782,0.59831,0.61782,11179329,0.61132,0.0003,2059.4
1987-05-06,0.61782,0.62432,0.61132,0.62107,1703041,0.61863,0.0003,2070.2333333333336
1987-05-07,0.62432,0.66334,0.62432,0.64383,2756389,0.63895,0.0003,2146.1000000000004
1987-05-08,0.64383,0.65034,0.63733,0.64383,1145612,0.64383,0.0003,2146.1000000000004
1987-05-11,0.64383,0.66334,0.64383,0.65684,4916906,0.65196,0.0003,2189.4666666666667
1987-05-12,0.65684,0.65684,0.65034,0.65034,149929,0.65359,0.0003,2167.8
1987-05-13,0.65034,0.65684,0.64383,0.64383,1314763,0.64871,0.0003,2146.1000000000004
1987-05-14,0.64383,0.65684,0.64383,0.65684,330613,0.65034,0.0003,2189.4666666666667
1987-05-15,0.65684,0.65684,0.64383,0.65684,1272475,0.65359,0.0003,2189.4666666666667
1987-05-18,0.65034,0.65034,0.64383,0.65034,234504,0.64871,0.0003,2167.8
1987-05-19,0.65034,0.65684,0.64383,0.65684,761179,0.65196,0.0003,2189.4666666666667
1987-05-20,0.65684,0.65684,0.64383,0.64383,1799149,0.65034,0.0003,2146.1000000000004
1987-05-21,0.64383,0.65684,0.64383,0.65684,9357114,0.65034,0.0003,2189.4666666666667
1987-05-22,0.65684,0.65684,0.65034,0.65034,180684,0.65359,0.0003,2167.8
1987-05-26,0.65034,0.65684,0.65034,0.65034,557429,0.65197,0.0003,2167.8
1987-05-27,0.65034,0.65684,0.65034,0.65034,361368,0.65197,0.0003,2167.8
1987-05-28,0.65034,0.65684,0.65034,0.65684,1772239,0.65359,0.0003,2189.4666666666667
1987-05-29,0.65684,0.65684,0.65034,0.65684,1168678,0.65522,0.0003,2189.4666666666667
1987-06-01,0.65684,0.65684,0.63733,0.64383,653537,0.64871,0.0,inf
1987-06-02,0.64383,0.64383,0.63083,0.63083,830377,0.63733,0.0,inf
1987-06-03,0.63083,0.63733,0.61132,0.61132,1676130,0.6227,0.0,inf
1987-06-04,0.61132,0.61782,0.60481,0.61782,772712,0.61294,0.0,inf
1987-06-05,0.61782,0.63733,0.61132,0.63733,4297968,0.62595,0.0,inf
1987-06-08,0.63733,0.63733,0.62432,0.63083,3494501,0.63245,0.0,inf
1987-06-09,0.63083,0.63733,0.63083,0.63083,1168678,0.63246,0.0,inf
1987-06-10,0.63083,0.63733,0.63083,0.63733,103797,0.63408,0.0,inf
1987-06-11,0.63733,0.64383,0.63083,0.63083,26910,0.63571,0.0,inf
1987-06-12,0.63083,0.64383,0.63083,0.64383,461320,0.63733,0.0,inf
1987-06-15,0.64383,0.65034,0.63733,0.65034,461320,0.64546,0.0,inf
1987-06-16,0.65034,0.65034,0.63733,0.65034,730424,0.64709,0.0,inf
1987-06-17,0.65034,0.66985,0.64383,0.66334,1756862,0.65684,0.0,inf
1987-06-18,0.66334,0.66985,0.65684,0.65684,1418560,0.66172,0.0,inf
1987-06-19,0.65684,0.66985,0.65684,0.66985,2395021,0.66335,0.0,inf
1987-06-22,0.66985,0.67635,0.66334,0.67635,111486,0.67147,0.0,inf
1987-06-23,0.67635,0.67635,0.66334,0.67635,568962,0.6731,0.0,inf
1987-06-24,0.67635,0.68285,0.66985,0.68285,3075469,0.67798,0.0,inf
1987-06-25,0.68285,0.68285,0.66334,0.66334,980306,0.6731,0.0,inf
1987-06-26,0.66334,0.67635,0.66334,0.66334,361368,0.66659,0.0,inf
1987-06-29,0.66334,0.67635,0.66334,0.67635,1107169,0.66985,0.0,inf
1987-06-30,0.67635,0.68285,0.67635,0.68285,853443,0.6796,0.0,inf
1987-07-01,0.68285,0.68285,0.67635,0.67635,1422404,0.6796,0.0,inf
1987-07-02,0.67635,0.68285,0.67635,0.67635,203750,0.67798,0.0,inf
1987-07-06,0.67635,0.68285,0.67635,0.68285,2860186,0.6796,0.0,inf
1987-07-07,0.68285,0.68285,0.67635,0.68285,311391,0.68123,0.0,inf
1987-07-08,0.68285,0.68936,0.67635,0.67635,734268,0.68123,0.0,inf
1987-07-09,0.68285,0.69586,0.68285,0.69586,2060564,0.68936,0.0,inf
1987-07-10,0.69586,0.70887,0.68611,0.69586,4701623,0.69668,0.0,inf
1987-07-13,0.70236,0.70887,0.70236,0.70887,4086529,0.70562,0.0,inf
1987-07-14,0.70887,0.71537,0.70887,0.71537,130707,0.71212,0.0,inf
1987-07-15,0.71537,0.71537,0.68285,0.70236,1591555,0.70399,0.0,inf
1987-07-16,0.70236,0.70236,0.69586,0.70236,184528,0.70074,0.0,inf
1987-07-17,0.70236,0.70887,0.70236,0.70236,165306,0.70399,0.0,inf
1987-07-20,0.70236,0.70887,0.70236,0.70236,219127,0.70399,0.0,inf
1987-07-21,0.70236,0.70236,0.68936,0.70236,968773,0.69911,0.0,inf
1987-07-22,0.70236,0.70236,0.69586,0.70236,568962,0.70074,0.0,inf
1987-07-23,0.70236,0.70236,0.69586,0.70236,15377,0.70074,0.0,inf
1987-07-24,0.70236,0.70236,0.69586,0.70236,119174,0.70074,0.0,inf
1987-07-27,0.70236,0.70236,0.69586,0.69911,334457,0.69992,0.0,inf
1987-07-28,0.69911,0.70236,0.69586,0.70236,2056720,0.69992,0.0,inf
1987-07-29,0.70236,0.70236,0.69586,0.69586,84575,0.69911,0.0,inf
1987-07-30,0.69586,0.70236,0.69586,0.70236,211438,0.69911,0.0,inf
1987-07-31,0.70236,0.70236,0.69586,0.69586,349835,0.69911,0.0,inf
1987-08-03,0.69586,0.70236,0.69586,0.70236,1337829,0.69911,0.0,inf
1987-08-04,0.70236,0.70236,0.69586,0.69586,115330,0.69911,0.0,inf
1987-08-05,0.69586,0.70236,0.69586,0.69586,107641,0.69749,0.0,inf
1987-08-06,0.70236,0.74138,0.70236,0.73163,2856342,0.71943,0.0,inf
1987-08-07,0.73163,0.74138,0.72838,0.74138,1729951,0.73569,0.0,inf
1987-08-10,0.74138,0.75439,0.74138,0.75439,184528,0.74789,0.0,inf
1987-08-11,0.75439,0.75439,0.73813,0.74138,3913534,0.74707,0.0,inf
1987-08-12,0.74138,0.75439,0.73488,0.73488,703513,0.74138,0.0,inf
1987-08-13,0.73488,0.74789,0.73488,0.73488,349835,0.73813,0.0,inf
1987-08-14,0.73488,0.74138,0.73488,0.74138,261415,0.73813,0.0,inf
1987-08-17,0.74138,0.74138,0.73488,0.74138,349835,0.73976,0.0,inf
1987-08-18,0.74138,0.74138,0.73488,0.74138,257571,0.73976,0.0,inf
1987-08-19,0.73488,0.73488,0.71537,0.71537,426721,0.72513,0.0,inf
1987-08-20,0.71537,0.72187,0.70236,0.70887,2910162,0.71212,0.0,inf
1987-08-21,0.70887,0.71537,0.68936,0.68936,1633843,0.70074,0.0,inf
1987-08-24,0.68936,0.69586,0.65034,0.68936,2256625,0.68123,0.0,inf
1987-08-25,0.68936,0.69586,0.68285,0.68936,7373436,0.68936,0.0,inf
1987-08-26,0.68936,0.68936,0.68285,0.68936,253726,0.68773,0.0,inf
1987-08-27,0.68936,0.69586,0.65684,0.67635,1753017,0.6796,0.0,inf
1987-08-28,0.67635,0.67635,0.66334,0.66985,2421932,0.67147,0.0,inf
1987-08-31,0.66985,0.66985,0.66334,0.66985,296014,0.66822,0.0003,2232.8333333333335
1987-09-01,0.66985,0.66985,0.65359,0.66334,2183583,0.66416,0.0003,2211.1333333333337
1987-09-02,0.66334,0.66334,0.63733,0.65034,9380180,0.65359,0.0003,2167.8
1987-09-03,0.65034,0.65684,0.64383,0.65034,5197542,0.65034,0.0003,2167.8
1987-09-04,0.65034,0.65684,0.64383,0.65034,211438,0.65034,0.0003,2167.8
1987-09-08,0.65034,0.65034,0.64383,0.65034,1076414,0.64871,0.0003,2167.8
1987-09-09,0.65034,0.65684,0.64383,0.65684,238349,0.65196,0.0003,2189.4666666666667
1987-09-10,0.65684,0.71537,0.65034,0.69586,849598,0.6796,0.0003,2319.5333333333338
1987-09-11,0.69586,0.70887,0.69586,0.70887,2222026,0.70237,0.0003,2362.9
1987-09-14,0.70887,0.70887,0.70236,0.70236,61509,0.70562,0.0003,2341.2000000000003
1987-09-15,0.70236,0.71537,0.70236,0.70887,211438,0.70724,0.0003,2362.9
1987-09-16,0.70887,0.71537,0.70887,0.70887,372901,0.7105,0.0003,2362.9
1987-09-17,0.70887,0.71537,0.70887,0.70887,103797,0.7105,0.0003,2362.9
1987-09-18,0.70887,0.71537,0.70887,0.70887,788089,0.7105,0.0003,2362.9
1987-09-21,0.70887,0.72187,0.70887,0.72187,365212,0.71537,0.0003,2406.2333333333336
1987-09-22,0.72187,0.72187,0.71537,0.71537,1457003,0.71862,0.0003,2384.5666666666666
1987-09-23,0.71537,0.73488,0.71537,0.73488,1726107,0.72513,0.0003,2449.6000000000004
1987-09-24,0.73488,0.75439,0.72838,0.75439,13201450,0.74301,0.0003,2514.6333333333337
1987-09-25,0.75439,0.75439,0.74138,0.74789,1068725,0.74951,0.0003,2492.966666666667
1987-09-28,0.74789,0.76089,0.74789,0.74789,2721790,0.75114,0.0003,2492.966666666667
1987-09-29,0.74789,0.75439,0.74789,0.74789,415188,0.74952,0.0003,2492.966666666667
1987-09-30,0.74789,0.76089,0.74789,0.76089,741957,0.75439,0.0003,2536.3
1987-10-01,0.76089,0.76089,0.74789,0.76089,442099,0.75764,0.0003,2536.3
1987-10-02,0.76089,0.79341,0.75439,0.79341,1337829,0.77553,0.0003,2644.7000000000003
1987-10-05,0.79341,0.80642,0.7804,0.79991,1376272,0.79504,0.0003,2666.366666666667
1987-10-06,0.79991,0.80642,0.79341,0.79341,1691508,0.79829,0.0003,2644.7000000000003
1987-10-07,0.79341,0.79991,0.7804,0.79341,845754,0.79178,0.0003,2644.7000000000003
1987-10-08,0.79341,0.79341,0.7804,0.79341,234504,0.79016,0.0003,2644.7000000000003
1987-10-09,0.79341,0.79341,0.78691,0.78691,269104,0.79016,0.0003,2623.0333333333338
1987-10-12,0.78691,0.79341,0.7804,0.7804,599716,0.78528,0.0003,2601.3333333333335
1987-10-13,0.7804,0.78691,0.7739,0.7739,430566,0.77878,0.0003,2579.666666666667
1987-10-14,0.7739,0.78691,0.7674,0.7674,353679,0.7739,0.0003,2558.0
1987-10-15,0.7674,0.7804,0.72838,0.73488,3336884,0.75277,0.0003,2449.6000000000004
1987-10-16,0.73488,0.73488,0.65684,0.66334,1753017,0.69748,0.0003,2211.1333333333337
1987-10-19,0.64383,0.64383,0.5788,0.59181,1330140,0.61457,0.0003,1972.7
1987-10-20,0.5788,0.5788,0.49426,0.50076,2541106,0.53815,0.0003,1669.2
1987-10-21,0.50076,0.55279,0.50076,0.54628,6108650,0.52515,0.0003,1820.9333333333334
1987-10-22,0.54628,0.55279,0.52027,0.55279,5162943,0.54303,0.0003,1842.6333333333334
1987-10-23,0.55279,0.55929,0.53978,0.55279,2072097,0.55116,0.0003,1842.6333333333334
1987-10-26,0.55279,0.55929,0.51051,0.52027,2571861,0.53571,0.0003,1734.2333333333336
1987-10-27,0.52027,0.52677,0.47475,0.47475,3194643,0.49914,0.0003,1582.5000000000002
1987-10-28,0.47475,0.47475,0.43573,0.46824,1468536,0.46337,0.0003,1560.8000000000002
1987-10-29,0.46824,0.51377,0.44223,0.51377,2014432,0.4845,0.0003,1712.5666666666666
1987-10-30,0.51377,0.56579,0.51377,0.55279,1591555,0.53653,0.0003,1842.6333333333334
1987-11-02,0.55279,0.5723,0.55279,0.55279,1826060,0.55767,0.0003,1842.6333333333334
1987-11-03,0.55279,0.55604,0.52677,0.53978,1968300,0.54384,0.0003,1799.2666666666669
1987-11-04,0.53328,0.53328,0.51377,0.52677,618938,0.52678,0.0003,1755.9
1987-11-05,0.52677,0.53328,0.51377,0.52677,849598,0.52515,0.0003,1755.9
1987-11-06,0.52677,0.54628,0.52027,0.53328,1145612,0.53165,0.0003,1777.6000000000001
1987-11-09,0.53328,0.53978,0.52027,0.52027,2022121,0.5284,0.0003,1734.2333333333336
1987-11-10,0.52027,0.52677,0.51377,0.51377,814999,0.51865,0.0003,1712.5666666666666
1987-11-11,0.52027,0.53978,0.52027,0.53328,1184055,0.5284,0.0003,1777.6000000000001
1987-11-12,0.55279,0.5723,0.55279,0.55929,2452686,0.55929,0.0003,1864.3
1987-11-13,0.55929,0.5723,0.54628,0.54628,618938,0.55604,0.0003,1820.9333333333334
1987-11-16,0.57555,0.57555,0.55603,0.57555,691980,0.57067,0.0003,1918.5000000000002
1987-11-17,0.57555,0.57555,0.53653,0.56579,520267,0.56336,0.0003,1885.966666666667
1987-11-18,0.56579,0.57555,0.55603,0.56579,2119511,0.56579,0.0003,1885.966666666667
1987-11-19,0.56579,0.56579,0.54628,0.54628,445943,0.55604,0.0003,1820.9333333333334
1987-11-20,0.54628,0.54628,0.52677,0.54628,689418,0.5414,0.0003,1820.9333333333334
1987-11-23,0.54628,0.54628,0.52677,0.52677,1109732,0.53652,0.0003,1755.9
1987-11-24,0.53653,0.55603,0.53653,0.54628,1765832,0.54384,0.0003,1820.9333333333334
1987-11-25,0.54628,0.55603,0.53653,0.55603,858568,0.54872,0.0003,1853.4333333333336
1987-11-27,0.55603,0.55603,0.54628,0.54628,386996,0.55116,0.0003,1820.9333333333334
1987-11-30,0.54628,0.55603,0.51702,0.51702,676603,0.53409,0.0004,1292.55
1987-12-01,0.51702,0.53653,0.51702,0.53653,712484,0.52678,0.0004,1341.3249999999998
1987-12-02,0.53653,0.53653,0.51702,0.52677,428003,0.52921,0.0004,1316.9249999999997
1987-12-03,0.52677,0.52677,0.49751,0.49751,917515,0.51214,0.0004,1243.7749999999999
1987-12-04,0.49751,0.51702,0.46824,0.478,1204559,0.49019,0.0004,1195.0
1987-12-07,0.478,0.478,0.46824,0.478,392122,0.47556,0.0004,1195.0
1987-12-08,0.478,0.48775,0.46824,0.48775,630471,0.48044,0.0004,1219.375
1987-12-09,0.48775,0.50726,0.46824,0.50726,602279,0.49263,0.0004,1268.15
1987-12-10,0.50726,0.50726,0.48287,0.49751,2585957,0.49873,0.0004,1243.7749999999999
1987-12-11,0.49751,0.52677,0.48775,0.52677,4039116,0.5097,0.0004,1316.9249999999997
1987-12-14,0.52677,0.55603,0.51702,0.55603,3226679,0.53896,0.0004,1390.075
1987-12-15,0.55603,0.61457,0.55603,0.61457,3511160,0.5853,0.0004,1536.4249999999997
1987-12-16,0.61457,0.62432,0.60481,0.62432,1381398,0.61701,0.0004,1560.8
1987-12-17,0.62432,0.65359,0.61457,0.63408,3090846,0.63164,0.0004,1585.1999999999998
1987-12-18,0.63408,0.65359,0.61457,0.63408,1107169,0.63408,0.0004,1585.1999999999998
1987-12-21,0.63408,0.65359,0.63408,0.64383,1322452,0.64139,0.0004,1609.575
1987-12-22,0.64383,0.65359,0.61457,0.65359,9313545,0.64139,0.0004,1633.975
1987-12-23,0.65359,0.65359,0.63408,0.64383,338302,0.64627,0.0004,1609.575
1987-12-24,0.64383,0.65359,0.63408,0.63408,3226679,0.64139,0.0004,1585.1999999999998
1987-12-28,0.63408,0.64383,0.62432,0.63408,2037498,0.63408,0.0004,1585.1999999999998
1987-12-29,0.62432,0.62432,0.60481,0.62432,1281445,0.61944,0.0004,1560.8
1987-12-30,0.62432,0.64383,0.62432,0.64383,3629053,0.63407,0.0004,1609.575
1987-12-31,0.64383,0.64383,0.61457,0.64383,394685,0.63651,0.0004,1609.575
1988-01-04,0.64383,0.6731,0.64383,0.65359,1007216,0.65359,0.0004,1633.975
1988-01-05,0.65359,0.66334,0.65359,0.66334,2383488,0.65847,0.0004,1658.35
1988-01-06,0.65359,0.65359,0.64383,0.65359,2065690,0.65115,0.0004,1633.975
1988-01-07,0.65359,0.66334,0.64383,0.65359,914952,0.65359,0.0004,1633.975
1988-01-08,0.65359,0.66334,0.65359,0.65359,176839,0.65603,0.0004,1633.975
1988-01-11,0.63408,0.63408,0.60481,0.61457,1296823,0.62189,0.0004,1536.4249999999997
1988-01-12,0.61457,0.62432,0.60481,0.62432,917515,0.61701,0.0004,1560.8
1988-01-13,0.62432,0.62432,0.60481,0.62432,66635,0.61944,0.0004,1560.8
1988-01-14,0.62432,0.62432,0.60481,0.61457,215283,0.61701,0.0004,1536.4249999999997
1988-01-15,0.61457,0.63408,0.61457,0.61457,635597,0.61945,0.0004,1536.4249999999997
1988-01-18,0.61457,0.63408,0.61457,0.63408,38443,0.62433,0.0004,1585.1999999999998
1988-01-19,0.63408,0.63408,0.61457,0.62432,504889,0.62676,0.0004,1560.8
1988-01-20,0.62432,0.62432,0.59506,0.60481,1153301,0.61213,0.0004,1512.0249999999999
1988-01-21,0.60481,0.62432,0.5853,0.61457,594591,0.60725,0.0004,1536.4249999999997
1988-01-22,0.62432,0.63408,0.62432,0.63408,1847844,0.6292,0.0004,1585.1999999999998
1988-01-25,0.63408,0.63408,0.62432,0.62432,448506,0.6292,0.0004,1560.8
1988-01-26,0.62432,0.63408,0.61457,0.62432,994402,0.62432,0.0004,1560.8
1988-01-27,0.63408,0.65359,0.63408,0.63408,814999,0.63896,0.0004,1585.1999999999998
1988-01-28,0.63408,0.65359,0.63408,0.65359,99953,0.64383,0.0004,1633.975
1988-01-29,0.65359,0.65359,0.64383,0.64383,543333,0.64871,0.0004,1609.575
1988-02-01,0.64383,0.6731,0.64383,0.66334,2193834,0.65603,0.0004,1658.35
1988-02-02,0.66334,0.66334,0.64871,0.66334,228097,0.65968,0.0004,1658.35
1988-02-03,0.66334,0.66334,0.64383,0.65846,1002090,0.65724,0.0004,1646.15
1988-02-04,0.65846,0.6731,0.65359,0.66334,1330140,0.66212,0.0004,1658.35
1988-02-05,0.66334,0.66334,0.64383,0.66334,199905,0.65846,0.0004,1658.35
1988-02-08,0.66334,0.66334,0.64383,0.64383,2065690,0.65359,0.0004,1609.575
1988-02-09,0.64383,0.65359,0.64383,0.65359,164025,0.64871,0.0004,1633.975
1988-02-10,0.65359,0.6731,0.65359,0.66334,1758143,0.66091,0.0004,1658.35
1988-02-11,0.66334,0.68285,0.66334,0.6731,1799149,0.67066,0.0004,1682.75
1988-02-12,0.6731,0.69261,0.6731,0.68285,1822215,0.68042,0.0004,1707.1249999999998
1988-02-16,0.68285,0.72187,0.6731,0.70724,1307074,0.69627,0.0004,1768.1
1988-02-17,0.71212,0.75114,0.71212,0.73163,799622,0.72675,0.0004,1829.0749999999998
1988-02-18,0.73163,0.73163,0.70236,0.70236,1014905,0.717,0.0004,1755.8999999999999
1988-02-19,0.70236,0.71212,0.68285,0.69261,2268158,0.69748,0.0004,1731.5249999999999
1988-02-22,0.69261,0.70236,0.68285,0.70236,835502,0.69505,0.0004,1755.8999999999999
1988-02-23,0.70236,0.71212,0.69261,0.71212,2565454,0.7048,0.0004,1780.3
1988-02-24,0.71212,0.72187,0.70236,0.71212,435691,0.71212,0.0004,1780.3
1988-02-25,0.71212,0.72187,0.70236,0.71212,289607,0.71212,0.0004,1780.3
1988-02-26,0.71212,0.72187,0.71212,0.72187,266541,0.717,0.0004,1804.675
1988-02-29,0.72187,0.74138,0.72187,0.73163,333176,0.72919,0.0004,1829.0749999999998
1988-03-01,0.73163,0.74138,0.73163,0.74138,627908,0.73651,0.0004,1853.45
1988-03-02,0.74138,0.77065,0.74138,0.75114,1353206,0.75114,0.0004,1877.85
1988-03-03,0.75114,0.77065,0.75114,0.75114,297295,0.75602,0.0004,1877.85
1988-03-04,0.75114,0.77065,0.75114,0.76089,489512,0.75846,0.0004,1902.225
1988-03-07,0.76089,0.77065,0.75114,0.76089,210157,0.76089,0.0004,1902.225
1988-03-08,0.76089,0.77065,0.75114,0.75114,379308,0.75846,0.0004,1877.85
1988-03-09,0.75114,0.78528,0.75114,0.78528,1186618,0.76821,0.0004,1963.1999999999998
1988-03-10,0.78528,0.79016,0.76089,0.76089,471572,0.77431,0.0004,1902.225
1988-03-11,0.76089,0.7804,0.75114,0.76089,522830,0.76333,0.0004,1902.225
1988-03-14,0.76089,0.77065,0.75114,0.75114,558710,0.75846,0.0004,1877.85
1988-03-15,0.75114,0.7804,0.75114,0.7804,2291224,0.76577,0.0004,1950.9999999999998
1988-03-16,0.7804,0.7804,0.76089,0.77065,215283,0.77309,0.0004,1926.6249999999998
1988-03-17,0.77065,0.7804,0.75114,0.76089,858568,0.76577,0.0004,1902.225
1988-03-18,0.76089,0.7804,0.75114,0.76089,868820,0.76333,0.0004,1902.225
1988-03-21,0.76089,0.7804,0.75114,0.77065,463883,0.76577,0.0004,1926.6249999999998
1988-03-22,0.76089,0.76089,0.75114,0.75114,169151,0.75602,0.0004,1877.85
1988-03-23,0.75114,0.77065,0.75114,0.77065,425440,0.7609,0.0004,1926.6249999999998
1988-03-24,0.76089,0.76089,0.75114,0.76089,2685909,0.75845,0.0004,1902.225
1988-03-25,0.76089,0.76089,0.74626,0.76089,2729479,0.75723,0.0004,1902.225
1988-03-28,0.75114,0.75114,0.73163,0.75114,522830,0.74626,0.0004,1877.85
1988-03-29,0.75114,0.75114,0.72187,0.73163,2216900,0.73895,0.0004,1829.0749999999998
1988-03-30,0.73163,0.74138,0.70236,0.71212,1053348,0.72187,0.0004,1780.3
1988-03-31,0.71212,0.72187,0.70236,0.72187,345990,0.71456,0.0004,1804.675
1988-04-04,0.72187,0.72187,0.70236,0.71212,328050,0.71456,0.0004,1780.3
1988-04-05,0.71212,0.72187,0.70236,0.72187,222971,0.71456,0.0004,1804.675
1988-04-06,0.72187,0.74138,0.72187,0.7365,845754,0.73041,0.0004,1841.25
1988-04-07,0.7365,0.74138,0.72187,0.7365,322924,0.73406,0.0004,1841.25
1988-04-08,0.7365,0.74138,0.72187,0.73163,379308,0.73285,0.0004,1829.0749999999998
1988-04-11,0.73163,0.74138,0.73163,0.74138,463883,0.73651,0.0004,1853.45
1988-04-12,0.74138,0.74138,0.72187,0.74138,189654,0.7365,0.0004,1853.45
1988-04-13,0.74138,0.74138,0.72187,0.72187,302421,0.73163,0.0004,1804.675
1988-04-14,0.72187,0.73163,0.69261,0.70236,1494165,0.71212,0.0004,1755.8999999999999
1988-04-15,0.70236,0.71212,0.69261,0.70236,399811,0.70236,0.0004,1755.8999999999999
1988-04-18,0.70236,0.70236,0.69261,0.70236,112767,0.69992,0.0004,1755.8999999999999
1988-04-19,0.70236,0.70236,0.69261,0.69261,345990,0.69748,0.0004,1731.5249999999999
1988-04-20,0.69261,0.70236,0.68285,0.68285,704795,0.69017,0.0004,1707.1249999999998
1988-04-21,0.68285,0.69261,0.68285,0.69261,461320,0.68773,0.0004,1731.5249999999999
1988-04-22,0.69261,0.71212,0.68285,0.70236,330613,0.69749,0.0004,1755.8999999999999
1988-04-25,0.70236,0.71212,0.69261,0.70236,930329,0.70236,0.0004,1755.8999999999999
1988-04-26,0.70236,0.70236,0.68285,0.69261,74324,0.69504,0.0004,1731.5249999999999
1988-04-27,0.69261,0.70236,0.68285,0.68285,1040534,0.69017,0.0004,1707.1249999999998
1988-04-28,0.68285,0.69261,0.68285,0.69261,451069,0.68773,0.0004,1731.5249999999999
1988-04-29,0.69261,0.70236,0.69261,0.70236,510015,0.69749,0.0004,1755.8999999999999
1988-05-02,0.70236,0.70236,0.68285,0.70236,297295,0.69748,0.0004,1755.8999999999999
1988-05-03,0.70236,0.71212,0.69261,0.70236,212720,0.70236,0.0004,1755.8999999999999
1988-05-04,0.70236,0.71212,0.69261,0.69261,97390,0.69992,0.0004,1731.5249999999999
1988-05-05,0.71212,0.72187,0.71212,0.71212,115330,0.71456,0.0004,1780.3
1988-05-06,0.71212,0.73163,0.70236,0.72187,1266068,0.717,0.0004,1804.675
1988-05-09,0.71212,0.71212,0.68285,0.69261,2732041,0.69992,0.0004,1731.5249999999999
1988-05-10,0.69261,0.70236,0.68285,0.69261,1014905,0.69261,0.0004,1731.5249999999999
1988-05-11,0.69261,0.69261,0.6731,0.69261,589465,0.68773,0.0004,1731.5249999999999
1988-05-12,0.69261,0.70236,0.68285,0.69261,2114385,0.69261,0.0004,1731.5249999999999
1988-05-13,0.69261,0.70236,0.68285,0.69261,199905,0.69261,0.0004,1731.5249999999999
1988-05-16,0.70236,0.71212,0.70236,0.70236,187091,0.7048,0.0004,1755.8999999999999
1988-05-17,0.71212,0.74138,0.71212,0.71212,753490,0.71944,0.0004,1780.3
1988-05-18,0.71212,0.71212,0.68285,0.68773,1155864,0.6987,0.0004,1719.3249999999998
1988-05-19,0.68773,0.69261,0.66334,0.69261,545896,0.68407,0.0004,1731.5249999999999
1988-05-20,0.69261,0.69261,0.6731,0.6731,4756725,0.68286,0.0004,1682.75
1988-05-23,0.6731,0.6731,0.64383,0.64383,4556820,0.65847,0.0004,1609.575
1988-05-24,0.62432,0.62432,0.55603,0.57555,16402500,0.59506,0.0004,1438.875
1988-05-25,0.57555,0.59506,0.56579,0.5853,3142104,0.58043,0.0004,1463.25
1988-05-26,0.5853,0.59506,0.57555,0.59506,1427530,0.58774,0.0004,1487.65
1988-05-27,0.59506,0.59506,0.57555,0.5853,3275374,0.58774,0.0004,1463.25
1988-05-31,0.5853,0.60481,0.57555,0.5853,2104133,0.58774,0.0,inf
1988-06-01,0.5853,0.60481,0.5853,0.60481,6942871,0.59506,0.0,inf
1988-06-02,0.60481,0.60481,0.59018,0.59506,671477,0.59872,0.0,inf
1988-06-03,0.60481,0.61457,0.60481,0.61457,1145612,0.60969,0.0,inf
1988-06-06,0.61457,0.62432,0.60969,0.62432,4974571,0.61823,0.0,inf
1988-06-07,0.62432,0.62432,0.61457,0.62432,253726,0.62188,0.0,inf
1988-06-08,0.62432,0.65359,0.61457,0.63408,2844809,0.63164,0.0,inf
1988-06-09,0.63408,0.65359,0.63408,0.64383,112767,0.64139,0.0,inf
1988-06-10,0.64383,0.66334,0.64383,0.66334,148648,0.65359,0.0,inf
1988-06-13,0.66334,0.6731,0.64383,0.66822,681729,0.66212,0.0,inf
1988-06-14,0.66822,0.68285,0.66334,0.68285,256289,0.67432,0.0,inf
1988-06-15,0.68285,0.68285,0.65846,0.66334,271666,0.67188,0.0,inf
1988-06-16,0.65359,0.65359,0.62432,0.65359,1335266,0.64627,0.0,inf
1988-06-17,0.64383,0.64383,0.63408,0.63895,750927,0.64017,0.0,inf
1988-06-20,0.63895,0.64383,0.62432,0.64383,107641,0.63773,0.0,inf
1988-06-21,0.64383,0.64383,0.62432,0.64383,3198488,0.63895,0.0,inf
1988-06-22,0.64383,0.64383,0.62432,0.62432,661226,0.63407,0.0,inf
1988-06-23,0.62432,0.62432,0.60481,0.61457,5412825,0.61701,0.0,inf
1988-06-24,0.61457,0.61457,0.5853,0.60481,5100152,0.60481,0.0,inf
1988-06-27,0.60481,0.60481,0.5853,0.60481,838065,0.59993,0.0,inf
1988-06-28,0.60481,0.65359,0.60481,0.65359,1412153,0.6292,0.0,inf
1988-06-29,0.65359,0.72187,0.65359,0.70236,3211302,0.68285,0.0,inf
1988-06-30,0.69261,0.69261,0.6731,0.69261,1012342,0.68773,0.0,inf
1988-07-01,0.69261,0.69261,0.68285,0.68285,566399,0.68773,0.0,inf
1988-07-05,0.68285,0.69261,0.68285,0.68285,492075,0.68529,0.0,inf
1988-07-06,0.68285,0.69261,0.65359,0.65359,4538879,0.67066,0.0,inf
1988-07-07,0.65359,0.66334,0.62432,0.64383,1127672,0.64627,0.0,inf
1988-07-08,0.64383,0.65359,0.63408,0.63408,1020030,0.64139,0.0,inf
1988-07-11,0.63408,0.64383,0.62432,0.64383,858568,0.63651,0.0,inf
1988-07-12,0.64383,0.64383,0.61457,0.61457,5984350,0.6292,0.0,inf
1988-07-13,0.61457,0.63408,0.61457,0.61457,1865784,0.61945,0.0,inf
1988-07-14,0.61457,0.63408,0.61457,0.61457,1814527,0.61945,0.0,inf
1988-07-15,0.61457,0.62432,0.61457,0.62432,2737167,0.61945,0.0,inf
1988-07-18,0.62432,0.62432,0.61457,0.62432,2321979,0.62188,0.0,inf
1988-07-19,0.62432,0.62432,0.61457,0.62432,1460848,0.62188,0.0,inf
1988-07-20,0.62432,0.62432,0.59506,0.59506,3600861,0.60969,0.0,inf
1988-07-21,0.59506,0.61457,0.59506,0.60481,197343,0.60238,0.0,inf
1988-07-22,0.60481,0.61457,0.59506,0.60481,579213,0.60481,0.0,inf
1988-07-25,0.60481,0.61457,0.59506,0.60481,791933,0.60481,0.0,inf
1988-07-26,0.60481,0.61457,0.59506,0.59506,1114857,0.60238,0.0,inf
1988-07-27,0.59506,0.60481,0.59506,0.59506,981587,0.5975,0.0,inf
1988-07-28,0.59506,0.60481,0.59506,0.60481,917515,0.59994,0.0,inf
1988-07-29,0.60481,0.60481,0.59506,0.60481,1568489,0.60237,0.0,inf
1988-08-01,0.60481,0.60481,0.59506,0.60481,335739,0.60237,0.0,inf
1988-08-02,0.60481,0.63408,0.59993,0.62432,6561000,0.61579,0.0,inf
1988-08-03,0.62432,0.64383,0.61457,0.64383,868820,0.63164,0.0,inf
1988-08-04,0.64383,0.64383,0.62432,0.63408,4977134,0.63651,0.0,inf
1988-08-05,0.63408,0.64383,0.63408,0.64383,594591,0.63895,0.0,inf
1988-08-08,0.64383,0.64383,0.62432,0.64383,827814,0.63895,0.0,inf
1988-08-09,0.64383,0.64383,0.62432,0.63408,1004653,0.63651,0.0,inf
1988-08-10,0.63408,0.63408,0.62432,0.6292,1829904,0.63042,0.0,inf
1988-08-11,0.6292,0.63408,0.61457,0.62432,1127672,0.62554,0.0,inf
1988-08-12,0.62432,0.63408,0.62432,0.63408,361368,0.6292,0.0,inf
1988-08-15,0.63408,0.63408,0.61457,0.61457,656100,0.62433,0.0,inf
1988-08-16,0.61457,0.63408,0.61457,0.63408,322924,0.62433,0.0,inf
1988-08-17,0.63408,0.63408,0.62432,0.63408,945707,0.63164,0.0,inf
1988-08-18,0.63408,0.6731,0.62432,0.64383,1722263,0.64383,0.0,inf
1988-08-19,0.64383,0.65359,0.61457,0.61457,761179,0.63164,0.0,inf
1988-08-22,0.61457,0.64383,0.61457,0.64383,2134888,0.6292,0.0,inf
1988-08-23,0.64383,0.65359,0.62432,0.65359,691980,0.64383,0.0,inf
1988-08-24,0.65359,0.66334,0.64383,0.66334,996964,0.65603,0.0,inf
1988-08-25,0.65359,0.65359,0.62432,0.64383,907263,0.64383,0.0,inf
1988-08-26,0.64383,0.65359,0.62432,0.63408,945707,0.63895,0.0,inf
1988-08-29,0.63408,0.63408,0.61457,0.62432,128145,0.62676,0.0,inf
1988-08-30,0.62432,0.63408,0.62432,0.63408,361368,0.6292,0.0,inf
1988-08-31,0.63408,0.66334,0.62432,0.64383,1788898,0.64139,0.0004,1609.575
1988-09-01,0.64383,0.64383,0.62432,0.63408,143522,0.63651,0.0004,1585.1999999999998
1988-09-02,0.63408,0.66822,0.63408,0.65359,715046,0.64749,0.0004,1633.975
1988-09-06,0.65359,0.65359,0.63408,0.63408,320361,0.64383,0.0004,1585.1999999999998
1988-09-07,0.64383,0.66334,0.64383,0.66334,276792,0.65359,0.0004,1658.35
1988-09-08,0.66334,0.66334,0.65359,0.66334,94827,0.6609,0.0004,1658.35
1988-09-09,0.66334,0.66334,0.64383,0.66334,561273,0.65846,0.0004,1658.35
1988-09-12,0.66334,0.66334,0.64383,0.65359,338302,0.65603,0.0004,1633.975
1988-09-13,0.65359,0.66334,0.65359,0.66334,143522,0.65847,0.0004,1658.35
1988-09-14,0.66334,0.6731,0.65359,0.66334,1109732,0.66334,0.0004,1658.35
1988-09-15,0.66334,0.6731,0.66334,0.66334,361368,0.66578,0.0004,1658.35
1988-09-16,0.66334,0.6731,0.65359,0.6731,768867,0.66578,0.0004,1682.75
1988-09-19,0.6731,0.69261,0.65359,0.69261,827814,0.67798,0.0004,1731.5249999999999
1988-09-20,0.69261,0.70236,0.6731,0.70236,1166115,0.69261,0.0004,1755.8999999999999
1988-09-21,0.70236,0.70236,0.69261,0.70236,222971,0.69992,0.0004,1755.8999999999999
1988-09-22,0.70236,0.70236,0.68285,0.70236,299858,0.69748,0.0004,1755.8999999999999
1988-09-23,0.70236,0.70236,0.68285,0.69261,799622,0.69504,0.0004,1731.5249999999999
1988-09-26,0.69261,0.69261,0.68285,0.68285,279355,0.68773,0.0004,1707.1249999999998
1988-09-27,0.68285,0.69261,0.6731,0.67797,202468,0.68163,0.0004,1694.9249999999997
1988-09-28,0.6731,0.6731,0.6731,0.6731,140959,0.6731,0.0004,1682.75
1988-09-29,0.6731,0.69261,0.6731,0.69261,768867,0.68286,0.0004,1731.5249999999999
1988-09-30,0.69261,0.69748,0.68285,0.69261,210157,0.69139,0.0004,1731.5249999999999
1988-10-03,0.69261,0.70236,0.68285,0.68285,768867,0.69017,0.0004,1707.1249999999998
1988-10-04,0.68285,0.70236,0.68285,0.69261,932892,0.69017,0.0004,1731.5249999999999
1988-10-05,0.69261,0.70236,0.68285,0.68285,220409,0.69017,0.0004,1707.1249999999998
1988-10-06,0.69261,0.71212,0.69261,0.69261,307547,0.69749,0.0004,1731.5249999999999
1988-10-07,0.69261,0.71212,0.69261,0.70236,3608550,0.69993,0.0004,1755.8999999999999
1988-10-10,0.70236,0.71212,0.70236,0.70236,276792,0.7048,0.0004,1755.8999999999999
1988-10-11,0.70236,0.71212,0.69261,0.71212,292170,0.7048,0.0004,1780.3
1988-10-12,0.71212,0.71212,0.68285,0.68285,430566,0.69748,0.0004,1707.1249999999998
1988-10-13,0.68285,0.70236,0.68285,0.68285,138396,0.68773,0.0004,1707.1249999999998
1988-10-14,0.68285,0.70236,0.68285,0.69261,92264,0.69017,0.0004,1731.5249999999999
1988-10-17,0.69261,0.70236,0.69261,0.69261,279355,0.69505,0.0004,1731.5249999999999
1988-10-18,0.69261,0.70236,0.68285,0.69261,548459,0.69261,0.0004,1731.5249999999999
1988-10-19,0.69261,0.70236,0.69261,0.69261,899575,0.69505,0.0004,1731.5249999999999
1988-10-20,0.69261,0.70236,0.69261,0.70236,5369256,0.69749,0.0004,1755.8999999999999
1988-10-21,0.70236,0.70236,0.69261,0.69748,1119983,0.6987,0.0004,1743.6999999999998
1988-10-24,0.69748,0.70236,0.69261,0.70236,1491602,0.6987,0.0004,1755.8999999999999
1988-10-25,0.70236,0.71212,0.69261,0.71212,3954540,0.7048,0.0004,1780.3
1988-10-26,0.71212,0.71212,0.70236,0.71212,1119983,0.70968,0.0004,1780.3
1988-10-27,0.71212,0.71212,0.70236,0.71212,299858,0.70968,0.0004,1780.3
1988-10-28,0.71212,0.71212,0.70236,0.71212,312673,0.70968,0.0004,1780.3
1988-10-31,0.71212,0.71212,0.70236,0.71212,82013,0.70968,0.0004,1780.3
1988-11-01,0.71212,0.72187,0.70236,0.70236,133270,0.70968,0.0004,1755.8999999999999
1988-11-02,0.70236,0.72187,0.70236,0.71212,599716,0.70968,0.0004,1780.3
1988-11-03,0.71212,0.72187,0.70236,0.71212,1722263,0.71212,0.0004,1780.3
1988-11-04,0.70236,0.70236,0.69261,0.70236,507452,0.69992,0.0004,1755.8999999999999
1988-11-07,0.70236,0.70236,0.64383,0.66334,4618329,0.67797,0.0004,1658.35
1988-11-08,0.66334,0.68285,0.66334,0.6731,781682,0.67066,0.0004,1682.75
1988-11-09,0.6731,0.68285,0.66334,0.66334,51258,0.67066,0.0004,1658.35
1988-11-10,0.66334,0.68285,0.66334,0.66334,87138,0.66822,0.0004,1658.35
1988-11-11,0.66334,0.6731,0.65359,0.65846,530518,0.66212,0.0004,1646.15
1988-11-14,0.65846,0.66334,0.65359,0.66334,376745,0.65968,0.0004,1658.35
1988-11-15,0.66334,0.6731,0.65359,0.66334,345990,0.66334,0.0004,1658.35
1988-11-16,0.66334,0.6731,0.66334,0.66334,230660,0.66578,0.0004,1658.35
1988-11-17,0.66334,0.6731,0.66334,0.66334,189654,0.66578,0.0004,1658.35
1988-11-18,0.66334,0.6731,0.66334,0.66334,274229,0.66578,0.0004,1658.35
1988-11-21,0.66334,0.6731,0.66334,0.6731,732987,0.66822,0.0004,1682.75
1988-11-22,0.6731,0.6731,0.65359,0.65359,156336,0.66335,0.0004,1633.975
1988-11-23,0.65359,0.66334,0.65359,0.65359,58946,0.65603,0.0004,1633.975
1988-11-25,0.65359,0.66334,0.65359,0.65359,51258,0.65603,0.0004,1633.975
1988-11-28,0.65359,0.66334,0.65359,0.65846,2001618,0.65725,0.0004,1646.15
1988-11-29,0.65846,0.66334,0.65359,0.65359,89701,0.65725,0.0004,1633.975
1988-11-30,0.65359,0.66334,0.65359,0.65359,302421,0.65603,0.0004,1633.975
1988-12-01,0.65359,0.66334,0.63408,0.63408,1583866,0.64627,0.0004,1585.1999999999998
1988-12-02,0.63408,0.63408,0.62432,0.62432,656100,0.6292,0.0004,1560.8
1988-12-05,0.62432,0.63408,0.60481,0.60481,2521884,0.61701,0.0004,1512.0249999999999
1988-12-06,0.60481,0.62432,0.60481,0.62432,766304,0.61457,0.0004,1560.8
1988-12-07,0.62432,0.63408,0.61457,0.62432,2462938,0.62432,0.0004,1560.8
1988-12-08,0.62432,0.63408,0.61457,0.6292,374182,0.62554,0.0004,1572.9999999999998
1988-12-09,0.6292,0.63408,0.62432,0.62432,1081540,0.62798,0.0004,1560.8
1988-12-12,0.62432,0.63408,0.62432,0.62432,125582,0.62676,0.0004,1560.8
1988-12-13,0.62432,0.63408,0.62432,0.63408,140959,0.6292,0.0004,1585.1999999999998
1988-12-14,0.63408,0.63408,0.62432,0.63408,287044,0.63164,0.0004,1585.1999999999998
1988-12-15,0.63408,0.65359,0.63408,0.65359,356242,0.64383,0.0004,1633.975
1988-12-16,0.65359,0.66334,0.64383,0.65359,425440,0.65359,0.0004,1633.975
1988-12-19,0.65359,0.6731,0.65359,0.6731,358805,0.66335,0.0004,1682.75
1988-12-20,0.6731,0.70236,0.6731,0.6731,1829904,0.68042,0.0004,1682.75
1988-12-21,0.6731,0.68285,0.66334,0.66334,630471,0.67066,0.0004,1658.35
1988-12-22,0.66334,0.68773,0.66334,0.6731,730424,0.67188,0.0004,1682.75
1988-12-23,0.6731,0.68285,0.6731,0.68285,471572,0.67798,0.0004,1707.1249999999998
1988-12-27,0.68285,0.68285,0.6731,0.67797,79450,0.67919,0.0004,1694.9249999999997
1988-12-28,0.67797,0.68285,0.6731,0.68285,138396,0.67919,0.0004,1707.1249999999998
1988-12-29,0.68285,0.68285,0.6731,0.68285,192217,0.68041,0.0004,1707.1249999999998
1988-12-30,0.68285,0.68285,0.6731,0.68285,538207,0.68041,0.0004,1707.1249999999998
1989-01-03,0.68285,0.69261,0.6731,0.69261,374182,0.68529,0.0004,1731.5249999999999
1989-01-04,0.69261,0.70236,0.68285,0.69748,1432656,0.69383,0.0004,1743.6999999999998
1989-01-05,0.69748,0.71212,0.69261,0.69261,584339,0.6987,0.0004,1731.5249999999999
1989-01-06,0.70236,0.76089,0.70236,0.74138,2283536,0.72675,0.0004,1853.45
1989-01-09,0.74138,0.77065,0.74138,0.75114,1117420,0.75114,0.0004,1877.85
1989-01-10,0.75114,0.76089,0.73163,0.73163,604842,0.74382,0.0004,1829.0749999999998
1989-01-11,0.73163,0.74138,0.71212,0.73163,558710,0.72919,0.0004,1829.0749999999998
1989-01-12,0.73163,0.75114,0.73163,0.73163,486949,0.73651,0.0004,1829.0749999999998
1989-01-13,0.73163,0.74138,0.73163,0.73163,279355,0.73407,0.0004,1829.0749999999998
1989-01-16,0.73163,0.74138,0.73163,0.73163,105079,0.73407,0.0004,1829.0749999999998
1989-01-17,0.73163,0.77065,0.73163,0.75114,1522357,0.74626,0.0004,1877.85
1989-01-18,0.75114,0.77065,0.75114,0.75114,476698,0.75602,0.0004,1877.85
1989-01-19,0.75114,0.7804,0.75114,0.77065,3052403,0.76333,0.0004,1926.6249999999998
1989-01-20,0.77065,0.7804,0.76089,0.76089,1309637,0.76821,0.0004,1902.225
1989-01-23,0.76089,0.7804,0.76089,0.76089,625345,0.76577,0.0004,1902.225
1989-01-24,0.76089,0.77065,0.76089,0.77065,1314763,0.76577,0.0004,1926.6249999999998
1989-01-25,0.77065,0.7804,0.76089,0.7804,1260942,0.77309,0.0004,1950.9999999999998
1989-01-26,0.7804,0.79991,0.77065,0.78528,1906791,0.78406,0.0004,1963.1999999999998
1989-01-27,0.78528,0.82918,0.7804,0.79991,3236931,0.79869,0.0004,1999.7749999999999
1989-01-30,0.79991,0.80967,0.7804,0.79016,3641868,0.79504,0.0004,1975.3999999999999
1989-01-31,0.79016,0.79016,0.76089,0.76089,2616711,0.77553,0.0004,1902.225
1989-02-01,0.76089,0.7804,0.76089,0.77065,194780,0.76821,0.0004,1926.6249999999998
1989-02-02,0.77065,0.77065,0.76089,0.77065,1376272,0.76821,0.0004,1926.6249999999998
1989-02-03,0.77065,0.77065,0.76089,0.76089,758616,0.76577,0.0004,1902.225
1989-02-06,0.76089,0.7804,0.76089,0.7804,671477,0.77065,0.0004,1950.9999999999998
1989-02-07,0.7804,0.79016,0.76089,0.7804,2434746,0.77796,0.0004,1950.9999999999998
1989-02-08,0.7804,0.79016,0.7804,0.7804,1483914,0.78284,0.0004,1950.9999999999998
1989-02-09,0.7804,0.79016,0.7804,0.79016,630471,0.78528,0.0004,1975.3999999999999
1989-02-10,0.79016,0.79016,0.77065,0.77065,1250691,0.78041,0.0004,1926.6249999999998
1989-02-13,0.77065,0.79016,0.77065,0.77065,510015,0.77553,0.0004,1926.6249999999998
1989-02-14,0.77065,0.79016,0.77065,0.79016,2670532,0.78041,0.0004,1975.3999999999999
1989-02-15,0.79016,0.79016,0.7804,0.79016,907263,0.78772,0.0004,1975.3999999999999
1989-02-16,0.79016,0.79991,0.7804,0.7804,169151,0.78772,0.0004,1950.9999999999998
1989-02-17,0.7804,0.79991,0.7804,0.7804,53821,0.78528,0.0004,1950.9999999999998
1989-02-21,0.7804,0.79991,0.7804,0.7804,1004653,0.78528,0.0004,1950.9999999999998
1989-02-22,0.7804,0.79016,0.7804,0.79016,263978,0.78528,0.0004,1975.3999999999999
1989-02-23,0.79016,0.79016,0.77065,0.77065,261415,0.78041,0.0004,1926.6249999999998
1989-02-24,0.77065,0.7804,0.77065,0.77065,835502,0.77309,0.0004,1926.6249999999998
1989-02-27,0.77065,0.7804,0.76089,0.77065,543333,0.77065,0.0004,1926.6249999999998
1989-02-28,0.77065,0.77065,0.76089,0.76089,1148175,0.76577,0.0004,1902.225
1989-03-01,0.76089,0.77065,0.74138,0.74138,1153301,0.75358,0.0004,1853.45
1989-03-02,0.74138,0.75114,0.73163,0.75114,535644,0.74382,0.0004,1877.85
1989-03-03,0.75114,0.76089,0.74138,0.76089,2427057,0.75358,0.0004,1902.225
1989-03-06,0.76089,0.76089,0.75114,0.76089,979024,0.75845,0.0004,1902.225
1989-03-07,0.76089,0.76089,0.75114,0.75601,174277,0.75723,0.0004,1890.0249999999999
1989-03-08,0.75601,0.76089,0.75114,0.75601,194780,0.75601,0.0004,1890.0249999999999
1989-03-09,0.75601,0.77065,0.75114,0.77065,1232750,0.76211,0.0004,1926.6249999999998
1989-03-10,0.77065,0.77065,0.75114,0.77065,5371819,0.76577,0.0004,1926.6249999999998
1989-03-13,0.77065,0.77065,0.75114,0.75114,15377,0.7609,0.0004,1877.85
1989-03-14,0.75114,0.77065,0.75114,0.77065,440817,0.7609,0.0004,1926.6249999999998
1989-03-15,0.77065,0.7804,0.76089,0.76089,53821,0.76821,0.0004,1902.225
1989-03-16,0.76089,0.7804,0.76089,0.76089,66635,0.76577,0.0004,1902.225
1989-03-17,0.76089,0.77065,0.75114,0.77065,199905,0.76333,0.0004,1926.6249999999998
1989-03-20,0.77065,0.77065,0.75114,0.75114,117893,0.7609,0.0004,1877.85
1989-03-21,0.75114,0.77065,0.75114,0.75114,99953,0.75602,0.0004,1877.85
1989-03-22,0.75114,0.76089,0.75114,0.75114,671477,0.75358,0.0004,1877.85
1989-03-23,0.75114,0.77065,0.75114,0.76089,164025,0.75846,0.0004,1902.225
1989-03-27,0.76089,0.77065,0.76089,0.77065,92264,0.76577,0.0004,1926.6249999999998
1989-03-28,0.77065,0.79016,0.76089,0.79016,1353206,0.77797,0.0004,1975.3999999999999
1989-03-29,0.79016,0.79016,0.7804,0.7804,379308,0.78528,0.0004,1950.9999999999998
1989-03-30,0.7804,0.79016,0.77552,0.79016,722735,0.78406,0.0004,1975.3999999999999
1989-03-31,0.79016,0.79016,0.77065,0.77065,48695,0.78041,0.0004,1926.6249999999998
1989-04-03,0.77065,0.79016,0.76089,0.76089,515141,0.77065,0.0004,1902.225
1989-04-04,0.76089,0.76089,0.75114,0.76089,556147,0.75845,0.0004,1902.225
1989-04-05,0.76089,0.76089,0.75114,0.76089,130707,0.75845,0.0004,1902.225
1989-04-06,0.76089,0.76089,0.75114,0.75114,140959,0.75602,0.0004,1877.85
1989-04-07,0.75114,0.77065,0.75114,0.77065,366493,0.7609,0.0004,1926.6249999999998
1989-04-10,0.77065,0.79016,0.75114,0.77065,1360895,0.77065,0.0004,1926.6249999999998
1989-04-11,0.77065,0.79016,0.77065,0.79016,187091,0.78041,0.0004,1975.3999999999999
1989-04-12,0.79016,0.79991,0.7804,0.79991,571525,0.7926,0.0004,1999.7749999999999
1989-04-13,0.79016,0.79016,0.7804,0.7804,251163,0.78528,0.0004,1950.9999999999998
1989-04-14,0.7804,0.79016,0.7804,0.7804,146085,0.78284,0.0004,1950.9999999999998
1989-04-17,0.7804,0.79991,0.7804,0.7804,130707,0.78528,0.0004,1950.9999999999998
1989-04-18,0.7804,0.80967,0.7804,0.80967,635597,0.79504,0.0004,2024.175
1989-04-19,0.80967,0.80967,0.79016,0.80967,105079,0.80479,0.0004,2024.175
1989-04-20,0.80967,0.80967,0.79016,0.79991,625345,0.80235,0.0004,1999.7749999999999
1989-04-21,0.79991,0.80967,0.79991,0.79991,320361,0.80235,0.0004,1999.7749999999999
1989-04-24,0.79991,0.80967,0.79991,0.80967,1020030,0.80479,0.0004,2024.175
1989-04-25,0.80967,0.80967,0.79503,0.80967,1355769,0.80601,0.0004,2024.175
1989-04-26,0.80967,0.80967,0.79991,0.79991,789370,0.80479,0.0004,1999.7749999999999
1989-04-27,0.79991,0.80967,0.79991,0.80967,1945234,0.80479,0.0004,2024.175
1989-04-28,0.80967,0.80967,0.79991,0.79991,87138,0.80479,0.0004,1999.7749999999999
1989-05-01,0.79991,0.80967,0.79991,0.80967,1614621,0.80479,0.0004,2024.175
1989-05-02,0.80967,0.80967,0.79991,0.79991,105079,0.80479,0.0004,1999.7749999999999
1989-05-03,0.79991,0.80967,0.79991,0.80967,843191,0.80479,0.0004,2024.175
1989-05-04,0.80967,0.80967,0.79991,0.79991,287044,0.80479,0.0004,1999.7749999999999
1989-05-05,0.79991,0.80967,0.79016,0.80967,1204559,0.80235,0.0004,2024.175
1989-05-08,0.80967,0.80967,0.79016,0.79016,691980,0.79992,0.0004,1975.3999999999999
1989-05-09,0.79991,0.81942,0.79991,0.81942,2849934,0.80967,0.0004,2048.55
1989-05-10,0.81942,0.82918,0.80967,0.81942,399811,0.81942,0.0004,2048.55
1989-05-11,0.81942,0.82918,0.80967,0.82918,527955,0.82186,0.0004,2072.95
1989-05-12,0.82918,0.83893,0.81942,0.83893,161462,0.83162,0.0004,2097.325
1989-05-15,0.82918,0.82918,0.81942,0.8243,394685,0.82552,0.0004,2060.75
1989-05-16,0.8243,0.82918,0.81942,0.82918,674040,0.82552,0.0004,2072.95
1989-05-17,0.82918,0.83893,0.81942,0.83893,732987,0.83162,0.0004,2097.325
1989-05-18,0.83893,0.90722,0.83893,0.88771,1852970,0.8682,0.0004,2219.275
1989-05-19,0.88771,0.89746,0.87307,0.89746,597154,0.88893,0.0004,2243.65
1989-05-22,0.89746,0.94624,0.88771,0.92673,643286,0.91454,0.0004,2316.825
1989-05-23,0.92673,0.94624,0.91697,0.91697,1004653,0.92673,0.0004,2292.4249999999997
1989-05-24,0.91697,0.91697,0.87795,0.89746,1855533,0.90234,0.0004,2243.65
1989-05-25,0.89746,0.90722,0.88771,0.89746,625345,0.89746,0.0004,2243.65
1989-05-26,0.89746,0.90722,0.89746,0.90722,410063,0.90234,0.0004,2268.05
1989-05-30,0.90722,0.90722,0.89746,0.90722,433129,0.90478,0.0004,2268.05
1989-05-31,0.90722,0.90722,0.89746,0.90722,199905,0.90478,0.01,90.722
1989-06-01,0.90722,0.94624,0.89746,0.93648,1081540,0.92185,0.01,93.648
1989-06-02,0.94624,1.01,0.94624,0.99501,1284008,0.97437,0.01,99.50099999999999
1989-06-05,0.99501,1.01,0.98526,0.99501,1817089,0.99632,0.01,99.50099999999999
1989-06-06,0.99501,1.07,0.99501,1.01,3513723,1.0175,0.01,101.0
1989-06-07,1.01,1.04,1.01,1.04,2288661,1.025,0.01,104.0
1989-06-08,1.04,1.04,0.99501,1.0,1237876,1.01875,0.01,100.0
1989-06-09,1.0,1.0,0.96575,0.98526,1322452,0.98775,0.01,98.526
1989-06-12,0.98526,1.0,0.98526,0.98526,417751,0.98895,0.01,98.526
1989-06-13,0.98526,0.99501,0.94624,0.94624,1412153,0.96819,0.01,94.624
1989-06-14,0.94624,0.9755,0.89746,0.89746,648411,0.92917,0.01,89.746
1989-06-15,0.89746,0.90722,0.87795,0.87795,251163,0.89015,0.01,87.795
1989-06-16,0.87795,0.88771,0.83893,0.85844,1606932,0.86576,0.01,85.844
1989-06-19,0.85844,0.87795,0.84869,0.8682,643286,0.86332,0.01,86.82
1989-06-20,0.8682,0.87795,0.83893,0.83893,1970863,0.856,0.01,83.893
1989-06-21,0.83893,0.8682,0.82918,0.83893,979024,0.84381,0.01,83.893
1989-06-22,0.85844,0.90722,0.85844,0.90722,1235313,0.88283,0.01,90.722
1989-06-23,0.90722,0.9755,0.89746,0.95599,945707,0.93404,0.01,95.599
1989-06-26,0.95599,0.98526,0.94624,0.98526,694543,0.96819,0.01,98.526
1989-06-27,0.98526,0.99501,0.96575,0.9755,991839,0.98038,0.01,97.55
1989-06-28,0.9755,0.99501,0.93648,0.93648,638160,0.96087,0.01,93.648
1989-06-29,0.93648,0.95599,0.92673,0.93648,648411,0.93892,0.01,93.648
1989-06-30,0.93648,0.93648,0.92673,0.93648,325487,0.93404,0.01,93.648
1989-07-03,0.93648,0.93648,0.91697,0.93648,64072,0.9316,0.01,93.648
1989-07-05,0.93648,0.94624,0.92673,0.94624,276792,0.93892,0.01,94.624
1989-07-06,0.94624,0.94624,0.93648,0.94624,297295,0.9438,0.01,94.624
1989-07-07,0.94624,0.9755,0.93648,0.95599,2155391,0.95355,0.01,95.599
1989-07-10,0.96575,0.98526,0.96575,0.9755,471572,0.97307,0.01,97.55
1989-07-11,0.9755,0.98526,0.93648,0.94624,576650,0.96087,0.01,94.624
1989-07-12,0.94624,0.94624,0.93648,0.94624,643286,0.9438,0.01,94.624
1989-07-13,0.94624,0.94624,0.93648,0.94624,41006,0.9438,0.01,94.624
1989-07-14,0.94624,0.95599,0.93648,0.93648,304984,0.9438,0.01,93.648
1989-07-17,0.94624,0.95599,0.94624,0.95599,128145,0.95112,0.01,95.599
1989-07-18,0.95599,0.96087,0.94624,0.95111,561273,0.95355,0.01,95.111
1989-07-19,0.95111,0.96575,0.94624,0.94624,925204,0.95234,0.01,94.624
1989-07-20,0.95599,0.96575,0.95599,0.95599,197343,0.95843,0.01,95.599
1989-07-21,0.95599,0.9755,0.94624,0.96575,266541,0.96087,0.01,96.575
1989-07-24,0.96575,0.96575,0.94624,0.94624,53821,0.956,0.01,94.624
1989-07-25,0.94624,0.96575,0.92673,0.92673,1389087,0.94136,0.01,92.673
1989-07-26,0.92673,0.94624,0.92673,0.94624,220409,0.93649,0.01,94.624
1989-07-27,0.94624,0.95599,0.93648,0.95599,102516,0.94868,0.01,95.599
1989-07-28,0.95599,0.95599,0.93648,0.95599,53821,0.95111,0.01,95.599
1989-07-31,0.95599,0.95599,0.93648,0.94624,958521,0.94868,0.01,94.624
1989-08-01,0.94624,0.95599,0.93648,0.93648,474135,0.9438,0.01,93.648
1989-08-02,0.93648,0.94624,0.93648,0.94624,386996,0.94136,0.01,94.624
1989-08-03,0.94624,0.96575,0.94624,0.96575,1284008,0.956,0.01,96.575
1989-08-04,0.96575,0.96575,0.95599,0.96575,615094,0.96331,0.01,96.575
1989-08-07,0.96575,0.96575,0.95599,0.95599,166588,0.96087,0.01,95.599
1989-08-08,0.95599,0.96575,0.94624,0.94624,74324,0.95356,0.01,94.624
1989-08-09,0.94624,0.96575,0.94624,0.96575,84575,0.956,0.01,96.575
1989-08-10,0.96575,0.96575,0.94624,0.96575,184528,0.96087,0.01,96.575
1989-08-11,0.96575,0.96575,0.94624,0.94624,1196870,0.956,0.01,94.624
1989-08-14,0.94624,0.95599,0.92673,0.92673,566399,0.93892,0.01,92.673
1989-08-15,0.92673,0.94624,0.89746,0.89746,635597,0.91697,0.01,89.746
1989-08-16,0.89746,0.91697,0.89746,0.91697,376745,0.90722,0.01,91.69699999999999
1989-08-17,0.91697,0.91697,0.89746,0.89746,1322452,0.90722,0.01,89.746
1989-08-18,0.89746,0.90722,0.89746,0.89746,835502,0.8999,0.01,89.746
1989-08-21,0.89746,0.90722,0.84869,0.84869,1040534,0.87552,0.01,84.869
1989-08-22,0.84869,0.87795,0.83893,0.87795,745801,0.86088,0.01,87.795
1989-08-23,0.87795,0.89746,0.87795,0.89258,612531,0.88649,0.01,89.258
1989-08-24,0.89258,0.90722,0.88771,0.89746,897012,0.89624,0.01,89.746
1989-08-25,0.89746,0.90722,0.88771,0.90722,445943,0.8999,0.01,90.722
1989-08-28,0.90722,0.90722,0.88771,0.88771,322924,0.89747,0.01,88.771
1989-08-29,0.88771,0.91697,0.88771,0.90722,2942198,0.8999,0.01,90.722
1989-08-30,0.89746,0.89746,0.88283,0.89258,1291697,0.89258,0.01,89.258
1989-08-31,0.89258,0.90722,0.88771,0.90722,679166,0.89868,0.0004,2268.05
1989-09-01,0.90722,0.91697,0.88771,0.90722,643286,0.90478,0.0004,2268.05
1989-09-05,0.90722,0.91697,0.89746,0.91697,328050,0.90966,0.0004,2292.4249999999997
1989-09-06,0.91697,0.93648,0.89746,0.93648,907263,0.92185,0.0004,2341.2
1989-09-07,0.93648,0.98526,0.92673,0.96575,5128344,0.95356,0.0004,2414.375
1989-09-08,0.96575,0.96575,0.94624,0.96575,287044,0.96087,0.0004,2414.375
1989-09-11,0.96575,0.96575,0.94624,0.96575,176839,0.96087,0.0004,2414.375
1989-09-12,0.96575,0.9755,0.94624,0.95599,120456,0.96087,0.0004,2389.975
1989-09-13,0.96575,0.99501,0.96575,0.9755,784245,0.9755,0.0004,2438.75
1989-09-14,0.9755,0.98526,0.96575,0.9755,248600,0.9755,0.0004,2438.75
1989-09-15,0.9755,0.98526,0.95599,0.9755,205031,0.97306,0.0004,2438.75
1989-09-18,0.9755,0.9755,0.95599,0.95599,48695,0.96575,0.0004,2389.975
1989-09-19,0.95599,0.9755,0.92673,0.94624,1043096,0.95112,0.0004,2365.6
1989-09-20,0.94624,0.9755,0.93648,0.9755,466446,0.95843,0.0004,2438.75
1989-09-21,0.96575,0.96575,0.91697,0.93648,3416333,0.94624,0.0004,2341.2
1989-09-22,0.93648,0.93648,0.90722,0.90722,504889,0.92185,0.0004,2268.05
1989-09-25,0.90722,0.91697,0.89746,0.89746,563836,0.90478,0.0004,2243.65
1989-09-26,0.89746,0.94624,0.89746,0.92673,3049840,0.91697,0.0004,2316.825
1989-09-27,0.92673,0.93648,0.90722,0.91697,1050785,0.92185,0.0004,2292.4249999999997
1989-09-28,0.91697,0.93648,0.91697,0.92673,184528,0.92429,0.0004,2316.825
1989-09-29,0.92673,0.94624,0.92673,0.94624,656100,0.93649,0.0004,2365.6
1989-10-02,0.94624,0.95599,0.93648,0.94624,310110,0.94624,0.0004,2365.6
1989-10-03,0.94624,0.95599,0.94624,0.94624,389559,0.94868,0.0004,2365.6
1989-10-04,0.94624,0.95599,0.94624,0.94624,712484,0.94868,0.0004,2365.6
1989-10-05,0.94624,0.95599,0.94624,0.94624,322924,0.94868,0.0004,2365.6
1989-10-06,0.94624,0.95599,0.94624,0.95599,2680784,0.95112,0.0004,2389.975
1989-10-09,0.95599,0.9755,0.94624,0.97062,556147,0.96209,0.0004,2426.55
1989-10-10,0.97062,0.98526,0.96575,0.96575,89701,0.97185,0.0004,2414.375
1989-10-11,0.96575,0.98526,0.96575,0.9755,804748,0.97307,0.0004,2438.75
1989-10-12,0.9755,0.99501,0.9755,0.98526,717609,0.98282,0.0004,2463.15
1989-10-13,0.98526,0.98526,0.96575,0.96575,1312200,0.97551,0.0004,2414.375
1989-10-16,0.94624,0.94624,0.90722,0.90722,1735077,0.92673,0.0004,2268.05
1989-10-17,0.90722,0.92673,0.90722,0.90722,2401429,0.9121,0.0004,2268.05
1989-10-18,0.90722,0.91697,0.90722,0.90722,397248,0.90966,0.0004,2268.05
1989-10-19,0.90722,0.92673,0.90722,0.90722,253726,0.9121,0.0004,2268.05
1989-10-20,0.90722,0.92673,0.90722,0.92673,158899,0.91698,0.0004,2316.825
1989-10-23,0.92673,0.92673,0.90722,0.90722,340864,0.91698,0.0004,2268.05
1989-10-24,0.90722,0.92673,0.90722,0.91697,228097,0.91454,0.0004,2292.4249999999997
1989-10-25,0.91697,0.92673,0.91697,0.92673,181965,0.92185,0.0004,2316.825
1989-10-26,0.92673,0.92673,0.91697,0.91697,138396,0.92185,0.0004,2292.4249999999997
1989-10-27,0.91697,0.92673,0.90722,0.92673,399811,0.91941,0.0004,2316.825
1989-10-30,0.92673,0.92673,0.90722,0.90722,317798,0.91698,0.0004,2268.05
1989-10-31,0.90722,0.91697,0.90722,0.91697,402374,0.9121,0.0004,2292.4249999999997
1989-11-01,0.91697,0.91697,0.90722,0.90722,82013,0.9121,0.0004,2268.05
1989-11-02,0.90722,0.92673,0.90722,0.92673,292170,0.91698,0.0004,2316.825
1989-11-03,0.92673,0.92673,0.91697,0.91697,235786,0.92185,0.0004,2292.4249999999997
1989-11-06,0.91697,0.92673,0.91209,0.91209,169151,0.91697,0.0004,2280.225
1989-11-07,0.91209,0.92673,0.90722,0.92673,107641,0.91819,0.0004,2316.825
1989-11-08,0.92673,0.94624,0.91697,0.92673,592028,0.92917,0.0004,2316.825
1989-11-09,0.92673,0.92673,0.91697,0.91697,169151,0.92185,0.0004,2292.4249999999997
1989-11-10,0.91697,0.91697,0.91697,0.91697,12814,0.91697,0.0004,2292.4249999999997
1989-11-13,0.91697,0.93648,0.89746,0.91697,566399,0.91697,0.0004,2292.4249999999997
1989-11-14,0.90722,0.90722,0.89746,0.89746,397248,0.90234,0.0004,2243.65
1989-11-15,0.89746,0.90722,0.89746,0.89746,263978,0.8999,0.0004,2243.65
1989-11-16,0.90722,0.92673,0.90722,0.92673,251163,0.91698,0.0004,2316.825
1989-11-17,0.92673,0.92673,0.90722,0.92673,4556820,0.92185,0.0004,2316.825
1989-11-20,0.91697,0.91697,0.89746,0.89746,2186146,0.90722,0.0004,2243.65
1989-11-21,0.89746,0.89746,0.88771,0.88771,1012342,0.89259,0.0004,2219.275
1989-11-22,0.88771,0.88771,0.82918,0.83893,1094354,0.86088,0.0004,2097.325
1989-11-24,0.83893,0.84869,0.79991,0.80967,663789,0.8243,0.0004,2024.175
1989-11-27,0.80967,0.80967,0.7804,0.7804,6881361,0.79504,0.0004,1950.9999999999998
1989-11-28,0.7804,0.81942,0.7804,0.81942,1799149,0.79991,0.0004,2048.55
1989-11-29,0.81942,0.82918,0.80967,0.82918,325487,0.82186,0.0004,2072.95
1989-11-30,0.82918,0.83893,0.80967,0.81942,307547,0.8243,0.0004,2048.55
1989-12-01,0.81942,0.84869,0.81942,0.84869,287044,0.83406,0.0004,2121.725
1989-12-04,0.83893,0.83893,0.82918,0.83893,653537,0.83649,0.0004,2097.325
1989-12-05,0.83893,0.84869,0.82918,0.84869,697106,0.84137,0.0004,2121.725
1989-12-06,0.84869,0.84869,0.82918,0.84869,253726,0.84381,0.0004,2121.725
1989-12-07,0.83893,0.83893,0.7804,0.79991,3893031,0.81454,0.0004,1999.7749999999999
1989-12-08,0.79991,0.80967,0.7804,0.79016,2091319,0.79504,0.0004,1975.3999999999999
1989-12-11,0.79016,0.79991,0.71212,0.77065,5871582,0.76821,0.0004,1926.6249999999998
1989-12-12,0.76089,0.76089,0.73163,0.74138,3083157,0.7487,0.0004,1853.45
1989-12-13,0.74138,0.75114,0.71212,0.73163,2867875,0.73407,0.0004,1829.0749999999998
1989-12-14,0.73163,0.74138,0.72187,0.72187,2109259,0.72919,0.0004,1804.675
1989-12-15,0.72187,0.73163,0.72187,0.73163,1599244,0.72675,0.0004,1829.0749999999998
1989-12-18,0.73163,0.73163,0.71212,0.73163,3395830,0.72675,0.0004,1829.0749999999998
1989-12-19,0.73163,0.74138,0.68285,0.71212,5020703,0.717,0.0004,1780.3
1989-12-20,0.71212,0.72187,0.70236,0.72187,7924458,0.71456,0.0004,1804.675
1989-12-21,0.72187,0.74138,0.72187,0.74138,2870438,0.73163,0.0004,1853.45
1989-12-22,0.74138,0.75601,0.72187,0.75601,2001618,0.74382,0.0004,1890.0249999999999
1989-12-26,0.75601,0.76089,0.7365,0.75114,743238,0.75114,0.0004,1877.85
1989-12-27,0.75114,0.77065,0.74138,0.75114,2416806,0.75358,0.0004,1877.85
1989-12-28,0.77065,0.79991,0.77065,0.77065,4141631,0.77796,0.0004,1926.6249999999998
1989-12-29,0.77065,0.7804,0.75114,0.76089,1873473,0.76577,0.0004,1902.225
1990-01-02,0.76089,0.76089,0.75114,0.76089,330613,0.75845,0.0004,1902.225
1990-01-03,0.76089,0.7804,0.75114,0.7804,3062654,0.76821,0.0004,1950.9999999999998
1990-01-04,0.7804,0.7804,0.77065,0.7804,248600,0.77796,0.0004,1950.9999999999998
1990-01-05,0.7804,0.7804,0.77065,0.7804,151211,0.77796,0.0004,1950.9999999999998
1990-01-08,0.7804,0.7804,0.77065,0.77065,176839,0.77553,0.0004,1926.6249999999998
1990-01-09,0.77552,0.79991,0.77552,0.7804,2726916,0.78284,0.0004,1950.9999999999998
1990-01-10,0.7804,0.79991,0.7804,0.7804,568962,0.78528,0.0004,1950.9999999999998
1990-01-11,0.7804,0.79991,0.7804,0.7804,289607,0.78528,0.0004,1950.9999999999998
1990-01-12,0.7804,0.79016,0.77065,0.77065,345990,0.77797,0.0004,1926.6249999999998
1990-01-15,0.77065,0.79016,0.77065,0.77065,802185,0.77553,0.0004,1926.6249999999998
1990-01-16,0.77065,0.79016,0.77065,0.77065,233223,0.77553,0.0004,1926.6249999999998
1990-01-17,0.77065,0.79016,0.77065,0.7804,1191744,0.77797,0.0004,1950.9999999999998
1990-01-18,0.7804,0.79016,0.77065,0.7804,469009,0.7804,0.0004,1950.9999999999998
1990-01-19,0.7804,0.7804,0.77065,0.77065,2437309,0.77553,0.0004,1926.6249999999998
1990-01-22,0.77065,0.7804,0.76089,0.77065,602279,0.77065,0.0004,1926.6249999999998
1990-01-23,0.77065,0.7804,0.74138,0.76089,1371146,0.76333,0.0004,1902.225
1990-01-24,0.75114,0.75114,0.71212,0.74138,1955486,0.73895,0.0004,1853.45
1990-01-25,0.74138,0.75114,0.74138,0.74138,376745,0.74382,0.0004,1853.45
1990-01-26,0.73163,0.73163,0.72187,0.72187,105079,0.72675,0.0004,1804.675
1990-01-29,0.73163,0.74138,0.73163,0.73163,445943,0.73407,0.0004,1829.0749999999998
1990-01-30,0.73163,0.75114,0.73163,0.73163,1366021,0.73651,0.0004,1829.0749999999998
1990-01-31,0.73163,0.75114,0.72187,0.72187,11548385,0.73163,0.0004,1804.675
1990-02-01,0.72187,0.73163,0.68285,0.69261,5253926,0.70724,0.0004,1731.5249999999999
1990-02-02,0.69261,0.70236,0.68285,0.68285,904700,0.69017,0.0004,1707.1249999999998
1990-02-05,0.68285,0.70236,0.68285,0.70236,130707,0.69261,0.0004,1755.8999999999999
1990-02-06,0.70236,0.70236,0.68285,0.70236,238349,0.69748,0.0004,1755.8999999999999
1990-02-07,0.70236,0.71212,0.68285,0.71212,609968,0.70236,0.0004,1780.3
1990-02-08,0.71212,0.74138,0.71212,0.72675,1717137,0.72309,0.0004,1816.875
1990-02-09,0.72675,0.74138,0.72187,0.74138,1465973,0.73285,0.0004,1853.45
1990-02-12,0.73163,0.73163,0.72187,0.72187,5271866,0.72675,0.0004,1804.675
1990-02-13,0.72187,0.73163,0.72187,0.72187,597154,0.72431,0.0004,1804.675
1990-02-14,0.72187,0.73163,0.70236,0.70724,1983677,0.71578,0.0004,1768.1
1990-02-15,0.70724,0.72187,0.70236,0.71699,589465,0.71212,0.0004,1792.475
1990-02-16,0.71699,0.72187,0.71212,0.71212,112767,0.71578,0.0004,1780.3
1990-02-20,0.71212,0.72187,0.70236,0.71212,317798,0.71212,0.0004,1780.3
1990-02-21,0.71212,0.71212,0.69261,0.69261,1614621,0.70236,0.0004,1731.5249999999999
1990-02-22,0.69261,0.70236,0.69261,0.69261,809873,0.69505,0.0004,1731.5249999999999
1990-02-23,0.69261,0.70236,0.66334,0.66334,2401429,0.68041,0.0004,1658.35
1990-02-26,0.66334,0.68285,0.66334,0.66822,1383961,0.66944,0.0004,1670.55
1990-02-27,0.66822,0.70236,0.66334,0.70236,940581,0.68407,0.0004,1755.8999999999999
1990-02-28,0.70236,0.70236,0.68285,0.68285,107641,0.6926,0.0004,1707.1249999999998
1990-03-01,0.68285,0.70236,0.68285,0.68773,1576178,0.68895,0.0004,1719.3249999999998
1990-03-02,0.68773,0.69261,0.68285,0.68285,827814,0.68651,0.0004,1707.1249999999998
1990-03-05,0.68285,0.69261,0.67797,0.68285,17553238,0.68407,0.0004,1707.1249999999998
1990-03-06,0.68285,0.69261,0.68285,0.69261,3816144,0.68773,0.0004,1731.5249999999999
1990-03-07,0.69261,0.72187,0.68285,0.68285,5845954,0.69504,0.0004,1707.1249999999998
1990-03-08,0.68285,0.69261,0.62432,0.64383,8042351,0.6609,0.0004,1609.575
1990-03-09,0.64383,0.65359,0.63408,0.63408,1545423,0.64139,0.0004,1585.1999999999998
1990-03-12,0.63408,0.65359,0.63408,0.65359,5571724,0.64383,0.0004,1633.975
1990-03-13,0.65359,0.65359,0.62432,0.63408,2565454,0.64139,0.0004,1585.1999999999998
1990-03-14,0.63408,0.65359,0.63408,0.64383,4690090,0.64139,0.0004,1609.575
1990-03-15,0.64383,0.66334,0.64383,0.66334,2140014,0.65359,0.0004,1658.35
1990-03-16,0.66334,0.66334,0.64383,0.66334,440817,0.65846,0.0004,1658.35
1990-03-19,0.66334,0.66334,0.64383,0.66334,3554729,0.65846,0.0004,1658.35
1990-03-20,0.66334,0.66334,0.60481,0.63408,6742965,0.64139,0.0004,1585.1999999999998
1990-03-21,0.63408,0.63408,0.61457,0.62432,9692852,0.62676,0.0004,1560.8
1990-03-22,0.62432,0.63408,0.61457,0.62432,853443,0.62432,0.0004,1560.8
1990-03-23,0.62432,0.63408,0.61457,0.63408,274229,0.62676,0.0004,1585.1999999999998
1990-03-26,0.63408,0.63408,0.61457,0.61457,115330,0.62433,0.0004,1536.4249999999997
1990-03-27,0.61457,0.63408,0.61457,0.63408,87138,0.62433,0.0004,1585.1999999999998
1990-03-28,0.63408,0.63408,0.61457,0.63408,607405,0.6292,0.0004,1585.1999999999998
1990-03-29,0.63408,0.64383,0.61457,0.63408,735550,0.63164,0.0004,1585.1999999999998
1990-03-30,0.63408,0.64383,0.62432,0.64383,307547,0.63651,0.0004,1609.575
1990-04-02,0.64383,0.64383,0.62432,0.64383,469009,0.63895,0.0004,1609.575
1990-04-03,0.64383,0.66334,0.63408,0.66334,566399,0.65115,0.0004,1658.35
1990-04-04,0.66334,0.66334,0.64383,0.64383,1148175,0.65359,0.0004,1609.575
1990-04-05,0.64383,0.6731,0.64383,0.66334,727861,0.65603,0.0004,1658.35
1990-04-06,0.66334,0.68285,0.66334,0.68285,1050785,0.6731,0.0004,1707.1249999999998
1990-04-09,0.68285,0.69261,0.66334,0.68285,448506,0.68041,0.0004,1707.1249999999998
1990-04-10,0.68285,0.69261,0.66334,0.69261,299858,0.68285,0.0004,1731.5249999999999
1990-04-11,0.69261,0.69261,0.6731,0.6731,325487,0.68286,0.0004,1682.75
1990-04-12,0.68285,0.72187,0.68285,0.72187,2442435,0.70236,0.0004,1804.675
1990-04-16,0.72187,0.73163,0.70236,0.70236,938018,0.71456,0.0004,1755.8999999999999
1990-04-17,0.70236,0.70236,0.6731,0.68285,586902,0.69017,0.0004,1707.1249999999998
1990-04-18,0.68285,0.70236,0.68285,0.68285,394685,0.68773,0.0004,1707.1249999999998
1990-04-19,0.68285,0.69261,0.68285,0.68285,105079,0.68529,0.0004,1707.1249999999998
1990-04-20,0.68285,0.69261,0.68285,0.69261,658663,0.68773,0.0004,1731.5249999999999
1990-04-23,0.69261,0.69261,0.64383,0.65846,3482968,0.67188,0.0004,1646.15
1990-04-24,0.65359,0.65359,0.63408,0.63408,3790515,0.64383,0.0004,1585.1999999999998
1990-04-25,0.63408,0.65359,0.61457,0.65359,10869219,0.63896,0.0004,1633.975
1990-04-26,0.65359,0.65359,0.63408,0.65359,2444998,0.64871,0.0004,1633.975
1990-04-27,0.65359,0.65359,0.63408,0.63408,399811,0.64383,0.0004,1585.1999999999998
1990-04-30,0.63408,0.64383,0.62432,0.63408,697106,0.63408,0.0004,1585.1999999999998
1990-05-01,0.63408,0.64383,0.61457,0.62432,2670532,0.6292,0.0004,1560.8
1990-05-02,0.62432,0.63408,0.5853,0.60481,9434000,0.61213,0.0004,1512.0249999999999
1990-05-03,0.60481,0.61457,0.59506,0.61457,310110,0.60725,0.0004,1536.4249999999997
1990-05-04,0.61457,0.61457,0.56579,0.56579,2552639,0.59018,0.0004,1414.475
1990-05-07,0.57555,0.59506,0.57555,0.5853,3044714,0.58287,0.0004,1463.25
1990-05-08,0.5853,0.59506,0.57555,0.5853,1063600,0.5853,0.0004,1463.25
1990-05-09,0.5853,0.59506,0.5853,0.59506,868820,0.59018,0.0004,1487.65
1990-05-10,0.59506,0.59506,0.5853,0.5853,525393,0.59018,0.0004,1463.25
1990-05-11,0.5853,0.60481,0.5853,0.60481,1271194,0.59506,0.0004,1512.0249999999999
1990-05-14,0.61457,0.62432,0.61457,0.62432,5828013,0.61945,0.0004,1560.8
1990-05-15,0.62432,0.63408,0.61457,0.6292,2647466,0.62554,0.0004,1572.9999999999998
1990-05-16,0.6292,0.64383,0.62432,0.62432,1002090,0.63042,0.0004,1560.8
1990-05-17,0.62432,0.64383,0.62432,0.63408,2380925,0.63164,0.0004,1585.1999999999998
1990-05-18,0.63408,0.63408,0.60481,0.62432,1258379,0.62432,0.0004,1560.8
1990-05-21,0.62432,0.62432,0.60481,0.61457,589465,0.61701,0.0004,1536.4249999999997
1990-05-22,0.61457,0.63408,0.61457,0.63408,945707,0.62433,0.0004,1585.1999999999998
1990-05-23,0.63408,0.63408,0.61457,0.63408,1035408,0.6292,0.0004,1585.1999999999998
1990-05-24,0.63408,0.63408,0.60481,0.60481,1278882,0.61945,0.0004,1512.0249999999999
1990-05-25,0.60481,0.62432,0.59506,0.59506,2116948,0.60481,0.0004,1487.65
1990-05-29,0.59506,0.61457,0.59506,0.59506,894449,0.59994,0.0004,1487.65
1990-05-30,0.59506,0.61457,0.5853,0.59993,1594118,0.59872,0.0004,1499.8249999999998
1990-05-31,0.59993,0.61457,0.59506,0.61457,335739,0.60603,0.0054,113.80925925925925
1990-06-01,0.61457,0.61457,0.59506,0.61457,3644430,0.60969,0.0054,113.80925925925925
1990-06-04,0.61457,0.62432,0.60481,0.61457,1876036,0.61457,0.0054,113.80925925925925
1990-06-05,0.61457,0.63408,0.60481,0.62432,1412153,0.61945,0.0054,115.6148148148148
1990-06-06,0.62432,0.62432,0.57555,0.59506,1704322,0.60481,0.0054,110.1962962962963
1990-06-07,0.59506,0.59506,0.56579,0.57555,1550549,0.58287,0.0054,106.58333333333333
1990-06-08,0.57555,0.5853,0.56579,0.57555,794496,0.57555,0.0054,106.58333333333333
1990-06-11,0.57555,0.57555,0.53653,0.56579,1022593,0.56336,0.0054,104.77592592592592
1990-06-12,0.56579,0.56579,0.55603,0.55603,430566,0.56091,0.0054,102.96851851851852
1990-06-13,0.55603,0.57555,0.55603,0.55603,2798677,0.56091,0.0054,102.96851851851852
1990-06-14,0.55603,0.5853,0.55603,0.5853,976461,0.57067,0.0054,108.38888888888889
1990-06-15,0.5853,0.60481,0.5853,0.60481,635597,0.59506,0.0054,112.00185185185184
1990-06-18,0.60481,0.60481,0.59506,0.60481,271666,0.60237,0.0054,112.00185185185184
1990-06-19,0.60481,0.60481,0.5853,0.60481,607405,0.59993,0.0054,112.00185185185184
1990-06-20,0.60481,0.60481,0.59506,0.60481,353679,0.60237,0.0054,112.00185185185184
1990-06-21,0.60481,0.61457,0.59506,0.61457,1555675,0.60725,0.0054,113.80925925925925
1990-06-22,0.61457,0.65359,0.59506,0.64383,2234841,0.62676,0.0054,119.22777777777777
1990-06-25,0.64383,0.64383,0.62432,0.64383,650974,0.63895,0.0054,119.22777777777777
1990-06-26,0.62432,0.62432,0.59506,0.61457,1768395,0.61457,0.0054,113.80925925925925
1990-06-27,0.61457,0.62432,0.60481,0.61944,4456867,0.61579,0.0054,114.71111111111111
1990-06-28,0.61944,0.63408,0.61457,0.63408,1355769,0.62554,0.0054,117.42222222222222
1990-06-29,0.63408,0.63408,0.61457,0.62432,799622,0.62676,0.0054,115.6148148148148
1990-07-02,0.62432,0.66334,0.62432,0.64383,3162607,0.63895,0.0054,119.22777777777777
1990-07-03,0.64383,0.65359,0.63408,0.64383,1327577,0.64383,0.0054,119.22777777777777
1990-07-05,0.64383,0.64383,0.63408,0.64383,189654,0.64139,0.0054,119.22777777777777
1990-07-06,0.64383,0.64383,0.63408,0.64383,130707,0.64139,0.0054,119.22777777777777
1990-07-09,0.64383,0.64383,0.62432,0.64383,2319416,0.63895,0.0054,119.22777777777777
1990-07-10,0.64383,0.64383,0.59506,0.59506,1763269,0.61945,0.0054,110.1962962962963
1990-07-11,0.59506,0.65359,0.59506,0.63408,4400483,0.61945,0.0054,117.42222222222222
1990-07-12,0.64383,0.68285,0.64383,0.68285,4069870,0.66334,0.0054,126.4537037037037
1990-07-13,0.68285,0.70236,0.66334,0.69261,4446615,0.68529,0.0054,128.2611111111111
1990-07-16,0.69261,0.69261,0.65359,0.65359,3734132,0.6731,0.0054,121.03518518518518
1990-07-17,0.65359,0.68285,0.63408,0.65359,2460375,0.65603,0.0054,121.03518518518518
1990-07-18,0.65359,0.65359,0.63408,0.64383,1196870,0.64627,0.0054,119.22777777777777
1990-07-19,0.64383,0.64383,0.62432,0.63408,668914,0.63651,0.0054,117.42222222222222
1990-07-20,0.63408,0.64383,0.62432,0.62432,1737640,0.63164,0.0054,115.6148148148148
1990-07-23,0.62432,0.62432,0.59506,0.59506,1291697,0.60969,0.0054,110.1962962962963
1990-07-24,0.59506,0.61457,0.59506,0.59506,3152355,0.59994,0.0054,110.1962962962963
1990-07-25,0.59506,0.63408,0.59506,0.62432,1258379,0.61213,0.0054,115.6148148148148
1990-07-26,0.62432,0.63408,0.61457,0.61457,553584,0.62189,0.0054,113.80925925925925
1990-07-27,0.61457,0.62432,0.5853,0.5853,1714574,0.60237,0.0054,108.38888888888889
1990-07-30,0.5853,0.59506,0.5853,0.5853,392122,0.58774,0.0054,108.38888888888889
1990-07-31,0.5853,0.59506,0.57555,0.57555,1040534,0.58287,0.0054,106.58333333333333
1990-08-01,0.57555,0.60969,0.57555,0.59506,868820,0.58896,0.0054,110.1962962962963
1990-08-02,0.59506,0.59506,0.57555,0.57555,484386,0.58531,0.0054,106.58333333333333
1990-08-03,0.57555,0.5853,0.55603,0.55603,835502,0.56823,0.0054,102.96851851851852
1990-08-06,0.55603,0.55603,0.50726,0.53653,3349698,0.53896,0.0054,99.3574074074074
1990-08-07,0.53653,0.54628,0.52677,0.54628,428003,0.53896,0.0054,101.16296296296295
1990-08-08,0.54628,0.55603,0.52677,0.54628,3844336,0.54384,0.0054,101.16296296296295
1990-08-09,0.53653,0.53653,0.52677,0.53653,2291106,0.53409,0.0054,99.3574074074074
1990-08-10,0.53653,0.53653,0.51702,0.51702,773993,0.52678,0.0054,95.74444444444444
1990-08-13,0.51702,0.53653,0.51702,0.53653,1378835,0.52678,0.0054,99.3574074074074
1990-08-14,0.53653,0.53653,0.51702,0.53653,1353206,0.53165,0.0054,99.3574074074074
1990-08-15,0.53653,0.53653,0.52677,0.53653,1248128,0.53409,0.0054,99.3574074074074
1990-08-16,0.53653,0.53653,0.51702,0.53653,420314,0.53165,0.0054,99.3574074074074
1990-08-17,0.52677,0.52677,0.478,0.50726,935455,0.5097,0.0054,93.93703703703704
1990-08-20,0.50726,0.50726,0.48775,0.50726,1017468,0.50238,0.0054,93.93703703703704
1990-08-21,0.50726,0.51702,0.478,0.51702,1442907,0.50483,0.0054,95.74444444444444
1990-08-22,0.51702,0.51702,0.478,0.49751,1950360,0.50239,0.0054,92.13148148148147
1990-08-23,0.48775,0.48775,0.46824,0.46824,2075941,0.478,0.0054,86.71111111111111
1990-08-24,0.46824,0.49751,0.46824,0.49751,2147702,0.48288,0.0054,92.13148148148147
1990-08-27,0.49751,0.51702,0.49751,0.49751,897012,0.50239,0.0054,92.13148148148147
1990-08-28,0.49751,0.56579,0.49751,0.55603,1929857,0.52921,0.0054,102.96851851851852
1990-08-29,0.54628,0.54628,0.50726,0.51702,2337356,0.52921,0.0054,95.74444444444444
1990-08-30,0.51702,0.52677,0.49751,0.49751,2106696,0.5097,0.0054,92.13148148148147
1990-08-31,0.49751,0.51702,0.49263,0.49263,756053,0.49995,0.0004,1231.575
1990-09-04,0.49263,0.50726,0.48775,0.50726,243475,0.49873,0.0004,1268.15
1990-09-05,0.50726,0.50726,0.48775,0.48775,92264,0.49751,0.0004,1219.375
1990-09-06,0.48775,0.50726,0.48775,0.50726,297295,0.49751,0.0004,1268.15
1990-09-07,0.50726,0.5853,0.49751,0.5853,4346663,0.54384,0.0004,1463.25
1990-09-10,0.5853,0.64383,0.5853,0.61457,3119038,0.60725,0.0004,1536.4249999999997
1990-09-11,0.61457,0.66334,0.61457,0.64383,5041206,0.63408,0.0004,1609.575
1990-09-12,0.64383,0.65359,0.62432,0.64383,553584,0.64139,0.0004,1609.575
1990-09-13,0.64383,0.66334,0.63408,0.64383,1709448,0.64627,0.0004,1609.575
1990-09-14,0.64383,0.64383,0.62432,0.62432,2127199,0.63407,0.0004,1560.8
1990-09-17,0.62432,0.64383,0.62432,0.64383,1166115,0.63407,0.0004,1609.575
1990-09-18,0.64383,0.64383,0.57555,0.59018,2996019,0.61335,0.0004,1475.45
1990-09-19,0.59018,0.62432,0.59018,0.61457,1273757,0.60481,0.0004,1536.4249999999997
1990-09-20,0.60481,0.60481,0.59506,0.59506,471572,0.59994,0.0004,1487.65
1990-09-21,0.59506,0.60481,0.56579,0.56579,3413770,0.58286,0.0004,1414.475
1990-09-24,0.56579,0.56579,0.53653,0.54628,999527,0.5536,0.0004,1365.6999999999998
1990-09-25,0.54628,0.57555,0.54628,0.57555,850880,0.56092,0.0004,1438.875
1990-09-26,0.57555,0.57555,0.56579,0.57555,328050,0.57311,0.0004,1438.875
1990-09-27,0.57555,0.59506,0.57555,0.57555,2532136,0.58043,0.0004,1438.875
1990-09-28,0.57555,0.5853,0.56579,0.57067,256289,0.57433,0.0004,1426.675
1990-10-01,0.57067,0.60481,0.56579,0.59506,2222026,0.58408,0.0004,1487.65
1990-10-02,0.59506,0.62432,0.59506,0.59506,1614621,0.60238,0.0004,1487.65
1990-10-03,0.59506,0.61457,0.5853,0.60481,287044,0.59994,0.0004,1512.0249999999999
1990-10-04,0.59506,0.59506,0.56579,0.59018,1927294,0.58652,0.0004,1475.45
1990-10-05,0.59018,0.59506,0.56579,0.59506,112767,0.58652,0.0004,1487.65
1990-10-08,0.59506,0.59506,0.57555,0.57555,2350171,0.58531,0.0004,1438.875
1990-10-09,0.57555,0.59506,0.57555,0.59506,1376272,0.58531,0.0004,1487.65
1990-10-10,0.59506,0.59506,0.56579,0.56579,1563363,0.58043,0.0004,1414.475
1990-10-11,0.56579,0.56579,0.52677,0.55603,797059,0.5536,0.0004,1390.075
1990-10-12,0.53653,0.53653,0.50726,0.53653,784245,0.52921,0.0004,1341.3249999999998
1990-10-15,0.53653,0.53653,0.51702,0.53653,656100,0.53165,0.0004,1341.3249999999998
1990-10-16,0.53653,0.53653,0.51702,0.51702,361368,0.52678,0.0004,1292.55
1990-10-17,0.51702,0.53653,0.51214,0.52189,2186146,0.5219,0.0004,1304.725
1990-10-18,0.52189,0.53653,0.51702,0.51702,873946,0.52312,0.0004,1292.55
1990-10-19,0.52677,0.55603,0.52677,0.55603,3508597,0.5414,0.0004,1390.075
1990-10-22,0.55603,0.55603,0.54628,0.55116,4854115,0.55238,0.0004,1377.8999999999999
1990-10-23,0.55116,0.55603,0.54628,0.55603,2350171,0.55238,0.0004,1390.075
1990-10-24,0.55603,0.61457,0.55603,0.59506,2537262,0.58042,0.0004,1487.65
1990-10-25,0.59506,0.59506,0.57555,0.5853,1376272,0.58774,0.0004,1463.25
1990-10-26,0.5853,0.59506,0.56579,0.57555,763741,0.58043,0.0004,1438.875
1990-10-29,0.57555,0.57555,0.54628,0.54628,271666,0.56092,0.0004,1365.6999999999998
1990-10-30,0.54628,0.56579,0.54628,0.55603,1781209,0.5536,0.0004,1390.075
1990-10-31,0.55603,0.56579,0.55603,0.55603,1373709,0.55847,0.0004,1390.075
1990-11-01,0.55603,0.56579,0.55603,0.56091,899575,0.55969,0.0004,1402.275
1990-11-02,0.56091,0.59506,0.55603,0.59506,1191744,0.57677,0.0004,1487.65
1990-11-05,0.59506,0.62432,0.5853,0.61457,2083630,0.60481,0.0004,1536.4249999999997
1990-11-06,0.61457,0.64383,0.61457,0.61457,2058001,0.62189,0.0004,1536.4249999999997
1990-11-07,0.61457,0.63408,0.61457,0.6292,2122073,0.62311,0.0004,1572.9999999999998
1990-11-08,0.63408,0.68285,0.63408,0.66334,3111349,0.65359,0.0004,1658.35
1990-11-09,0.66334,0.71212,0.66334,0.69261,5361567,0.68285,0.0004,1731.5249999999999
1990-11-12,0.69261,0.71212,0.6731,0.70236,3598298,0.69505,0.0004,1755.8999999999999
1990-11-13,0.70236,0.72187,0.69261,0.72187,6842918,0.70968,0.0004,1804.675
1990-11-14,0.72187,0.73163,0.71212,0.71212,5815199,0.71944,0.0004,1780.3
1990-11-15,0.71212,0.72187,0.6731,0.6731,3611113,0.69505,0.0004,1682.75
1990-11-16,0.6731,0.69261,0.6731,0.6731,2214338,0.67798,0.0004,1682.75
1990-11-19,0.6731,0.69261,0.6731,0.6731,492075,0.67798,0.0004,1682.75
1990-11-20,0.6731,0.6731,0.65359,0.65359,1986240,0.66335,0.0004,1633.975
1990-11-21,0.65359,0.66334,0.64383,0.66334,856005,0.65603,0.0004,1658.35
1990-11-23,0.66334,0.6731,0.64383,0.64383,207594,0.65603,0.0004,1609.575
1990-11-26,0.64383,0.65846,0.63408,0.64383,771430,0.64505,0.0004,1609.575
1990-11-27,0.64383,0.68285,0.64383,0.66334,1322452,0.65846,0.0004,1658.35
1990-11-28,0.66334,0.68285,0.65359,0.65359,1168678,0.66334,0.0004,1633.975
1990-11-29,0.65359,0.6731,0.65359,0.6731,697106,0.66335,0.0004,1682.75
1990-11-30,0.6731,0.68285,0.65359,0.68285,2011869,0.6731,0.0004,1707.1249999999998
1990-12-03,0.68285,0.70236,0.6731,0.69261,1066163,0.68773,0.0004,1731.5249999999999
1990-12-04,0.69261,0.71212,0.68285,0.71212,3895594,0.69993,0.0004,1780.3
1990-12-05,0.71212,0.74138,0.70236,0.72187,14339373,0.71943,0.0004,1804.675
1990-12-06,0.72187,0.74138,0.72187,0.72675,2847371,0.72797,0.0004,1816.875
1990-12-07,0.72675,0.74138,0.72187,0.72187,2616711,0.72797,0.0004,1804.675
1990-12-10,0.72187,0.73163,0.72187,0.73163,745801,0.72675,0.0004,1829.0749999999998
1990-12-11,0.73163,0.73163,0.71212,0.72187,2439872,0.72431,0.0004,1804.675
1990-12-12,0.72187,0.73163,0.71212,0.71212,656100,0.71944,0.0004,1780.3
1990-12-13,0.72187,0.76089,0.72187,0.76089,3367638,0.74138,0.0004,1902.225
1990-12-14,0.76089,0.76089,0.73163,0.76089,973898,0.75357,0.0004,1902.225
1990-12-17,0.75114,0.75114,0.73163,0.75114,827814,0.74626,0.0004,1877.85
1990-12-18,0.75114,0.76089,0.6731,0.6731,14044641,0.71456,0.0004,1682.75
1990-12-19,0.6731,0.69261,0.65359,0.69261,6056111,0.67798,0.0004,1731.5249999999999
1990-12-20,0.69261,0.71212,0.6731,0.71212,1827341,0.69749,0.0004,1780.3
1990-12-21,0.71212,0.74138,0.69261,0.71212,2785862,0.71456,0.0004,1780.3
1990-12-24,0.71212,0.72187,0.69261,0.72187,2729479,0.71212,0.0004,1804.675
1990-12-26,0.71699,0.71699,0.70236,0.71212,366493,0.71212,0.0004,1780.3
1990-12-27,0.71212,0.72187,0.69261,0.71212,5676803,0.70968,0.0004,1780.3
1990-12-28,0.70236,0.70236,0.69261,0.69261,648411,0.69748,0.0004,1731.5249999999999
1990-12-31,0.69261,0.72187,0.69261,0.71699,2019558,0.70602,0.0004,1792.475
1991-01-02,0.71699,0.72187,0.70236,0.70236,2639777,0.7109,0.0004,1755.8999999999999
1991-01-03,0.70236,0.71212,0.69261,0.70236,4382543,0.70236,0.0004,1755.8999999999999
1991-01-04,0.68285,0.68285,0.6731,0.67797,2568016,0.67919,0.0004,1694.9249999999997
1991-01-07,0.67797,0.68285,0.66334,0.66334,3054966,0.67188,0.0004,1658.35
1991-01-08,0.66334,0.6731,0.63408,0.65359,3449651,0.65603,0.0004,1633.975
1991-01-09,0.65359,0.66334,0.61457,0.63408,1776083,0.64139,0.0004,1585.1999999999998
1991-01-10,0.63408,0.63408,0.61457,0.62432,1104606,0.62676,0.0004,1560.8
1991-01-11,0.62432,0.62432,0.58042,0.59506,6312400,0.60603,0.0004,1487.65
1991-01-14,0.59506,0.60481,0.55603,0.59506,2173331,0.58774,0.0004,1487.65
1991-01-15,0.59506,0.64383,0.59506,0.63895,973898,0.61823,0.0004,1597.375
1991-01-16,0.63895,0.6731,0.62432,0.66334,2237404,0.64993,0.0004,1658.35
1991-01-17,0.66334,0.68285,0.62432,0.64383,4797731,0.65359,0.0004,1609.575
1991-01-18,0.64383,0.64383,0.62432,0.63408,689418,0.63651,0.0004,1585.1999999999998
1991-01-21,0.63408,0.64383,0.62432,0.63408,402374,0.63408,0.0004,1585.1999999999998
1991-01-22,0.63408,0.66334,0.63408,0.64871,609968,0.64505,0.0004,1621.7749999999999
1991-01-23,0.64871,0.66334,0.64383,0.65846,304984,0.65359,0.0004,1646.15
1991-01-24,0.65846,0.70236,0.65359,0.69261,2398866,0.67676,0.0004,1731.5249999999999
1991-01-25,0.69261,0.73163,0.69261,0.73163,3129289,0.71212,0.0004,1829.0749999999998
1991-01-28,0.73163,0.75114,0.72187,0.74138,3201050,0.73651,0.0004,1853.45
1991-01-29,0.74138,0.74626,0.73163,0.73163,1814527,0.73773,0.0004,1829.0749999999998
1991-01-30,0.73163,0.74138,0.72187,0.72675,5761378,0.73041,0.0004,1816.875
1991-01-31,0.72675,0.74138,0.72187,0.74138,3190799,0.73285,0.0004,1853.45
1991-02-01,0.74138,0.75114,0.73163,0.73163,1340392,0.73895,0.0004,1829.0749999999998
1991-02-04,0.73163,0.76089,0.73163,0.75114,1576178,0.74382,0.0004,1877.85
1991-02-05,0.75114,0.76089,0.74138,0.76089,1619747,0.75358,0.0004,1902.225
1991-02-06,0.76089,0.77065,0.74138,0.77065,2716664,0.76089,0.0004,1926.6249999999998
1991-02-07,0.77065,0.77065,0.75114,0.75114,1327577,0.7609,0.0004,1877.85
1991-02-08,0.75114,0.7804,0.74626,0.76089,986713,0.75967,0.0004,1902.225
1991-02-11,0.7804,0.84869,0.7804,0.81942,9756925,0.80723,0.0004,2048.55
1991-02-12,0.80967,0.80967,0.76577,0.7804,6958248,0.79138,0.0004,1950.9999999999998
1991-02-13,0.7804,0.79016,0.7804,0.79016,679166,0.78528,0.0004,1975.3999999999999
1991-02-14,0.79016,0.79991,0.75114,0.77065,2803802,0.77797,0.0004,1926.6249999999998
1991-02-15,0.77065,0.77065,0.75114,0.76089,422877,0.76333,0.0004,1902.225
1991-02-19,0.76089,0.79016,0.75114,0.7804,2447561,0.77065,0.0004,1950.9999999999998
1991-02-20,0.7804,0.81942,0.7804,0.80967,2073379,0.79747,0.0004,2024.175
1991-02-21,0.80967,0.81942,0.79016,0.80967,661226,0.80723,0.0004,2024.175
1991-02-22,0.80967,0.81942,0.79991,0.79991,2070816,0.80723,0.0004,1999.7749999999999
1991-02-25,0.80967,0.82918,0.80967,0.81942,825251,0.81699,0.0004,2048.55
1991-02-26,0.81942,0.81942,0.79016,0.79991,932892,0.80723,0.0004,1999.7749999999999
1991-02-27,0.79991,0.79991,0.77065,0.7804,820125,0.78772,0.0004,1950.9999999999998
1991-02-28,0.7804,0.81942,0.7804,0.81942,1755580,0.79991,0.0004,2048.55
1991-03-01,0.81942,0.85844,0.79991,0.84869,2206649,0.83162,0.0004,2121.725
1991-03-04,0.84869,0.88771,0.83893,0.88771,2040061,0.86576,0.0004,2219.275
1991-03-05,0.88771,0.90722,0.8682,0.88771,1614621,0.88771,0.0004,2219.275
1991-03-06,0.88771,0.91697,0.88771,0.90722,3336884,0.8999,0.0004,2268.05
1991-03-07,0.90722,0.90722,0.88771,0.88771,2252781,0.89747,0.0004,2219.275
1991-03-08,0.88771,0.90722,0.8682,0.8682,1391650,0.88283,0.0004,2170.5
1991-03-11,0.8682,0.8682,0.81942,0.81942,863694,0.84381,0.0004,2048.55
1991-03-12,0.81942,0.82918,0.79991,0.81942,781682,0.81698,0.0004,2048.55
1991-03-13,0.81942,0.85844,0.80967,0.83893,676603,0.83162,0.0004,2097.325
1991-03-14,0.85844,0.87795,0.85844,0.85844,222971,0.86332,0.0004,2146.1
1991-03-15,0.85844,0.8682,0.84869,0.85844,545896,0.85844,0.0004,2146.1
1991-03-18,0.85844,0.8682,0.85844,0.85844,1117420,0.86088,0.0004,2146.1
1991-03-19,0.85844,0.85844,0.79991,0.81942,3649556,0.83405,0.0004,2048.55
1991-03-20,0.81942,0.84869,0.80967,0.82918,2283536,0.82674,0.0004,2072.95
1991-03-21,0.82918,0.87795,0.82918,0.85844,927766,0.84869,0.0004,2146.1
1991-03-22,0.85844,0.87795,0.84869,0.87795,740675,0.86576,0.0004,2194.875
1991-03-25,0.87795,0.91697,0.87307,0.87307,1704322,0.88527,0.0004,2182.6749999999997
1991-03-26,0.87307,0.90722,0.8682,0.89746,963647,0.88649,0.0004,2243.65
1991-03-27,0.89746,0.90722,0.87795,0.89746,794496,0.89502,0.0004,2243.65
1991-03-28,0.89746,0.89746,0.87795,0.88771,1489039,0.89015,0.0004,2219.275
1991-04-01,0.88771,0.89746,0.87795,0.89746,386996,0.89015,0.0004,2243.65
1991-04-02,0.89746,0.89746,0.87795,0.89746,863694,0.89258,0.0004,2243.65
1991-04-03,0.89746,0.91697,0.88771,0.91697,1437782,0.90478,0.0004,2292.4249999999997
1991-04-04,0.91697,0.91697,0.89746,0.90722,3964792,0.90966,0.0004,2268.05
1991-04-05,0.90722,0.91697,0.88771,0.88771,1601807,0.8999,0.0004,2219.275
1991-04-08,0.88771,0.90722,0.87795,0.89746,343427,0.89259,0.0004,2243.65
1991-04-09,0.88771,0.88771,0.8682,0.87795,963647,0.88039,0.0004,2194.875
1991-04-10,0.87795,0.87795,0.84869,0.8682,189654,0.8682,0.0004,2170.5
1991-04-11,0.8682,0.87795,0.85844,0.85844,210157,0.86576,0.0004,2146.1
1991-04-12,0.87795,0.90722,0.87795,0.90722,530518,0.89259,0.0004,2268.05
1991-04-15,0.90722,0.92673,0.88771,0.90722,376745,0.90722,0.0004,2268.05
1991-04-16,0.90722,0.91697,0.8682,0.8682,1414716,0.89015,0.0004,2170.5
1991-04-17,0.8682,0.88771,0.82918,0.85844,1496728,0.86088,0.0004,2146.1
1991-04-18,0.85844,0.85844,0.83893,0.84381,4413298,0.8499,0.0004,2109.5249999999996
1991-04-19,0.84381,0.85844,0.81942,0.82918,748364,0.83771,0.0004,2072.95
1991-04-22,0.82918,0.84869,0.80967,0.84869,1248128,0.83406,0.0004,2121.725
1991-04-23,0.84869,0.84869,0.81942,0.81942,2034935,0.83406,0.0004,2048.55
1991-04-24,0.81942,0.83893,0.81942,0.83405,289607,0.82796,0.0004,2085.125
1991-04-25,0.83405,0.83893,0.81942,0.82918,640723,0.8304,0.0004,2072.95
1991-04-26,0.82918,0.82918,0.79016,0.79016,1845281,0.80967,0.0004,1975.3999999999999
1991-04-29,0.79016,0.79991,0.77065,0.7804,1296823,0.78528,0.0004,1950.9999999999998
1991-04-30,0.7804,0.79016,0.76089,0.7804,235786,0.77796,0.0004,1950.9999999999998
1991-05-01,0.7804,0.79016,0.77065,0.79016,1481351,0.78284,0.0004,1975.3999999999999
1991-05-02,0.79016,0.79991,0.77065,0.79991,781682,0.79016,0.0004,1999.7749999999999
1991-05-03,0.79991,0.82918,0.79016,0.81942,2719227,0.80967,0.0004,2048.55
1991-05-06,0.81942,0.82918,0.79991,0.82918,584339,0.81942,0.0004,2072.95
1991-05-07,0.82918,0.83893,0.80967,0.83893,1583866,0.82918,0.0004,2097.325
1991-05-08,0.83893,0.87795,0.81942,0.85844,1091791,0.84868,0.0004,2146.1
1991-05-09,0.87795,0.91697,0.87795,0.89746,2255344,0.89258,0.0004,2243.65
1991-05-10,0.89746,0.91697,0.8682,0.8682,2821743,0.88771,0.0004,2170.5
1991-05-13,0.8682,0.88771,0.8682,0.88283,879071,0.87674,0.0004,2207.075
1991-05-14,0.88283,0.88771,0.8682,0.87307,225534,0.87795,0.0004,2182.6749999999997
1991-05-15,0.87307,0.88771,0.85844,0.87795,1230188,0.87429,0.0004,2194.875
1991-05-16,0.87795,0.87795,0.85844,0.8682,1025156,0.87064,0.0004,2170.5
1991-05-17,0.85844,0.85844,0.83893,0.83893,256289,0.84868,0.0004,2097.325
1991-05-20,0.83893,0.85844,0.83893,0.83893,33318,0.84381,0.0004,2097.325
1991-05-21,0.83893,0.85844,0.82918,0.82918,832939,0.83893,0.0004,2072.95
1991-05-22,0.83893,0.8682,0.83893,0.8682,1506980,0.85356,0.0004,2170.5
1991-05-23,0.8682,0.88771,0.84869,0.87307,535644,0.86942,0.0004,2182.6749999999997
1991-05-24,0.87307,0.88771,0.8682,0.88771,353679,0.87917,0.0004,2219.275
1991-05-28,0.88771,0.88771,0.8682,0.8682,246038,0.87796,0.0004,2170.5
1991-05-29,0.8682,0.89746,0.8682,0.89746,1540297,0.88283,0.0004,2243.65
1991-05-30,0.89746,0.89746,0.8682,0.89746,914952,0.89015,0.0004,2243.65
1991-05-31,0.89746,0.91697,0.88771,0.90234,4608077,0.90112,0.006,150.39000000000001
1991-06-03,0.90234,0.95599,0.88771,0.93648,5907463,0.92063,0.006,156.07999999999998
1991-06-04,0.93648,0.99501,0.92673,0.98526,1517231,0.96087,0.006,164.21
1991-06-05,0.98526,1.0,0.94624,0.95599,1791461,0.97187,0.006,159.33166666666668
1991-06-06,0.95599,0.96575,0.94624,0.95599,653537,0.95599,0.006,159.33166666666668
1991-06-07,0.95599,0.96575,0.94624,0.94624,248600,0.95356,0.006,157.70666666666665
1991-06-10,0.94624,0.96575,0.93648,0.93648,1104606,0.94624,0.006,156.07999999999998
1991-06-11,0.93648,0.95599,0.92673,0.92673,389559,0.93648,0.006,154.455
1991-06-12,0.92673,0.92673,0.87795,0.88771,1325014,0.90478,0.006,147.95166666666665
1991-06-13,0.88771,0.90722,0.88771,0.88771,317798,0.89259,0.006,147.95166666666665
1991-06-14,0.88771,0.89746,0.88771,0.89746,302421,0.89259,0.006,149.57666666666668
1991-06-17,0.89746,0.89746,0.87795,0.89746,1212247,0.89258,0.006,149.57666666666668
1991-06-18,0.89746,0.89746,0.87795,0.87795,376745,0.88771,0.006,146.325
1991-06-19,0.87795,0.89746,0.87795,0.89746,553584,0.88771,0.006,149.57666666666668
1991-06-20,0.89746,0.91697,0.88771,0.90722,302421,0.90234,0.006,151.20333333333335
1991-06-21,0.90722,0.92673,0.90722,0.90722,538207,0.9121,0.006,151.20333333333335
1991-06-24,0.90722,0.90722,0.88771,0.88771,102516,0.89747,0.006,147.95166666666665
1991-06-25,0.88771,0.90722,0.88771,0.89258,41006,0.89381,0.006,148.76333333333335
1991-06-26,0.88771,0.88771,0.8682,0.88771,1722263,0.88283,0.006,147.95166666666665
1991-06-27,0.88771,0.89258,0.87795,0.87795,192217,0.88405,0.006,146.325
1991-06-28,0.89746,0.92673,0.89746,0.91697,922641,0.90966,0.006,152.82833333333332
1991-07-01,0.92673,0.99013,0.92673,0.99013,2990893,0.95843,0.006,165.02166666666665
1991-07-02,0.99013,1.0,0.96575,0.98526,2181020,0.98529,0.006,164.21
1991-07-03,0.98526,0.98526,0.96575,0.96575,617657,0.97551,0.006,160.95833333333334
1991-07-05,0.96575,0.98526,0.96575,0.98526,266541,0.97551,0.006,164.21
1991-07-08,0.9755,0.9755,0.95599,0.9755,330613,0.97062,0.006,162.58333333333334
1991-07-09,0.9755,0.9755,0.92673,0.92673,1601807,0.95112,0.006,154.455
1991-07-10,0.92673,0.94624,0.81942,0.81942,4049367,0.87795,0.006,136.57
1991-07-11,0.81942,0.85844,0.79016,0.79991,3954540,0.81698,0.006,133.31833333333333
1991-07-12,0.79991,0.80967,0.79016,0.80967,392122,0.80235,0.006,134.945
1991-07-15,0.80967,0.80967,0.79016,0.80967,256289,0.80479,0.006,134.945
1991-07-16,0.80967,0.82918,0.79016,0.80967,738113,0.80967,0.006,134.945
1991-07-17,0.80967,0.82918,0.80479,0.81942,2406554,0.81577,0.006,136.57
1991-07-18,0.81942,0.82918,0.79016,0.82918,481823,0.81699,0.006,138.19666666666666
1991-07-19,0.82918,0.82918,0.81454,0.81942,1888850,0.82308,0.006,136.57
1991-07-22,0.82918,0.8682,0.82918,0.84869,5889523,0.84381,0.006,141.44833333333335
1991-07-23,0.84869,0.85844,0.81942,0.81942,1383961,0.83649,0.006,136.57
1991-07-24,0.81942,0.83893,0.81942,0.83893,187091,0.82918,0.006,139.82166666666666
1991-07-25,0.83893,0.83893,0.81942,0.82918,740675,0.83162,0.006,138.19666666666666
1991-07-26,0.82918,0.84869,0.81942,0.81942,902138,0.82918,0.006,136.57
1991-07-29,0.81942,0.83893,0.80967,0.81942,835502,0.82186,0.006,136.57
1991-07-30,0.82918,0.84869,0.82918,0.82918,2324542,0.83406,0.006,138.19666666666666
1991-07-31,0.82918,0.84869,0.82918,0.83893,2060564,0.8365,0.006,139.82166666666666
1991-08-01,0.83893,0.83893,0.82918,0.83893,615094,0.83649,0.006,139.82166666666666
1991-08-02,0.83893,0.83893,0.82918,0.83893,284481,0.83649,0.006,139.82166666666666
1991-08-05,0.83893,0.83893,0.82918,0.83893,356242,0.83649,0.006,139.82166666666666
1991-08-06,0.83893,0.84869,0.82918,0.84869,3001145,0.84137,0.006,141.44833333333335
1991-08-07,0.84869,0.85844,0.82918,0.83893,2088756,0.84381,0.006,139.82166666666666
1991-08-08,0.84869,0.87795,0.84869,0.8682,2852497,0.86088,0.006,144.7
1991-08-09,0.8682,0.88771,0.84869,0.88771,3224116,0.87308,0.006,147.95166666666665
1991-08-12,0.88771,0.90722,0.8682,0.89746,3331758,0.89015,0.006,149.57666666666668
1991-08-13,0.89746,0.90722,0.89746,0.90722,3421459,0.90234,0.006,151.20333333333335
1991-08-14,0.90722,0.90722,0.87795,0.88771,5169350,0.89503,0.006,147.95166666666665
1991-08-15,0.88771,0.89746,0.88771,0.89746,2119511,0.89259,0.006,149.57666666666668
1991-08-16,0.89746,0.90722,0.88771,0.90234,1281445,0.89868,0.006,150.39000000000001
1991-08-19,0.88771,0.88771,0.85844,0.87307,602279,0.87673,0.006,145.51166666666666
1991-08-20,0.87307,0.90722,0.8682,0.90722,1904228,0.88893,0.006,151.20333333333335
1991-08-21,0.92673,0.96575,0.92673,0.96575,979024,0.94624,0.006,160.95833333333334
1991-08-22,0.96575,0.96575,0.92673,0.93648,689418,0.94868,0.006,156.07999999999998
1991-08-23,0.93648,0.95599,0.92673,0.95599,1463411,0.9438,0.006,159.33166666666668
1991-08-26,0.94624,0.94624,0.92673,0.93648,202468,0.93892,0.006,156.07999999999998
1991-08-27,0.93648,0.95599,0.93648,0.93648,617657,0.94136,0.006,156.07999999999998
1991-08-28,0.93648,0.95599,0.93648,0.94624,666352,0.9438,0.006,157.70666666666665
1991-08-29,0.94624,0.95599,0.93648,0.93648,2552639,0.9438,0.006,156.07999999999998
1991-08-30,0.93648,0.94624,0.92673,0.92673,279355,0.93405,0.006,154.455
1991-09-03,0.92673,0.93648,0.89746,0.89746,540770,0.91453,0.0004,2243.65
1991-09-04,0.90722,0.94624,0.90722,0.92673,3172859,0.92185,0.0004,2316.825
1991-09-05,0.93648,0.94624,0.93648,0.93648,2616711,0.93892,0.0004,2341.2
1991-09-06,0.93648,0.94624,0.92673,0.92673,251163,0.93405,0.0004,2316.825
1991-09-09,0.92673,0.94624,0.92673,0.94624,558710,0.93649,0.0004,2365.6
1991-09-10,0.94624,0.94624,0.90722,0.90722,2173331,0.92673,0.0004,2268.05
1991-09-11,0.90722,0.92673,0.90722,0.90722,243475,0.9121,0.0004,2268.05
1991-09-12,0.90722,0.92673,0.90722,0.92673,130707,0.91698,0.0004,2316.825
1991-09-13,0.92673,0.93648,0.90722,0.90722,1629998,0.91941,0.0004,2268.05
1991-09-16,0.90722,0.91697,0.90722,0.91697,233223,0.9121,0.0004,2292.4249999999997
1991-09-17,0.92673,0.9755,0.92673,0.95599,1571052,0.94624,0.0004,2389.975
1991-09-18,0.95599,1.0,0.95599,1.0,3977606,0.978,0.0004,2500.0
1991-09-19,1.0,1.06,0.98526,1.06,2414243,1.02631,0.0004,2650.0
1991-09-20,1.06,1.06,1.04,1.05,1119983,1.0525,0.0004,2625.0
1991-09-23,1.05,1.1,1.05,1.09,1645376,1.0725,0.0004,2725.0
1991-09-24,1.09,1.1,1.08,1.09,1604370,1.09,0.0004,2725.0
1991-09-25,1.09,1.14,1.08,1.13,2391177,1.11,0.0004,2824.9999999999995
1991-09-26,1.12,1.12,1.11,1.11,2052875,1.115,0.0004,2775.0
1991-09-27,1.11,1.12,1.11,1.11,753490,1.1125,0.0004,2775.0
1991-09-30,1.11,1.12,1.07,1.1,1030282,1.1,0.0004,2750.0
1991-10-01,1.1,1.1,1.08,1.09,653537,1.0925,0.0004,2725.0
1991-10-02,1.09,1.1,1.08,1.08,556147,1.0875,0.0004,2700.0
1991-10-03,1.08,1.1,1.06,1.08,838065,1.08,0.0004,2700.0
1991-10-04,1.08,1.08,1.04,1.05,1035408,1.0625,0.0004,2625.0
1991-10-07,1.05,1.08,1.04,1.08,920078,1.0625,0.0004,2700.0
1991-10-08,1.08,1.09,1.05,1.07,868820,1.0725,0.0004,2675.0
1991-10-09,1.07,1.09,1.07,1.08,235786,1.0775,0.0004,2700.0
1991-10-10,1.08,1.08,1.06,1.08,2181020,1.075,0.0004,2700.0
1991-10-11,1.08,1.09,1.06,1.09,307547,1.08,0.0004,2725.0
1991-10-14,1.09,1.09,1.07,1.09,1696634,1.085,0.0004,2725.0
1991-10-15,1.09,1.12,1.08,1.11,3413770,1.1,0.0004,2775.0
1991-10-16,1.11,1.16,1.11,1.14,2311727,1.13,0.0004,2849.9999999999995
1991-10-17,1.14,1.16,1.12,1.12,1014905,1.135,0.0004,2800.0
1991-10-18,1.12,1.15,1.12,1.15,1409590,1.135,0.0004,2874.9999999999995
1991-10-21,1.15,1.15,1.13,1.15,117893,1.145,0.0004,2874.9999999999995
1991-10-22,1.14,1.14,1.1,1.11,2688472,1.1225,0.0004,2775.0
1991-10-23,1.11,1.13,1.1,1.12,843191,1.115,0.0004,2800.0
1991-10-24,1.12,1.12,1.1,1.12,166588,1.115,0.0004,2800.0
1991-10-25,1.12,1.12,1.1,1.1,171714,1.11,0.0004,2750.0
1991-10-28,1.1,1.12,1.1,1.12,458757,1.11,0.0004,2800.0
1991-10-29,1.12,1.14,1.1,1.12,630471,1.12,0.0004,2800.0
1991-10-30,1.12,1.14,1.11,1.11,248600,1.12,0.0004,2775.0
1991-10-31,1.11,1.14,1.11,1.13,1653064,1.1225,0.0004,2824.9999999999995
1991-11-01,1.13,1.14,1.12,1.13,671477,1.13,0.0004,2824.9999999999995
1991-11-04,1.13,1.14,1.11,1.11,289607,1.1225,0.0004,2775.0
1991-11-05,1.11,1.12,1.09,1.09,374182,1.1025,0.0004,2725.0
1991-11-06,1.09,1.12,1.09,1.12,407500,1.105,0.0004,2800.0
1991-11-07,1.12,1.12,1.09,1.12,261415,1.1125,0.0004,2800.0
1991-11-08,1.12,1.12,1.09,1.12,102516,1.1125,0.0004,2800.0
1991-11-11,1.12,1.12,1.09,1.11,1304511,1.11,0.0004,2775.0
1991-11-12,1.12,1.13,1.12,1.12,1596681,1.1225,0.0004,2800.0
1991-11-13,1.12,1.13,1.11,1.12,399811,1.12,0.0004,2800.0
1991-11-14,1.12,1.13,1.11,1.12,310110,1.12,0.0004,2800.0
1991-11-15,1.12,1.14,1.11,1.11,374182,1.12,0.0004,2775.0
1991-11-18,1.11,1.13,1.08,1.08,2575705,1.1,0.0004,2700.0
1991-11-19,1.07,1.07,1.03,1.06,686855,1.0575,0.0004,2650.0
1991-11-20,1.06,1.06,1.04,1.04,263978,1.05,0.0004,2600.0
1991-11-21,1.06,1.1,1.06,1.07,1143049,1.0725,0.0004,2675.0
1991-11-22,1.07,1.1,1.06,1.08,489512,1.0775,0.0004,2700.0
1991-11-25,1.08,1.08,1.06,1.08,299858,1.075,0.0004,2700.0
1991-11-26,1.08,1.08,1.06,1.08,299858,1.075,0.0004,2700.0
1991-11-27,1.08,1.08,1.06,1.06,230660,1.07,0.0004,2650.0
1991-11-29,1.06,1.09,1.06,1.09,35880,1.075,0.0004,2725.0
1991-12-02,1.08,1.1,1.06,1.1,1704322,1.085,0.0004,2750.0
1991-12-03,1.11,1.11,1.1,1.11,504889,1.1075,0.0004,2775.0
1991-12-04,1.11,1.11,1.09,1.11,215283,1.105,0.0004,2775.0
1991-12-05,1.09,1.11,1.09,1.11,417751,1.1,0.0004,2775.0
1991-12-06,1.09,1.11,1.09,1.09,153773,1.095,0.0004,2725.0
1991-12-09,1.09,1.11,1.09,1.09,1245565,1.095,0.0004,2725.0
1991-12-10,1.11,1.11,1.09,1.11,71761,1.105,0.0004,2775.0
1991-12-11,1.09,1.11,1.09,1.09,102516,1.095,0.0004,2725.0
1991-12-12,1.1,1.1,1.08,1.1,366493,1.095,0.0004,2750.0
1991-12-13,1.1,1.1,1.07,1.07,33318,1.085,0.0004,2675.0
1991-12-16,1.07,1.18,1.07,1.17,4244147,1.1225,0.0004,2924.9999999999995
1991-12-17,1.17,1.22,1.14,1.19,1753017,1.18,0.0004,2974.9999999999995
1991-12-18,1.21,1.21,1.17,1.19,966210,1.195,0.0004,2974.9999999999995
1991-12-19,1.18,1.2,1.15,1.18,1194307,1.1775,0.0004,2949.9999999999995
1991-12-20,1.16,1.18,1.15,1.17,5223171,1.165,0.0004,2924.9999999999995
1991-12-23,1.15,1.18,1.15,1.18,1773520,1.165,0.0004,2949.9999999999995
1991-12-24,1.18,1.18,1.16,1.18,125582,1.175,0.0004,2949.9999999999995
1991-12-26,1.16,1.21,1.16,1.21,561273,1.185,0.0004,3024.9999999999995
1991-12-27,1.22,1.32,1.21,1.32,6048422,1.2675,0.0004,3300.0
1991-12-30,1.34,1.37,1.33,1.36,1973426,1.35,0.0004,3400.0
1991-12-31,1.35,1.36,1.35,1.36,2803802,1.355,0.0004,3400.0
1992-01-02,1.34,1.34,1.3,1.31,3823833,1.3225,0.0004,3275.0
1992-01-03,1.33,1.41,1.3,1.41,2055438,1.3625,0.0004,3524.9999999999995
1992-01-06,1.39,1.4,1.36,1.38,973898,1.3825,0.0004,3449.9999999999995
1992-01-07,1.35,1.37,1.34,1.34,553584,1.35,0.0004,3350.0
1992-01-08,1.34,1.37,1.34,1.34,884197,1.3475,0.0004,3350.0
1992-01-09,1.37,1.49,1.34,1.48,3723880,1.42,0.0004,3700.0
1992-01-10,1.48,1.49,1.44,1.44,5512778,1.4625,0.0004,3599.9999999999995
1992-01-13,1.43,1.45,1.4,1.43,1676130,1.4275,0.0004,3574.9999999999995
1992-01-14,1.42,1.45,1.42,1.42,1050785,1.4275,0.0004,3549.9999999999995
1992-01-15,1.44,1.44,1.41,1.41,2509070,1.425,0.0004,3524.9999999999995
1992-01-16,1.43,1.47,1.41,1.47,1286571,1.445,0.0004,3674.9999999999995
1992-01-17,1.47,1.6,1.46,1.56,5107841,1.5225,0.0004,3900.0
1992-01-20,1.52,1.53,1.49,1.49,1850407,1.5075,0.0004,3725.0
1992-01-21,1.49,1.49,1.45,1.47,8818907,1.475,0.0004,3674.9999999999995
1992-01-22,1.45,1.48,1.45,1.47,5330813,1.4625,0.0004,3674.9999999999995
1992-01-23,1.48,1.48,1.46,1.48,1635124,1.475,0.0004,3700.0
1992-01-24,1.49,1.52,1.47,1.5,735550,1.495,0.0004,3750.0
1992-01-27,1.52,1.52,1.49,1.49,187091,1.505,0.0004,3725.0
1992-01-28,1.49,1.51,1.47,1.48,1286571,1.4875,0.0004,3700.0
1992-01-29,1.49,1.49,1.45,1.45,753490,1.47,0.0004,3624.9999999999995
1992-01-30,1.44,1.44,1.39,1.42,2760233,1.4225,0.0004,3549.9999999999995
1992-01-31,1.42,1.43,1.42,1.43,310110,1.425,0.0004,3574.9999999999995
1992-02-03,1.43,1.49,1.42,1.49,1243002,1.4575,0.0004,3725.0
1992-02-04,1.49,1.51,1.46,1.51,1017468,1.4925,0.0004,3775.0
1992-02-05,1.5,1.61,1.5,1.59,5092464,1.55,0.0004,3975.0
1992-02-06,1.58,1.61,1.55,1.57,1747891,1.5775,0.0004,3925.0
1992-02-07,1.55,1.57,1.53,1.53,399811,1.545,0.0004,3825.0
1992-02-10,1.53,1.56,1.53,1.56,1168678,1.545,0.0004,3900.0
1992-02-11,1.53,1.56,1.53,1.56,556147,1.545,0.0004,3900.0
1992-02-12,1.56,1.56,1.54,1.56,876509,1.555,0.0004,3900.0
1992-02-13,1.56,1.56,1.52,1.52,1225062,1.54,0.0004,3800.0
1992-02-14,1.51,1.52,1.48,1.48,961084,1.4975,0.0004,3700.0
1992-02-18,1.47,1.49,1.45,1.46,538207,1.4675,0.0004,3649.9999999999995
1992-02-19,1.45,1.47,1.44,1.45,1712011,1.4525,0.0004,3624.9999999999995
1992-02-20,1.47,1.49,1.45,1.49,1373709,1.475,0.0004,3725.0
1992-02-21,1.49,1.49,1.46,1.48,266541,1.48,0.0004,3700.0
1992-02-24,1.46,1.49,1.46,1.46,315236,1.4675,0.0004,3649.9999999999995
1992-02-25,1.46,1.47,1.45,1.47,1273757,1.4625,0.0004,3674.9999999999995
1992-02-26,1.45,1.49,1.45,1.48,1117420,1.4675,0.0004,3700.0
1992-02-27,1.48,1.48,1.46,1.48,169151,1.475,0.0004,3700.0
1992-02-28,1.48,1.48,1.46,1.48,263978,1.475,0.0004,3700.0
1992-03-02,1.48,1.48,1.46,1.46,315236,1.47,0.0004,3649.9999999999995
1992-03-03,1.46,1.46,1.4,1.43,1519794,1.4375,0.0004,3574.9999999999995
1992-03-04,1.42,1.42,1.37,1.39,1596681,1.4,0.0004,3474.9999999999995
1992-03-05,1.39,1.41,1.39,1.39,94827,1.395,0.0004,3474.9999999999995
1992-03-06,1.41,1.41,1.39,1.39,1240439,1.4,0.0004,3474.9999999999995
1992-03-09,1.39,1.4,1.39,1.39,74324,1.3925,0.0004,3474.9999999999995
1992-03-10,1.39,1.42,1.39,1.42,940581,1.405,0.0004,3549.9999999999995
1992-03-11,1.4,1.42,1.39,1.4,297295,1.4025,0.0004,3499.9999999999995
1992-03-12,1.39,1.42,1.39,1.41,304984,1.4025,0.0004,3524.9999999999995
1992-03-13,1.42,1.43,1.4,1.43,3462465,1.42,0.0004,3574.9999999999995
1992-03-16,1.41,1.45,1.41,1.43,1363458,1.425,0.0004,3574.9999999999995
1992-03-17,1.44,1.44,1.43,1.44,1440345,1.4375,0.0004,3599.9999999999995
1992-03-18,1.44,1.44,1.43,1.43,338302,1.435,0.0004,3574.9999999999995
1992-03-19,1.43,1.44,1.43,1.43,322924,1.4325,0.0004,3574.9999999999995
1992-03-20,1.42,1.44,1.42,1.42,404937,1.425,0.0004,3549.9999999999995
1992-03-23,1.42,1.43,1.37,1.39,1153301,1.4025,0.0004,3474.9999999999995
1992-03-24,1.37,1.39,1.37,1.39,1742766,1.38,0.0004,3474.9999999999995
1992-03-25,1.37,1.39,1.37,1.39,297295,1.38,0.0004,3474.9999999999995
1992-03-26,1.39,1.39,1.33,1.33,914952,1.36,0.0004,3325.0
1992-03-27,1.32,1.33,1.27,1.3,753490,1.305,0.0004,3250.0
1992-03-30,1.3,1.32,1.29,1.3,525393,1.3025,0.0004,3250.0
1992-03-31,1.33,1.33,1.31,1.31,133270,1.32,0.0004,3275.0
1992-04-01,1.32,1.38,1.3,1.38,1501854,1.345,0.0004,3449.9999999999995
1992-04-02,1.35,1.38,1.35,1.35,917515,1.3575,0.0004,3375.0
1992-04-03,1.37,1.38,1.34,1.37,1809401,1.365,0.0004,3425.0
1992-04-06,1.38,1.39,1.36,1.37,602279,1.375,0.0004,3425.0
1992-04-07,1.39,1.44,1.39,1.41,1535171,1.4075,0.0004,3524.9999999999995
1992-04-08,1.41,1.43,1.41,1.42,1735077,1.4175,0.0004,3549.9999999999995
1992-04-09,1.42,1.42,1.41,1.41,130707,1.415,0.0004,3524.9999999999995
1992-04-10,1.43,1.43,1.41,1.43,404937,1.425,0.0004,3574.9999999999995
1992-04-13,1.43,1.47,1.41,1.47,568962,1.445,0.0004,3674.9999999999995
1992-04-14,1.48,1.5,1.47,1.49,1501854,1.485,0.0004,3725.0
1992-04-15,1.49,1.49,1.47,1.49,789370,1.485,0.0004,3725.0
1992-04-16,1.49,1.49,1.46,1.49,143522,1.4825,0.0004,3725.0
1992-04-20,1.49,1.49,1.44,1.47,1399338,1.4725,0.0004,3674.9999999999995
1992-04-21,1.47,1.47,1.41,1.43,1073851,1.445,0.0004,3574.9999999999995
1992-04-22,1.41,1.42,1.39,1.41,627908,1.4075,0.0004,3524.9999999999995
1992-04-23,1.42,1.42,1.39,1.42,89701,1.4125,0.0004,3549.9999999999995
1992-04-24,1.39,1.42,1.39,1.4,2006743,1.4,0.0004,3499.9999999999995
1992-04-27,1.39,1.42,1.39,1.39,671477,1.3975,0.0004,3474.9999999999995
1992-04-28,1.42,1.42,1.39,1.4,1729951,1.4075,0.0004,3499.9999999999995
1992-04-29,1.39,1.42,1.39,1.4,4303093,1.4,0.0004,3499.9999999999995
1992-04-30,1.39,1.43,1.39,1.4,3367638,1.4025,0.0004,3499.9999999999995
1992-05-01,1.43,1.44,1.4,1.44,2416806,1.4275,0.0004,3599.9999999999995
1992-05-04,1.45,1.45,1.42,1.42,479261,1.435,0.0004,3549.9999999999995
1992-05-05,1.45,1.45,1.42,1.45,515141,1.4425,0.0004,3624.9999999999995
1992-05-06,1.43,1.45,1.43,1.45,576650,1.44,0.0004,3624.9999999999995
1992-05-07,1.43,1.45,1.43,1.45,1401901,1.44,0.0004,3624.9999999999995
1992-05-08,1.43,1.45,1.42,1.44,958521,1.435,0.0004,3599.9999999999995
1992-05-11,1.45,1.47,1.42,1.45,604842,1.4475,0.0004,3624.9999999999995
1992-05-12,1.47,1.49,1.46,1.48,1227625,1.475,0.0004,3700.0
1992-05-13,1.46,1.49,1.46,1.46,192217,1.4675,0.0004,3649.9999999999995
1992-05-14,1.46,1.49,1.46,1.49,507452,1.475,0.0004,3725.0
1992-05-15,1.46,1.48,1.45,1.46,381871,1.4625,0.0004,3649.9999999999995
1992-05-18,1.48,1.48,1.45,1.45,584339,1.465,0.0004,3624.9999999999995
1992-05-19,1.46,1.46,1.42,1.44,853443,1.445,0.0004,3599.9999999999995
1992-05-20,1.42,1.44,1.42,1.43,397248,1.4275,0.0004,3574.9999999999995
1992-05-21,1.46,1.48,1.43,1.48,451069,1.4625,0.0004,3700.0
1992-05-22,1.48,1.48,1.45,1.46,145230,1.4675,0.0004,3649.9999999999995
1992-05-26,1.48,1.48,1.45,1.48,242620,1.4725,0.0004,3700.0
1992-05-27,1.48,1.48,1.45,1.48,309255,1.4725,0.0004,3700.0
1992-05-28,1.45,1.48,1.45,1.48,114476,1.465,0.0004,3700.0
1992-05-29,1.45,1.48,1.45,1.48,242620,1.465,0.0004,3700.0
1992-06-01,1.48,1.48,1.45,1.48,198197,1.4725,0.0104,142.30769230769232
1992-06-02,1.48,1.48,1.45,1.46,1828195,1.4675,0.0104,140.3846153846154
1992-06-03,1.45,1.48,1.45,1.45,220409,1.4575,0.0104,139.42307692307693
1992-06-04,1.48,1.48,1.4,1.43,997819,1.4475,0.0104,137.5
1992-06-05,1.4,1.43,1.36,1.36,623637,1.3875,0.0104,130.76923076923077
1992-06-08,1.36,1.38,1.35,1.36,249455,1.3625,0.0104,130.76923076923077
1992-06-09,1.38,1.38,1.29,1.29,902138,1.335,0.0104,124.03846153846155
1992-06-10,1.29,1.33,1.29,1.31,363930,1.305,0.0104,125.96153846153847
1992-06-11,1.32,1.32,1.27,1.29,459612,1.3,0.0104,124.03846153846155
1992-06-12,1.3,1.3,1.27,1.3,107641,1.2925,0.0104,125.00000000000001
1992-06-15,1.32,1.32,1.29,1.29,37589,1.305,0.0104,124.03846153846155
1992-06-16,1.29,1.32,1.29,1.29,41006,1.2975,0.0104,124.03846153846155
1992-06-17,1.32,1.32,1.29,1.29,150356,1.305,0.0104,124.03846153846155
1992-06-18,1.29,1.32,1.29,1.3,469863,1.3,0.0104,125.00000000000001
1992-06-19,1.32,1.33,1.29,1.3,278501,1.31,0.0104,125.00000000000001
1992-06-22,1.29,1.33,1.29,1.29,890177,1.3,0.0104,124.03846153846155
1992-06-23,1.32,1.32,1.27,1.27,435691,1.295,0.0104,122.11538461538463
1992-06-24,1.27,1.32,1.27,1.32,121310,1.295,0.0104,126.92307692307693
1992-06-25,1.32,1.32,1.29,1.3,422023,1.3075,0.0104,125.00000000000001
1992-06-26,1.32,1.32,1.29,1.29,134979,1.305,0.0104,124.03846153846155
1992-06-29,1.3,1.35,1.29,1.35,908972,1.3225,0.0104,129.80769230769232
1992-06-30,1.33,1.35,1.3,1.35,1688091,1.3325,0.0104,129.80769230769232
1992-07-01,1.32,1.42,1.32,1.42,1196016,1.37,0.0104,136.53846153846155
1992-07-02,1.43,1.46,1.4,1.4,955104,1.4225,0.0104,134.6153846153846
1992-07-06,1.43,1.45,1.42,1.43,1305366,1.4325,0.0104,137.5
1992-07-07,1.45,1.45,1.42,1.45,2275847,1.4425,0.0104,139.42307692307693
1992-07-08,1.45,1.45,1.4,1.43,406645,1.4325,0.0104,137.5
1992-07-09,1.43,1.43,1.4,1.43,671477,1.4225,0.0104,137.5
1992-07-10,1.4,1.4,1.38,1.4,381016,1.395,0.0104,134.6153846153846
1992-07-13,1.4,1.4,1.39,1.4,76887,1.3975,0.0104,134.6153846153846
1992-07-14,1.4,1.4,1.36,1.38,680020,1.385,0.0104,132.69230769230768
1992-07-15,1.39,1.39,1.35,1.35,780827,1.37,0.0104,129.80769230769232
1992-07-16,1.37,1.39,1.35,1.38,575796,1.3725,0.0104,132.69230769230768
1992-07-17,1.35,1.4,1.35,1.39,392977,1.3725,0.0104,133.65384615384616
1992-07-20,1.38,1.43,1.36,1.43,490366,1.4,0.0104,137.5
1992-07-21,1.4,1.43,1.4,1.4,242620,1.4075,0.0104,134.6153846153846
1992-07-22,1.43,1.43,1.4,1.42,731278,1.42,0.0104,136.53846153846155
1992-07-23,1.4,1.43,1.4,1.42,227243,1.4125,0.0104,136.53846153846155
1992-07-24,1.4,1.43,1.4,1.43,29046,1.415,0.0104,137.5
1992-07-27,1.4,1.43,1.4,1.4,56384,1.4075,0.0104,134.6153846153846
1992-07-28,1.42,1.43,1.42,1.42,951687,1.4225,0.0104,136.53846153846155
1992-07-29,1.43,1.43,1.42,1.43,304130,1.4275,0.0104,137.5
1992-07-30,1.43,1.43,1.42,1.43,34172,1.4275,0.0104,137.5
1992-07-31,1.43,1.43,1.42,1.43,287044,1.4275,0.0104,137.5
1992-08-03,1.42,1.43,1.42,1.43,861131,1.425,0.0104,137.5
1992-08-04,1.43,1.45,1.42,1.43,1105460,1.4325,0.0104,137.5
1992-08-05,1.45,1.48,1.43,1.46,1307074,1.455,0.0104,140.3846153846154
1992-08-06,1.48,1.48,1.45,1.48,143522,1.4725,0.0104,142.30769230769232
1992-08-07,1.45,1.48,1.45,1.45,140105,1.4575,0.0104,139.42307692307693
1992-08-10,1.45,1.46,1.45,1.46,228952,1.455,0.0104,140.3846153846154
1992-08-11,1.46,1.49,1.45,1.46,500618,1.465,0.0104,140.3846153846154
1992-08-12,1.46,1.49,1.46,1.49,105933,1.475,0.0104,143.26923076923077
1992-08-13,1.49,1.49,1.46,1.46,95681,1.475,0.0104,140.3846153846154
1992-08-14,1.49,1.49,1.46,1.49,355388,1.4825,0.0104,143.26923076923077
1992-08-17,1.46,1.49,1.46,1.49,252872,1.475,0.0104,143.26923076923077
1992-08-18,1.46,1.48,1.43,1.45,2641486,1.455,0.0104,139.42307692307693
1992-08-19,1.48,1.48,1.45,1.48,2667115,1.4725,0.0104,142.30769230769232
1992-08-20,1.45,1.48,1.45,1.46,76887,1.46,0.0104,140.3846153846154
1992-08-21,1.48,1.49,1.46,1.49,637305,1.48,0.0104,143.26923076923077
1992-08-24,1.46,1.49,1.46,1.49,816708,1.475,0.0104,143.26923076923077
1992-08-25,1.49,1.49,1.48,1.49,1423259,1.4875,0.0104,143.26923076923077
1992-08-26,1.49,1.62,1.49,1.62,1857241,1.555,0.0104,155.76923076923077
1992-08-27,1.64,1.7,1.61,1.61,2222880,1.64,0.0104,154.80769230769232
1992-08-28,1.62,1.62,1.58,1.59,608259,1.6025,0.0104,152.8846153846154
1992-08-31,1.58,1.61,1.57,1.59,3072052,1.5875,0.0006,2650.0000000000005
1992-09-01,1.59,1.59,1.58,1.58,360513,1.585,0.0006,2633.3333333333335
1992-09-02,1.58,1.59,1.58,1.59,2701287,1.585,0.0006,2650.0000000000005
1992-09-03,1.59,1.62,1.58,1.61,2306602,1.6,0.0006,2683.333333333334
1992-09-04,1.58,1.58,1.58,1.58,18795,1.58,0.0006,2633.3333333333335
1992-09-08,1.58,1.62,1.57,1.57,521121,1.585,0.0006,2616.666666666667
1992-09-09,1.59,1.59,1.57,1.57,1078123,1.58,0.0006,2616.666666666667
1992-09-10,1.59,1.59,1.57,1.58,1812818,1.5825,0.0006,2633.3333333333335
1992-09-11,1.57,1.59,1.57,1.59,680020,1.58,0.0006,2650.0000000000005
1992-09-14,1.62,1.62,1.58,1.59,794496,1.6025,0.0006,2650.0000000000005
1992-09-15,1.65,1.81,1.64,1.76,5464083,1.715,0.0006,2933.3333333333335
1992-09-16,1.77,1.79,1.71,1.71,4710593,1.745,0.0006,2850.0
1992-09-17,1.74,1.84,1.73,1.84,2636360,1.7875,0.0006,3066.666666666667
1992-09-18,1.8,1.87,1.8,1.84,3364221,1.8275,0.0006,3066.666666666667
1992-09-21,1.84,1.84,1.81,1.81,1477934,1.825,0.0006,3016.666666666667
1992-09-22,1.83,1.83,1.79,1.81,266541,1.815,0.0006,3016.666666666667
1992-09-23,1.79,1.83,1.79,1.8,574088,1.8025,0.0006,3000.0000000000005
1992-09-24,1.83,1.83,1.79,1.81,1653919,1.815,0.0006,3016.666666666667
1992-09-25,1.83,1.83,1.79,1.83,290461,1.82,0.0006,3050.0000000000005
1992-09-28,1.79,1.83,1.79,1.79,358805,1.8,0.0006,2983.3333333333335
1992-09-29,1.8,1.8,1.75,1.76,1833321,1.7775,0.0006,2933.3333333333335
1992-09-30,1.74,1.77,1.67,1.7,1096917,1.72,0.0006,2833.3333333333335
1992-10-01,1.7,1.7,1.67,1.68,1255816,1.6875,0.0006,2800.0
1992-10-02,1.7,1.71,1.67,1.7,427148,1.695,0.0006,2833.3333333333335
1992-10-05,1.71,1.79,1.68,1.79,1887996,1.7425,0.0006,2983.3333333333335
1992-10-06,1.81,1.83,1.79,1.83,5896357,1.815,0.0006,3050.0000000000005
1992-10-07,1.79,1.83,1.79,1.79,210157,1.8,0.0006,2983.3333333333335
1992-10-08,1.81,1.83,1.79,1.81,2400574,1.81,0.0006,3016.666666666667
1992-10-09,1.83,1.83,1.79,1.83,1430093,1.82,0.0006,3050.0000000000005
1992-10-12,1.83,1.83,1.79,1.79,690272,1.81,0.0006,2983.3333333333335
1992-10-13,1.86,1.89,1.84,1.89,4332994,1.87,0.0006,3150.0
1992-10-14,1.89,1.89,1.86,1.89,2646612,1.8825,0.0006,3150.0
1992-10-15,1.89,1.92,1.86,1.92,1889705,1.8975,0.0006,3200.0
1992-10-16,1.89,1.96,1.89,1.96,5050603,1.925,0.0006,3266.666666666667
1992-10-19,1.98,2.0,1.95,2.0,3043005,1.9825,0.0006,3333.3333333333335
1992-10-20,1.98,2.02,1.98,1.99,3225825,1.9925,0.0006,3316.666666666667
1992-10-21,2.02,2.05,1.99,2.05,2089610,2.0275,0.0006,3416.6666666666665
1992-10-22,2.05,2.05,2.0,2.05,961938,2.0375,0.0006,3416.6666666666665
1992-10-23,2.05,2.06,2.02,2.05,1274611,2.045,0.0006,3416.6666666666665
1992-10-26,2.06,2.06,2.03,2.06,1655627,2.0525,0.0006,3433.333333333334
1992-10-27,2.05,2.09,2.02,2.03,2984913,2.0475,0.0006,3383.3333333333335
1992-10-28,2.02,2.05,2.0,2.0,1799149,2.0175,0.0006,3333.3333333333335
1992-10-29,2.0,2.06,2.0,2.06,3786244,2.03,0.0006,3433.333333333334
1992-10-30,2.05,2.06,1.98,1.99,3808455,2.02,0.0006,3316.666666666667
1992-11-02,2.0,2.0,1.95,1.99,721027,1.985,0.0006,3316.666666666667
1992-11-03,1.99,2.02,1.96,2.02,1230188,1.9975,0.0006,3366.666666666667
1992-11-04,2.02,2.06,2.0,2.02,3025920,2.025,0.0006,3366.666666666667
1992-11-05,2.06,2.06,2.02,2.06,2605605,2.05,0.0006,3433.333333333334
1992-11-06,2.06,2.12,2.05,2.12,1799149,2.0875,0.0006,3533.333333333334
1992-11-09,2.14,2.24,2.14,2.24,3456485,2.19,0.0006,3733.333333333334
1992-11-10,2.21,2.34,2.21,2.29,3948560,2.2625,0.0006,3816.666666666667
1992-11-11,2.22,2.28,2.19,2.24,7042823,2.2325,0.0006,3733.333333333334
1992-11-12,2.27,2.3,2.24,2.3,2075941,2.2775,0.0006,3833.3333333333335
1992-11-13,2.28,2.3,2.25,2.28,1698342,2.2775,0.0006,3800.0
1992-11-16,2.28,2.28,2.25,2.28,1812818,2.2725,0.0006,3800.0
1992-11-17,2.28,2.28,2.12,2.12,4001527,2.2,0.0006,3533.333333333334
1992-11-18,2.15,2.22,2.12,2.22,1976843,2.1775,0.0006,3700.0000000000005
1992-11-19,2.22,2.22,2.18,2.18,958521,2.2,0.0006,3633.333333333334
1992-11-20,2.22,2.27,2.18,2.25,3285626,2.23,0.0006,3750.0000000000005
1992-11-23,2.24,2.33,2.24,2.27,1486477,2.27,0.0006,3783.3333333333335
1992-11-24,2.28,2.3,2.24,2.27,1037116,2.2725,0.0006,3783.3333333333335
1992-11-25,2.3,2.3,2.27,2.29,1790606,2.29,0.0006,3816.666666666667
1992-11-27,2.3,2.3,2.21,2.25,734695,2.265,0.0006,3750.0000000000005
1992-11-30,2.21,2.22,2.15,2.15,691980,2.1825,0.0006,3583.3333333333335
1992-12-01,2.15,2.24,2.15,2.22,1645376,2.19,0.0006,3700.0000000000005
1992-12-02,2.22,2.22,2.19,2.2,240912,2.2075,0.0006,3666.6666666666674
1992-12-03,2.21,2.24,2.21,2.24,461320,2.225,0.0006,3733.333333333334
1992-12-04,2.24,2.25,2.22,2.25,1607787,2.24,0.0006,3750.0000000000005
1992-12-07,2.25,2.25,2.22,2.24,773993,2.24,0.0006,3733.333333333334
1992-12-08,2.24,2.24,2.21,2.24,1161844,2.2325,0.0006,3733.333333333334
1992-12-09,2.24,2.24,2.21,2.21,104224,2.225,0.0006,3683.3333333333335
1992-12-10,2.24,2.24,2.15,2.18,705649,2.2025,0.0006,3633.333333333334
1992-12-11,2.18,2.18,2.15,2.18,326341,2.1725,0.0006,3633.333333333334
1992-12-14,2.15,2.18,2.11,2.14,1226770,2.145,0.0006,3566.666666666667
1992-12-15,2.12,2.15,1.9,1.94,7263232,2.0275,0.0006,3233.3333333333335
1992-12-16,1.93,1.96,1.89,1.93,3075469,1.9275,0.0006,3216.666666666667
1992-12-17,1.95,1.99,1.95,1.99,3675185,1.97,0.0006,3316.666666666667
1992-12-18,2.0,2.02,1.98,2.02,529664,2.005,0.0006,3366.666666666667
1992-12-21,2.02,2.06,1.99,2.06,746655,2.0325,0.0006,3433.333333333334
1992-12-22,2.06,2.06,2.02,2.05,1951214,2.0475,0.0006,3416.6666666666665
1992-12-23,2.06,2.06,2.02,2.06,1855533,2.05,0.0006,3433.333333333334
1992-12-24,2.06,2.08,2.05,2.06,394685,2.0625,0.0006,3433.333333333334
1992-12-28,2.08,2.08,2.05,2.08,6776283,2.0725,0.0006,3466.666666666667
1992-12-29,2.08,2.08,2.02,2.03,604842,2.0525,0.0006,3383.3333333333335
1992-12-30,2.02,2.06,2.02,2.06,1361749,2.04,0.0006,3433.333333333334
1992-12-31,2.03,2.06,2.03,2.06,671477,2.045,0.0006,3433.333333333334
1993-01-04,2.06,2.06,2.03,2.03,321216,2.045,0.0006,3383.3333333333335
1993-01-05,2.0,2.05,2.0,2.05,746655,2.025,0.0006,3416.6666666666665
1993-01-06,2.0,2.03,1.98,2.0,1944380,2.0025,0.0006,3333.3333333333335
1993-01-07,1.98,2.03,1.98,2.03,3895594,2.005,0.0006,3383.3333333333335
1993-01-08,2.03,2.03,2.0,2.03,1201141,2.0225,0.0006,3383.3333333333335
1993-01-11,2.0,2.03,1.98,2.02,813291,2.0075,0.0006,3366.666666666667
1993-01-12,2.02,2.02,1.98,2.02,49549,2.01,0.0006,3366.666666666667
1993-01-13,1.98,2.02,1.98,2.02,873091,2.0,0.0006,3366.666666666667
1993-01-14,2.02,2.05,1.99,2.05,1115712,2.0275,0.0006,3416.6666666666665
1993-01-15,2.02,2.08,2.02,2.08,1751309,2.05,0.0006,3466.666666666667
1993-01-18,2.05,2.08,2.05,2.06,1155009,2.06,0.0006,3433.333333333334
1993-01-19,2.08,2.08,2.05,2.06,1477934,2.0675,0.0006,3433.333333333334
1993-01-20,2.08,2.08,2.05,2.08,1811109,2.0725,0.0006,3466.666666666667
1993-01-21,2.09,2.11,2.06,2.08,1952923,2.085,0.0006,3466.666666666667
1993-01-22,2.09,2.09,2.06,2.09,246038,2.0825,0.0006,3483.3333333333335
1993-01-25,2.09,2.09,2.06,2.09,444234,2.0825,0.0006,3483.3333333333335
1993-01-26,2.08,2.09,2.06,2.09,1423259,2.08,0.0006,3483.3333333333335
1993-01-27,2.09,2.09,2.08,2.08,604842,2.085,0.0006,3466.666666666667
1993-01-28,2.08,2.09,2.08,2.09,432274,2.085,0.0006,3483.3333333333335
1993-01-29,2.09,2.09,2.06,2.09,254580,2.0825,0.0006,3483.3333333333335
1993-02-01,2.09,2.09,2.06,2.06,1011488,2.075,0.0006,3433.333333333334
1993-02-02,2.09,2.09,2.06,2.08,811582,2.08,0.0006,3466.666666666667
1993-02-03,2.11,2.11,2.06,2.11,3377890,2.0975,0.0006,3516.666666666667
1993-02-04,2.11,2.11,2.09,2.11,1298531,2.105,0.0006,3516.666666666667
1993-02-05,2.11,2.11,2.06,2.06,1971717,2.085,0.0006,3433.333333333334
1993-02-08,2.07,2.11,2.06,2.11,334884,2.0875,0.0006,3516.666666666667
1993-02-09,2.08,2.11,2.08,2.11,244329,2.095,0.0006,3516.666666666667
1993-02-10,2.11,2.11,2.08,2.08,1025156,2.095,0.0006,3466.666666666667
1993-02-11,2.11,2.11,2.06,2.08,2496255,2.09,0.0006,3466.666666666667
1993-02-12,2.06,2.09,2.06,2.06,3336884,2.0675,0.0006,3433.333333333334
1993-02-16,2.06,2.09,2.02,2.06,3446234,2.0575,0.0006,3433.333333333334
1993-02-17,2.08,2.09,2.05,2.05,1435219,2.0675,0.0006,3416.6666666666665
1993-02-18,2.05,2.11,2.03,2.08,2236549,2.0675,0.0006,3466.666666666667
1993-02-19,2.09,2.15,2.09,2.14,1206267,2.1175,0.0006,3566.666666666667
1993-02-22,2.12,2.12,2.11,2.12,543333,2.1175,0.0006,3533.333333333334
1993-02-23,2.11,2.11,2.06,2.08,504035,2.09,0.0006,3466.666666666667
1993-02-24,2.05,2.17,2.03,2.17,1307074,2.105,0.0006,3616.666666666667
1993-02-25,2.17,2.22,2.14,2.21,584339,2.185,0.0006,3683.3333333333335
1993-02-26,2.18,2.21,2.17,2.17,490366,2.1825,0.0006,3616.666666666667
1993-03-01,2.17,2.21,2.17,2.21,515995,2.19,0.0006,3683.3333333333335
1993-03-02,2.21,2.31,2.21,2.31,1981969,2.26,0.0006,3850.0000000000005
1993-03-03,2.28,2.34,2.28,2.31,2696161,2.3025,0.0006,3850.0000000000005
1993-03-04,2.3,2.34,2.3,2.3,833794,2.31,0.0006,3833.3333333333335
1993-03-05,2.33,2.33,2.27,2.28,1621455,2.3025,0.0006,3800.0
1993-03-08,2.3,2.3,2.28,2.28,531373,2.29,0.0006,3800.0
1993-03-09,2.3,2.3,2.26,2.27,734695,2.2825,0.0006,3783.3333333333335
1993-03-10,2.27,2.3,2.24,2.27,753490,2.27,0.0006,3783.3333333333335
1993-03-11,2.27,2.28,2.24,2.27,1503563,2.265,0.0006,3783.3333333333335
1993-03-12,2.25,2.28,2.24,2.27,169151,2.26,0.0006,3783.3333333333335
1993-03-15,2.24,2.28,2.22,2.24,714192,2.245,0.0006,3733.333333333334
1993-03-16,2.24,2.46,2.24,2.46,6446524,2.35,0.0006,4100.0
1993-03-17,2.39,2.46,2.34,2.34,2583394,2.3825,0.0006,3900.0
1993-03-18,2.34,2.37,2.34,2.37,967064,2.355,0.0006,3950.0000000000005
1993-03-19,2.37,2.37,2.3,2.33,1968300,2.3425,0.0006,3883.333333333334
1993-03-22,2.3,2.33,2.28,2.28,510870,2.2975,0.0006,3800.0
1993-03-23,2.31,2.31,2.27,2.3,616802,2.2975,0.0006,3833.3333333333335
1993-03-24,2.31,2.36,2.27,2.35,546750,2.3225,0.0006,3916.666666666667
1993-03-25,2.33,2.43,2.33,2.41,1346372,2.375,0.0006,4016.6666666666674
1993-03-26,2.4,2.43,2.4,2.41,1125963,2.41,0.0006,4016.6666666666674
1993-03-29,2.4,2.43,2.4,2.4,609968,2.4075,0.0006,4000.0
1993-03-30,2.4,2.43,2.4,2.4,601425,2.4075,0.0006,4000.0
1993-03-31,2.41,2.41,2.39,2.4,2221172,2.4025,0.0006,4000.0
1993-04-01,2.41,2.41,2.39,2.41,273375,2.405,0.0006,4016.6666666666674
1993-04-02,2.4,2.41,2.39,2.41,257998,2.4025,0.0006,4016.6666666666674
1993-04-05,2.41,2.41,2.39,2.41,842337,2.405,0.0006,4016.6666666666674
1993-04-06,2.39,2.41,2.39,2.39,1260942,2.395,0.0006,3983.333333333334
1993-04-07,2.39,2.41,2.39,2.39,738113,2.395,0.0006,3983.333333333334
1993-04-08,2.4,2.44,2.39,2.41,1168678,2.41,0.0006,4016.6666666666674
1993-04-12,2.43,2.47,2.43,2.47,2294641,2.45,0.0006,4116.666666666667
1993-04-13,2.47,2.52,2.44,2.5,1607787,2.4825,0.0006,4166.666666666667
1993-04-14,2.49,2.52,2.49,2.52,514287,2.505,0.0006,4200.0
1993-04-15,2.49,2.52,2.49,2.52,990984,2.505,0.0006,4200.0
1993-04-16,2.52,2.52,2.49,2.5,1715428,2.5075,0.0006,4166.666666666667
1993-04-19,2.52,2.52,2.46,2.49,920932,2.4975,0.0006,4150.000000000001
1993-04-20,2.46,2.46,2.39,2.41,1112295,2.43,0.0006,4016.6666666666674
1993-04-21,2.39,2.41,2.34,2.34,808165,2.37,0.0006,3900.0
1993-04-22,2.34,2.4,2.34,2.36,2783299,2.36,0.0006,3933.3333333333335
1993-04-23,2.39,2.39,2.34,2.34,1161844,2.365,0.0006,3900.0
1993-04-26,2.34,2.37,2.28,2.28,1667588,2.3175,0.0006,3800.0
1993-04-27,2.28,2.33,2.28,2.28,85430,2.2925,0.0006,3800.0
1993-04-28,2.33,2.33,2.24,2.25,1495020,2.2875,0.0006,3750.0000000000005
1993-04-29,2.25,2.27,2.24,2.24,353679,2.25,0.0006,3733.333333333334
1993-04-30,2.24,2.27,2.21,2.23,1014905,2.2375,0.0006,3716.666666666667
1993-05-03,2.25,2.25,2.22,2.23,3434273,2.2375,0.0006,3716.666666666667
1993-05-04,2.25,2.25,2.22,2.25,1325869,2.2425,0.0006,3750.0000000000005
1993-05-05,2.25,2.25,2.22,2.25,1127672,2.2425,0.0006,3750.0000000000005
1993-05-06,2.25,2.25,2.22,2.22,309255,2.235,0.0006,3700.0000000000005
1993-05-07,2.22,2.25,2.22,2.25,191363,2.235,0.0006,3750.0000000000005
1993-05-10,2.25,2.25,2.22,2.24,138396,2.24,0.0006,3733.333333333334
1993-05-11,2.22,2.25,2.22,2.22,234077,2.2275,0.0006,3700.0000000000005
1993-05-12,2.22,2.25,2.22,2.22,305838,2.2275,0.0006,3700.0000000000005
1993-05-13,2.25,2.25,2.17,2.17,1293405,2.21,0.0006,3616.666666666667
1993-05-14,2.17,2.19,2.09,2.12,1686382,2.1425,0.0006,3533.333333333334
1993-05-17,2.12,2.19,2.12,2.19,3306129,2.155,0.0006,3650.0000000000005
1993-05-18,2.21,2.24,2.18,2.19,5098444,2.205,0.0006,3650.0000000000005
1993-05-19,2.22,2.28,2.19,2.28,2644903,2.2425,0.0006,3800.0
1993-05-20,2.28,2.28,2.24,2.28,1117420,2.27,0.0006,3800.0
1993-05-21,2.28,2.31,2.24,2.27,442526,2.275,0.0006,3783.3333333333335
1993-05-24,2.31,2.36,2.31,2.36,3159190,2.335,0.0006,3933.3333333333335
1993-05-25,2.33,2.36,2.33,2.35,2178457,2.3425,0.0006,3916.666666666667
1993-05-26,2.36,2.36,2.33,2.33,2287807,2.345,0.0006,3883.333333333334
1993-05-27,2.36,2.36,2.31,2.31,304130,2.335,0.0006,3850.0000000000005
1993-05-28,2.36,2.36,2.31,2.36,427148,2.3475,0.0006,3933.3333333333335
1993-06-01,2.36,2.39,2.33,2.36,772284,2.36,0.0157,150.3184713375796
1993-06-02,2.37,2.41,2.34,2.39,1542860,2.3775,0.0157,152.22929936305735
1993-06-03,2.41,2.41,2.37,2.37,232369,2.39,0.0157,150.95541401273888
1993-06-04,2.41,2.41,2.37,2.41,189654,2.4,0.0157,153.50318471337582
1993-06-07,2.37,2.41,2.37,2.4,129853,2.3875,0.0157,152.86624203821657
1993-06-08,2.36,2.37,2.27,2.32,1910208,2.33,0.0157,147.77070063694268
1993-06-09,2.3,2.33,2.3,2.33,2057147,2.315,0.0157,148.40764331210192
1993-06-10,2.31,2.33,2.27,2.3,1795732,2.3025,0.0157,146.4968152866242
1993-06-11,2.27,2.3,2.27,2.3,1114003,2.285,0.0157,146.4968152866242
1993-06-14,2.27,2.3,2.27,2.27,322924,2.2775,0.0157,144.5859872611465
1993-06-15,2.31,2.31,2.27,2.29,93973,2.295,0.0157,145.859872611465
1993-06-16,2.27,2.31,2.27,2.28,452777,2.2825,0.0157,145.22292993630575
1993-06-17,2.27,2.31,2.27,2.27,75178,2.28,0.0157,144.5859872611465
1993-06-18,2.27,2.33,2.27,2.28,485241,2.2875,0.0157,145.22292993630575
1993-06-21,2.28,2.33,2.28,2.3,529664,2.2975,0.0157,146.4968152866242
1993-06-22,2.28,2.33,2.28,2.31,874800,2.3,0.0157,147.13375796178346
1993-06-23,2.28,2.33,2.28,2.33,193071,2.305,0.0157,148.40764331210192
1993-06-24,2.28,2.33,2.28,2.33,627054,2.305,0.0157,148.40764331210192
1993-06-25,2.28,2.33,2.25,2.33,979024,2.2975,0.0157,148.40764331210192
1993-06-28,2.28,2.33,2.28,2.33,167442,2.305,0.0157,148.40764331210192
1993-06-29,2.37,2.39,2.34,2.37,1409590,2.3675,0.0157,150.95541401273888
1993-06-30,2.34,2.4,2.34,2.4,2058855,2.37,0.0157,152.86624203821657
1993-07-01,2.41,2.42,2.37,2.39,1469391,2.3975,0.0157,152.22929936305735
1993-07-02,2.41,2.41,2.37,2.37,464738,2.39,0.0157,150.95541401273888
1993-07-06,2.4,2.43,2.37,2.4,1450596,2.4,0.0157,152.86624203821657
1993-07-07,2.39,2.41,2.37,2.4,1436927,2.3925,0.0157,152.86624203821657
1993-07-08,2.4,2.44,2.39,2.41,1180638,2.41,0.0157,153.50318471337582
1993-07-09,2.44,2.44,2.41,2.44,545041,2.4325,0.0157,155.4140127388535
1993-07-12,2.44,2.49,2.41,2.48,2369820,2.455,0.0157,157.96178343949046
1993-07-13,2.49,2.49,2.45,2.47,428857,2.475,0.0157,157.32484076433124
1993-07-14,2.47,2.47,2.44,2.44,488658,2.455,0.0157,155.4140127388535
1993-07-15,2.47,2.47,2.44,2.46,531373,2.46,0.0157,156.687898089172
1993-07-16,2.46,2.49,2.44,2.49,1030282,2.47,0.0157,158.5987261146497
1993-07-19,2.49,2.49,2.41,2.44,1071288,2.4575,0.0157,155.4140127388535
1993-07-20,2.44,2.44,2.39,2.39,929475,2.415,0.0157,152.22929936305735
1993-07-21,2.4,2.44,2.39,2.43,1245565,2.415,0.0157,154.77707006369428
1993-07-22,2.44,2.44,2.4,2.43,1460848,2.4275,0.0157,154.77707006369428
1993-07-23,2.4,2.43,2.4,2.4,459612,2.4075,0.0157,152.86624203821657
1993-07-26,2.41,2.43,2.39,2.43,321216,2.415,0.0157,154.77707006369428
1993-07-27,2.43,2.43,2.39,2.43,136688,2.42,0.0157,154.77707006369428
1993-07-28,2.39,2.43,2.39,2.42,596299,2.4075,0.0157,154.14012738853503
1993-07-29,2.43,2.49,2.4,2.47,2465501,2.4475,0.0157,157.32484076433124
1993-07-30,2.5,2.5,2.47,2.5,816708,2.4925,0.0157,159.23566878980893
1993-08-02,2.47,2.55,2.47,2.53,1491602,2.505,0.0157,161.14649681528664
1993-08-03,2.52,2.56,2.5,2.53,1782063,2.5275,0.0157,161.14649681528664
1993-08-04,2.5,2.53,2.5,2.52,305838,2.5125,0.0157,160.5095541401274
1993-08-05,2.53,2.55,2.5,2.55,341719,2.5325,0.0157,162.4203821656051
1993-08-06,2.55,2.56,2.52,2.53,1505271,2.54,0.0157,161.14649681528664
1993-08-09,2.53,2.56,2.53,2.56,264832,2.545,0.0157,163.05732484076435
1993-08-10,2.56,2.56,2.53,2.54,703941,2.5475,0.0157,161.7834394904459
1993-08-11,2.53,2.56,2.53,2.56,809873,2.545,0.0157,163.05732484076435
1993-08-12,2.56,2.56,2.53,2.56,661226,2.5525,0.0157,163.05732484076435
1993-08-13,2.53,2.56,2.53,2.55,317798,2.5425,0.0157,162.4203821656051
1993-08-16,2.56,2.58,2.53,2.58,481823,2.5625,0.0157,164.33121019108282
1993-08-17,2.58,2.58,2.53,2.56,252872,2.5625,0.0157,163.05732484076435
1993-08-18,2.58,2.58,2.53,2.53,82013,2.555,0.0157,161.14649681528664
1993-08-19,2.53,2.56,2.53,2.53,249455,2.5375,0.0157,161.14649681528664
1993-08-20,2.53,2.56,2.53,2.56,249455,2.545,0.0157,163.05732484076435
1993-08-23,2.56,2.62,2.53,2.61,1667588,2.58,0.0157,166.2420382165605
1993-08-24,2.62,2.62,2.59,2.62,2212629,2.6125,0.0157,166.87898089171978
1993-08-25,2.62,2.65,2.6,2.63,956813,2.625,0.0157,167.515923566879
1993-08-26,2.63,2.68,2.62,2.68,681729,2.6525,0.0157,170.70063694267517
1993-08-27,2.68,2.68,2.63,2.68,189084,2.6675,0.0157,170.70063694267517
1993-08-30,2.68,2.9,2.63,2.84,4167830,2.7625,0.0157,180.89171974522293
1993-08-31,2.85,2.85,2.74,2.77,1547986,2.8025,0.0018,1538.888888888889
1993-09-01,2.79,2.79,2.72,2.74,812152,2.76,0.0018,1522.2222222222224
1993-09-02,2.74,2.74,2.7,2.73,1473947,2.7275,0.0018,1516.6666666666667
1993-09-03,2.74,2.74,2.7,2.74,292739,2.73,0.0018,1522.2222222222224
1993-09-07,2.77,2.77,2.72,2.77,588895,2.7575,0.0018,1538.888888888889
1993-09-08,2.72,2.77,2.7,2.7,227813,2.7225,0.0018,1500.0000000000002
1993-09-09,2.74,2.74,2.7,2.74,430566,2.73,0.0018,1522.2222222222224
1993-09-10,2.74,2.79,2.72,2.74,3379598,2.7475,0.0018,1522.2222222222224
1993-09-13,2.77,2.81,2.74,2.81,3750933,2.7825,0.0018,1561.111111111111
1993-09-14,2.81,2.85,2.74,2.85,870244,2.8125,0.0018,1583.3333333333335
1993-09-15,2.88,2.9,2.79,2.83,2591367,2.85,0.0018,1572.2222222222224
1993-09-16,2.79,2.83,2.79,2.83,476128,2.81,0.0018,1572.2222222222224
1993-09-17,2.77,2.81,2.77,2.78,3099389,2.7825,0.0018,1544.4444444444443
1993-09-20,2.81,2.81,2.77,2.81,1100334,2.8,0.0018,1561.111111111111
1993-09-21,2.81,2.81,2.74,2.81,1107169,2.7925,0.0018,1561.111111111111
1993-09-22,2.81,2.81,2.74,2.81,184528,2.7925,0.0018,1561.111111111111
1993-09-23,2.77,2.8,2.74,2.74,1726819,2.7625,0.0018,1522.2222222222224
1993-09-24,2.79,2.81,2.74,2.78,404367,2.78,0.0018,1544.4444444444443
1993-09-27,2.81,2.81,2.74,2.81,119602,2.7925,0.0018,1561.111111111111
1993-09-28,2.74,2.85,2.74,2.84,1996777,2.7925,0.0018,1577.7777777777778
1993-09-29,2.85,3.05,2.85,3.01,1455722,2.94,0.0018,1672.2222222222222
1993-09-30,3.03,3.05,2.94,2.94,1759852,2.99,0.0018,1633.3333333333333
1993-10-01,2.96,2.96,2.92,2.96,1778077,2.95,0.0018,1644.4444444444446
1993-10-04,2.92,2.96,2.92,2.92,840628,2.93,0.0018,1622.2222222222222
1993-10-05,2.92,2.96,2.92,2.96,3118753,2.94,0.0018,1644.4444444444446
1993-10-06,2.96,2.96,2.92,2.94,478406,2.945,0.0018,1633.3333333333333
1993-10-07,2.92,2.99,2.92,2.92,266541,2.9375,0.0018,1622.2222222222222
1993-10-08,2.96,2.96,2.92,2.96,395255,2.95,0.0018,1644.4444444444446
1993-10-11,2.96,2.96,2.92,2.92,198197,2.94,0.0018,1622.2222222222222
1993-10-12,2.96,2.96,2.9,2.94,508022,2.94,0.0018,1633.3333333333333
1993-10-13,2.94,2.96,2.9,2.92,587756,2.93,0.0018,1622.2222222222222
1993-10-14,2.96,2.96,2.92,2.96,350831,2.95,0.0018,1644.4444444444446
1993-10-15,2.96,2.96,2.92,2.96,445373,2.95,0.0018,1644.4444444444446
1993-10-18,2.92,2.99,2.92,2.99,1456861,2.955,0.0018,1661.1111111111113
1993-10-19,2.99,2.99,2.92,2.92,1152731,2.955,0.0018,1622.2222222222222
1993-10-20,2.96,2.96,2.9,2.9,182250,2.93,0.0018,1611.111111111111
1993-10-21,2.9,2.96,2.9,2.96,97959,2.93,0.0018,1644.4444444444446
1993-10-22,2.96,2.96,2.9,2.96,254011,2.945,0.0018,1644.4444444444446
1993-10-25,2.96,2.96,2.92,2.94,1356623,2.945,0.0018,1633.3333333333333
1993-10-26,2.96,3.01,2.92,3.01,658378,2.975,0.0018,1672.2222222222222
1993-10-27,3.01,3.07,2.96,3.01,859992,3.0125,0.0018,1672.2222222222222
1993-10-28,3.07,3.16,3.05,3.16,955673,3.11,0.0018,1755.5555555555557
1993-10-29,3.16,3.16,3.05,3.07,1090083,3.11,0.0018,1705.5555555555554
1993-11-01,3.12,3.2,3.07,3.17,1484198,3.14,0.0018,1761.111111111111
1993-11-02,3.16,3.18,3.09,3.14,1255247,3.1425,0.0018,1744.4444444444446
1993-11-03,3.14,3.14,3.05,3.09,774563,3.105,0.0018,1716.6666666666667
1993-11-04,3.05,3.09,3.05,3.05,970481,3.06,0.0018,1694.4444444444443
1993-11-05,3.07,3.09,3.03,3.09,526247,3.07,0.0018,1716.6666666666667
1993-11-08,3.09,3.09,3.05,3.07,1416994,3.075,0.0018,1705.5555555555554
1993-11-09,3.12,3.23,3.12,3.2,1051355,3.1675,0.0018,1777.7777777777778
1993-11-10,3.2,3.2,3.16,3.18,3020794,3.185,0.0018,1766.6666666666667
1993-11-11,3.2,3.2,3.16,3.2,351970,3.19,0.0018,1777.7777777777778
1993-11-12,3.2,3.31,3.16,3.31,857714,3.245,0.0018,1838.888888888889
1993-11-15,3.31,3.31,3.2,3.25,527386,3.2675,0.0018,1805.5555555555557
1993-11-16,3.18,3.25,3.12,3.12,807595,3.1675,0.0018,1733.3333333333335
1993-11-17,3.14,3.18,3.01,3.05,1157288,3.095,0.0018,1694.4444444444443
1993-11-18,3.05,3.09,2.96,3.04,1381683,3.035,0.0018,1688.888888888889
1993-11-19,3.05,3.05,2.94,2.94,1047938,2.995,0.0018,1633.3333333333333
1993-11-22,2.92,2.96,2.83,2.83,1172095,2.885,0.0018,1572.2222222222224
1993-11-23,2.88,2.88,2.79,2.83,1642528,2.845,0.0018,1572.2222222222224
1993-11-24,2.88,2.9,2.81,2.85,1135645,2.86,0.0018,1583.3333333333335
1993-11-26,2.9,2.9,2.85,2.89,256289,2.885,0.0018,1605.5555555555557
1993-11-29,2.9,2.9,2.85,2.9,391838,2.8875,0.0018,1611.111111111111
1993-11-30,2.9,2.9,2.79,2.83,2075372,2.855,0.0018,1572.2222222222224
1993-12-01,2.83,2.88,2.81,2.85,3059522,2.8425,0.0018,1583.3333333333335
1993-12-02,2.83,2.9,2.83,2.9,547889,2.865,0.0018,1611.111111111111
1993-12-03,2.85,2.9,2.85,2.9,1652780,2.875,0.0018,1611.111111111111
1993-12-06,2.92,2.94,2.85,2.94,1092361,2.9125,0.0018,1633.3333333333333
1993-12-07,2.94,2.96,2.9,2.96,1456861,2.94,0.0018,1644.4444444444446
1993-12-08,2.96,3.01,2.92,3.01,834933,2.975,0.0018,1672.2222222222222
1993-12-09,2.99,3.03,2.88,2.92,1284863,2.955,0.0018,1622.2222222222222
1993-12-10,2.92,2.92,2.81,2.85,1932989,2.875,0.0018,1583.3333333333335
1993-12-13,2.88,3.01,2.88,2.96,1856672,2.9325,0.0018,1644.4444444444446
1993-12-14,2.94,2.99,2.94,2.99,2218894,2.965,0.0018,1661.1111111111113
1993-12-15,2.94,3.12,2.94,3.07,3166594,3.0175,0.0018,1705.5555555555554
1993-12-16,3.05,3.12,3.05,3.07,545611,3.0725,0.0018,1705.5555555555554
1993-12-17,3.08,3.16,3.07,3.15,2671102,3.115,0.0018,1750.0
1993-12-20,3.12,3.18,3.12,3.18,918084,3.15,0.0018,1766.6666666666667
1993-12-21,3.14,3.18,3.09,3.12,1541152,3.1325,0.0018,1733.3333333333335
1993-12-22,3.09,3.12,3.07,3.09,582061,3.0925,0.0018,1716.6666666666667
1993-12-23,3.12,3.12,3.07,3.09,1039964,3.1,0.0018,1716.6666666666667
1993-12-27,3.05,3.09,3.05,3.09,290461,3.07,0.0018,1716.6666666666667
1993-12-28,3.07,3.09,3.03,3.05,3716761,3.06,0.0018,1694.4444444444443
1993-12-29,3.03,3.07,3.03,3.07,969342,3.05,0.0018,1705.5555555555554
1993-12-30,3.03,3.09,3.03,3.07,435122,3.055,0.0018,1705.5555555555554
1993-12-31,3.07,3.07,3.03,3.07,300713,3.06,0.0018,1705.5555555555554
1994-01-03,3.03,3.09,3.03,3.08,754059,3.0575,0.0018,1711.111111111111
1994-01-04,3.07,3.2,3.07,3.16,2827153,3.125,0.0018,1755.5555555555557
1994-01-05,3.18,3.31,3.14,3.29,3340870,3.23,0.0018,1827.7777777777778
1994-01-06,3.25,3.31,3.25,3.31,2541248,3.28,0.0018,1838.888888888889
1994-01-07,3.29,3.33,3.27,3.33,861131,3.305,0.0018,1850.0
1994-01-10,3.31,3.31,3.27,3.31,1213102,3.3,0.0018,1838.888888888889
1994-01-11,3.27,3.38,3.27,3.35,639014,3.3175,0.0018,1861.1111111111113
1994-01-12,3.38,3.38,3.31,3.31,2028670,3.345,0.0018,1838.888888888889
1994-01-13,3.31,3.34,3.27,3.31,620789,3.3075,0.0018,1838.888888888889
1994-01-14,3.31,3.31,3.27,3.27,1104891,3.29,0.0018,1816.6666666666667
1994-01-17,3.31,3.31,3.23,3.24,1723402,3.2725,0.0018,1800.0000000000002
1994-01-18,3.27,3.36,3.23,3.31,2100431,3.2925,0.0018,1838.888888888889
1994-01-19,3.31,3.38,3.31,3.31,1003514,3.3275,0.0018,1838.888888888889
1994-01-20,3.31,3.38,3.31,3.36,355388,3.34,0.0018,1866.6666666666667
1994-01-21,3.38,3.38,3.34,3.36,1205128,3.365,0.0018,1866.6666666666667
1994-01-24,3.38,3.38,3.31,3.34,315520,3.3525,0.0018,1855.5555555555554
1994-01-25,3.38,3.53,3.34,3.53,2911444,3.445,0.0018,1961.111111111111
1994-01-26,3.53,3.53,3.45,3.45,1090083,3.49,0.0018,1916.6666666666667
1994-01-27,3.49,3.49,3.45,3.47,558141,3.475,0.0018,1927.7777777777778
1994-01-28,3.49,3.51,3.47,3.51,583200,3.495,0.0018,1950.0
1994-01-31,3.51,3.51,3.46,3.51,750642,3.4975,0.0018,1950.0
1994-02-01,3.51,3.51,3.42,3.47,881634,3.4775,0.0018,1927.7777777777778
1994-02-02,3.49,3.49,3.42,3.46,747225,3.465,0.0018,1922.2222222222222
1994-02-03,3.42,3.49,3.4,3.42,1939823,3.4325,0.0018,1900.0
1994-02-04,3.45,3.45,3.36,3.4,1147036,3.415,0.0018,1888.888888888889
1994-02-07,3.29,3.38,3.27,3.38,1193738,3.33,0.0018,1877.7777777777778
1994-02-08,3.34,3.4,3.34,3.4,422592,3.37,0.0018,1888.888888888889
1994-02-09,3.42,3.42,3.34,3.37,1421550,3.3875,0.0018,1872.2222222222224
1994-02-10,3.4,3.53,3.38,3.45,1994498,3.44,0.0018,1916.6666666666667
1994-02-11,3.45,3.49,3.45,3.48,695967,3.4675,0.0018,1933.3333333333335
1994-02-14,3.49,3.51,3.45,3.48,1127672,3.4825,0.0018,1933.3333333333335
1994-02-15,3.51,3.53,3.47,3.53,1256386,3.51,0.0018,1961.111111111111
1994-02-16,3.53,3.53,3.47,3.47,880495,3.5,0.0018,1927.7777777777778
1994-02-17,3.51,3.51,3.45,3.47,803039,3.485,0.0018,1927.7777777777778
1994-02-18,3.49,3.49,3.45,3.47,668630,3.475,0.0018,1927.7777777777778
1994-02-22,3.49,3.56,3.42,3.47,2051452,3.485,0.0018,1927.7777777777778
1994-02-23,3.45,3.47,3.45,3.47,1891983,3.46,0.0018,1927.7777777777778
1994-02-24,3.4,3.45,3.4,3.42,490936,3.4175,0.0018,1900.0
1994-02-25,3.47,3.47,3.4,3.42,290461,3.44,0.0018,1900.0
1994-02-28,3.47,3.47,3.42,3.42,404367,3.445,0.0018,1900.0
1994-03-01,3.42,3.45,3.36,3.42,1797441,3.4125,0.0018,1900.0
1994-03-02,3.4,3.4,3.27,3.31,2262178,3.345,0.0018,1838.888888888889
1994-03-03,3.4,3.4,3.36,3.4,604842,3.39,0.0018,1888.888888888889
1994-03-04,3.4,3.4,3.23,3.24,1773520,3.3175,0.0018,1800.0000000000002
1994-03-07,3.29,3.31,3.23,3.31,546750,3.285,0.0018,1838.888888888889
1994-03-08,3.31,3.31,3.25,3.29,2032088,3.29,0.0018,1827.7777777777778
1994-03-09,3.31,3.37,3.29,3.34,472711,3.3275,0.0018,1855.5555555555554
1994-03-10,3.38,3.38,3.31,3.34,768867,3.3525,0.0018,1855.5555555555554
1994-03-11,3.34,3.34,3.29,3.34,707358,3.3275,0.0018,1855.5555555555554
1994-03-14,3.4,3.42,3.38,3.4,2802094,3.4,0.0018,1888.888888888889
1994-03-15,3.42,3.42,3.34,3.35,738113,3.3825,0.0018,1861.1111111111113
1994-03-16,3.38,3.38,3.34,3.38,855436,3.37,0.0018,1877.7777777777778
1994-03-17,3.38,3.38,3.34,3.34,627623,3.36,0.0018,1855.5555555555554
1994-03-18,3.37,3.38,3.25,3.29,2753114,3.3225,0.0018,1827.7777777777778
1994-03-21,3.29,3.31,3.23,3.27,2407978,3.275,0.0018,1816.6666666666667
1994-03-22,3.23,3.27,3.23,3.23,4614342,3.24,0.0018,1794.4444444444446
1994-03-23,3.27,3.27,3.23,3.24,722166,3.2525,0.0018,1800.0000000000002
1994-03-24,3.27,3.27,3.13,3.18,1627720,3.2125,0.0018,1766.6666666666667
1994-03-25,3.14,3.16,3.05,3.07,849741,3.105,0.0018,1705.5555555555554
1994-03-28,3.05,3.12,3.03,3.06,742669,3.065,0.0018,1700.0
1994-03-29,3.09,3.16,3.05,3.09,947700,3.0975,0.0018,1716.6666666666667
1994-03-30,3.09,3.14,3.09,3.14,1536595,3.115,0.0018,1744.4444444444446
1994-03-31,3.14,3.2,3.14,3.15,2798677,3.1575,0.0018,1750.0
1994-04-04,3.09,3.18,3.07,3.12,2112961,3.115,0.0018,1733.3333333333335
1994-04-05,3.18,3.2,3.14,3.18,2051452,3.175,0.0018,1766.6666666666667
1994-04-06,3.14,3.18,3.14,3.15,366778,3.1525,0.0018,1750.0
1994-04-07,3.18,3.18,3.12,3.16,619650,3.16,0.0018,1755.5555555555557
1994-04-08,3.16,3.16,3.12,3.16,126436,3.15,0.0018,1755.5555555555557
1994-04-11,3.18,3.18,3.12,3.12,290461,3.15,0.0018,1733.3333333333335
1994-04-12,3.12,3.18,3.05,3.05,741530,3.1,0.0018,1694.4444444444443
1994-04-13,3.05,3.09,3.03,3.03,766589,3.05,0.0018,1683.3333333333333
1994-04-14,3.03,3.09,3.03,3.03,817847,3.045,0.0018,1683.3333333333333
1994-04-15,3.05,3.05,2.99,2.99,350831,3.02,0.0018,1661.1111111111113
1994-04-18,2.99,3.01,2.92,2.99,448791,2.9775,0.0018,1661.1111111111113
1994-04-19,2.92,2.99,2.9,2.92,477267,2.9325,0.0018,1622.2222222222222
1994-04-20,2.92,2.96,2.92,2.92,486380,2.93,0.0018,1622.2222222222222
1994-04-21,2.92,2.96,2.92,2.96,1499006,2.94,0.0018,1644.4444444444446
1994-04-22,2.99,2.99,2.94,2.96,823542,2.97,0.0018,1644.4444444444446
1994-04-25,2.99,3.05,2.94,3.05,1489894,3.0075,0.0018,1694.4444444444443
1994-04-26,3.01,3.08,3.01,3.07,830377,3.0425,0.0018,1705.5555555555554
1994-04-28,3.07,3.07,3.05,3.05,510300,3.06,0.0018,1694.4444444444443
1994-04-29,3.07,3.09,3.03,3.07,894164,3.065,0.0018,1705.5555555555554
1994-05-02,3.09,3.2,3.07,3.2,2705273,3.14,0.0018,1777.7777777777778
1994-05-03,3.16,3.34,3.16,3.29,1737070,3.2375,0.0018,1827.7777777777778
1994-05-04,3.31,3.34,3.27,3.31,1224492,3.3075,0.0018,1838.888888888889
1994-05-05,3.29,3.42,3.29,3.42,1194877,3.355,0.0018,1900.0
1994-05-06,3.34,3.38,3.31,3.33,1063884,3.34,0.0018,1850.0
1994-05-09,3.31,3.31,3.25,3.26,1096917,3.2825,0.0018,1811.111111111111
1994-05-10,3.27,3.27,3.25,3.27,1254108,3.265,0.0018,1816.6666666666667
1994-05-11,3.29,3.31,3.23,3.23,609398,3.265,0.0018,1794.4444444444446
1994-05-12,3.23,3.27,3.23,3.27,207309,3.25,0.0018,1816.6666666666667
1994-05-13,3.27,3.27,3.2,3.25,527386,3.2475,0.0018,1805.5555555555557
1994-05-16,3.2,3.2,3.07,3.07,970481,3.135,0.0018,1705.5555555555554
1994-05-17,3.07,3.12,3.01,3.07,918084,3.0675,0.0018,1705.5555555555554
1994-05-18,3.07,3.07,2.96,2.97,1820222,3.0175,0.0018,1650.0000000000002
1994-05-19,2.96,3.01,2.96,2.96,798483,2.9725,0.0018,1644.4444444444446
1994-05-20,3.01,3.01,2.96,2.99,292739,2.9925,0.0018,1661.1111111111113
1994-05-23,3.01,3.01,2.94,2.94,367917,2.975,0.0018,1633.3333333333333
1994-05-24,2.94,3.01,2.94,3.01,317798,2.975,0.0018,1672.2222222222222
1994-05-25,2.94,3.01,2.9,2.9,604842,2.9375,0.0018,1611.111111111111
1994-05-26,2.9,2.94,2.88,2.88,349692,2.9,0.0018,1600.0
1994-05-27,2.92,2.92,2.88,2.88,653822,2.9,0.0018,1600.0
1994-05-31,2.92,2.92,2.79,2.81,1438636,2.86,0.0218,128.89908256880733
1994-06-01,2.79,2.81,2.68,2.7,5576850,2.745,0.0218,123.85321100917432
1994-06-02,2.72,2.72,2.61,2.63,3214434,2.67,0.0218,120.64220183486238
1994-06-03,2.7,2.74,2.67,2.69,4539025,2.7,0.0218,123.39449541284404
1994-06-06,2.74,2.74,2.68,2.68,3320367,2.71,0.0218,122.93577981651377
1994-06-07,2.74,2.83,2.72,2.83,12689156,2.78,0.0218,129.8165137614679
1994-06-08,2.83,2.94,2.77,2.92,5450414,2.865,0.0218,133.94495412844037
1994-06-09,2.94,2.94,2.92,2.94,1435219,2.935,0.0218,134.8623853211009
1994-06-10,2.94,2.96,2.92,2.96,635597,2.945,0.0218,135.77981651376146
1994-06-13,2.9,2.92,2.81,2.81,2101570,2.86,0.0218,128.89908256880733
1994-06-14,2.81,2.85,2.79,2.81,598008,2.815,0.0218,128.89908256880733
1994-06-15,2.81,2.81,2.77,2.79,961369,2.795,0.0218,127.98165137614679
1994-06-16,2.79,2.79,2.74,2.79,528525,2.7775,0.0218,127.98165137614679
1994-06-17,2.79,2.79,2.74,2.74,3397823,2.765,0.0218,125.68807339449542
1994-06-20,2.79,2.79,2.74,2.79,1495589,2.7775,0.0218,127.98165137614679
1994-06-21,2.79,2.79,2.74,2.79,612816,2.7775,0.0218,127.98165137614679
1994-06-22,2.79,2.79,2.7,2.71,1846420,2.7475,0.0218,124.31192660550458
1994-06-23,2.7,2.74,2.52,2.6,4706606,2.64,0.0218,119.26605504587157
1994-06-24,2.57,2.61,2.57,2.61,3935461,2.59,0.0218,119.72477064220183
1994-06-27,2.59,2.68,2.59,2.68,1421550,2.635,0.0218,122.93577981651377
1994-06-28,2.63,2.68,2.59,2.63,4596117,2.6325,0.0218,120.64220183486238
1994-06-29,2.63,2.63,2.52,2.57,2291794,2.5875,0.0218,117.88990825688073
1994-06-30,2.57,2.59,2.52,2.57,1805414,2.5625,0.0218,117.88990825688073
1994-07-01,2.59,2.59,2.55,2.59,3850031,2.58,0.0218,118.80733944954127
1994-07-05,2.59,2.59,2.5,2.55,1454583,2.5575,0.0218,116.97247706422017
1994-07-06,2.52,2.59,2.52,2.58,1665309,2.5525,0.0218,118.34862385321101
1994-07-07,2.61,2.61,2.52,2.55,1350928,2.5725,0.0218,116.97247706422017
1994-07-08,2.55,2.57,2.52,2.57,2401144,2.5525,0.0218,117.88990825688073
1994-07-11,2.52,2.57,2.52,2.55,1289419,2.54,0.0218,116.97247706422017
1994-07-12,2.55,2.57,2.52,2.52,2668823,2.54,0.0218,115.59633027522936
1994-07-13,2.61,2.68,2.59,2.68,11494280,2.64,0.0218,122.93577981651377
1994-07-14,2.68,2.83,2.63,2.79,4901228,2.7325,0.0218,127.98165137614679
1994-07-15,2.79,2.81,2.74,2.74,453347,2.77,0.0218,125.68807339449542
1994-07-18,2.79,2.83,2.74,2.83,1021739,2.7975,0.0218,129.8165137614679
1994-07-19,2.83,2.94,2.79,2.93,1399908,2.8725,0.0218,134.40366972477065
1994-07-20,2.94,2.94,2.85,2.88,1074136,2.9025,0.0218,132.11009174311926
1994-07-21,2.88,2.94,2.83,2.94,2337356,2.8975,0.0218,134.8623853211009
1994-07-22,2.9,2.99,2.9,2.99,887330,2.945,0.0218,137.1559633027523
1994-07-25,2.99,2.99,2.92,2.93,3516286,2.9575,0.0218,134.40366972477065
1994-07-26,2.94,2.94,2.88,2.92,486380,2.92,0.0218,133.94495412844037
1994-07-27,2.88,2.92,2.85,2.9,906694,2.8875,0.0218,133.0275229357798
1994-07-28,2.9,2.9,2.83,2.9,866790,2.8825,0.0218,133.0275229357798
1994-07-29,2.9,2.94,2.88,2.94,650405,2.915,0.0218,134.8623853211009
1994-08-01,2.94,2.94,2.9,2.94,545611,2.93,0.0218,134.8623853211009
1994-08-02,2.94,2.99,2.9,2.99,725583,2.955,0.0218,137.1559633027523
1994-08-03,2.99,3.03,2.94,2.94,822367,2.975,0.0218,134.8623853211009
1994-08-04,2.99,2.99,2.94,2.96,414619,2.97,0.0218,135.77981651376146
1994-08-05,2.96,2.96,2.92,2.96,258567,2.95,0.0218,135.77981651376146
1994-08-08,2.92,2.99,2.92,2.99,751781,2.955,0.0218,137.1559633027523
1994-08-09,2.96,2.99,2.93,2.93,1246134,2.9525,0.0218,134.40366972477065
1994-08-10,2.92,2.96,2.9,2.9,718748,2.92,0.0218,133.0275229357798
1994-08-11,2.9,2.92,2.83,2.88,528525,2.8825,0.0218,132.11009174311926
1994-08-12,2.83,2.88,2.83,2.83,702802,2.8425,0.0218,129.8165137614679
1994-08-15,2.83,2.88,2.81,2.81,767728,2.8325,0.0218,128.89908256880733
1994-08-16,2.85,2.85,2.77,2.83,1838447,2.825,0.0218,129.8165137614679
1994-08-17,2.83,2.85,2.81,2.85,3280500,2.835,0.0218,130.73394495412845
1994-08-18,2.85,2.85,2.81,2.82,302991,2.8325,0.0218,129.3577981651376
1994-08-19,2.85,2.85,2.81,2.83,264263,2.835,0.0218,129.8165137614679
1994-08-22,2.85,2.85,2.81,2.83,225534,2.835,0.0218,129.8165137614679
1994-08-23,2.85,2.88,2.81,2.81,1033130,2.8375,0.0218,128.89908256880733
1994-08-24,2.85,2.85,2.81,2.85,993263,2.84,0.0218,130.73394495412845
1994-08-25,2.85,2.9,2.81,2.88,1532039,2.86,0.0218,132.11009174311926
1994-08-26,2.88,2.9,2.83,2.9,1683534,2.8775,0.0218,133.0275229357798
1994-08-29,2.9,2.94,2.85,2.94,1247231,2.9075,0.0218,134.8623853211009
1994-08-30,2.94,2.94,2.9,2.94,877078,2.93,0.0218,134.8623853211009
1994-08-31,2.94,2.94,2.88,2.88,850880,2.91,0.0026,1107.6923076923076
1994-09-01,2.88,2.94,2.88,2.92,834933,2.905,0.0026,1123.076923076923
1994-09-02,2.94,2.94,2.9,2.9,158330,2.92,0.0026,1115.3846153846155
1994-09-06,2.9,2.99,2.9,2.99,4666587,2.945,0.0026,1150.0000000000002
1994-09-07,2.99,3.01,2.96,2.96,339441,2.98,0.0026,1138.4615384615386
1994-09-08,3.01,3.01,2.96,3.0,853158,2.995,0.0026,1153.8461538461538
1994-09-09,2.99,2.99,2.94,2.96,230091,2.97,0.0026,1138.4615384615386
1994-09-12,2.99,2.99,2.88,2.9,406645,2.94,0.0026,1115.3846153846155
1994-09-13,2.88,2.92,2.85,2.9,274514,2.8875,0.0026,1115.3846153846155
1994-09-14,2.9,2.92,2.85,2.9,1099195,2.8925,0.0026,1115.3846153846155
1994-09-15,2.85,2.9,2.85,2.9,948839,2.875,0.0026,1115.3846153846155
1994-09-16,2.9,2.9,2.88,2.9,983011,2.895,0.0026,1115.3846153846155
1994-09-19,2.99,3.09,2.96,3.05,5957297,3.0225,0.0026,1173.076923076923
1994-09-20,3.03,3.25,3.03,3.16,6615675,3.1175,0.0026,1215.3846153846155
1994-09-21,3.14,3.2,3.14,3.17,1907930,3.1625,0.0026,1219.2307692307693
1994-09-22,3.2,3.2,3.16,3.2,2540109,3.19,0.0026,1230.769230769231
1994-09-23,3.2,3.23,3.16,3.18,1614052,3.1925,0.0026,1223.076923076923
1994-09-26,3.18,3.25,3.18,3.24,2053730,3.2125,0.0026,1246.1538461538462
1994-09-27,3.25,3.31,3.2,3.29,8148853,3.2625,0.0026,1265.3846153846155
1994-09-28,3.29,3.36,3.25,3.36,1763269,3.315,0.0026,1292.3076923076924
1994-09-29,3.36,3.36,3.31,3.31,624206,3.335,0.0026,1273.076923076923
1994-09-30,3.31,3.34,3.29,3.31,603703,3.3125,0.0026,1273.076923076923
1994-10-03,3.29,3.31,3.23,3.23,1009209,3.265,0.0026,1242.3076923076924
1994-10-04,3.27,3.27,3.23,3.25,2005889,3.255,0.0026,1250.0
1994-10-05,3.23,3.27,3.2,3.25,358805,3.2375,0.0026,1250.0
1994-10-06,3.27,3.34,3.14,3.14,2961563,3.2225,0.0026,1207.6923076923078
1994-10-07,3.14,3.18,3.14,3.14,547889,3.15,0.0026,1207.6923076923078
1994-10-10,3.18,3.23,3.14,3.23,1778077,3.195,0.0026,1242.3076923076924
1994-10-11,3.2,3.38,3.2,3.33,1784911,3.2775,0.0026,1280.769230769231
1994-10-12,3.31,3.42,3.31,3.38,1809970,3.355,0.0026,1300.0
1994-10-13,3.36,3.4,3.36,3.4,366778,3.38,0.0026,1307.6923076923076
1994-10-14,3.38,3.4,3.36,3.38,486380,3.38,0.0026,1300.0
1994-10-17,3.36,3.45,3.36,3.38,1151592,3.3875,0.0026,1300.0
1994-10-18,3.38,3.38,3.34,3.34,856575,3.36,0.0026,1284.6153846153845
1994-10-19,3.34,3.38,3.34,3.38,1387378,3.36,0.0026,1300.0
1994-10-20,3.38,3.38,3.34,3.34,555863,3.36,0.0026,1284.6153846153845
1994-10-21,3.36,3.36,3.25,3.25,1158427,3.305,0.0026,1250.0
1994-10-24,3.25,3.29,3.25,3.29,823542,3.27,0.0026,1265.3846153846155
1994-10-25,3.25,3.29,3.23,3.23,359944,3.25,0.0026,1242.3076923076924
1994-10-26,3.23,3.27,3.23,3.24,210727,3.2425,0.0026,1246.1538461538462
1994-10-27,3.27,3.36,3.23,3.31,1937545,3.2925,0.0026,1273.076923076923
1994-10-28,3.36,3.36,3.31,3.34,553584,3.3425,0.0026,1284.6153846153845
1994-10-31,3.31,3.36,3.29,3.29,246038,3.3125,0.0026,1265.3846153846155
1994-11-01,3.29,3.34,3.25,3.25,1233605,3.2825,0.0026,1250.0
1994-11-02,3.25,3.29,3.25,3.25,833794,3.26,0.0026,1250.0
1994-11-03,3.29,3.29,3.25,3.25,1276889,3.27,0.0026,1250.0
1994-11-04,3.27,3.29,3.2,3.21,1144758,3.2425,0.0026,1234.6153846153848
1994-11-07,3.2,3.23,3.18,3.2,983011,3.2025,0.0026,1230.769230769231
1994-11-08,3.23,3.23,3.18,3.2,4127963,3.21,0.0026,1230.769230769231
1994-11-09,3.23,3.25,3.2,3.25,600286,3.2325,0.0026,1250.0
1994-11-10,3.2,3.25,3.18,3.2,550167,3.2075,0.0026,1230.769230769231
1994-11-11,3.2,3.2,3.18,3.2,193641,3.195,0.0026,1230.769230769231
1994-11-14,3.18,3.2,3.18,3.18,1258664,3.185,0.0026,1223.076923076923
1994-11-15,3.2,3.36,3.2,3.31,3307838,3.2675,0.0026,1273.076923076923
1994-11-16,3.36,3.38,3.31,3.36,2278125,3.3525,0.0026,1292.3076923076924
1994-11-17,3.38,3.38,3.34,3.37,900998,3.3675,0.0026,1296.1538461538462
1994-11-18,3.38,3.38,3.34,3.38,2284959,3.37,0.0026,1300.0
1994-11-21,3.34,3.38,3.34,3.38,584339,3.36,0.0026,1300.0
1994-11-22,3.34,3.38,3.2,3.23,2745141,3.2875,0.0026,1242.3076923076924
1994-11-23,3.16,3.25,3.12,3.16,1828195,3.1725,0.0026,1215.3846153846155
1994-11-25,3.2,3.2,3.14,3.16,283627,3.175,0.0026,1215.3846153846155
1994-11-28,3.14,3.18,3.12,3.14,2771339,3.145,0.0026,1207.6923076923078
1994-11-29,3.17,3.18,3.12,3.18,2942198,3.1625,0.0026,1223.076923076923
1994-11-30,3.18,3.2,3.14,3.14,1332703,3.165,0.0026,1207.6923076923078
1994-12-01,3.14,3.2,3.09,3.09,669769,3.13,0.0026,1188.4615384615386
1994-12-02,3.09,3.14,3.09,3.09,456764,3.1025,0.0026,1188.4615384615386
1994-12-05,3.14,3.14,3.09,3.13,697106,3.125,0.0026,1203.8461538461538
1994-12-06,3.14,3.14,3.09,3.14,1234744,3.1275,0.0026,1207.6923076923078
1994-12-07,3.14,3.14,3.07,3.11,304130,3.115,0.0026,1196.1538461538462
1994-12-08,3.12,3.12,3.07,3.09,108211,3.1,0.0026,1188.4615384615386
1994-12-09,3.07,3.12,3.05,3.07,1309922,3.0775,0.0026,1180.7692307692307
1994-12-12,3.07,3.12,3.07,3.09,1087805,3.0875,0.0026,1188.4615384615386
1994-12-13,3.11,3.12,3.07,3.07,1225631,3.0925,0.0026,1180.7692307692307
1994-12-14,3.07,3.12,3.07,3.12,407784,3.095,0.0026,1200.0
1994-12-15,3.16,3.25,3.13,3.25,676603,3.1975,0.0026,1250.0
1994-12-16,3.2,3.27,3.2,3.23,451069,3.225,0.0026,1242.3076923076924
1994-12-19,3.31,3.4,3.27,3.36,2179027,3.335,0.0026,1292.3076923076924
1994-12-20,3.34,3.36,3.29,3.31,1346372,3.325,0.0026,1273.076923076923
1994-12-21,3.29,3.31,3.29,3.29,1202850,3.295,0.0026,1265.3846153846155
1994-12-22,3.29,3.36,3.29,3.34,1952353,3.32,0.0026,1284.6153846153845
1994-12-23,3.36,3.36,3.34,3.36,494353,3.355,0.0026,1292.3076923076924
1994-12-27,3.36,3.4,3.34,3.38,1598105,3.37,0.0026,1300.0
1994-12-28,3.36,3.47,3.36,3.45,2346469,3.41,0.0026,1326.9230769230771
1994-12-29,3.49,3.58,3.49,3.51,4476516,3.5175,0.0026,1350.0
1994-12-30,3.49,3.56,3.49,3.56,1230142,3.525,0.0026,1369.2307692307693
1995-01-03,3.51,3.56,3.46,3.46,2142577,3.4975,0.0026,1330.7692307692307
1995-01-04,3.5,3.51,3.39,3.49,2879550,3.4725,0.0026,1342.3076923076924
1995-01-05,3.42,3.51,3.42,3.49,1054772,3.46,0.0026,1342.3076923076924
1995-01-06,3.51,3.6,3.49,3.58,1942102,3.545,0.0026,1376.923076923077
1995-01-09,3.56,3.69,3.53,3.53,2523023,3.5775,0.0026,1357.6923076923076
1995-01-10,3.53,3.58,3.53,3.53,542194,3.5425,0.0026,1357.6923076923076
1995-01-11,3.58,3.62,3.53,3.62,3891038,3.5875,0.0026,1392.3076923076924
1995-01-12,3.58,3.63,3.58,3.6,3116475,3.5975,0.0026,1384.6153846153848
1995-01-13,3.6,3.62,3.56,3.6,2405700,3.595,0.0026,1384.6153846153848
1995-01-16,3.56,3.61,3.56,3.6,2672241,3.5825,0.0026,1384.6153846153848
1995-01-17,3.6,3.64,3.58,3.62,2422786,3.61,0.0026,1392.3076923076924
1995-01-18,3.6,3.62,3.56,3.6,793927,3.595,0.0026,1384.6153846153848
1995-01-19,3.6,3.64,3.58,3.6,1030852,3.605,0.0026,1384.6153846153848
1995-01-20,3.62,3.62,3.56,3.6,649266,3.6,0.0026,1384.6153846153848
1995-01-23,3.56,3.58,3.51,3.54,2610731,3.5475,0.0026,1361.5384615384617
1995-01-24,3.56,3.56,3.49,3.51,1174373,3.53,0.0026,1350.0
1995-01-25,3.49,3.53,3.49,3.53,179972,3.51,0.0026,1357.6923076923076
1995-01-26,3.53,3.53,3.4,3.47,947700,3.4825,0.0026,1334.6153846153848
1995-01-27,3.47,3.47,3.42,3.45,353109,3.4525,0.0026,1326.9230769230771
1995-01-30,3.45,3.51,3.42,3.42,1395352,3.45,0.0026,1315.3846153846155
1995-01-31,3.42,3.47,3.42,3.42,514856,3.4325,0.0026,1315.3846153846155
1995-02-01,3.42,3.49,3.42,3.45,1010348,3.445,0.0026,1326.9230769230771
1995-02-02,3.45,3.49,3.42,3.45,1207406,3.4525,0.0026,1326.9230769230771
1995-02-03,3.51,3.51,3.47,3.47,758616,3.49,0.0026,1334.6153846153848
1995-02-06,3.51,3.6,3.49,3.6,1046798,3.55,0.0026,1384.6153846153848
1995-02-07,3.56,3.6,3.56,3.58,1370292,3.575,0.0026,1376.923076923077
1995-02-08,3.6,3.6,3.53,3.53,1455722,3.565,0.0026,1357.6923076923076
1995-02-09,3.58,3.58,3.53,3.58,674325,3.5675,0.0026,1376.923076923077
1995-02-10,3.53,3.58,3.53,3.58,643570,3.555,0.0026,1376.923076923077
1995-02-13,3.58,3.58,3.53,3.58,315520,3.5675,0.0026,1376.923076923077
1995-02-14,3.53,3.6,3.53,3.6,1601522,3.565,0.0026,1384.6153846153848
1995-02-15,3.6,3.6,3.56,3.57,763172,3.5825,0.0026,1373.076923076923
1995-02-16,3.56,3.6,3.56,3.6,406645,3.58,0.0026,1384.6153846153848
1995-02-17,3.6,3.6,3.56,3.58,1327008,3.585,0.0026,1376.923076923077
1995-02-21,3.6,3.6,3.45,3.45,601425,3.525,0.0026,1326.9230769230771
1995-02-22,3.45,3.47,3.4,3.42,811013,3.435,0.0026,1315.3846153846155
1995-02-23,3.42,3.56,3.42,3.56,2437594,3.49,0.0026,1369.2307692307693
1995-02-24,3.56,3.58,3.53,3.56,825820,3.5575,0.0026,1369.2307692307693
1995-02-27,3.56,3.56,3.51,3.53,157191,3.54,0.0026,1357.6923076923076
1995-02-28,3.51,3.6,3.51,3.6,742669,3.555,0.0026,1384.6153846153848
1995-03-01,3.6,3.6,3.53,3.54,1487616,3.5675,0.0026,1361.5384615384617
1995-03-02,3.53,3.56,3.51,3.54,210727,3.535,0.0026,1361.5384615384617
1995-03-03,3.49,3.6,3.49,3.6,1536595,3.545,0.0026,1384.6153846153848
1995-03-06,3.53,3.62,3.53,3.62,1937545,3.575,0.0026,1392.3076923076924
1995-03-07,3.58,3.62,3.51,3.53,2589089,3.56,0.0026,1357.6923076923076
1995-03-08,3.53,3.58,3.47,3.47,493214,3.5125,0.0026,1334.6153846153848
1995-03-09,3.49,3.56,3.47,3.56,1624303,3.52,0.0026,1369.2307692307693
1995-03-10,3.56,3.64,3.51,3.64,8950753,3.5875,0.0026,1400.0
1995-03-13,3.69,3.97,3.69,3.88,7506422,3.8075,0.0026,1492.3076923076924
1995-03-14,3.88,3.91,3.81,3.86,3142673,3.865,0.0026,1484.6153846153845
1995-03-15,3.86,3.91,3.84,3.91,1526344,3.88,0.0026,1503.846153846154
1995-03-16,3.91,3.91,3.88,3.91,544472,3.9025,0.0026,1503.846153846154
1995-03-17,3.88,3.99,3.88,3.95,1988803,3.925,0.0026,1519.2307692307693
1995-03-20,3.93,3.97,3.9,3.95,1601522,3.9375,0.0026,1519.2307692307693
1995-03-21,3.93,3.99,3.93,3.99,1123116,3.96,0.0026,1534.6153846153848
1995-03-22,3.95,4.19,3.95,4.19,2564030,4.07,0.0026,1611.5384615384617
1995-03-23,4.26,4.28,4.08,4.1,2120934,4.18,0.0026,1576.923076923077
1995-03-24,4.08,4.1,3.99,4.02,1372570,4.0475,0.0026,1546.153846153846
1995-03-27,4.06,4.06,3.99,4.02,1263220,4.0325,0.0026,1546.153846153846
1995-03-28,4.1,4.1,4.04,4.1,1286002,4.085,0.0026,1576.923076923077
1995-03-29,4.06,4.1,3.99,4.0,959091,4.0375,0.0026,1538.4615384615386
1995-03-30,4.04,4.04,3.99,3.99,990984,4.015,0.0026,1534.6153846153848
1995-03-31,4.02,4.06,3.97,4.04,1203989,4.0225,0.0026,1553.846153846154
1995-04-03,4.06,4.06,4.02,4.04,284766,4.045,0.0026,1553.846153846154
1995-04-04,4.06,4.06,4.02,4.02,768867,4.04,0.0026,1546.153846153846
1995-04-05,4.02,4.09,4.02,4.08,1101473,4.0525,0.0026,1569.2307692307693
1995-04-06,4.08,4.19,4.04,4.15,2729194,4.115,0.0026,1596.1538461538464
1995-04-07,4.13,4.17,4.13,4.17,1264359,4.15,0.0026,1603.8461538461538
1995-04-10,4.13,4.17,4.13,4.13,2646042,4.14,0.0026,1588.4615384615386
1995-04-11,4.08,4.1,3.99,4.0,1414716,4.0425,0.0026,1538.4615384615386
1995-04-12,4.04,4.04,3.97,4.01,3240633,4.015,0.0026,1542.3076923076924
1995-04-13,3.99,4.04,3.99,4.0,2145994,4.005,0.0026,1538.4615384615386
1995-04-17,4.02,4.02,3.93,3.95,2208642,3.98,0.0026,1519.2307692307693
1995-04-18,3.97,3.97,3.93,3.95,1706316,3.955,0.0026,1519.2307692307693
1995-04-19,3.97,3.97,3.91,3.93,2139159,3.945,0.0026,1511.5384615384617
1995-04-20,3.91,3.97,3.91,3.95,1330425,3.935,0.0026,1519.2307692307693
1995-04-21,3.95,4.04,3.95,4.04,1753017,3.995,0.0026,1553.846153846154
1995-04-24,4.06,4.13,4.02,4.08,849741,4.0725,0.0026,1569.2307692307693
1995-04-25,4.13,4.15,3.99,4.04,1427245,4.0775,0.0026,1553.846153846154
1995-04-26,4.04,4.1,3.99,4.1,1276889,4.0575,0.0026,1576.923076923077
1995-04-27,4.1,4.21,4.06,4.15,2074233,4.13,0.0026,1596.1538461538464
1995-04-28,4.15,4.21,4.13,4.18,1181208,4.1675,0.0026,1607.6923076923076
1995-05-01,4.19,4.28,4.17,4.27,1414716,4.2275,0.0026,1642.3076923076922
1995-05-02,4.28,4.28,4.19,4.21,1534317,4.24,0.0026,1619.2307692307693
1995-05-03,4.21,4.24,4.15,4.15,248316,4.1875,0.0026,1596.1538461538464
1995-05-04,4.19,4.24,4.15,4.24,1315617,4.205,0.0026,1630.769230769231
1995-05-05,4.19,4.24,4.1,4.15,3040158,4.17,0.0026,1596.1538461538464
1995-05-08,4.1,4.15,4.02,4.08,1496728,4.0875,0.0026,1569.2307692307693
1995-05-09,4.06,4.1,4.06,4.1,3009403,4.08,0.0026,1576.923076923077
1995-05-10,4.08,4.1,4.06,4.07,677742,4.0775,0.0026,1565.3846153846155
1995-05-11,4.06,4.1,4.06,4.06,1645945,4.07,0.0026,1561.5384615384614
1995-05-12,4.06,4.1,4.06,4.1,2370389,4.08,0.0026,1576.923076923077
1995-05-15,4.06,4.13,4.06,4.13,438539,4.095,0.0026,1588.4615384615386
1995-05-16,4.15,4.19,4.15,4.17,430566,4.165,0.0026,1603.8461538461538
1995-05-17,4.19,4.19,4.15,4.15,297295,4.17,0.0026,1596.1538461538464
1995-05-18,4.15,4.19,4.13,4.19,1772381,4.165,0.0026,1611.5384615384617
1995-05-19,4.15,4.26,4.13,4.23,1862367,4.1925,0.0026,1626.9230769230771
1995-05-22,4.21,4.25,4.19,4.22,1181208,4.2175,0.0026,1623.076923076923
1995-05-23,4.24,4.24,4.19,4.24,684577,4.2275,0.0026,1630.769230769231
1995-05-24,4.24,4.24,4.08,4.08,1200572,4.16,0.0026,1569.2307692307693
1995-05-25,4.06,4.1,4.02,4.02,1609495,4.05,0.0026,1546.153846153846
1995-05-26,4.08,4.15,3.98,4.13,874800,4.085,0.0026,1588.4615384615386
1995-05-30,4.15,4.15,3.98,4.05,1060088,4.0825,0.0026,1557.6923076923076
1995-05-31,4.05,4.05,3.79,3.88,1993359,3.9425,0.0026,1492.3076923076924
1995-06-01,3.92,4.18,3.88,4.18,3644241,4.04,0.0026,1607.6923076923076
1995-06-02,4.15,4.18,4.05,4.12,2066259,4.125,0.0026,1584.6153846153848
1995-06-05,4.15,4.18,4.05,4.18,2398106,4.14,0.0026,1607.6923076923076
1995-06-06,4.18,4.18,4.15,4.15,593831,4.165,0.0026,1596.1538461538464
1995-06-07,4.18,4.18,3.95,4.07,1783772,4.095,0.0026,1565.3846153846155
1995-06-08,4.05,4.12,4.02,4.05,593831,4.06,0.0026,1557.6923076923076
1995-06-09,4.12,4.12,4.02,4.08,767728,4.085,0.0026,1569.2307692307693
1995-06-12,4.02,4.21,4.02,4.21,1925775,4.115,0.0026,1619.2307692307693
1995-06-13,4.21,4.54,4.21,4.54,3055725,4.375,0.0026,1746.1538461538462
1995-06-14,4.54,4.54,4.41,4.44,2049553,4.4825,0.0026,1707.6923076923078
1995-06-15,4.48,4.68,4.44,4.63,1688850,4.5575,0.0026,1780.7692307692307
1995-06-16,4.64,4.64,4.51,4.58,886950,4.5925,0.0026,1761.5384615384617
1995-06-19,4.54,4.64,4.54,4.58,838350,4.575,0.0026,1761.5384615384617
1995-06-20,4.61,4.97,4.58,4.94,4227441,4.775,0.0026,1900.0000000000002
1995-06-21,4.94,5.0,4.84,4.89,1853634,4.9175,0.0026,1880.7692307692307
1995-06-22,4.84,4.97,4.84,4.95,1603041,4.9,0.0026,1903.846153846154
1995-06-23,4.91,4.97,4.89,4.94,2789944,4.9275,0.0026,1900.0000000000002
1995-06-26,4.95,4.95,4.74,4.74,1764028,4.845,0.0026,1823.0769230769233
1995-06-27,4.71,4.77,4.64,4.68,1085906,4.7,0.0026,1800.0
1995-06-28,4.71,4.74,4.64,4.69,1293975,4.695,0.0026,1803.846153846154
1995-06-29,4.68,4.74,4.58,4.72,2052591,4.68,0.0026,1815.3846153846155
1995-06-30,4.81,4.97,4.77,4.77,2730713,4.83,0.0026,1834.6153846153845
1995-07-03,4.84,4.84,4.71,4.77,634078,4.79,0.0026,1834.6153846153845
1995-07-05,4.77,4.81,4.74,4.74,805697,4.765,0.0026,1823.0769230769233
1995-07-06,4.77,4.91,4.71,4.91,868699,4.825,0.0026,1888.4615384615386
1995-07-07,4.84,5.14,4.84,5.13,3330619,4.9875,0.0026,1973.076923076923
1995-07-10,5.14,5.2,4.94,4.95,2016141,5.0575,0.0026,1903.846153846154
1995-07-11,4.94,4.94,4.64,4.68,2767922,4.8,0.0026,1800.0
1995-07-12,4.68,4.87,4.64,4.81,2493028,4.75,0.0026,1850.0
1995-07-13,4.77,4.94,4.77,4.87,1500525,4.8375,0.0026,1873.076923076923
1995-07-14,4.87,4.97,4.84,4.94,684197,4.905,0.0026,1900.0000000000002
1995-07-17,4.97,5.1,4.91,4.99,2522644,4.9925,0.0026,1919.2307692307695
1995-07-18,5.02,5.02,4.97,4.97,2874994,4.995,0.0026,1911.5384615384614
1995-07-19,4.97,5.0,4.91,4.92,3779409,4.95,0.0026,1892.3076923076924
1995-07-20,4.94,5.14,4.91,5.12,1523306,5.0275,0.0026,1969.2307692307693
1995-07-21,5.12,5.27,5.1,5.14,2075372,5.1575,0.0026,1976.923076923077
1995-07-24,5.2,5.2,5.1,5.1,2272809,5.15,0.0026,1961.5384615384614
1995-07-25,5.17,5.17,5.0,5.1,1068441,5.11,0.0026,1961.5384615384614
1995-07-26,5.1,5.1,5.0,5.09,732797,5.0725,0.0026,1957.6923076923076
1995-07-27,5.0,5.14,5.0,5.14,1524066,5.07,0.0026,1976.923076923077
1995-07-28,5.14,5.14,4.94,5.0,928716,5.055,0.0026,1923.076923076923
1995-07-31,5.0,5.0,4.87,4.91,581681,4.945,0.0026,1888.4615384615386
1995-08-01,4.87,4.91,4.69,4.87,1833131,4.835,0.0026,1873.076923076923
1995-08-02,4.87,4.94,4.77,4.77,787472,4.8375,0.0026,1834.6153846153845
1995-08-03,4.68,4.97,4.68,4.87,3034463,4.8,0.0026,1873.076923076923
1995-08-04,4.91,4.95,4.86,4.87,673566,4.8975,0.0026,1873.076923076923
1995-08-07,4.87,4.99,4.87,4.97,784434,4.925,0.0026,1911.5384615384614
1995-08-08,4.92,4.97,4.92,4.95,618131,4.94,0.0026,1903.846153846154
1995-08-09,5.0,5.14,4.97,5.14,2108025,5.0625,0.0026,1976.923076923077
1995-08-10,5.07,5.14,5.04,5.05,389542,5.075,0.0026,1942.3076923076924
1995-08-11,5.1,5.1,5.02,5.07,978075,5.0725,0.0026,1950.0000000000002
1995-08-14,5.02,5.12,5.02,5.07,798863,5.0575,0.0026,1950.0000000000002
1995-08-15,5.1,5.1,4.99,5.05,939347,5.06,0.0026,1942.3076923076924
1995-08-16,5.07,5.22,4.99,5.12,1961466,5.1,0.0026,1969.2307692307693
1995-08-17,5.17,5.17,5.07,5.15,1668347,5.14,0.0026,1980.769230769231
1995-08-18,5.15,5.17,5.09,5.12,503466,5.1325,0.0305,167.8688524590164
1995-08-21,5.17,5.17,5.04,5.04,1008450,5.105,0.0305,165.24590163934425
1995-08-22,5.04,5.07,5.0,5.07,573328,5.045,0.0305,166.22950819672133
1995-08-23,5.07,5.23,5.04,5.23,2199150,5.1425,0.0305,171.47540983606558
1995-08-24,5.23,5.3,5.04,5.08,1863506,5.1625,0.0305,166.55737704918033
1995-08-25,5.14,5.2,5.04,5.19,1172475,5.1425,0.0305,170.16393442622953
1995-08-28,5.14,5.23,5.14,5.19,1568869,5.175,0.0305,170.16393442622953
1995-08-29,5.14,5.23,5.1,5.19,1992600,5.165,0.0305,170.16393442622953
1995-08-30,5.2,5.47,5.17,5.45,2547703,5.3225,0.0305,178.68852459016395
1995-08-31,5.47,5.5,5.33,5.4,1123875,5.425,0.0305,177.04918032786887
1995-09-01,5.4,5.56,5.33,5.5,1931850,5.4475,0.0305,180.32786885245903
1995-09-05,5.56,5.63,5.48,5.56,1975134,5.5575,0.0305,182.2950819672131
1995-09-06,5.56,5.6,5.53,5.56,864169,5.5625,0.0305,182.2950819672131
1995-09-07,5.6,5.76,5.56,5.73,1447369,5.6625,0.0305,187.8688524590164
1995-09-08,5.73,5.73,5.5,5.53,1316756,5.6225,0.0305,181.31147540983608
1995-09-11,5.53,5.66,5.53,5.6,768488,5.58,0.0305,183.60655737704917
1995-09-12,5.63,5.7,5.6,5.66,1653159,5.6475,0.0305,185.5737704918033
1995-09-13,5.65,5.83,5.65,5.81,2967638,5.735,0.0305,190.4918032786885
1995-09-14,5.78,6.06,5.78,5.96,3297206,5.895,0.0305,195.40983606557378
1995-09-15,5.98,5.99,5.86,5.88,1507359,5.9275,0.0305,192.78688524590163
1995-09-18,5.86,5.96,5.76,5.86,3391369,5.86,0.0305,192.13114754098362
1995-09-19,5.86,5.89,5.83,5.86,842906,5.86,0.0305,192.13114754098362
1995-09-20,5.83,5.96,5.83,5.86,1127672,5.87,0.0305,192.13114754098362
1995-09-21,5.83,5.89,5.79,5.89,1016044,5.85,0.0305,193.11475409836066
1995-09-22,5.84,5.86,5.75,5.83,1420031,5.82,0.0305,191.14754098360658
1995-09-25,5.83,5.83,5.7,5.73,665972,5.7725,0.0305,187.8688524590164
1995-09-26,5.76,5.76,5.66,5.67,1454963,5.7125,0.0305,185.9016393442623
1995-09-27,5.66,5.78,5.63,5.73,1922738,5.7,0.0305,187.8688524590164
1995-09-28,5.79,6.02,5.75,6.02,2353303,5.895,0.0305,197.37704918032787
1995-09-29,6.06,6.19,6.02,6.09,1275750,6.09,0.0305,199.672131147541
1995-10-02,6.09,6.09,5.87,5.87,918844,5.98,0.0305,192.45901639344262
1995-10-03,5.91,5.91,5.73,5.83,2262178,5.845,0.0305,191.14754098360658
1995-10-04,5.83,5.83,5.53,5.56,739631,5.6875,0.0305,182.2950819672131
1995-10-05,5.56,6.06,5.5,5.98,5448371,5.775,0.0305,196.06557377049182
1995-10-06,6.06,6.09,5.86,5.88,3891038,5.9725,0.0305,192.78688524590163
1995-10-09,5.86,5.94,5.56,5.88,2664647,5.81,0.0305,192.78688524590163
1995-10-10,5.79,5.79,5.6,5.65,1706316,5.7075,0.0305,185.24590163934428
1995-10-11,5.7,5.75,5.61,5.63,1259803,5.6725,0.0305,184.59016393442624
1995-10-12,5.66,5.71,5.6,5.68,2099672,5.6625,0.0305,186.2295081967213
1995-10-13,5.75,5.84,5.7,5.79,1762509,5.77,0.004,1447.5
1995-10-16,5.78,6.02,5.78,5.96,4364888,5.885,0.004,1490.0
1995-10-17,6.02,6.06,5.93,6.01,2035884,6.005,0.004,1502.5
1995-10-18,5.99,6.09,5.96,6.01,2235600,6.0125,0.004,1502.5
1995-10-19,5.96,6.01,5.89,5.93,2567447,5.9475,0.004,1482.5
1995-10-20,6.02,6.09,5.93,5.99,1295494,6.0075,0.004,1497.5
1995-10-23,5.99,6.02,5.89,5.96,1040344,5.965,0.004,1490.0
1995-10-24,6.02,6.02,5.93,5.98,409303,5.9875,0.004,1495.0
1995-10-25,6.02,6.02,5.89,5.94,660656,5.9675,0.004,1485.0
1995-10-26,5.89,5.94,5.79,5.89,747225,5.8775,0.004,1472.5
1995-10-27,5.89,5.93,5.83,5.86,776841,5.8775,0.004,1465.0
1995-10-30,5.93,5.99,5.83,5.93,785953,5.92,0.004,1482.5
1995-10-31,5.93,5.96,5.71,5.71,1381303,5.8275,0.004,1427.5
1995-11-01,5.76,5.79,5.66,5.78,842906,5.7475,0.004,1445.0
1995-11-02,5.78,5.99,5.73,5.99,2849175,5.8725,0.004,1497.5
1995-11-03,5.99,5.99,5.83,5.91,1065403,5.93,0.004,1477.5
1995-11-06,5.83,5.86,5.58,5.65,2237119,5.73,0.004,1412.5
1995-11-07,5.63,5.78,5.6,5.7,1444331,5.6775,0.004,1425.0
1995-11-08,5.76,5.83,5.73,5.83,1476984,5.7875,0.004,1457.5
1995-11-09,5.83,5.84,5.58,5.6,1171716,5.7125,0.004,1399.9999999999998
1995-11-10,5.66,5.68,5.56,5.6,1697203,5.625,0.004,1399.9999999999998
1995-11-13,5.6,5.89,5.56,5.79,1593928,5.71,0.004,1447.5
1995-11-14,5.73,5.76,5.63,5.63,737330,5.6875,0.004,1407.5
1995-11-15,5.66,5.73,5.4,5.45,2972194,5.56,0.004,1362.5
1995-11-16,5.42,5.76,5.42,5.75,5200959,5.5875,0.004,1437.5
1995-11-17,5.71,5.83,5.7,5.81,2487713,5.7625,0.004,1452.4999999999998
1995-11-20,5.79,5.83,5.73,5.73,774563,5.77,0.004,1432.5
1995-11-21,5.75,5.75,5.66,5.68,1313719,5.71,0.004,1420.0
1995-11-22,5.7,5.7,5.6,5.61,893784,5.6525,0.004,1402.5
1995-11-24,5.6,5.66,5.6,5.66,186806,5.63,0.004,1415.0
1995-11-27,5.7,5.7,5.5,5.56,1884718,5.615,0.004,1389.9999999999998
1995-11-28,5.5,5.73,5.5,5.7,1631897,5.6075,0.004,1425.0
1995-11-29,5.65,5.89,5.65,5.86,2331281,5.7625,0.004,1465.0
1995-11-30,5.89,6.02,5.86,5.94,2010825,5.9275,0.004,1485.0
1995-12-01,5.94,5.96,5.91,5.94,1395731,5.9375,0.004,1485.0
1995-12-04,5.99,6.09,5.96,6.02,1320553,6.015,0.004,1504.9999999999998
1995-12-05,6.02,6.09,5.91,5.93,918844,5.9875,0.004,1482.5
1995-12-06,5.93,5.96,5.79,5.83,1663031,5.8775,0.004,1457.5
1995-12-07,5.78,5.83,5.63,5.63,1084388,5.7175,0.004,1407.5
1995-12-08,5.7,5.7,5.63,5.7,325013,5.6825,0.004,1425.0
1995-12-11,5.7,5.7,5.5,5.53,891506,5.6075,0.004,1382.5
1995-12-12,5.55,5.55,5.23,5.33,4610925,5.415,0.004,1332.5
1995-12-13,5.43,5.79,5.37,5.78,8224031,5.5925,0.004,1445.0
1995-12-14,5.86,6.16,5.79,6.09,5692275,5.975,0.004,1522.5
1995-12-15,6.16,6.17,6.06,6.09,1841484,6.12,0.004,1522.5
1995-12-18,6.07,6.16,6.06,6.11,1991081,6.1,0.004,1527.5
1995-12-19,6.16,6.29,6.12,6.18,2807409,6.1875,0.004,1545.0
1995-12-20,6.24,6.24,6.01,6.01,1322072,6.125,0.004,1502.5
1995-12-21,6.06,6.16,6.02,6.12,1495969,6.09,0.004,1530.0
1995-12-22,6.12,6.12,6.09,6.11,751781,6.11,0.004,1527.5
1995-12-26,6.14,6.19,6.12,6.17,1599244,6.155,0.004,1542.5
1995-12-27,6.14,6.54,6.14,6.47,3869016,6.3225,0.004,1617.5
1995-12-28,6.39,6.45,6.19,6.4,3886481,6.3575,0.004,1600.0
1995-12-29,6.39,6.57,6.39,6.57,1552922,6.48,0.004,1642.5
1996-01-02,6.57,6.65,6.42,6.42,1824778,6.515,0.004,1605.0
1996-01-03,6.37,6.4,6.26,6.39,1377506,6.355,0.004,1597.5
1996-01-04,6.39,6.39,6.11,6.16,1379025,6.2625,0.004,1540.0
1996-01-05,6.02,6.67,6.02,6.67,4247944,6.345,0.004,1667.5
1996-01-08,6.63,6.7,6.55,6.55,618891,6.6075,0.004,1637.5
1996-01-09,6.58,6.58,6.29,6.32,1755675,6.4425,0.004,1580.0
1996-01-10,6.24,6.62,6.22,6.6,4881263,6.42,0.0053,1245.2830188679245
1996-01-11,6.65,6.75,6.47,6.7,3067875,6.6425,0.0053,1264.1509433962265
1996-01-12,6.7,6.8,6.49,6.67,1353206,6.665,0.0053,1258.4905660377358
1996-01-15,6.75,6.75,6.58,6.68,1213481,6.69,0.0053,1260.377358490566
1996-01-16,6.75,6.77,6.54,6.67,1837688,6.6825,0.0053,1258.4905660377358
1996-01-17,6.65,6.86,6.65,6.86,1825538,6.755,0.0053,1294.3396226415095
1996-01-18,6.83,7.24,6.83,7.14,2265911,7.01,0.0053,1347.1698113207547
1996-01-19,7.11,7.16,6.98,7.0,1533938,7.0625,0.0053,1320.754716981132
1996-01-22,7.03,7.05,6.7,6.77,1029713,6.8875,0.0053,1277.3584905660377
1996-01-23,6.77,7.0,6.62,6.68,2029050,6.7675,0.0053,1260.377358490566
1996-01-24,6.72,6.98,6.65,6.9,4412728,6.8125,0.0053,1301.8867924528302
1996-01-25,6.95,6.95,6.67,6.83,1337259,6.85,0.0053,1288.6792452830189
1996-01-26,6.83,6.9,6.72,6.85,1766306,6.825,0.0053,1292.4528301886792
1996-01-29,6.88,6.88,6.72,6.75,1493691,6.8075,0.0053,1273.5849056603774
1996-01-30,6.88,6.88,6.52,6.86,3206752,6.785,0.0053,1294.3396226415095
1996-01-31,6.86,6.86,6.75,6.83,2334319,6.825,0.0053,1288.6792452830189
1996-02-01,6.86,6.88,6.78,6.86,1114763,6.845,0.0053,1294.3396226415095
1996-02-02,6.86,7.09,6.81,6.98,2571244,6.935,0.0053,1316.9811320754718
1996-02-05,7.0,7.13,6.91,7.11,2638828,7.0375,0.0053,1341.5094339622642
1996-02-06,7.11,7.21,7.03,7.13,2306981,7.12,0.0053,1345.2830188679245
1996-02-07,7.16,7.57,7.09,7.54,3663127,7.34,0.0053,1422.6415094339623
1996-02-08,7.51,7.61,7.36,7.57,3075469,7.5125,0.0053,1428.301886792453
1996-02-09,7.54,7.57,7.31,7.31,1600003,7.4325,0.0053,1379.245283018868
1996-02-12,7.34,7.7,7.24,7.57,2330522,7.4625,0.0053,1428.301886792453
1996-02-13,7.54,7.67,7.41,7.51,2063222,7.5325,0.0053,1416.9811320754716
1996-02-14,7.51,7.58,7.44,7.52,448031,7.5125,0.0053,1418.8679245283017
1996-02-15,7.51,7.51,7.34,7.42,742669,7.445,0.0053,1400.0
1996-02-16,7.42,7.51,7.36,7.44,992503,7.4325,0.0053,1403.7735849056605
1996-02-20,7.44,7.61,7.41,7.47,1678978,7.4825,0.0053,1409.433962264151
1996-02-21,7.47,7.54,7.44,7.46,785953,7.4775,0.0053,1407.5471698113208
1996-02-22,7.47,7.74,7.42,7.69,1741247,7.58,0.0053,1450.9433962264152
1996-02-23,7.7,7.7,7.51,7.52,2189278,7.6075,0.0053,1418.8679245283017
1996-02-26,7.52,7.67,7.52,7.59,1121597,7.575,0.0053,1432.0754716981132
1996-02-27,7.64,7.65,7.56,7.59,818606,7.61,0.0053,1432.0754716981132
1996-02-28,7.62,7.64,7.37,7.37,1233984,7.5,0.0053,1390.566037735849
1996-02-29,7.36,7.39,7.26,7.26,672047,7.3175,0.0053,1369.811320754717
1996-03-01,7.24,7.29,7.08,7.11,757097,7.18,0.0053,1341.5094339622642
1996-03-04,7.13,7.13,6.86,6.86,1129950,6.995,0.0053,1294.3396226415095
1996-03-05,6.86,7.31,6.78,7.26,3509831,7.0525,0.0053,1369.811320754717
1996-03-06,7.28,7.7,7.24,7.64,4446900,7.465,0.0053,1441.509433962264
1996-03-07,7.64,7.67,7.44,7.47,2622881,7.555,0.0053,1409.433962264151
1996-03-08,7.36,7.8,7.28,7.74,3217472,7.545,0.0053,1460.3773584905662
1996-03-11,7.74,8.23,7.51,7.61,5087053,7.7725,0.0053,1435.8490566037735
1996-03-12,7.57,7.85,7.47,7.74,3292650,7.6575,0.0053,1460.3773584905662
1996-03-13,7.8,7.8,7.57,7.65,1129950,7.705,0.0053,1443.3962264150944
1996-03-14,7.64,7.85,7.63,7.82,1704797,7.735,0.0053,1475.4716981132076
1996-03-15,7.9,7.97,7.74,7.77,1520269,7.845,0.0053,1466.0377358490566
1996-03-18,7.87,7.93,7.8,7.84,1338778,7.86,0.0053,1479.245283018868
1996-03-19,7.87,7.87,7.67,7.72,1377506,7.7825,0.0053,1456.6037735849056
1996-03-20,7.7,7.77,7.54,7.67,3473381,7.67,0.0053,1447.1698113207547
1996-03-21,7.67,7.74,7.54,7.54,1666069,7.6225,0.0053,1422.6415094339623
1996-03-22,7.56,7.56,7.49,7.54,2449744,7.5375,0.0053,1422.6415094339623
1996-03-25,7.64,7.67,7.57,7.59,1850597,7.6175,0.0053,1432.0754716981132
1996-03-26,7.59,7.59,7.44,7.49,1333463,7.5275,0.0053,1413.2075471698113
1996-03-27,7.44,7.54,7.42,7.51,1713150,7.4775,0.0053,1416.9811320754716
1996-03-28,7.51,7.8,7.44,7.75,3326822,7.625,0.0053,1462.2641509433963
1996-03-29,7.79,7.79,7.64,7.7,959850,7.73,0.0053,1452.8301886792453
1996-04-01,7.7,7.93,7.67,7.85,1562794,7.7875,0.0053,1481.132075471698
1996-04-02,7.88,8.0,7.84,7.93,2155106,7.9125,0.0053,1496.2264150943395
1996-04-03,7.9,8.16,7.87,8.07,1743525,8.0,0.0053,1522.6415094339623
1996-04-04,8.07,8.23,8.03,8.1,1319034,8.1075,0.0053,1528.3018867924527
1996-04-08,7.93,8.03,7.84,7.97,1857431,7.9425,0.0053,1503.7735849056603
1996-04-09,8.05,8.07,7.52,7.61,3270628,7.8125,0.0053,1435.8490566037735
1996-04-10,7.62,7.82,7.57,7.7,1544569,7.6775,0.0053,1452.8301886792453
1996-04-11,7.74,8.03,7.69,7.93,2758050,7.8475,0.0053,1496.2264150943395
1996-04-12,7.97,8.03,7.9,8.03,2874234,7.9825,0.0053,1515.0943396226414
1996-04-15,8.07,8.13,7.98,8.08,1978172,8.065,0.0053,1524.5283018867924
1996-04-16,8.08,8.33,8.08,8.12,2170294,8.1525,0.0053,1532.075471698113
1996-04-17,8.13,8.13,8.03,8.07,1175513,8.09,0.0053,1522.6415094339623
1996-04-18,8.1,8.28,8.07,8.28,2211300,8.1825,0.0053,1562.264150943396
1996-04-19,8.28,8.46,8.23,8.35,1432181,8.33,0.0053,1575.4716981132074
1996-04-22,8.4,8.63,8.36,8.59,1494450,8.495,0.0053,1620.754716981132
1996-04-23,8.59,8.63,8.43,8.58,2194594,8.5575,0.0053,1618.867924528302
1996-04-24,8.59,8.68,8.56,8.64,1646325,8.6175,0.0053,1630.188679245283
1996-04-25,8.64,8.89,8.61,8.87,2389753,8.7525,0.0053,1673.5849056603772
1996-04-26,8.87,9.28,8.77,9.19,3320747,9.0275,0.0053,1733.9622641509434
1996-04-29,9.12,9.19,8.99,9.02,3783206,9.08,0.0053,1701.8867924528302
1996-04-30,9.02,9.05,8.89,8.92,2360897,8.97,0.0053,1683.0188679245282
1996-05-01,8.92,8.92,8.72,8.77,3186338,8.8325,0.0053,1654.7169811320755
1996-05-02,8.74,9.05,8.71,8.71,2870363,8.8025,0.0053,1643.3962264150946
1996-05-03,8.79,9.1,8.74,8.95,2556056,8.895,0.0053,1688.6792452830186
1996-05-06,8.99,8.99,8.76,8.91,1829334,8.9125,0.0053,1681.132075471698
1996-05-07,8.91,9.0,8.84,8.84,987188,8.8975,0.0053,1667.9245283018868
1996-05-08,8.82,8.87,8.66,8.66,3051928,8.7525,0.0053,1633.9622641509434
1996-05-09,8.71,8.81,8.49,8.51,1846800,8.63,0.0053,1605.6603773584905
1996-05-10,8.56,8.82,8.51,8.77,2745900,8.665,0.0053,1654.7169811320755
1996-05-13,8.76,9.05,8.76,9.05,4244147,8.905,0.0053,1707.5471698113208
1996-05-14,9.05,9.19,8.99,9.07,1675181,9.075,0.0053,1711.3207547169811
1996-05-15,8.99,9.05,8.89,8.89,1082869,8.955,0.0053,1677.3584905660377
1996-05-16,8.92,9.12,8.82,9.12,1551358,8.995,0.0053,1720.7547169811319
1996-05-17,9.12,9.12,8.82,8.82,2130047,8.97,0.0053,1664.1509433962265
1996-05-20,8.92,9.02,8.86,8.95,1465594,8.9375,0.0053,1688.6792452830186
1996-05-21,8.89,8.95,8.79,8.82,1213481,8.8625,0.0053,1664.1509433962265
1996-05-22,8.82,9.05,8.66,8.97,2807409,8.875,0.0053,1692.4528301886794
1996-05-23,9.05,9.09,8.92,9.04,2417091,9.025,0.0053,1705.6603773584905
1996-05-24,9.14,9.19,8.99,8.99,1972856,9.0775,0.0053,1696.2264150943397
1996-05-28,9.09,9.28,8.59,8.74,2530238,8.925,0.0053,1649.056603773585
1996-05-29,8.79,8.89,8.49,8.67,2003738,8.71,0.0053,1635.8490566037735
1996-05-30,8.74,8.94,8.64,8.86,1832119,8.795,0.0053,1671.698113207547
1996-05-31,8.94,8.94,8.64,8.69,1858950,8.8025,0.0053,1639.6226415094338
1996-06-03,8.69,9.14,8.64,9.04,3252082,8.8775,0.0053,1705.6603773584905
1996-06-04,9.14,9.48,9.04,9.43,2706413,9.2725,0.0053,1779.245283018868
1996-06-05,9.43,9.88,9.28,9.73,3046106,9.58,0.0053,1835.8490566037738
1996-06-06,9.93,9.98,9.63,9.9,2092331,9.86,0.0053,1867.9245283018868
1996-06-07,9.63,9.93,9.53,9.93,2083725,9.755,0.0053,1873.5849056603772
1996-06-10,10.0,10.0,9.63,9.83,1834650,9.865,0.0053,1854.7169811320755
1996-06-11,9.83,9.93,9.68,9.68,1034775,9.78,0.0053,1826.4150943396226
1996-06-12,9.83,9.88,9.68,9.68,1329413,9.7675,0.0053,1826.4150943396226
1996-06-13,9.78,9.93,9.58,9.83,1476731,9.78,0.0053,1854.7169811320755
1996-06-14,9.78,9.88,9.48,9.63,1705556,9.6925,0.0053,1816.9811320754718
1996-06-17,9.78,9.93,9.63,9.73,1319794,9.7675,0.0053,1835.8490566037738
1996-06-18,9.73,9.93,9.63,9.89,2045756,9.795,0.0053,1866.0377358490566
1996-06-19,9.93,9.93,9.16,9.38,2286731,9.6,0.0053,1769.8113207547171
1996-06-20,9.14,9.31,8.79,9.16,5017444,9.1,0.0053,1728.301886792453
1996-06-21,9.09,9.43,9.04,9.26,1353713,9.205,0.0053,1747.1698113207547
1996-06-24,9.43,9.58,9.28,9.48,1657463,9.4425,0.0053,1788.6792452830189
1996-06-25,9.48,9.53,9.19,9.36,1884769,9.39,0.0053,1766.0377358490564
1996-06-26,9.38,9.88,9.28,9.88,2061956,9.605,0.0053,1864.1509433962265
1996-06-27,9.93,9.98,9.73,9.93,1450406,9.8925,0.0053,1873.5849056603772
1996-06-28,10.02,10.02,9.48,9.51,2300906,9.7575,0.0053,1794.3396226415093
1996-07-01,9.53,10.37,9.48,10.2,4220606,9.895,0.0053,1924.5283018867924
1996-07-02,10.25,10.44,9.78,10.17,3828263,10.16,0.0053,1918.867924528302
1996-07-03,10.22,10.22,9.68,9.73,1637719,9.9625,0.0053,1835.8490566037738
1996-07-05,9.7,9.85,9.58,9.63,927450,9.69,0.0053,1816.9811320754718
1996-07-08,9.68,9.78,9.53,9.75,1825538,9.685,0.0053,1839.622641509434
1996-07-09,9.73,9.78,9.63,9.78,1026169,9.73,0.0053,1845.2830188679245
1996-07-10,9.78,9.78,9.48,9.63,1276256,9.6675,0.0053,1816.9811320754718
1996-07-11,9.63,9.63,9.38,9.43,2362669,9.5175,0.0053,1779.245283018868
1996-07-12,9.48,9.53,9.33,9.38,1283344,9.43,0.0053,1769.8113207547171
1996-07-15,9.43,9.43,8.99,8.99,2074613,9.21,0.0053,1696.2264150943397
1996-07-16,8.74,8.79,7.95,8.49,6596438,8.4925,0.0053,1601.8867924528302
1996-07-17,8.62,8.89,8.59,8.77,5622919,8.7175,0.0053,1654.7169811320755
1996-07-18,8.79,9.19,8.74,9.14,4387669,8.965,0.0053,1724.5283018867926
1996-07-19,9.06,9.63,8.94,9.04,3568556,9.1675,0.0053,1705.6603773584905
1996-07-22,9.04,9.04,8.79,8.89,741150,8.94,0.0053,1677.3584905660377
1996-07-23,8.94,9.14,8.84,8.99,1367381,8.9775,0.0053,1696.2264150943397
1996-07-24,8.74,8.89,8.54,8.84,1954125,8.7525,0.0053,1667.9245283018868
1996-07-25,8.84,9.14,8.84,8.96,998831,8.945,0.0053,1690.5660377358492
1996-07-26,8.94,9.19,8.79,8.94,1180069,8.965,0.0053,1686.7924528301885
1996-07-29,8.94,9.21,8.84,9.04,1153744,9.0075,0.0053,1705.6603773584905
1996-07-30,9.09,9.14,8.89,9.14,1239806,9.065,0.0053,1724.5283018867926
1996-07-31,9.09,9.14,8.89,9.04,1316756,9.04,0.0053,1705.6603773584905
1996-08-01,8.94,9.14,8.94,9.09,1624050,9.0275,0.0053,1715.0943396226414
1996-08-02,9.14,9.14,8.89,8.89,2704388,9.015,0.0053,1677.3584905660377
1996-08-05,8.89,8.99,8.84,8.84,1569375,8.89,0.0053,1667.9245283018868
1996-08-06,8.79,8.89,8.69,8.74,1394719,8.7775,0.0053,1649.056603773585
1996-08-07,8.89,8.94,8.74,8.94,1456988,8.8775,0.0053,1686.7924528301885
1996-08-08,8.89,9.04,8.89,8.94,1458000,8.94,0.0053,1686.7924528301885
1996-08-09,8.99,9.14,8.94,9.01,1043888,9.02,0.0053,1700.0
1996-08-12,9.14,9.43,9.06,9.43,2680088,9.265,0.0053,1779.245283018868
1996-08-13,9.38,9.73,9.28,9.48,3315431,9.4675,0.0053,1788.6792452830189
1996-08-14,9.58,9.83,9.43,9.83,1039331,9.6675,0.0397,247.60705289672543
1996-08-15,9.78,9.78,9.63,9.63,880369,9.705,0.0397,242.5692695214106
1996-08-16,9.78,9.98,9.58,9.88,1771369,9.805,0.0397,248.8664987405542
1996-08-19,9.98,10.02,9.83,10.02,1444838,9.9625,0.0397,252.39294710327457
1996-08-20,10.02,10.12,9.98,9.98,2263950,10.025,0.0397,251.3853904282116
1996-08-21,10.07,10.27,9.98,10.17,2127263,10.1225,0.0397,256.1712846347607
1996-08-22,10.22,10.42,10.12,10.42,1529381,10.295,0.0397,262.4685138539043
1996-08-23,10.42,10.77,10.32,10.57,2354063,10.52,0.0397,266.2468513853904
1996-08-26,10.67,11.01,10.57,10.86,1993106,10.7775,0.0397,273.55163727959695
1996-08-27,10.91,11.06,10.47,10.52,2472019,10.74,0.0397,264.9874055415617
1996-08-28,10.57,10.72,10.47,10.72,1937419,10.62,0.0397,270.0251889168766
1996-08-29,10.62,10.72,10.37,10.4,1558744,10.5275,0.0397,261.9647355163728
1996-08-30,10.32,10.67,10.22,10.57,1000856,10.445,0.0397,266.2468513853904
1996-09-03,10.57,10.57,10.37,10.52,685969,10.5075,0.0397,264.9874055415617
1996-09-04,10.57,10.67,10.42,10.47,534600,10.5325,0.0397,263.727959697733
1996-09-05,10.47,10.57,10.32,10.32,708750,10.42,0.0397,259.94962216624685
1996-09-06,10.42,10.42,10.22,10.32,927956,10.345,0.0397,259.94962216624685
1996-09-09,10.32,10.32,9.93,9.93,1453444,10.125,0.0397,250.12594458438286
1996-09-10,9.98,10.12,9.83,10.02,2126756,9.9875,0.0397,252.39294710327457
1996-09-11,10.02,10.42,9.98,10.27,2072081,10.1725,0.0397,258.69017632241815
1996-09-12,10.25,10.37,10.17,10.32,874800,10.2775,0.0397,259.94962216624685
1996-09-13,10.37,10.59,10.35,10.52,2189531,10.4575,0.0397,264.9874055415617
1996-09-16,10.47,11.09,10.47,10.84,2814244,10.7175,0.0397,273.0478589420655
1996-09-17,10.91,10.91,10.47,10.82,1833598,10.7775,0.0397,272.54408060453403
1996-09-18,10.99,11.04,10.47,10.59,1475213,10.7725,0.0397,266.75062972292193
1996-09-19,10.69,11.06,10.67,11.04,1948050,10.865,0.0397,278.08564231738035
1996-09-20,11.06,11.56,11.01,11.26,2700277,11.2225,0.0397,283.6272040302267
1996-09-23,11.23,11.41,11.11,11.16,744188,11.2275,0.0397,281.10831234256926
1996-09-24,11.21,11.7,11.16,11.63,2184469,11.425,0.0397,292.9471032745592
1996-09-25,11.63,12.0,11.48,11.95,1957163,11.765,0.0397,301.007556675063
1996-09-26,12.15,12.15,11.56,11.58,3625763,11.86,0.0397,291.6876574307305
1996-09-27,11.61,11.65,11.53,11.61,1216013,11.6,0.0397,292.4433249370277
1996-09-30,11.53,11.61,11.41,11.46,1009969,11.5025,0.0397,288.6649874055416
1996-10-01,11.46,11.61,11.41,11.48,1226644,11.49,0.0397,289.16876574307304
1996-10-02,11.61,11.75,11.51,11.75,1018069,11.655,0.0397,295.9697732997481
1996-10-03,11.7,12.2,11.7,12.05,1486856,11.9125,0.0397,303.52644836272043
1996-10-04,12.15,12.54,12.15,12.3,1574944,12.285,0.0397,309.823677581864
1996-10-07,12.35,12.35,12.1,12.1,1157794,12.225,0.0397,304.78589420654913
1996-10-08,12.15,12.15,11.75,11.8,1312200,11.9625,0.0397,297.22921914357687
1996-10-09,11.85,11.93,11.65,11.7,789244,11.7825,0.0397,294.7103274559194
1996-10-10,11.75,12.0,11.65,11.9,1081350,11.825,0.0397,299.74811083123427
1996-10-11,11.95,12.4,11.9,12.4,955294,12.1625,0.0397,312.34256926952145
1996-10-14,12.4,12.57,11.95,12.0,1318275,12.23,0.0397,302.2670025188917
1996-10-15,12.0,12.44,12.0,12.35,1349663,12.1975,0.0099,1247.4747474747473
1996-10-16,12.44,12.54,11.9,12.02,1751080,12.225,0.0099,1214.141414141414
1996-10-17,12.05,12.35,12.05,12.15,1000350,12.15,0.0099,1227.2727272727273
1996-10-18,12.2,12.25,11.85,11.88,1292963,12.045,0.0099,1200.0
1996-10-21,11.95,11.95,11.51,11.53,1016550,11.735,0.0099,1164.6464646464644
1996-10-22,11.38,11.51,10.77,10.86,3709294,11.13,0.0099,1096.9696969696968
1996-10-23,10.96,11.46,10.86,11.36,2625919,11.16,0.0099,1147.4747474747473
1996-10-24,11.06,11.65,11.06,11.43,1793138,11.3,0.0099,1154.5454545454545
1996-10-25,11.43,11.61,11.31,11.41,1279800,11.44,0.0099,1152.5252525252524
1996-10-28,11.56,11.8,11.51,11.53,1333969,11.6,0.0099,1164.6464646464644
1996-10-29,11.51,11.7,11.16,11.21,1250438,11.395,0.0099,1132.3232323232323
1996-10-30,11.21,11.26,10.96,11.06,1013006,11.1225,0.0099,1117.171717171717
1996-10-31,11.06,11.36,10.99,11.26,1109194,11.1675,0.0099,1137.3737373737372
1996-11-01,11.31,11.46,11.26,11.46,862144,11.3725,0.0099,1157.5757575757575
1996-11-04,11.46,11.56,11.31,11.53,495113,11.465,0.0099,1164.6464646464644
1996-11-05,11.46,11.7,11.46,11.68,637875,11.575,0.0099,1179.7979797979797
1996-11-06,11.68,11.93,11.61,11.93,1683281,11.7875,0.0099,1205.0505050505049
1996-11-07,11.88,11.93,11.54,11.75,1133494,11.775,0.0099,1186.8686868686868
1996-11-08,11.7,11.85,11.7,11.73,479925,11.745,0.0099,1184.8484848484848
1996-11-11,11.7,11.85,11.65,11.8,450563,11.75,0.0099,1191.919191919192
1996-11-12,11.85,12.0,11.65,11.65,998831,11.7875,0.0099,1176.7676767676767
1996-11-13,11.7,11.7,11.41,11.51,555356,11.58,0.0099,1162.6262626262626
1996-11-14,11.51,11.78,11.41,11.61,676856,11.5775,0.0099,1172.7272727272725
1996-11-15,11.65,11.78,11.51,11.51,849994,11.6125,0.0099,1162.6262626262626
1996-11-18,11.65,11.7,11.41,11.46,639900,11.555,0.0099,1157.5757575757575
1996-11-19,11.41,11.41,10.91,11.01,1476225,11.185,0.0099,1112.121212121212
1996-11-20,10.96,11.14,10.91,10.91,1331438,10.98,0.0099,1102.0202020202019
1996-11-21,11.01,11.01,10.82,10.86,1429650,10.925,0.0099,1096.9696969696968
1996-11-22,10.86,11.36,10.86,11.33,2102456,11.1025,0.0099,1144.4444444444443
1996-11-25,11.36,11.36,10.87,10.94,1161338,11.1325,0.0099,1105.0505050505049
1996-11-26,10.96,11.06,10.57,10.67,1875150,10.815,0.0099,1077.7777777777776
1996-11-27,10.72,10.77,10.57,10.67,1040344,10.6825,0.0099,1077.7777777777776
1996-11-29,10.62,10.72,10.57,10.57,227813,10.62,0.0099,1067.6767676767677
1996-12-02,10.67,11.06,10.47,10.96,3328594,10.79,0.0099,1107.0707070707072
1996-12-03,10.91,11.21,10.82,10.96,1637719,10.975,0.0099,1107.0707070707072
1996-12-04,10.91,11.06,10.77,10.82,1395225,10.89,0.0099,1092.9292929292928
1996-12-05,10.96,10.96,10.62,10.72,411581,10.815,0.0099,1082.828282828283
1996-12-06,10.32,10.61,10.05,10.49,2000700,10.3675,0.0099,1059.5959595959596
1996-12-09,10.47,10.67,10.42,10.47,1941975,10.5075,0.0099,1057.5757575757575
1996-12-10,10.42,10.47,10.17,10.17,2068031,10.3075,0.0099,1027.2727272727273
1996-12-11,10.07,10.22,9.9,10.12,2407725,10.0775,0.0099,1022.2222222222221
1996-12-12,10.22,10.32,10.15,10.19,1682269,10.22,0.0099,1029.292929292929
1996-12-13,9.98,10.17,9.63,9.63,1831613,9.8525,0.0099,972.7272727272727
1996-12-16,9.88,10.07,9.83,9.83,5159194,9.9025,0.0099,992.9292929292928
1996-12-17,9.78,10.0,9.33,9.38,4058100,9.6225,0.0099,947.4747474747475
1996-12-18,9.43,9.63,8.99,9.11,6306356,9.29,0.0099,920.2020202020201
1996-12-19,9.11,9.19,8.4,9.04,13415119,8.935,0.0099,913.1313131313129
1996-12-20,9.25,9.58,9.04,9.48,6068925,9.3375,0.0099,957.5757575757575
1996-12-23,9.51,9.73,9.28,9.38,2285719,9.475,0.0099,947.4747474747475
1996-12-24,9.53,9.53,9.28,9.41,575100,9.4375,0.0099,950.5050505050505
1996-12-26,9.43,9.43,9.33,9.38,995794,9.3925,0.0099,947.4747474747475
1996-12-27,9.38,9.68,9.33,9.61,1179563,9.5,0.0099,970.7070707070706
1996-12-30,9.7,10.02,9.63,9.88,3036994,9.8075,0.0099,997.9797979797979
1996-12-31,10.02,10.17,9.88,10.16,1392694,10.0575,0.0099,1026.262626262626
1997-01-02,10.05,10.17,9.68,10.1,2404688,10.0,0.0099,1020.2020202020201
1997-01-03,10.2,10.27,9.78,10.07,1634681,10.08,0.0099,1017.1717171717171
1997-01-06,10.1,10.12,9.83,9.95,1236263,10.0,0.0099,1005.0505050505049
1997-01-07,10.02,10.02,9.78,9.9,2571750,9.93,0.0099,1000.0
1997-01-08,9.78,9.83,9.31,9.31,2260913,9.5575,0.0099,940.4040404040404
1997-01-09,9.36,9.73,9.23,9.58,3004088,9.475,0.0099,967.6767676767676
1997-01-10,9.53,9.83,9.46,9.83,1153238,9.6625,0.0099,992.9292929292928
1997-01-13,9.83,10.47,9.78,10.3,3262275,10.095,0.0099,1040.4040404040404
1997-01-14,10.35,11.11,10.32,10.89,4093538,10.6675,0.0099,1100.0
1997-01-15,10.86,11.01,10.57,10.82,2236106,10.815,0.0099,1092.9292929292928
1997-01-16,10.84,10.96,10.47,10.57,1905525,10.71,0.0099,1067.6767676767677
1997-01-17,10.4,10.4,10.07,10.17,1896413,10.26,0.0099,1027.2727272727273
1997-01-20,10.12,10.27,10.12,10.21,2005256,10.18,0.0099,1031.3131313131314
1997-01-21,10.22,10.22,10.12,10.19,1704038,10.1875,0.0099,1029.292929292929
1997-01-22,10.17,10.2,10.02,10.12,1697963,10.1275,0.0099,1022.2222222222221
1997-01-23,10.05,10.12,9.78,9.78,1728844,9.9325,0.0099,987.8787878787878
1997-01-24,9.78,9.83,9.28,9.28,2725650,9.5425,0.0099,937.3737373737372
1997-01-27,9.38,9.48,9.31,9.31,1607344,9.37,0.0099,940.4040404040404
1997-01-28,9.43,9.51,9.28,9.31,4201369,9.3825,0.0099,940.4040404040404
1997-01-29,9.31,9.36,9.14,9.23,6273450,9.26,0.0099,932.3232323232323
1997-01-30,9.38,9.43,9.23,9.43,3853069,9.3675,0.0099,952.5252525252524
1997-01-31,9.33,9.63,9.33,9.58,2532263,9.4675,0.0099,967.6767676767676
1997-02-03,9.62,10.07,9.53,10.0,2387475,9.805,0.0099,1010.10101010101
1997-02-04,10.02,10.17,9.98,10.1,2593013,10.0675,0.0099,1020.2020202020201
1997-02-05,10.12,10.12,10.02,10.05,1610888,10.0775,0.0099,1015.1515151515151
1997-02-06,10.05,10.07,9.83,9.93,4514231,9.97,0.0099,1003.0303030303029
1997-02-07,9.9,9.98,9.83,9.85,1690369,9.89,0.0099,994.9494949494948
1997-02-10,9.73,9.75,9.41,9.41,1592156,9.575,0.0099,950.5050505050505
1997-02-11,9.48,9.48,9.04,9.19,2047275,9.2975,0.0099,928.2828282828282
1997-02-12,9.33,9.38,9.19,9.28,1630125,9.295,0.0099,937.3737373737372
1997-02-13,9.26,10.25,9.26,10.12,4111256,9.7225,0.0099,1022.2222222222221
1997-02-14,10.15,10.15,9.88,9.99,1874138,10.0425,0.0099,1009.090909090909
1997-02-18,9.93,10.0,9.38,9.56,1762763,9.7175,0.0099,965.6565656565656
1997-02-19,9.51,9.61,9.26,9.32,3027375,9.425,0.0099,941.4141414141413
1997-02-20,9.33,9.33,9.09,9.11,3061294,9.215,0.0099,920.2020202020201
1997-02-21,9.21,9.23,8.94,9.06,2124225,9.11,0.0099,915.1515151515151
1997-02-24,9.09,9.11,8.99,9.09,1669613,9.07,0.0099,918.1818181818181
1997-02-25,9.09,9.75,9.09,9.68,3088125,9.4025,0.0099,977.7777777777777
1997-02-26,9.68,9.73,9.09,9.14,4597669,9.41,0.0099,923.2323232323232
1997-02-27,9.19,9.28,8.91,9.12,1675143,9.125,0.0099,921.212121212121
1997-02-28,9.19,9.19,8.52,8.59,3874758,8.8725,0.0099,867.6767676767676
1997-03-03,8.62,8.79,8.54,8.69,1910081,8.66,0.0099,877.7777777777776
1997-03-04,8.77,8.84,8.69,8.77,1371431,8.7675,0.0099,885.8585858585858
1997-03-05,8.79,8.99,8.72,8.99,2566181,8.8725,0.0099,908.0808080808081
1997-03-06,9.04,9.33,8.99,9.21,1928813,9.1425,0.0099,930.3030303030304
1997-03-07,9.19,9.43,9.19,9.3,1852875,9.2775,0.0099,939.3939393939394
1997-03-10,9.31,9.31,9.19,9.26,1261575,9.2675,0.0099,935.3535353535352
1997-03-11,9.26,9.26,8.99,9.04,1514700,9.1375,0.0099,913.1313131313129
1997-03-12,9.04,9.09,8.59,8.62,3012188,8.835,0.0099,870.7070707070706
1997-03-13,8.64,8.69,8.44,8.54,5793019,8.5775,0.0099,862.6262626262625
1997-03-14,8.52,8.89,8.49,8.81,6918919,8.6775,0.0099,889.8989898989898
1997-03-17,8.91,9.09,8.68,8.74,5190475,8.855,0.0099,882.8282828282828
1997-03-18,8.84,8.99,8.81,8.84,5855794,8.87,0.0099,892.9292929292928
1997-03-19,8.77,8.81,8.69,8.78,3574631,8.7625,0.0099,886.8686868686867
1997-03-20,8.74,8.84,8.64,8.68,2307488,8.725,0.0099,876.7676767676767
1997-03-21,8.74,8.81,8.57,8.57,2461894,8.6725,0.0099,865.6565656565656
1997-03-24,8.57,8.59,8.47,8.57,2156625,8.55,0.0099,865.6565656565656
1997-03-25,8.49,8.57,8.2,8.35,1872073,8.4025,0.0099,843.4343434343433
1997-03-26,8.35,8.44,8.15,8.27,2266988,8.3025,0.0099,835.3535353535352
1997-03-27,8.22,8.27,8.15,8.2,1861988,8.21,0.0099,828.2828282828282
1997-03-31,8.17,8.32,8.05,8.12,2907331,8.165,0.0099,820.2020202020201
1997-04-01,8.12,8.15,7.9,7.95,2257369,8.03,0.0099,803.030303030303
1997-04-02,8.02,8.02,7.56,7.61,4059113,7.8025,0.0099,768.6868686868687
1997-04-03,7.58,8.49,7.56,8.44,5423456,8.0175,0.0099,852.5252525252524
1997-04-04,8.3,8.84,8.15,8.74,3751819,8.5075,0.0099,882.8282828282828
1997-04-07,8.74,8.81,8.49,8.64,1466067,8.67,0.0099,872.7272727272727
1997-04-08,8.54,8.77,8.54,8.72,994757,8.6425,0.0099,880.8080808080808
1997-04-09,8.77,8.84,8.67,8.72,2020444,8.75,0.0099,880.8080808080808
1997-04-10,8.79,8.79,8.62,8.69,1271194,8.7225,0.0099,877.7777777777776
1997-04-11,8.67,8.89,8.59,8.81,2691731,8.74,0.0099,889.8989898989898
1997-04-14,8.86,8.94,8.79,8.89,2549475,8.87,0.0099,897.9797979797979
1997-04-15,8.91,8.99,8.72,8.83,2381854,8.8625,0.0099,891.9191919191918
1997-04-16,8.86,8.86,8.57,8.69,2119669,8.745,0.0099,877.7777777777776
1997-04-17,8.69,9.28,8.62,8.91,2418356,8.875,0.0099,899.9999999999999
1997-04-18,9.16,9.26,8.91,9.01,1793644,9.085,0.0099,910.10101010101
1997-04-21,8.94,9.04,8.49,8.59,3165581,8.765,0.0099,867.6767676767676
1997-04-22,8.67,8.67,8.3,8.59,2972700,8.5575,0.0099,867.6767676767676
1997-04-23,8.52,8.54,8.4,8.42,1432688,8.47,0.0099,850.5050505050505
1997-04-24,8.47,8.52,8.17,8.17,2214844,8.3325,0.0099,825.2525252525252
1997-04-25,8.17,8.35,8.05,8.22,1730363,8.1975,0.0099,830.3030303030303
1997-04-28,8.32,8.35,8.1,8.35,1736438,8.28,0.0099,843.4343434343433
1997-04-29,8.52,8.77,8.42,8.72,1381050,8.6075,0.0099,880.8080808080808
1997-04-30,8.67,9.26,8.59,9.25,2721600,8.9425,0.0099,934.3434343434343
1997-05-01,9.25,9.53,8.94,9.53,2875500,9.3125,0.0099,962.6262626262625
1997-05-02,9.53,10.12,9.43,10.05,4222631,9.7825,0.0099,1015.1515151515151
1997-05-05,10.05,10.84,9.88,10.82,5266519,10.3975,0.0099,1092.9292929292928
1997-05-06,10.72,10.77,10.54,10.59,3380738,10.655,0.0099,1069.6969696969695
1997-05-07,10.47,10.49,10.07,10.32,2244206,10.3375,0.0099,1042.4242424242423
1997-05-08,10.27,10.44,10.12,10.32,1136531,10.2875,0.0099,1042.4242424242423
1997-05-09,10.25,10.32,10.0,10.11,779119,10.17,0.0099,1021.212121212121
1997-05-12,10.07,10.12,9.88,10.05,1181588,10.03,0.0099,1015.1515151515151
1997-05-13,9.98,10.17,9.98,9.98,1862960,10.0275,0.0099,1008.0808080808081
1997-05-14,10.07,10.27,9.93,9.93,2222438,10.05,0.0099,1003.0303030303029
1997-05-15,9.93,10.1,9.68,10.0,2033606,9.9275,0.0099,1010.10101010101
1997-05-16,9.98,10.02,9.8,9.9,1613419,9.925,0.0099,1000.0
1997-05-19,9.93,10.22,9.88,10.07,1113750,10.025,0.0099,1017.1717171717171
1997-05-20,10.07,10.4,10.0,10.37,1480781,10.21,0.0099,1047.4747474747473
1997-05-21,10.47,10.86,10.47,10.86,1723275,10.665,0.0099,1096.9696969696968
1997-05-22,10.77,10.94,10.72,10.74,2786400,10.7925,0.0099,1084.8484848484848
1997-05-23,10.77,10.91,10.69,10.89,863156,10.815,0.0099,1100.0
1997-05-27,10.77,10.82,10.54,10.74,1138050,10.7175,0.0099,1084.8484848484848
1997-05-28,10.79,10.89,10.49,10.62,1606293,10.6975,0.0099,1072.7272727272725
1997-05-29,10.62,10.77,10.57,10.64,492075,10.65,0.0099,1074.7474747474748
1997-05-30,10.52,11.07,10.44,10.89,1494788,10.73,0.0099,1100.0
1997-06-02,11.22,11.26,10.96,11.13,917663,11.1425,0.0099,1124.2424242424242
1997-06-03,11.11,11.19,10.67,10.7,1065825,10.9175,0.0099,1080.8080808080806
1997-06-04,10.81,11.04,10.7,10.93,1047263,10.87,0.0099,1104.040404040404
1997-06-05,11.11,11.15,10.89,10.89,847800,11.01,0.0099,1100.0
1997-06-06,10.93,11.26,10.7,11.26,1288913,11.0375,0.0099,1137.3737373737372
1997-06-09,11.22,11.33,11.15,11.26,1558238,11.24,0.0099,1137.3737373737372
1997-06-10,11.26,11.3,11.15,11.22,1152563,11.2325,0.0099,1133.3333333333333
1997-06-11,11.19,11.26,11.11,11.19,263588,11.1875,0.0099,1130.3030303030303
1997-06-12,11.12,11.3,11.11,11.26,818775,11.1975,0.0099,1137.3737373737372
1997-06-13,11.19,11.3,11.04,11.11,815063,11.16,0.0099,1122.2222222222222
1997-06-16,11.19,11.26,11.04,11.26,709763,11.1875,0.0099,1137.3737373737372
1997-06-17,11.26,11.3,11.22,11.3,1144800,11.27,0.0099,1141.4141414141413
1997-06-18,11.26,11.3,11.04,11.19,882211,11.1975,0.0099,1130.3030303030303
1997-06-19,11.04,11.22,11.04,11.22,2156625,11.13,0.0099,1133.3333333333333
1997-06-20,11.15,11.41,11.11,11.19,1500525,11.215,0.0099,1130.3030303030303
1997-06-23,11.19,11.26,11.04,11.09,1247400,11.145,0.0099,1120.20202020202
1997-06-24,11.04,11.19,11.0,11.11,1044900,11.085,0.0099,1122.2222222222222
1997-06-25,11.11,11.11,10.78,10.81,651713,10.9525,0.0099,1091.919191919192
1997-06-26,10.81,10.93,10.74,10.81,715838,10.8225,0.0099,1091.919191919192
1997-06-27,10.93,11.04,10.81,11.04,749925,10.955,0.0099,1115.151515151515
1997-06-30,11.19,11.63,11.11,11.26,3233536,11.2975,0.0099,1137.3737373737372
1997-07-01,11.41,11.89,11.33,11.78,2306475,11.6025,0.0099,1189.8989898989898
1997-07-02,11.96,12.07,11.78,12.07,845100,11.97,0.0099,1219.1919191919192
1997-07-03,12.07,12.07,11.93,11.93,841388,12.0,0.0099,1205.0505050505049
1997-07-07,12.04,12.04,11.93,11.93,779963,11.985,0.0099,1205.0505050505049
1997-07-08,11.96,12.0,11.78,11.8,1996955,11.885,0.0099,1191.919191919192
1997-07-09,11.78,11.85,11.54,11.56,6366938,11.6825,0.0099,1167.6767676767677
1997-07-10,11.48,11.93,11.44,11.78,1436376,11.6575,0.0099,1189.8989898989898
1997-07-11,11.85,12.07,11.74,11.89,1103288,11.8875,0.0099,1201.010101010101
1997-07-14,11.85,12.0,11.78,11.93,489713,11.89,0.0099,1205.0505050505049
1997-07-15,11.81,12.0,11.78,12.0,437738,11.8975,0.0099,1212.121212121212
1997-07-16,11.89,12.0,11.78,11.93,969283,11.9,0.0099,1205.0505050505049
1997-07-17,11.81,11.89,11.81,11.83,1603463,11.835,0.0099,1194.949494949495
1997-07-18,11.81,11.93,11.81,11.89,1850144,11.86,0.0099,1201.010101010101
1997-07-21,11.85,12.04,11.81,11.87,1477238,11.8925,0.0099,1198.9898989898988
1997-07-22,11.85,11.89,11.81,11.85,659138,11.85,0.0099,1196.9696969696968
1997-07-23,11.81,12.22,11.81,11.89,2725650,11.9325,0.0099,1201.010101010101
1997-07-24,11.89,11.96,11.81,11.83,523125,11.8725,0.0099,1194.949494949495
1997-07-25,11.89,11.93,11.74,11.93,1256850,11.8725,0.0099,1205.0505050505049
1997-07-28,11.96,12.0,11.81,11.85,301388,11.905,0.0099,1196.9696969696968
1997-07-29,11.81,11.85,11.7,11.78,835313,11.785,0.0099,1189.8989898989898
1997-07-30,11.81,11.81,11.7,11.76,639225,11.77,0.0099,1187.8787878787878
1997-07-31,11.7,11.96,11.61,11.96,1169100,11.8075,0.0099,1208.080808080808
1997-08-01,11.89,11.96,11.7,11.87,519413,11.855,0.0099,1198.9898989898988
1997-08-04,11.83,11.83,11.7,11.8,307463,11.79,0.0099,1191.919191919192
1997-08-05,11.74,11.81,11.63,11.63,1197113,11.7025,0.0099,1174.7474747474748
1997-08-06,11.63,11.93,11.63,11.81,1259550,11.75,0.0099,1192.9292929292928
1997-08-07,11.74,11.81,11.52,11.54,604800,11.6525,0.0099,1165.6565656565654
1997-08-08,11.44,11.78,11.33,11.67,809663,11.555,0.0099,1178.7878787878788
1997-08-11,11.7,11.7,10.78,11.11,1534613,11.3225,0.0099,1122.2222222222222
1997-08-12,11.19,11.48,11.15,11.33,967950,11.2875,0.0099,1144.4444444444443
1997-08-13,11.37,11.41,10.96,11.11,514350,11.2125,0.0099,1122.2222222222222
1997-08-14,11.11,11.3,11.07,11.26,590625,11.185,0.0099,1137.3737373737372
1997-08-15,11.28,11.3,11.04,11.07,727313,11.1725,0.0567,195.23809523809524
1997-08-18,11.07,11.15,10.52,10.67,1401300,10.8525,0.0567,188.18342151675483
1997-08-19,10.74,10.74,10.59,10.69,811013,10.69,0.0567,188.53615520282185
1997-08-20,10.69,10.81,10.44,10.48,2100938,10.605,0.0567,184.83245149911818
1997-08-21,10.52,10.52,10.0,10.11,1914638,10.2875,0.0567,178.3068783068783
1997-08-22,9.96,10.33,9.63,10.19,2037150,10.0275,0.0567,179.71781305114638
1997-08-25,10.19,10.26,9.89,9.93,1893344,10.0675,0.0567,175.13227513227514
1997-08-26,9.96,10.11,9.89,9.96,1053656,9.98,0.0567,175.66137566137567
1997-08-27,10.07,10.15,9.93,10.09,1215338,10.06,0.0567,177.9541446208113
1997-08-28,10.07,10.11,9.93,9.94,1923075,10.0125,0.0567,175.30864197530863
1997-08-29,10.04,10.17,9.93,10.15,1748925,10.0725,0.0567,179.01234567901236
1997-09-02,10.37,10.59,10.15,10.52,2362500,10.4075,0.0567,185.5379188712522
1997-09-03,10.52,10.56,10.3,10.37,1790775,10.4375,0.0567,182.89241622574954
1997-09-04,10.3,10.37,10.07,10.22,1245375,10.24,0.0567,180.2469135802469
1997-09-05,10.22,10.33,10.17,10.33,1937588,10.2625,0.0567,182.18694885361552
1997-09-08,10.41,10.96,10.41,10.89,1915988,10.6675,0.0567,192.06349206349208
1997-09-09,10.89,11.37,10.85,11.33,2968266,11.11,0.0567,199.82363315696648
1997-09-10,11.44,11.56,10.96,11.0,1695938,11.24,0.0567,194.00352733686066
1997-09-11,10.96,11.04,10.52,10.63,1643625,10.7875,0.0567,187.4779541446208
1997-09-12,10.67,10.89,10.59,10.74,3475575,10.7225,0.0567,189.41798941798942
1997-09-15,10.85,10.89,10.67,10.67,2611872,10.77,0.0567,188.18342151675483
1997-09-16,10.78,10.85,10.52,10.59,7622100,10.685,0.0567,186.77248677248676
1997-09-17,10.81,10.96,10.52,10.7,10098338,10.7475,0.0567,188.71252204585537
1997-09-18,10.74,10.96,10.67,10.87,5490113,10.81,0.0567,191.71075837742504
1997-09-19,10.89,10.91,10.59,10.61,2971688,10.75,0.0567,187.12522045855377
1997-09-22,10.63,10.87,10.44,10.48,2650388,10.605,0.0567,184.83245149911818
1997-09-23,10.48,10.85,10.41,10.74,1732725,10.62,0.0567,189.41798941798942
1997-09-24,10.74,10.93,10.46,10.52,1884938,10.6625,0.0567,185.5379188712522
1997-09-25,10.56,10.63,10.22,10.33,1899082,10.435,0.0567,182.18694885361552
1997-09-26,10.44,10.48,10.0,10.06,1966580,10.245,0.0567,177.42504409171076
1997-09-29,10.06,10.33,10.06,10.33,2846138,10.195,0.0567,182.18694885361552
1997-09-30,10.37,10.54,10.22,10.33,1848457,10.365,0.0567,182.18694885361552
1997-10-01,10.44,11.07,10.33,10.93,2311538,10.6925,0.0567,192.7689594356261
1997-10-02,11.0,11.63,11.0,11.63,2461348,11.315,0.0567,205.1146384479718
1997-10-03,11.63,11.7,11.39,11.44,2421225,11.54,0.0567,201.7636684303351
1997-10-06,11.52,11.56,11.11,11.28,1998642,11.3675,0.0567,198.94179894179894
1997-10-07,11.26,11.3,11.06,11.26,3337200,11.22,0.0567,198.58906525573192
1997-10-08,11.3,11.44,11.15,11.19,2710125,11.27,0.0567,197.35449735449734
1997-10-09,11.26,11.52,11.11,11.52,732038,11.3525,0.0567,203.17460317460316
1997-10-10,11.33,11.59,11.26,11.52,675000,11.425,0.0567,203.17460317460316
1997-10-13,11.41,11.67,11.41,11.65,786375,11.535,0.0567,205.4673721340388
1997-10-14,11.67,11.7,11.43,11.5,1141763,11.575,0.0178,646.0674157303371
1997-10-15,11.44,11.89,11.44,11.81,2191691,11.645,0.0178,663.4831460674158
1997-10-16,11.78,11.91,11.67,11.68,1249425,11.76,0.0178,656.1797752808989
1997-10-17,11.74,11.78,11.19,11.33,1156950,11.51,0.0178,636.5168539325842
1997-10-20,11.41,11.48,11.26,11.3,594000,11.3625,0.0178,634.8314606741574
1997-10-21,11.26,11.56,11.24,11.56,775575,11.405,0.0178,649.438202247191
1997-10-22,11.59,11.81,11.52,11.63,603788,11.6375,0.0178,653.370786516854
1997-10-23,11.41,11.63,11.3,11.5,817088,11.46,0.0178,646.0674157303371
1997-10-24,11.63,11.74,11.06,11.13,1389825,11.39,0.0178,625.2808988764045
1997-10-27,11.04,11.33,10.41,10.41,1225463,10.7975,0.0178,584.8314606741574
1997-10-28,10.15,11.46,9.93,11.44,2451600,10.745,0.0178,642.6966292134831
1997-10-29,11.41,11.56,11.07,11.33,1485000,11.3425,0.0178,636.5168539325842
1997-10-30,11.07,11.19,10.96,11.07,561263,11.0725,0.0178,621.9101123595506
1997-10-31,11.26,11.33,11.07,11.3,631463,11.24,0.0178,634.8314606741574
1997-11-03,11.26,11.63,10.96,11.63,980438,11.37,0.0178,653.370786516854
1997-11-04,11.54,11.59,11.33,11.44,844763,11.475,0.0178,642.6966292134831
1997-11-05,11.44,11.52,11.33,11.37,732038,11.415,0.0178,638.7640449438202
1997-11-06,11.37,11.63,11.37,11.54,764438,11.4775,0.0178,648.314606741573
1997-11-07,11.26,11.63,11.19,11.52,1468800,11.4,0.0178,647.191011235955
1997-11-10,11.44,11.59,11.2,11.22,1047245,11.3625,0.0178,630.3370786516855
1997-11-11,11.3,11.52,11.11,11.44,1101263,11.3425,0.0178,642.6966292134831
1997-11-12,11.37,11.59,11.33,11.52,1429988,11.4525,0.0178,647.191011235955
1997-11-13,11.51,11.59,11.02,11.52,1021950,11.41,0.0178,647.191011235955
1997-11-14,11.43,11.74,11.41,11.74,961875,11.58,0.0178,659.5505617977528
1997-11-17,11.78,11.85,11.44,11.52,1585913,11.6475,0.0178,647.191011235955
1997-11-18,11.56,11.78,11.48,11.65,1224113,11.6175,0.0178,654.4943820224719
1997-11-19,11.56,12.26,11.56,12.26,4496175,11.91,0.0178,688.7640449438202
1997-11-20,12.37,13.15,12.33,13.15,6270750,12.75,0.0178,738.7640449438203
1997-11-21,13.37,13.44,12.15,12.43,5128313,12.8475,0.0178,698.314606741573
1997-11-24,12.48,12.52,12.26,12.33,1208588,12.3975,0.0178,692.6966292134831
1997-11-25,12.43,12.43,12.0,12.09,1426926,12.2375,0.0178,679.2134831460675
1997-11-26,12.13,12.35,12.0,12.28,759038,12.19,0.0178,689.8876404494382
1997-11-28,12.22,12.33,12.09,12.15,700988,12.1975,0.0178,682.5842696629214
1997-12-01,12.37,12.63,12.26,12.57,2115788,12.4575,0.0178,706.1797752808989
1997-12-02,12.41,12.52,12.0,12.0,1478925,12.2325,0.0178,674.1573033707865
1997-12-03,12.15,12.3,11.94,12.28,1604813,12.1675,0.0178,689.8876404494382
1997-12-04,12.26,12.37,12.0,12.15,656438,12.195,0.0178,682.5842696629214
1997-12-05,12.04,12.52,11.96,12.52,912938,12.26,0.0178,703.370786516854
1997-12-08,12.56,12.56,12.11,12.22,584888,12.3625,0.0178,686.5168539325844
1997-12-09,12.52,12.56,11.93,11.96,1957500,12.2425,0.0178,671.9101123595506
1997-12-10,12.11,12.43,12.04,12.2,1965600,12.195,0.0178,685.3932584269662
1997-12-11,12.07,12.15,11.96,12.04,1001363,12.055,0.0178,676.4044943820224
1997-12-12,12.11,12.3,11.87,11.93,992925,12.0525,0.0178,670.2247191011236
1997-12-15,11.93,12.15,11.93,12.13,1317600,12.035,0.0178,681.4606741573034
1997-12-16,12.19,12.96,12.07,12.59,2504588,12.4525,0.0178,707.3033707865169
1997-12-17,12.59,12.89,12.07,12.33,1552500,12.47,0.0178,692.6966292134831
1997-12-18,12.89,13.63,12.74,13.56,6406088,13.205,0.0178,761.7977528089888
1997-12-19,13.22,13.46,12.89,13.22,4212000,13.1975,0.0178,742.6966292134832
1997-12-22,13.33,13.7,13.11,13.65,2923763,13.4475,0.0178,766.8539325842697
1997-12-23,13.59,14.33,13.52,14.09,4525200,13.8825,0.0178,791.5730337078652
1997-12-24,14.19,14.41,13.96,14.35,1607850,14.2275,0.0178,806.1797752808989
1997-12-26,14.37,14.37,14.0,14.26,461363,14.25,0.0178,801.123595505618
1997-12-29,14.19,14.82,14.19,14.76,4544438,14.49,0.0178,829.2134831460675
1997-12-30,14.89,15.33,14.8,15.33,3753338,15.0875,0.0178,861.2359550561798
1997-12-31,15.22,15.26,14.7,15.0,1317263,15.045,0.0178,842.6966292134831
1998-01-02,15.03,15.04,14.37,14.52,2918025,14.74,0.0178,815.7303370786517
1998-01-05,13.89,14.93,13.63,14.65,3756038,14.275,0.0178,823.0337078651686
1998-01-06,14.59,14.82,14.3,14.3,2904188,14.5025,0.0178,803.370786516854
1998-01-07,14.26,14.37,13.89,14.22,4181288,14.185,0.0178,798.8764044943821
1998-01-08,14.0,14.22,13.74,14.2,4354088,14.04,0.0178,797.7528089887641
1998-01-09,14.22,14.33,14.0,14.07,4535663,14.155,0.0178,790.4494382022472
1998-01-12,13.7,14.22,13.37,13.78,3398963,13.7675,0.0178,774.1573033707865
1998-01-13,13.93,14.02,13.63,14.02,2254163,13.9,0.0178,787.6404494382023
1998-01-14,13.93,14.82,13.93,14.73,2512350,14.3525,0.0207,711.5942028985507
1998-01-15,14.67,14.78,13.7,13.72,1831275,14.2175,0.0207,662.8019323671498
1998-01-16,14.11,14.33,13.56,13.82,3056400,13.955,0.0207,667.632850241546
1998-01-20,13.85,14.89,13.78,14.8,3130313,14.33,0.0207,714.975845410628
1998-01-21,14.67,14.85,14.43,14.82,3301425,14.6925,0.0207,715.9420289855072
1998-01-22,14.82,15.19,14.67,15.07,2652075,14.9375,0.0207,728.0193236714977
1998-01-23,15.09,15.22,14.26,14.33,2033438,14.725,0.0207,692.2705314009662
1998-01-26,14.37,14.41,13.93,14.07,1322663,14.195,0.0207,679.7101449275362
1998-01-27,14.04,14.15,13.82,13.96,1240988,13.9925,0.0207,674.3961352657005
1998-01-28,14.02,14.78,14.0,14.48,2126250,14.32,0.0207,699.5169082125605
1998-01-29,14.5,14.56,14.11,14.3,2036813,14.3675,0.0207,690.8212560386473
1998-01-30,14.22,14.41,14.07,14.17,1726313,14.2175,0.0207,684.5410628019324
1998-02-02,14.41,14.67,14.19,14.3,1695938,14.3925,0.0207,690.8212560386473
1998-02-03,14.37,14.82,14.15,14.63,1946331,14.4925,0.0207,706.7632850241546
1998-02-04,14.63,14.7,14.44,14.52,1526175,14.5725,0.0207,701.4492753623189
1998-02-05,14.63,14.67,14.15,14.19,2262263,14.41,0.0207,685.5072463768116
1998-02-06,14.37,14.63,14.22,14.56,1723950,14.445,0.0207,703.3816425120773
1998-02-09,14.63,14.85,14.3,14.3,2345288,14.52,0.0207,690.8212560386473
1998-02-10,14.44,14.7,14.32,14.56,3653100,14.505,0.0207,703.3816425120773
1998-02-11,14.63,14.82,14.48,14.52,2581875,14.6125,0.0207,701.4492753623189
1998-02-12,14.56,14.67,14.33,14.59,988200,14.5375,0.0207,704.8309178743962
1998-02-13,14.37,14.7,14.26,14.26,1499850,14.3975,0.0207,688.8888888888889
1998-02-17,14.37,14.82,14.3,14.54,1671300,14.5075,0.0207,702.4154589371981
1998-02-18,14.59,14.65,14.44,14.59,2289600,14.5675,0.0207,704.8309178743962
1998-02-19,14.63,14.67,14.41,14.59,895388,14.575,0.0207,704.8309178743962
1998-02-20,14.56,14.82,14.48,14.78,1626750,14.66,0.0207,714.0096618357488
1998-02-23,14.78,15.33,14.78,15.07,2444513,14.99,0.0207,728.0193236714977
1998-02-24,15.0,15.37,14.63,14.78,2364188,14.945,0.0207,714.0096618357488
1998-02-25,15.04,15.32,14.87,15.13,1777275,15.09,0.0207,730.9178743961353
1998-02-26,15.07,15.41,14.96,15.15,1374638,15.1475,0.0207,731.8840579710145
1998-02-27,15.22,15.61,15.07,15.3,2432660,15.3,0.0207,739.1304347826087
1998-03-02,15.33,15.67,15.3,15.39,2106000,15.4225,0.0207,743.4782608695652
1998-03-03,15.41,15.63,15.19,15.48,1292267,15.4275,0.0207,747.8260869565217
1998-03-04,15.48,15.82,15.26,15.43,1564650,15.4975,0.0207,745.4106280193237
1998-03-05,15.15,15.46,14.74,15.0,2461050,15.0875,0.0207,724.6376811594203
1998-03-06,15.11,15.35,14.89,15.35,1599750,15.175,0.0207,741.5458937198067
1998-03-09,15.26,15.82,15.15,15.56,1906200,15.4475,0.0207,751.6908212560387
1998-03-10,15.67,16.59,15.63,16.57,2309175,16.115,0.0207,800.4830917874397
1998-03-11,16.41,16.52,16.07,16.07,1816425,16.2675,0.0207,776.328502415459
1998-03-12,16.22,16.26,15.85,16.06,1545075,16.0975,0.0207,775.8454106280193
1998-03-13,16.11,16.22,15.96,16.05,1503563,16.085,0.0207,775.3623188405797
1998-03-16,16.04,16.44,16.04,16.3,2596388,16.205,0.0207,787.43961352657
1998-03-17,16.56,16.63,15.89,15.89,2118488,16.2425,0.0207,767.632850241546
1998-03-18,15.82,16.41,15.5,16.33,3007800,16.015,0.0207,788.8888888888888
1998-03-19,16.3,16.46,16.19,16.41,1622363,16.34,0.0207,792.7536231884059
1998-03-20,16.52,16.56,16.04,16.06,1860638,16.295,0.0207,775.8454106280193
1998-03-23,16.06,16.3,15.85,16.26,482288,16.1175,0.0207,785.5072463768117
1998-03-24,16.19,16.85,16.15,16.67,2198813,16.465,0.0207,805.3140096618358
1998-03-25,16.7,17.7,16.7,17.07,4306163,17.0425,0.0207,824.6376811594204
1998-03-26,16.96,17.17,16.85,17.09,1597725,17.0175,0.0207,825.6038647342996
1998-03-27,17.15,17.17,16.83,16.83,1384763,16.995,0.0207,813.0434782608695
1998-03-30,16.89,17.0,16.82,16.91,400950,16.905,0.0207,816.9082125603865
1998-03-31,16.87,17.3,16.82,17.09,1970663,17.02,0.0207,825.6038647342996
1998-04-01,17.09,17.19,16.78,16.83,2442150,16.9725,0.0207,813.0434782608695
1998-04-02,16.93,17.26,16.83,17.09,1013513,17.0275,0.0207,825.6038647342996
1998-04-03,17.11,17.44,17.11,17.32,1478250,17.245,0.0207,836.7149758454107
1998-04-06,17.48,17.52,16.54,16.67,2374988,17.0525,0.0207,805.3140096618358
1998-04-07,16.59,17.11,16.41,16.74,2696963,16.7125,0.0207,808.695652173913
1998-04-08,16.89,17.07,16.7,16.87,1013175,16.8825,0.0207,814.975845410628
1998-04-09,16.93,17.48,16.7,17.41,3551175,17.13,0.0207,841.0628019323672
1998-04-13,17.46,17.46,17.11,17.15,1334138,17.295,0.0207,828.5024154589371
1998-04-14,17.15,17.26,17.11,17.19,979088,17.1775,0.0207,830.4347826086957
1998-04-15,17.3,17.44,17.11,17.16,727313,17.2525,0.0207,828.9855072463769
1998-04-16,17.11,17.11,16.7,16.78,1056038,16.925,0.0207,810.6280193236715
1998-04-17,16.74,17.11,16.67,16.89,1614938,16.8525,0.0207,815.9420289855072
1998-04-20,16.89,17.15,16.85,17.04,732038,16.9825,0.0207,823.1884057971014
1998-04-21,17.07,17.07,16.78,16.93,578813,16.9625,0.0207,817.8743961352657
1998-04-22,17.0,17.04,16.69,16.69,513675,16.855,0.0207,806.280193236715
1998-04-23,16.74,16.82,16.0,16.07,1284525,16.4075,0.0207,776.328502415459
1998-04-24,16.0,16.24,15.85,16.13,1508963,16.055,0.0207,779.2270531400966
1998-04-27,15.93,15.93,15.07,15.07,2183288,15.5,0.0207,728.0193236714977
1998-04-28,15.41,15.59,15.22,15.28,2761088,15.375,0.0207,738.1642512077294
1998-04-29,15.39,16.19,15.33,16.19,1873463,15.775,0.0207,782.1256038647343
1998-04-30,16.22,16.74,15.93,16.09,2020950,16.245,0.0207,777.2946859903382
1998-05-01,16.13,16.52,16.04,16.44,1085043,16.2825,0.0207,794.2028985507247
1998-05-04,16.56,17.04,16.33,16.35,1659150,16.57,0.0207,789.8550724637682
1998-05-05,16.44,16.44,15.63,15.78,978750,16.0725,0.0207,762.3188405797101
1998-05-06,16.04,16.04,15.48,15.59,1267630,15.7875,0.0207,753.1400966183575
1998-05-07,15.59,15.85,15.56,15.63,1469813,15.6575,0.0207,755.072463768116
1998-05-08,15.7,16.02,15.67,15.93,772875,15.83,0.0207,769.5652173913044
1998-05-11,15.89,16.07,15.7,15.83,1631475,15.8725,0.0207,764.7342995169082
1998-05-12,15.67,16.19,15.63,16.19,847125,15.92,0.0207,782.1256038647343
1998-05-13,16.3,16.3,15.96,16.15,666563,16.1775,0.0207,780.1932367149758
1998-05-14,16.19,16.48,15.93,16.04,875475,16.16,0.0207,774.8792270531401
1998-05-15,16.15,16.22,15.82,15.85,868388,16.01,0.0207,765.7004830917874
1998-05-18,15.93,16.0,15.63,15.63,1286550,15.7975,0.0207,755.072463768116
1998-05-19,15.7,16.15,15.7,16.0,961875,15.8875,0.0207,772.9468599033817
1998-05-20,16.15,16.15,15.7,15.7,1048613,15.925,0.0207,758.4541062801932
1998-05-21,15.83,15.93,15.67,15.78,1041863,15.8025,0.0207,762.3188405797101
1998-05-22,15.82,15.89,15.52,15.75,567338,15.745,0.0207,760.8695652173914
1998-05-26,16.11,16.11,15.33,15.39,731475,15.735,0.0207,743.4782608695652
1998-05-27,15.44,15.78,14.72,15.78,1085625,15.43,0.0207,762.3188405797101
1998-05-28,15.94,16.0,15.31,15.61,1037250,15.715,0.0207,754.1062801932367
1998-05-29,15.72,16.17,15.5,16.0,1805400,15.8475,0.0207,772.9468599033817
1998-06-01,16.06,16.78,15.89,16.67,1831950,16.35,0.0207,805.3140096618358
1998-06-02,17.0,17.28,16.74,16.97,2824875,16.9975,0.0207,819.8067632850241
1998-06-03,17.11,17.11,16.83,16.86,894825,16.9775,0.0207,814.4927536231884
1998-06-04,16.83,17.0,16.61,16.86,964575,16.825,0.0207,814.4927536231884
1998-06-05,16.89,16.94,16.53,16.69,1003950,16.7625,0.0207,806.280193236715
1998-06-08,16.67,17.11,16.67,16.81,1836225,16.815,0.0207,812.0772946859903
1998-06-09,16.83,17.08,16.81,16.92,1538100,16.91,0.0207,817.3913043478262
1998-06-10,16.94,17.08,16.53,16.72,1303875,16.8175,0.0207,807.7294685990338
1998-06-11,16.78,17.14,16.61,17.08,688050,16.9025,0.0207,825.1207729468598
1998-06-12,17.14,17.17,16.56,16.78,1196550,16.9125,0.0207,810.6280193236715
1998-06-15,16.56,16.89,16.22,16.53,857475,16.55,0.0207,798.5507246376812
1998-06-16,16.72,17.0,16.56,17.0,785925,16.82,0.0207,821.256038647343
1998-06-17,17.11,17.83,16.89,17.67,1682550,17.375,0.0207,853.6231884057972
1998-06-18,17.78,18.06,17.67,17.83,998775,17.835,0.0207,861.3526570048308
1998-06-19,18.11,18.14,17.53,17.78,1006200,17.89,0.0207,858.937198067633
1998-06-22,17.89,18.64,17.78,18.61,1149975,18.23,0.0207,899.0338164251208
1998-06-23,18.67,18.72,18.28,18.67,1128825,18.585,0.0207,901.9323671497585
1998-06-24,18.61,18.83,18.44,18.56,1110825,18.61,0.0207,896.6183574879227
1998-06-25,18.56,20.0,18.56,19.39,1587600,19.1275,0.0207,936.7149758454107
1998-06-26,19.44,19.78,19.28,19.39,1223550,19.4725,0.0207,936.7149758454107
1998-06-29,19.44,20.0,19.39,19.72,1403325,19.6375,0.0207,952.6570048309178
1998-06-30,19.78,19.78,17.67,18.08,5948550,18.8275,0.0207,873.4299516908212
1998-07-01,18.39,19.72,18.39,19.06,4977450,18.89,0.0207,920.7729468599033
1998-07-02,19.11,19.97,18.83,19.81,2380275,19.43,0.0207,957.0048309178743
1998-07-06,19.56,19.56,18.5,18.72,1627650,19.085,0.0207,904.3478260869565
1998-07-07,18.67,19.11,18.47,18.67,1169775,18.73,0.0207,901.9323671497585
1998-07-08,18.72,19.11,18.44,18.56,1225125,18.7075,0.0207,896.6183574879227
1998-07-09,18.61,19.17,18.56,19.0,2149425,18.835,0.0207,917.8743961352657
1998-07-10,19.0,19.14,18.44,18.44,742725,18.755,0.0207,890.8212560386474
1998-07-13,18.67,19.0,18.14,18.5,1059075,18.5775,0.0207,893.7198067632851
1998-07-14,18.67,19.67,18.56,19.56,2920500,19.115,0.0207,944.927536231884
1998-07-15,19.53,19.61,18.94,19.56,1126575,19.41,0.0207,944.927536231884
1998-07-16,19.56,19.56,18.92,19.11,1145250,19.2875,0.0207,923.1884057971014
1998-07-17,19.33,19.33,19.0,19.11,1550250,19.1925,0.0207,923.1884057971014
1998-07-20,19.0,19.14,18.44,18.67,959850,18.8125,0.0207,901.9323671497585
1998-07-21,18.78,18.78,17.67,17.94,1939275,18.2925,0.0207,866.6666666666667
1998-07-22,18.08,18.44,17.89,18.31,944325,18.18,0.0207,884.5410628019323
1998-07-23,18.44,18.86,18.33,18.67,1292400,18.575,0.0207,901.9323671497585
1998-07-24,18.56,18.67,18.17,18.56,617625,18.49,0.0207,896.6183574879227
1998-07-27,18.44,18.89,18.22,18.89,783000,18.61,0.0207,912.56038647343
1998-07-28,18.78,18.89,18.5,18.53,1482300,18.675,0.0207,895.169082125604
1998-07-29,18.67,18.67,18.11,18.19,730800,18.41,0.0207,878.743961352657
1998-07-30,18.42,19.67,18.42,19.58,1386225,19.0225,0.0207,945.8937198067632
1998-07-31,19.39,19.42,17.94,17.97,1240425,18.68,0.0207,868.1159420289855
1998-08-03,18.22,18.39,17.78,17.81,972900,18.05,0.0207,860.3864734299516
1998-08-04,18.11,18.39,17.67,17.81,1850400,17.995,0.0207,860.3864734299516
1998-08-05,18.22,18.25,16.89,17.39,1175400,17.6875,0.0207,840.096618357488
1998-08-06,17.0,18.08,16.89,18.08,1012950,17.5125,0.0207,873.4299516908212
1998-08-07,18.11,18.89,17.89,18.14,937125,18.2575,0.0207,876.328502415459
1998-08-10,18.14,18.22,17.61,17.89,609750,17.965,0.0207,864.2512077294687
1998-08-11,17.72,17.83,17.06,17.44,1313100,17.5125,0.0207,842.512077294686
1998-08-12,17.78,18.11,17.64,18.08,967950,17.9025,0.0207,873.4299516908212
1998-08-13,18.06,19.47,17.94,18.5,1576350,18.4925,0.0207,893.7198067632851
1998-08-14,18.83,18.83,17.78,17.92,633375,18.34,0.0207,865.7004830917875
1998-08-17,18.22,19.31,17.89,19.28,1063350,18.675,0.0207,931.400966183575
1998-08-18,19.11,19.56,18.69,19.22,1222200,19.145,0.0207,928.5024154589372
1998-08-19,19.33,19.5,18.67,18.72,973350,19.055,0.0207,904.3478260869565
1998-08-20,18.67,18.94,18.44,18.5,915300,18.6375,0.0207,893.7198067632851
1998-08-21,18.39,18.47,17.97,18.17,1727550,18.25,0.0207,877.7777777777778
1998-08-24,18.33,18.39,17.78,17.81,917775,18.0775,0.0207,860.3864734299516
1998-08-25,18.11,18.17,17.56,18.17,1569825,18.0025,0.0207,877.7777777777778
1998-08-26,17.83,18.11,17.61,17.94,921600,17.8725,0.0207,866.6666666666667
1998-08-27,17.67,17.89,16.86,16.86,1931850,17.32,0.0762,221.259842519685
1998-08-28,17.28,17.67,17.0,17.33,4051800,17.32,0.0762,227.42782152230967
1998-08-31,17.61,17.61,16.83,16.89,3030300,17.235,0.0762,221.6535433070866
1998-09-01,16.67,17.22,16.22,17.22,3550500,16.8325,0.0762,225.9842519685039
1998-09-02,17.28,18.5,17.11,18.42,3395475,17.8275,0.0762,241.73228346456693
1998-09-03,18.22,18.33,18.0,18.08,1171125,18.1575,0.0762,237.27034120734905
1998-09-04,18.28,18.28,18.0,18.28,1133550,18.21,0.0762,239.89501312335958
1998-09-08,18.67,19.22,18.61,19.17,2718675,18.9175,0.0762,251.5748031496063
1998-09-09,19.17,19.44,19.06,19.28,1980450,19.2375,0.0762,253.01837270341207
1998-09-10,18.94,19.06,18.06,18.14,3797286,18.55,0.0762,238.05774278215222
1998-09-11,18.22,18.28,17.83,18.28,1642950,18.1525,0.0762,239.89501312335958
1998-09-14,18.33,19.0,18.28,18.89,2022300,18.625,0.0762,247.9002624671916
1998-09-15,18.81,19.72,18.81,19.53,2849175,19.2175,0.0762,256.2992125984252
1998-09-16,19.64,20.06,19.06,19.08,2895300,19.46,0.0762,250.39370078740154
1998-09-17,18.5,19.06,18.22,18.5,2772675,18.57,0.0762,242.78215223097112
1998-09-18,18.64,19.83,18.56,19.72,2230200,19.1875,0.0762,258.79265091863516
1998-09-21,19.11,20.11,18.94,20.06,1506150,19.555,0.0762,263.25459317585296
1998-09-22,20.11,21.06,19.75,20.83,4619025,20.4375,0.0762,273.3595800524934
1998-09-23,21.39,21.67,21.06,21.17,4801275,21.3225,0.0762,277.82152230971127
1998-09-24,21.11,21.69,20.72,21.11,3854925,21.1575,0.0762,277.03412073490813
1998-09-25,20.89,20.89,20.11,20.5,3509100,20.5975,0.0762,269.0288713910761
1998-09-28,20.56,20.72,20.47,20.64,2295450,20.5975,0.0762,270.86614173228344
1998-09-29,20.69,20.72,20.5,20.56,1463400,20.6175,0.0762,269.81627296587925
1998-09-30,21.33,23.11,21.33,22.92,48238401,22.1725,0.0762,300.78740157480314
1998-10-01,21.72,21.89,18.94,19.25,20851200,20.45,0.0762,252.6246719160105
1998-10-02,19.78,20.33,18.17,20.22,6592050,19.625,0.0762,265.3543307086614
1998-10-05,19.83,20.11,18.39,19.81,3535200,19.535,0.0762,259.97375328083984
1998-10-06,20.22,20.56,19.81,20.28,6143400,20.2175,0.0762,266.1417322834646
1998-10-07,20.0,20.06,18.33,18.64,3492675,19.2575,0.0762,244.61942257217848
1998-10-08,18.22,19.0,17.56,18.61,3944250,18.3475,0.0762,244.22572178477688
1998-10-09,18.72,19.0,17.94,19.0,4087575,18.665,0.0762,249.34383202099735
1998-10-12,19.56,20.06,19.28,19.39,2220750,19.5725,0.0762,254.46194225721786
1998-10-13,19.17,19.33,18.61,18.92,1510875,19.0075,0.0762,248.2939632545932
1998-10-14,18.92,19.94,18.69,19.94,2921175,19.3725,0.0762,261.67979002624674
1998-10-15,20.0,20.17,19.44,20.11,1907550,19.93,0.04,502.75
1998-10-16,20.39,20.67,18.83,19.33,2869845,19.805,0.04,483.24999999999994
1998-10-19,19.78,20.67,19.36,20.28,2101950,20.0225,0.04,507.0
1998-10-20,20.72,21.11,19.89,19.97,2544075,20.4225,0.04,499.24999999999994
1998-10-21,20.0,20.67,19.94,20.56,1442925,20.2925,0.04,514.0
1998-10-22,20.61,21.06,20.39,20.89,1279125,20.7375,0.04,522.25
1998-10-23,20.94,21.06,20.28,20.44,1176975,20.68,0.04,511.0
1998-10-26,20.67,21.39,20.64,21.36,2005425,21.015,0.04,534.0
1998-10-27,21.78,21.94,20.72,20.72,2248875,21.29,0.04,518.0
1998-10-28,20.83,21.78,20.61,21.75,1582200,21.2425,0.04,543.75
1998-10-29,21.78,22.28,21.61,22.28,2020050,21.9875,0.04,557.0
1998-10-30,22.25,22.83,22.06,22.11,1864330,22.3125,0.04,552.75
1998-11-02,22.72,22.97,21.97,22.03,4231800,22.4225,0.04,550.75
1998-11-03,22.11,22.36,21.78,22.17,1410525,22.105,0.04,554.25
1998-11-04,22.5,23.06,22.39,22.61,3916125,22.64,0.04,565.25
1998-11-05,22.61,22.72,22.11,22.64,2342925,22.52,0.04,566.0
1998-11-06,22.47,23.0,22.47,22.86,1010250,22.7,0.04,571.5
1998-11-09,22.83,22.83,22.22,22.47,855225,22.5875,0.04,561.75
1998-11-10,22.56,23.28,22.44,23.14,2704921,22.855,0.04,578.5
1998-11-11,23.33,23.33,23.0,23.17,1033875,23.2075,0.04,579.25
1998-11-12,23.11,23.67,23.06,23.42,1168875,23.315,0.04,585.5
1998-11-13,23.5,23.86,23.33,23.72,1775250,23.6025,0.04,593.0
1998-11-16,23.94,24.0,23.17,23.36,3264300,23.6175,0.04,584.0
1998-11-17,23.22,23.33,22.89,22.94,2382300,23.095,0.04,573.5
1998-11-18,23.06,23.83,23.0,23.39,2700000,23.32,0.04,584.75
1998-11-19,23.75,23.89,23.44,23.61,998100,23.6725,0.04,590.25
1998-11-20,23.94,23.94,23.56,23.72,1634625,23.79,0.04,593.0
1998-11-23,23.86,24.47,23.81,24.06,2202525,24.05,0.04,601.5
1998-11-24,24.06,24.11,23.28,23.39,1471950,23.71,0.04,584.75
1998-11-25,23.33,23.58,23.22,23.28,1234350,23.3525,0.04,582.0
1998-11-27,23.39,23.39,23.25,23.25,343350,23.32,0.04,581.25
1998-11-30,23.22,23.25,22.11,22.11,2423449,22.6725,0.04,552.75
1998-12-01,22.14,22.17,21.67,21.97,2366100,21.9875,0.04,549.25
1998-12-02,21.89,21.89,21.0,21.78,1709325,21.64,0.04,544.5
1998-12-03,21.72,21.83,21.11,21.17,1607850,21.4575,0.04,529.25
1998-12-04,21.44,22.67,21.39,22.61,2445499,22.0275,0.04,565.25
1998-12-07,22.69,23.39,22.61,23.22,1478700,22.9775,0.04,580.5
1998-12-08,23.39,23.56,23.03,23.28,877950,23.315,0.04,582.0
1998-12-09,23.19,23.22,22.06,22.28,1752282,22.6875,0.04,557.0
1998-12-10,22.17,22.39,21.33,21.39,1959975,21.82,0.04,534.75
1998-12-11,21.36,21.83,21.33,21.44,1775682,21.49,0.04,536.0
1998-12-14,21.61,21.61,20.39,20.42,3420189,21.0075,0.04,510.50000000000006
1998-12-15,20.67,21.94,20.64,21.61,6079500,21.215,0.04,540.25
1998-12-16,21.78,21.89,20.22,20.22,2891925,21.0275,0.04,505.49999999999994
1998-12-17,20.89,21.56,20.56,21.47,3771225,21.12,0.04,536.75
1998-12-18,21.31,22.25,21.31,21.67,2568150,21.635,0.04,541.75
1998-12-21,21.89,22.81,21.86,22.64,2076750,22.3,0.04,566.0
1998-12-22,22.67,22.72,21.61,22.11,2446875,22.2775,0.04,552.75
1998-12-23,21.83,22.22,21.28,21.78,2461699,21.7775,0.04,544.5
1998-12-24,21.92,22.44,21.83,21.92,627300,22.0275,0.04,548.0
1998-12-28,22.33,22.69,22.17,22.22,1028238,22.3525,0.04,555.5
1998-12-29,22.25,22.92,22.11,22.75,2038050,22.5075,0.04,568.75
1998-12-30,22.78,22.78,22.44,22.47,994489,22.6175,0.04,561.75
1998-12-31,22.67,22.92,22.44,22.86,1500958,22.7225,0.04,571.5
1999-01-04,23.0,23.0,22.28,23.0,1485450,22.82,0.04,575.0
1999-01-05,22.83,22.83,21.72,21.97,2279250,22.3375,0.04,549.25
1999-01-06,22.33,22.94,22.06,22.78,3087450,22.5275,0.04,569.5
1999-01-07,22.5,22.64,22.11,22.61,1758150,22.465,0.04,565.25
1999-01-08,22.61,22.89,22.11,22.67,1958625,22.57,0.04,566.75
1999-01-11,22.67,22.83,22.22,22.44,1215000,22.54,0.04,561.0
1999-01-12,22.22,22.22,21.19,21.22,1408260,21.7125,0.04,530.5
1999-01-13,20.89,22.11,20.56,21.69,2222550,21.3125,0.04,542.25
1999-01-14,21.89,22.0,20.06,20.56,2147602,21.1275,0.04,514.0
1999-01-15,20.72,21.06,19.83,20.17,3719025,20.445,0.04,504.25000000000006
1999-01-19,21.78,21.83,20.78,21.0,3277125,21.3475,0.04,525.0
1999-01-20,21.22,21.22,20.33,20.78,2624823,20.8875,0.04,519.5
1999-01-21,20.67,20.83,20.0,20.08,2861325,20.395,0.04,501.99999999999994
1999-01-22,20.08,20.72,19.92,20.6,2223900,20.33,0.04,515.0
1999-01-25,20.67,20.67,19.61,19.89,2446849,20.21,0.04,497.25
1999-01-26,19.92,20.89,19.92,20.64,3294675,20.3425,0.04,516.0
1999-01-27,20.67,20.78,19.83,19.97,1671300,20.3125,0.04,499.24999999999994
1999-01-28,20.08,21.22,19.94,21.17,1880100,20.6025,0.04,529.25
1999-01-29,21.33,21.83,20.44,21.64,2295675,21.31,0.04,541.0
1999-02-01,21.72,21.78,21.14,21.39,2864700,21.5075,0.04,534.75
1999-02-02,21.22,21.53,20.78,21.06,2394876,21.1475,0.04,526.5
1999-02-03,21.06,21.75,21.06,21.75,3107925,21.405,0.04,543.75
1999-02-04,21.72,21.78,19.83,20.06,1884375,20.8475,0.04,501.49999999999994
1999-02-05,20.25,20.89,20.06,20.14,1600875,20.335,0.04,503.5
1999-02-08,19.89,20.33,18.83,20.03,3953250,19.77,0.04,500.75
1999-02-09,20.06,20.11,18.61,18.61,2805525,19.3475,0.04,465.25
1999-02-10,18.86,19.75,18.69,19.44,2739121,19.185,0.04,486.0
1999-02-11,19.56,20.83,19.44,20.72,2626425,20.1375,0.04,518.0
1999-02-12,20.61,20.61,19.81,19.86,2265975,20.2225,0.04,496.5
1999-02-16,20.03,20.44,20.03,20.15,1481175,20.1625,0.04,503.74999999999994
1999-02-17,20.0,20.17,18.61,18.75,2886270,19.3825,0.04,468.75
1999-02-18,19.06,19.17,18.22,18.5,4132575,18.7375,0.04,462.5
1999-02-19,18.75,18.75,18.22,18.44,5054625,18.54,0.04,461.0
1999-02-22,18.39,19.19,18.28,19.11,5528925,18.7425,0.04,477.75
1999-02-23,19.11,19.19,18.56,18.78,4258575,18.91,0.04,469.5
1999-02-24,18.72,19.61,18.72,19.28,2711700,19.0825,0.04,482.0
1999-02-25,19.17,19.22,18.39,19.0,3095518,18.945,0.04,475.0
1999-02-26,19.06,19.22,18.28,18.83,3067200,18.8475,0.04,470.74999999999994
1999-03-01,18.75,19.14,18.47,19.11,1806750,18.8675,0.04,477.75
1999-03-02,19.22,19.22,17.78,17.89,5054349,18.5275,0.04,447.25
1999-03-03,17.94,18.14,16.11,17.14,15304574,17.3325,0.04,428.5
1999-03-04,17.64,19.06,17.39,19.06,25658325,18.2875,0.04,476.49999999999994
1999-03-05,19.08,19.39,18.94,19.14,5660325,19.1375,0.04,478.5
1999-03-08,19.14,19.36,18.89,19.36,2602125,19.1875,0.04,484.0
1999-03-09,19.39,19.83,19.28,19.64,3370050,19.535,0.04,491.0
1999-03-10,19.67,20.72,19.61,20.42,6745275,20.105,0.04,510.50000000000006
1999-03-11,20.33,20.47,19.5,20.39,5046525,20.1725,0.04,509.75
1999-03-12,20.28,20.72,20.11,20.58,4347225,20.4225,0.04,514.5
1999-03-15,20.56,22.17,20.44,21.25,6223725,21.105,0.04,531.25
1999-03-16,21.28,21.39,20.06,20.81,8859150,20.885,0.04,520.25
1999-03-17,22.06,22.5,21.22,21.22,8746875,21.75,0.0444,477.9279279279279
1999-03-18,21.17,22.22,21.11,21.67,6433200,21.5425,0.0444,488.06306306306305
1999-03-19,21.94,22.28,21.61,21.92,6228837,21.9375,0.0444,493.6936936936937
1999-03-22,21.97,21.97,20.89,20.94,1767150,21.4425,0.0444,471.6216216216216
1999-03-23,20.89,21.06,20.28,20.42,4730127,20.6625,0.0444,459.9099099099099
1999-03-24,20.5,21.39,20.33,21.39,2604825,20.9025,0.0444,481.7567567567568
1999-03-25,21.44,21.83,20.22,21.81,2439874,21.325,0.0444,491.21621621621614
1999-03-26,21.5,21.5,20.83,20.89,1973454,21.18,0.0444,470.4954954954955
1999-03-29,20.94,21.56,20.94,21.47,2043879,21.2275,0.0444,483.5585585585585
1999-03-30,21.22,21.56,20.78,21.17,2099925,21.1825,0.0444,476.80180180180184
1999-03-31,21.42,21.56,21.06,21.08,1098675,21.28,0.0444,474.7747747747747
1999-04-01,21.22,21.39,21.17,21.33,1070325,21.2775,0.0444,480.40540540540536
1999-04-05,21.33,21.44,20.94,21.36,1679400,21.2675,0.0444,481.08108108108104
1999-04-06,21.11,21.61,20.83,20.83,3276900,21.095,0.0444,469.1441441441441
1999-04-07,21.0,21.17,20.56,20.89,1977504,20.905,0.0444,470.4954954954955
1999-04-08,20.78,22.47,20.67,22.06,4353750,21.495,0.0444,496.8468468468468
1999-04-09,22.44,22.56,21.44,21.83,1568458,22.0675,0.0444,491.66666666666663
1999-04-12,21.67,22.36,21.61,22.25,1528200,21.9725,0.0444,501.1261261261261
1999-04-13,22.22,22.28,21.33,21.39,1243575,21.805,0.0444,481.7567567567568
1999-04-14,21.56,21.86,21.39,21.5,1965375,21.5775,0.0444,484.23423423423424
1999-04-15,21.53,23.0,21.44,22.94,2494099,22.2275,0.0444,516.6666666666666
1999-04-16,22.86,23.17,22.61,22.64,2511450,22.82,0.0444,509.9099099099099
1999-04-19,22.67,23.58,22.08,22.42,2342475,22.6875,0.0444,504.954954954955
1999-04-20,22.39,23.17,22.11,22.56,1620225,22.5575,0.0444,508.10810810810807
1999-04-21,22.42,22.94,21.81,22.78,2069775,22.4875,0.0444,513.063063063063
1999-04-22,22.78,23.56,22.64,23.14,2018925,23.03,0.0444,521.1711711711712
1999-04-23,23.11,24.08,22.5,23.56,2356425,23.3125,0.0444,530.6306306306305
1999-04-26,23.75,24.44,22.94,24.03,2253150,23.79,0.0444,541.2162162162163
1999-04-27,24.11,24.22,23.17,24.03,1669500,23.8825,0.0444,541.2162162162163
1999-04-28,23.94,24.28,23.61,23.67,1114200,23.875,0.0444,533.1081081081081
1999-04-29,23.64,23.72,23.0,23.28,1174725,23.41,0.0444,524.3243243243244
1999-04-30,23.5,24.44,22.06,22.69,2026350,23.1725,0.0444,511.036036036036
1999-05-03,22.69,22.69,21.17,21.69,2972895,22.06,0.0444,488.51351351351354
1999-05-04,21.81,22.5,21.11,21.44,3071025,21.715,0.0444,482.8828828828829
1999-05-05,21.61,22.44,21.11,22.42,2623275,21.895,0.0444,504.954954954955
1999-05-06,22.0,22.22,21.22,21.89,1911150,21.8325,0.0444,493.018018018018
1999-05-07,21.89,22.39,21.33,21.56,1534275,21.7925,0.0444,485.58558558558553
1999-05-10,21.67,22.0,21.22,21.83,1183725,21.68,0.0444,491.66666666666663
1999-05-11,21.81,22.0,21.11,21.33,1828800,21.5625,0.0444,480.40540540540536
1999-05-12,21.5,21.83,20.89,21.83,1613700,21.5125,0.0444,491.66666666666663
1999-05-13,21.89,22.0,21.33,21.42,1767600,21.66,0.0444,482.43243243243245
1999-05-14,21.0,21.44,20.61,21.19,2558925,21.06,0.0444,477.2522522522523
1999-05-17,21.0,21.28,20.58,21.06,1824280,20.98,0.0444,474.32432432432427
1999-05-18,21.03,21.06,20.14,20.33,1999554,20.64,0.0444,457.8828828828828
1999-05-19,20.67,20.78,20.11,20.67,1651500,20.5575,0.0444,465.5405405405406
1999-05-20,20.83,20.89,20.0,20.03,1930050,20.4375,0.0444,451.1261261261261
1999-05-21,20.19,20.22,19.78,19.83,2551248,20.005,0.0444,446.62162162162156
1999-05-24,20.33,20.33,18.5,18.75,2758050,19.4775,0.0444,422.2972972972973
1999-05-25,19.08,19.75,18.0,18.04,2750850,18.7175,0.0444,406.3063063063063
1999-05-26,18.54,19.5,18.25,19.42,2737186,18.9275,0.0444,437.38738738738743
1999-05-27,19.46,19.83,18.33,19.29,2431050,19.2275,0.0444,434.4594594594594
1999-05-28,19.67,20.0,19.0,19.75,1602450,19.605,0.0444,444.8198198198198
1999-06-01,19.5,19.67,18.42,18.67,2875650,19.065,0.0444,420.4954954954955
1999-06-02,18.75,20.0,18.33,19.19,2039389,19.0675,0.0444,432.2072072072072
1999-06-03,19.38,19.42,18.58,18.77,1467292,19.0375,0.0444,422.7477477477477
1999-06-04,19.17,19.54,18.33,18.52,3254700,18.89,0.0444,417.11711711711706
1999-06-07,18.92,18.92,18.0,18.04,3135584,18.47,0.0444,406.3063063063063
1999-06-08,18.25,18.5,17.42,18.29,3512550,18.115,0.0444,411.9369369369369
1999-06-09,18.5,18.5,17.42,18.44,5112124,18.215,0.0444,415.31531531531533
1999-06-10,18.0,18.29,17.33,17.83,3083084,17.8625,0.0444,401.57657657657654
1999-06-11,18.04,18.08,17.33,17.42,1941750,17.7175,0.0444,392.34234234234236
1999-06-14,17.29,18.13,17.0,18.13,3449850,17.6375,0.0444,408.3333333333333
1999-06-15,18.04,18.54,18.0,18.46,4521727,18.26,0.0444,415.76576576576576
1999-06-16,18.67,18.83,18.33,18.71,4561800,18.635,0.0444,421.39639639639637
1999-06-17,18.67,19.58,18.63,19.33,3131250,19.0525,0.0444,435.3603603603603
1999-06-18,18.63,19.5,18.63,19.21,3418500,18.9925,0.0444,432.65765765765764
1999-06-21,19.21,19.38,18.92,19.17,1980450,19.17,0.0444,431.7567567567568
1999-06-22,18.96,19.83,18.67,18.83,2278050,19.0725,0.0444,424.099099099099
1999-06-23,18.83,19.67,18.75,19.33,3495150,19.145,0.0444,435.3603603603603
1999-06-24,19.58,20.08,18.75,19.33,4705500,19.435,0.0444,435.3603603603603
1999-06-25,19.63,21.67,19.42,20.83,5232000,20.3875,0.0444,469.1441441441441
1999-06-28,21.17,21.54,20.0,21.38,2874450,21.0225,0.0444,481.53153153153147
1999-06-29,21.13,21.25,19.75,21.08,4315800,20.8025,0.0444,474.7747747747747
1999-06-30,21.04,21.38,20.08,21.25,2008489,20.9375,0.0444,478.6036036036036
1999-07-01,21.0,21.67,20.83,21.33,2337750,21.2075,0.0444,480.40540540540536
1999-07-02,21.5,21.5,20.92,21.42,725246,21.335,0.0444,482.43243243243245
1999-07-06,21.38,21.42,20.83,20.96,1377443,21.1475,0.0444,472.07207207207205
1999-07-07,20.63,21.04,20.25,20.5,2076300,20.605,0.0444,461.7117117117117
1999-07-08,20.25,21.58,20.08,21.46,2408550,20.8425,0.0444,483.3333333333333
1999-07-09,21.5,22.13,20.75,22.13,3600000,21.6275,0.0444,498.4234234234234
1999-07-12,22.0,22.08,20.88,21.08,3169350,21.51,0.0444,474.7747747747747
1999-07-13,20.92,21.25,20.13,20.25,2243100,20.6375,0.0444,456.08108108108104
1999-07-14,20.42,20.83,20.04,20.67,3060900,20.49,0.0444,465.5405405405406
1999-07-15,20.67,21.96,20.67,21.0,2118300,21.075,0.0444,472.97297297297297
1999-07-16,21.25,21.83,21.13,21.33,1343550,21.385,0.0444,480.40540540540536
1999-07-19,21.33,21.38,20.83,21.25,1219793,21.1975,0.0444,478.6036036036036
1999-07-20,21.25,21.92,20.83,21.19,1890900,21.2975,0.0444,477.2522522522523
1999-07-21,21.29,21.42,20.58,20.96,1590900,21.0625,0.0444,472.07207207207205
1999-07-22,20.92,21.33,20.42,20.42,1300650,20.7725,0.0444,459.9099099099099
1999-07-23,20.5,20.96,20.21,20.92,1034850,20.6475,0.0444,471.1711711711712
1999-07-26,20.67,20.88,20.0,20.08,1225793,20.4075,0.0444,452.2522522522522
1999-07-27,20.38,20.5,19.0,19.88,2910750,19.94,0.0444,447.7477477477477
1999-07-28,19.83,19.83,19.08,19.29,1355100,19.5075,0.0444,434.4594594594594
1999-07-29,19.0,19.33,18.38,18.42,2113200,18.7825,0.0444,414.8648648648649
1999-07-30,18.63,19.08,18.42,18.71,2131350,18.71,0.0444,421.39639639639637
1999-08-02,18.67,19.42,18.58,18.88,1696491,18.8875,0.0444,425.2252252252252
1999-08-03,19.08,19.08,17.42,17.5,3711431,18.27,0.0444,394.14414414414415
1999-08-04,17.79,18.17,17.46,17.5,3157034,17.73,0.0444,394.14414414414415
1999-08-05,17.75,18.46,17.25,18.04,4126950,17.875,0.0444,406.3063063063063
1999-08-06,18.0,18.33,17.5,18.0,1757700,17.9575,0.0444,405.40540540540536
1999-08-09,18.08,18.08,16.96,17.0,3307050,17.53,0.0444,382.8828828828829
1999-08-10,16.92,17.0,15.71,16.58,7516350,16.5525,0.0444,373.42342342342334
1999-08-11,16.83,17.75,16.0,17.54,4918950,17.03,0.0444,395.045045045045
1999-08-12,17.46,18.25,17.46,18.0,3210300,17.7925,0.0444,405.40540540540536
1999-08-13,18.04,18.5,18.0,18.33,4556250,18.2175,0.0444,412.83783783783775
1999-08-16,18.38,18.92,17.75,18.33,1788441,18.345,0.0444,412.83783783783775
1999-08-17,18.75,18.92,18.08,18.46,1692600,18.5525,0.0444,415.76576576576576
1999-08-18,18.17,18.54,17.71,17.83,2161050,18.0625,0.0444,401.57657657657654
1999-08-19,17.67,18.04,17.25,17.54,2817735,17.625,0.0444,395.045045045045
1999-08-20,17.9,18.58,17.58,18.54,2619136,18.15,0.0444,417.56756756756755
1999-08-23,18.54,19.33,18.08,19.29,3302700,18.81,0.0444,434.4594594594594
1999-08-24,18.92,19.83,18.92,19.5,3272250,19.2925,0.0444,439.18918918918916
1999-08-25,19.63,19.67,18.25,18.83,2175000,19.095,0.0444,424.099099099099
1999-08-26,18.79,18.83,18.17,18.5,1529850,18.5725,0.0444,416.66666666666663
1999-08-27,18.42,18.67,17.67,18.0,1972500,18.19,0.1,180.0
1999-08-30,17.96,17.96,17.29,17.42,1337550,17.6575,0.1,174.20000000000002
1999-08-31,17.83,19.63,17.58,19.63,3323400,18.6675,0.1,196.29999999999998
1999-09-01,19.21,19.75,18.92,19.75,2499600,19.4075,0.1,197.5
1999-09-02,19.17,19.58,18.42,19.54,2507987,19.1775,0.1,195.39999999999998
1999-09-03,19.67,20.25,19.58,20.13,2377800,19.9075,0.1,201.29999999999998
1999-09-07,19.79,19.83,19.25,19.46,1486500,19.5825,0.1,194.6
1999-09-08,19.17,19.38,19.0,19.17,1482450,19.18,0.1,191.70000000000002
1999-09-09,19.42,20.5,19.0,20.17,1995300,19.7725,0.1,201.70000000000002
1999-09-10,20.33,20.58,19.92,20.42,2268150,20.3125,0.1,204.20000000000002
1999-09-13,20.17,21.25,20.0,20.79,2596200,20.5525,0.1,207.89999999999998
1999-09-14,20.75,21.54,20.58,21.27,3422850,21.035,0.1,212.7
1999-09-15,21.67,21.67,20.08,20.15,2134350,20.8925,0.1,201.49999999999997
1999-09-16,20.33,21.96,20.33,21.38,3095700,21.0,0.0733,291.6780354706685
1999-09-17,21.92,22.08,20.83,21.79,2566350,21.655,0.0733,297.2714870395634
1999-09-20,21.83,22.54,21.5,21.75,1716900,21.905,0.0733,296.7257844474761
1999-09-21,21.75,22.38,21.17,21.25,1702500,21.6375,0.0733,289.9045020463847
1999-09-22,21.5,22.5,21.38,22.33,2348100,21.9275,0.0733,304.63847203274213
1999-09-23,22.5,22.5,21.13,21.25,2434487,21.845,0.0733,289.9045020463847
1999-09-24,21.13,21.67,20.92,21.38,1797150,21.275,0.0733,291.6780354706685
1999-09-27,21.75,22.63,21.58,22.17,1564950,22.0325,0.0733,302.4556616643929
1999-09-28,21.88,22.33,21.13,22.31,1604400,21.9125,0.0733,304.3656207366985
1999-09-29,22.29,22.5,21.58,21.92,1573792,22.0725,0.0733,299.0450204638472
1999-09-30,22.13,23.0,22.08,22.75,2591250,22.49,0.0733,310.36834924965893
1999-10-01,22.67,23.0,21.5,21.75,2250300,22.23,0.0733,296.7257844474761
1999-10-04,22.17,23.38,21.96,23.35,3110250,22.715,0.0733,318.55388813096863
1999-10-05,23.0,23.75,22.75,23.06,2890950,23.14,0.0733,314.5975443383356
1999-10-06,23.08,24.0,22.5,23.75,2893485,23.3325,0.0733,324.0109140518417
1999-10-07,23.75,24.42,23.17,24.0,2293950,23.835,0.0733,327.4215552523874
1999-10-08,23.75,24.67,23.0,24.6,1520400,24.005,0.0733,335.60709413369716
1999-10-11,24.42,24.92,24.0,24.88,2185650,24.555,0.0733,339.42701227830827
1999-10-12,24.58,24.63,24.17,24.25,1190994,24.4075,0.0733,330.83219645293315
1999-10-13,24.0,24.83,23.33,23.69,1656441,23.9625,0.0733,323.19236016371076
1999-10-14,24.04,24.33,23.46,24.1,1629750,23.9825,0.0733,328.78581173260574
1999-10-15,23.25,24.17,23.0,23.33,1844100,23.4375,0.0733,318.2810368349249
1999-10-18,23.21,23.75,22.17,22.71,1990350,22.96,0.0733,309.8226466575716
1999-10-19,22.92,23.5,21.83,22.75,1654191,22.75,0.0733,310.36834924965893
1999-10-20,22.96,24.38,22.75,24.29,1893750,23.595,0.0733,331.37789904502046
1999-10-21,23.54,24.5,23.04,24.38,1505100,23.865,0.0733,332.6057298772169
1999-10-22,24.5,25.83,24.5,25.38,4122150,25.0525,0.0733,346.2482946793997
1999-10-25,25.08,26.42,24.75,26.08,1720500,25.5825,0.0733,355.79809004092766
1999-10-26,26.0,26.25,24.54,24.54,1821000,25.3325,0.0733,334.78854024556614
1999-10-27,24.63,25.83,24.08,24.54,1752000,24.77,0.0733,334.78854024556614
1999-10-28,24.92,26.79,24.71,26.67,4510800,25.7725,0.0733,363.84720327421553
1999-10-29,27.0,27.38,25.88,26.25,2552250,26.6275,0.0733,358.1173260572987
1999-11-01,26.33,27.17,26.17,26.42,2944050,26.5225,0.0733,360.43656207366985
1999-11-02,26.54,27.42,26.25,26.96,1449600,26.7925,0.0733,367.8035470668486
1999-11-03,27.08,27.67,27.0,27.42,1905450,27.2925,0.0733,374.07912687585264
1999-11-04,27.75,28.0,27.04,27.46,883050,27.5625,0.0733,374.62482946793995
1999-11-05,27.92,28.58,27.33,27.46,1713750,27.8225,0.0733,374.62482946793995
1999-11-08,27.29,28.67,27.21,28.17,2089350,27.835,0.0733,384.31105047748974
1999-11-09,28.42,28.42,26.92,27.25,1593600,27.7525,0.0733,371.7598908594816
1999-11-10,27.0,28.08,26.67,28.08,1815150,27.4575,0.0733,383.0832196452933
1999-11-11,28.17,29.92,27.63,28.42,2874750,28.535,0.0733,387.7216916780355
1999-11-12,28.38,28.83,27.17,28.21,2561700,28.1475,0.0733,384.85675306957705
1999-11-15,28.04,28.67,27.63,28.33,986400,28.1675,0.0733,386.493860845839
1999-11-16,28.42,29.29,27.71,28.17,2096700,28.3975,0.0733,384.31105047748974
1999-11-17,28.17,28.5,27.42,27.67,1661100,27.94,0.0733,377.4897680763984
1999-11-18,27.92,28.25,27.08,27.54,2497350,27.6975,0.0733,375.71623465211457
1999-11-19,27.92,28.0,25.83,27.33,3417450,27.27,0.0733,372.8512960436562
1999-11-22,27.0,28.33,26.08,28.08,2260938,27.3725,0.0733,383.0832196452933
1999-11-23,27.96,28.04,26.08,27.0,2963700,27.27,0.0733,368.34924965893583
1999-11-24,26.96,27.5,26.46,27.38,2405700,27.075,0.0733,373.5334242837653
1999-11-26,27.33,27.5,26.67,26.83,744600,27.0825,0.0733,366.03001364256477
1999-11-29,26.33,27.17,25.75,26.21,2102400,26.365,0.0733,357.5716234652115
1999-11-30,26.25,27.17,25.83,26.63,1817850,26.47,0.0733,363.3015006821282
1999-12-01,26.33,26.96,25.92,26.5,1549350,26.4275,0.0733,361.52796725784447
1999-12-02,26.42,27.83,26.42,27.67,1519350,27.085,0.0733,377.4897680763984
1999-12-03,28.08,29.21,27.71,28.88,2162550,28.47,0.0733,393.99727148703954
1999-12-06,28.67,28.79,27.92,28.63,1320450,28.5025,0.0733,390.5866302864938
1999-12-07,28.75,29.21,27.25,27.33,1532850,28.135,0.0733,372.8512960436562
1999-12-08,27.33,27.96,26.5,26.63,1770750,27.105,0.0733,363.3015006821282
1999-12-09,26.67,27.6,26.25,27.54,1767750,27.015,0.0733,375.71623465211457
1999-12-10,27.83,28.0,26.83,27.17,1790700,27.4575,0.0733,370.66848567530695
1999-12-13,27.17,27.33,26.21,26.88,1628100,26.8975,0.0733,366.7121418826739
1999-12-14,26.71,27.0,26.08,26.25,1357650,26.51,0.0733,358.1173260572987
1999-12-15,26.58,27.0,26.33,26.83,2010600,26.685,0.0733,366.03001364256477
1999-12-16,27.0,27.33,25.42,26.33,2164950,26.52,0.0867,303.69088811995385
1999-12-17,27.33,27.54,26.58,27.21,3505050,27.165,0.0867,313.840830449827
1999-12-20,27.38,27.75,27.04,27.29,964500,27.365,0.0867,314.7635524798155
1999-12-21,27.33,28.63,27.17,27.96,1773750,27.7725,0.0867,322.4913494809689
1999-12-22,28.25,28.58,27.88,28.21,1837050,28.23,0.0867,325.3748558246828
1999-12-23,28.63,28.67,27.5,27.71,1465050,28.1275,0.0867,319.6078431372549
1999-12-27,28.21,28.54,27.63,28.46,1132800,28.21,0.0867,328.2583621683968
1999-12-28,28.5,28.75,27.58,28.25,2118900,28.27,0.0867,325.83621683967704
1999-12-29,28.08,28.5,26.93,27.0,1477350,27.6275,0.0867,311.4186851211073
1999-12-30,27.04,27.88,26.5,27.79,1264800,27.3025,0.0867,320.53056516724337
1999-12-31,28.13,28.17,26.5,26.67,879300,27.3675,0.0867,307.61245674740485
2000-01-03,26.67,26.75,24.92,26.67,3025784,26.2525,0.0867,307.61245674740485
2000-01-04,25.38,27.0,24.17,24.67,2965650,25.305,0.0867,284.5444059976932
2000-01-05,24.75,26.5,24.67,26.13,4059300,25.5125,0.0867,301.3840830449827
2000-01-06,26.0,27.38,25.67,27.08,2601600,26.5325,0.0867,312.3414071510957
2000-01-07,27.04,27.63,26.25,27.63,1896600,27.1375,0.0867,318.6851211072664
2000-01-10,28.0,28.42,27.25,28.08,2195550,27.9375,0.0867,323.87543252595157
2000-01-11,27.5,28.25,26.88,27.17,2090850,27.45,0.0867,313.3794694348328
2000-01-12,27.08,27.83,26.42,26.79,1555492,27.03,0.0867,308.9965397923875
2000-01-13,26.83,28.33,26.79,28.25,2140650,27.55,0.0867,325.83621683967704
2000-01-14,28.5,31.33,28.46,30.25,4524000,29.635,0.0867,348.9042675893887
2000-01-18,29.92,30.88,29.5,30.0,3027900,30.075,0.0867,346.02076124567475
2000-01-19,30.04,30.54,29.0,30.42,1935750,30.0,0.0867,350.8650519031142
2000-01-20,30.67,31.92,29.88,30.88,2332950,30.8375,0.0867,356.17070357554786
2000-01-21,31.25,31.25,30.25,30.54,2760450,30.8225,0.0867,352.24913494809687
2000-01-24,30.46,30.5,26.96,27.04,3122850,28.74,0.0867,311.8800461361015
2000-01-25,27.33,28.75,26.08,28.67,9579150,27.7075,0.0867,330.68050749711654
2000-01-26,28.71,29.67,28.5,28.63,3158850,28.8775,0.0867,330.21914648212226
2000-01-27,28.75,28.79,27.42,28.71,2693550,28.4175,0.0867,331.14186851211076
2000-01-28,28.5,29.42,27.75,28.0,1881750,28.4175,0.0867,322.9527104959631
2000-01-31,28.04,29.38,28.0,29.38,2040139,28.7,0.0867,338.8696655132641
2000-02-01,29.33,29.92,28.5,29.33,2161650,29.27,0.0867,338.29296424452133
2000-02-02,29.33,29.46,28.33,29.17,1418850,29.0725,0.0867,336.44752018454443
2000-02-03,29.13,29.38,28.0,28.75,2057400,28.815,0.0867,331.603229527105
2000-02-04,29.08,29.42,28.08,28.33,1588050,28.7275,0.0867,326.7589388696655
2000-02-07,28.25,28.71,27.88,28.5,1014300,28.335,0.0867,328.719723183391
2000-02-08,28.79,28.96,28.08,28.42,1663641,28.5625,0.0867,327.79700115340256
2000-02-09,28.17,28.42,27.67,27.67,1832250,27.9825,0.0867,319.1464821222607
2000-02-10,27.75,29.88,27.63,29.5,1975800,28.69,0.0867,340.25374855824685
2000-02-11,29.46,30.63,28.17,28.42,2627100,29.17,0.0867,327.79700115340256
2000-02-14,28.67,31.42,28.42,31.0,2310750,29.8775,0.0867,357.5547866205306
2000-02-15,30.71,31.0,29.13,30.92,3150000,30.44,0.0867,356.63206459054214
2000-02-16,30.83,30.96,30.0,30.5,1566900,30.5725,0.0867,351.78777393310264
2000-02-17,30.96,32.42,30.0,32.33,2097900,31.4275,0.0867,372.8950403690888
2000-02-18,32.04,32.08,30.33,30.42,2318100,31.2175,0.0867,350.8650519031142
2000-02-22,30.46,31.46,29.13,30.92,1938900,30.4925,0.0867,356.63206459054214
2000-02-23,30.83,33.38,30.75,32.92,2597550,31.97,0.0867,379.7001153402538
2000-02-24,32.92,34.25,30.0,34.13,3600750,32.825,0.0867,393.6562860438293
2000-02-25,33.83,33.83,31.13,31.71,2641650,32.625,0.0867,365.74394463667824
2000-02-28,31.75,34.25,31.42,33.5,3538050,32.73,0.0867,386.3898500576701
2000-02-29,33.5,33.52,32.33,33.38,2339550,33.1825,0.0867,385.00576701268744
2000-03-01,33.13,33.17,31.88,32.33,2336700,32.6275,0.0867,372.8950403690888
2000-03-02,32.0,32.33,30.88,31.92,1984800,31.7825,0.0867,368.16608996539793
2000-03-03,32.04,33.46,31.67,32.63,3367950,32.45,0.0867,376.3552479815456
2000-03-06,32.25,33.33,32.0,33.25,1613550,32.7075,0.0867,383.5063437139562
2000-03-07,33.33,33.42,32.0,32.13,1978650,32.72,0.0867,370.5882352941177
2000-03-08,32.13,33.17,30.79,32.63,2280300,32.18,0.0867,376.3552479815456
2000-03-09,32.33,33.5,32.0,33.25,1756050,32.77,0.0867,383.5063437139562
2000-03-10,33.21,34.63,33.0,33.92,1523550,33.69,0.0867,391.2341407151096
2000-03-13,33.29,34.63,32.33,32.58,2015839,33.2075,0.0867,375.7785467128028
2000-03-14,32.58,34.0,32.42,32.54,1539300,32.885,0.0867,375.31718569780855
2000-03-15,32.42,34.13,31.67,32.96,2088600,32.795,0.0867,380.161476355248
2000-03-16,33.38,33.67,30.13,31.46,5051550,32.16,0.13,242.0
2000-03-17,30.67,34.13,30.58,33.79,4452900,32.2925,0.13,259.9230769230769
2000-03-20,33.38,34.58,33.17,33.38,2314500,33.6275,0.13,256.7692307692308
2000-03-21,33.92,36.63,33.63,35.54,6167400,34.93,0.13,273.38461538461536
2000-03-22,35.92,36.0,34.71,35.33,3449400,35.49,0.13,271.7692307692308
2000-03-23,35.08,35.67,34.88,35.25,2159850,35.22,0.13,271.15384615384613
2000-03-24,35.46,36.32,33.88,34.33,2931300,34.9975,0.13,264.07692307692304
2000-03-27,34.29,36.25,34.21,35.17,2015400,34.98,0.13,270.53846153846155
2000-03-28,34.96,35.96,34.58,34.75,1834800,35.0625,0.13,267.3076923076923
2000-03-29,34.92,36.17,34.83,35.29,2579850,35.3025,0.13,271.46153846153845
2000-03-30,35.21,36.57,35.0,35.21,4446300,35.4975,0.13,270.84615384615387
2000-03-31,35.5,35.75,33.83,34.92,3109800,35.0,0.13,268.61538461538464
2000-04-03,34.83,35.92,34.83,35.04,3810600,35.155,0.13,269.53846153846155
2000-04-04,35.04,35.54,31.13,34.04,7871400,33.9375,0.13,261.8461538461538
2000-04-05,33.5,34.33,31.33,33.0,3168300,33.04,0.13,253.84615384615384
2000-04-06,33.29,34.08,32.29,34.0,2775150,33.415,0.13,261.53846153846155
2000-04-07,33.96,34.42,33.29,34.25,2421600,33.98,0.13,263.46153846153845
2000-04-10,34.04,34.08,31.75,32.38,2214000,33.0625,0.13,249.0769230769231
2000-04-11,32.25,35.17,32.21,34.13,2644350,33.44,0.13,262.53846153846155
2000-04-12,33.04,36.29,32.92,35.21,4622076,34.365,0.13,270.84615384615387
2000-04-13,35.54,36.71,34.83,35.58,4144650,35.665,0.13,273.6923076923077
2000-04-14,35.25,36.79,31.25,31.88,4652100,33.7925,0.13,245.23076923076923
2000-04-17,31.67,33.67,31.67,33.63,4426200,32.66,0.13,258.6923076923077
2000-04-18,33.71,35.33,32.67,33.46,2535600,33.7925,0.13,257.38461538461536
2000-04-19,33.0,33.33,32.38,32.42,1999650,32.7825,0.13,249.3846153846154
2000-04-20,32.58,34.5,32.33,33.83,3027750,33.31,0.13,260.2307692307692
2000-04-24,33.52,34.78,33.25,34.71,3512100,34.065,0.13,267.0
2000-04-25,34.83,37.0,34.58,36.88,2857800,35.8225,0.13,283.6923076923077
2000-04-26,36.67,36.67,34.02,34.58,3269400,35.485,0.13,266.0
2000-04-27,34.08,36.17,33.67,35.42,2113050,34.835,0.13,272.46153846153845
2000-04-28,35.46,35.46,33.33,35.08,2823000,34.8325,0.13,269.8461538461538
2000-05-01,35.29,35.42,33.25,33.49,3375600,34.3625,0.13,257.61538461538464
2000-05-02,33.83,33.83,31.42,31.54,3670650,32.655,0.13,242.6153846153846
2000-05-03,31.67,38.25,29.29,31.96,4966500,32.7925,0.13,245.84615384615384
2000-05-04,32.08,32.33,30.0,30.17,2230500,31.145,0.13,232.0769230769231
2000-05-05,30.29,32.33,30.0,31.58,2445150,31.05,0.13,242.9230769230769
2000-05-08,31.33,31.42,30.04,30.42,1657950,30.8025,0.13,234.0
2000-05-09,30.88,31.29,29.92,30.04,1862850,30.5325,0.13,231.07692307692307
2000-05-10,30.0,31.33,29.5,29.54,1767000,30.0925,0.13,227.23076923076923
2000-05-11,30.83,32.67,30.0,32.38,1996500,31.47,0.13,249.0769230769231
2000-05-12,32.54,32.75,31.04,31.58,1440300,31.9775,0.13,242.9230769230769
2000-05-15,31.46,32.33,30.75,32.0,1131600,31.635,0.13,246.15384615384613
2000-05-16,32.25,32.71,31.38,32.17,1885950,32.1275,0.13,247.46153846153845
2000-05-17,32.63,32.63,31.13,31.42,1259400,31.9525,0.13,241.6923076923077
2000-05-18,31.58,32.17,30.42,30.75,1490850,31.23,0.13,236.53846153846152
2000-05-19,30.08,31.33,30.0,30.17,1481550,30.395,0.13,232.0769230769231
2000-05-22,30.38,31.04,28.67,30.63,3207433,30.18,0.13,235.6153846153846
2000-05-23,31.5,32.0,30.31,30.94,2455800,31.1875,0.13,238.0
2000-05-24,31.44,34.0,31.0,33.13,3391300,32.3925,0.13,254.84615384615387
2000-05-25,32.88,34.75,32.81,33.25,2885300,33.4225,0.13,255.76923076923077
2000-05-26,33.69,34.88,33.38,34.5,2412900,34.1125,0.13,265.38461538461536
2000-05-30,34.88,35.75,34.5,35.69,3020200,35.205,0.13,274.5384615384615
2000-05-31,35.63,36.25,34.69,35.0,1669500,35.3925,0.13,269.2307692307692
2000-06-01,35.19,40.38,35.0,40.0,4515602,37.6425,0.13,307.6923076923077
2000-06-02,39.81,40.5,36.5,38.0,3108900,38.7025,0.13,292.3076923076923
2000-06-05,37.88,39.69,36.88,37.81,1736000,38.065,0.13,290.84615384615387
2000-06-06,38.25,38.44,35.94,36.25,1863100,37.22,0.13,278.8461538461538
2000-06-07,36.09,37.75,35.63,37.69,1310300,36.79,0.13,289.9230769230769
2000-06-08,37.25,37.25,35.63,36.13,1191400,36.565,0.13,277.9230769230769
2000-06-09,36.94,37.44,36.25,37.31,1157000,36.985,0.13,287.0
2000-06-12,35.75,37.63,35.44,36.13,1436600,36.2375,0.13,277.9230769230769
2000-06-13,36.19,37.63,35.75,37.56,1651400,36.7825,0.13,288.9230769230769
2000-06-14,37.56,39.17,37.25,38.56,2310200,38.135,0.13,296.61538461538464
2000-06-15,38.44,40.44,37.06,40.0,3056600,38.985,0.13,307.6923076923077
2000-06-16,40.31,43.25,39.83,42.06,5902602,41.3625,0.13,323.53846153846155
2000-06-19,41.25,43.38,39.25,42.63,2646900,41.6275,0.13,327.9230769230769
2000-06-20,42.06,43.94,41.25,42.0,1705800,42.3125,0.13,323.07692307692304
2000-06-21,40.59,44.25,40.56,43.06,2289300,42.115,0.13,331.2307692307692
2000-06-22,42.69,43.0,39.25,40.06,3024600,41.25,0.13,308.1538461538462
2000-06-23,39.19,39.19,36.75,37.81,3006300,38.235,0.13,290.84615384615387
2000-06-26,39.0,40.5,38.06,40.44,2031500,39.5,0.13,311.07692307692304
2000-06-27,40.56,42.0,40.56,41.44,2269700,41.14,0.13,318.7692307692307
2000-06-28,41.53,42.0,40.69,41.69,1866600,41.4775,0.13,320.6923076923077
2000-06-29,40.56,40.75,39.0,39.13,2324600,39.86,0.13,301.0
2000-06-30,39.56,42.0,39.5,42.0,2408500,40.765,0.13,323.07692307692304
2000-07-03,41.31,42.25,41.25,41.56,609400,41.5925,0.13,319.6923076923077
2000-07-05,41.63,41.94,40.13,40.69,1482000,41.0975,0.13,313.0
2000-07-06,40.88,42.06,40.69,42.06,2212100,41.4225,0.13,323.53846153846155
2000-07-07,42.06,42.94,41.63,41.75,2000400,42.095,0.13,321.15384615384613
2000-07-10,41.63,42.75,41.56,41.63,1443300,41.8925,0.13,320.2307692307692
2000-07-11,42.38,43.63,42.25,42.88,1855200,42.785,0.13,329.84615384615387
2000-07-12,43.44,44.0,42.88,43.56,2251200,43.47,0.13,335.0769230769231
2000-07-13,43.5,43.63,41.75,42.69,2445200,42.8925,0.13,328.38461538461536
2000-07-14,42.69,43.0,41.56,42.63,1699300,42.47,0.13,327.9230769230769
2000-07-17,42.63,42.63,41.5,41.56,1630300,42.08,0.13,319.6923076923077
2000-07-18,41.94,42.44,41.5,41.88,1253800,41.94,0.13,322.1538461538462
2000-07-19,41.97,42.75,41.81,42.06,812300,42.1475,0.13,323.53846153846155
2000-07-20,42.25,43.56,42.06,43.31,1359400,42.795,0.13,333.15384615384613
2000-07-21,42.81,45.44,42.31,43.25,2898800,43.4525,0.13,332.6923076923077
2000-07-24,43.75,45.63,43.64,45.06,1947600,44.52,0.13,346.61538461538464
2000-07-25,45.06,45.63,43.75,44.0,1742200,44.61,0.13,338.46153846153845
2000-07-26,43.88,46.19,43.38,44.88,2401000,44.5825,0.13,345.2307692307692
2000-07-27,45.25,46.13,44.5,44.69,1291600,45.1425,0.13,343.7692307692307
2000-07-28,45.13,45.81,43.06,43.25,1297200,44.3125,0.13,332.6923076923077
2000-07-31,43.81,45.88,43.25,45.75,2106000,44.6725,0.13,351.9230769230769
2000-08-01,45.38,45.94,44.5,44.94,1664400,45.19,0.13,345.6923076923077
2000-08-02,45.56,46.31,43.69,43.81,1234600,44.8425,0.13,337.0
2000-08-03,44.13,45.41,43.56,45.06,2142600,44.54,0.13,346.61538461538464
2000-08-04,45.44,45.88,44.5,45.63,1320800,45.3625,0.13,351.0
2000-08-07,45.75,47.63,45.0,46.94,1828400,46.33,0.13,361.07692307692304
2000-08-08,46.38,46.88,45.56,46.13,1432300,46.2375,0.13,354.84615384615387
2000-08-09,46.44,47.25,46.0,46.5,1059600,46.5475,0.13,357.6923076923077
2000-08-10,46.88,46.88,45.0,45.0,2337300,45.94,0.13,346.15384615384613
2000-08-11,45.25,46.75,44.5,45.06,2366300,45.39,0.13,346.61538461538464
2000-08-14,44.31,44.69,43.38,44.69,1712500,44.2675,0.13,343.7692307692307
2000-08-15,44.44,45.0,43.25,44.38,1061100,44.2675,0.13,341.3846153846154
2000-08-16,44.31,45.0,43.5,43.75,894800,44.14,0.13,336.53846153846155
2000-08-17,43.67,45.0,43.56,44.69,1177300,44.23,0.13,343.7692307692307
2000-08-18,44.63,44.75,43.06,44.19,1372400,44.1575,0.13,339.9230769230769
2000-08-21,44.19,45.25,43.69,44.75,1257200,44.47,0.13,344.2307692307692
2000-08-22,44.53,46.06,44.5,45.44,1278300,45.1325,0.13,349.5384615384615
2000-08-23,45.5,45.5,44.06,44.56,1747000,44.905,0.13,342.7692307692308
2000-08-24,44.69,44.72,43.25,44.13,1131900,44.1975,0.13,339.46153846153845
2000-08-25,43.97,44.38,42.44,42.88,1414700,43.4175,0.13,329.84615384615387
2000-08-28,43.0,43.0,39.94,40.06,3061900,41.5,0.14,286.1428571428571
2000-08-29,41.0,42.13,39.88,41.44,2553700,41.1125,0.14,295.99999999999994
2000-08-30,40.56,44.0,40.38,43.94,3383400,42.22,0.14,313.85714285714283
2000-08-31,44.06,45.19,43.63,44.63,2293000,44.3775,0.14,318.7857142857143
2000-09-01,45.06,45.38,43.0,43.75,1100200,44.2975,0.14,312.49999999999994
2000-09-05,43.75,44.38,43.5,43.5,845900,43.7825,0.14,310.71428571428567
2000-09-06,43.56,44.5,42.75,42.81,1091000,43.405,0.14,305.7857142857143
2000-09-07,43.25,43.56,42.38,42.75,1210600,42.985,0.14,305.35714285714283
2000-09-08,42.19,42.31,40.5,41.63,1350900,41.6575,0.14,297.35714285714283
2000-09-11,41.5,42.75,41.25,41.75,1173800,41.8125,0.14,298.21428571428567
2000-09-12,41.69,43.81,41.63,43.06,1288800,42.5475,0.14,307.57142857142856
2000-09-13,42.81,44.56,42.75,43.69,1339600,43.4525,0.14,312.0714285714285
2000-09-14,43.81,44.19,42.5,42.94,918900,43.36,0.14,306.71428571428567
2000-09-15,42.94,44.81,42.69,44.13,3058900,43.6425,0.14,315.2142857142857
2000-09-18,44.13,45.0,42.63,43.19,1388200,43.7375,0.14,308.49999999999994
2000-09-19,43.75,45.0,43.5,44.81,1018900,44.265,0.14,320.07142857142856
2000-09-20,44.75,45.0,43.0,43.56,1922300,44.0775,0.16,272.25
2000-09-21,43.72,46.7,43.69,46.5,2719500,45.1525,0.16,290.625
2000-09-22,45.25,47.5,45.0,47.0,1959100,46.1875,0.16,293.75
2000-09-25,47.13,49.38,46.75,48.56,3012500,47.955,0.16,303.5
2000-09-26,48.69,52.13,48.19,51.44,2873300,50.1125,0.16,321.5
2000-09-27,51.17,53.56,50.25,53.38,3201200,52.09,0.16,333.625
2000-09-28,53.67,55.94,51.88,52.44,3562200,53.4825,0.16,327.75
2000-09-29,52.44,54.44,50.63,52.5,2052800,52.5025,0.16,328.125
2000-10-02,52.88,52.88,51.19,51.63,2852600,52.145,0.16,322.6875
2000-10-03,52.0,53.75,51.0,51.13,1581400,51.97,0.16,319.5625
2000-10-04,51.69,52.13,51.13,51.69,2564700,51.66,0.16,323.0625
2000-10-05,51.56,52.56,50.75,51.44,2585500,51.5775,0.16,321.5
2000-10-06,51.84,52.38,50.38,50.94,2242000,51.385,0.16,318.375
2000-10-09,51.06,52.75,51.0,51.38,1704700,51.5475,0.16,321.125
2000-10-10,51.56,51.56,49.25,49.56,2685000,50.4825,0.16,309.75
2000-10-11,49.06,50.56,48.25,49.75,3272300,49.405,0.16,310.9375
2000-10-12,50.25,50.25,47.75,48.44,3116100,49.1725,0.16,302.75
2000-10-13,48.56,49.5,47.25,47.88,3020300,48.2975,0.16,299.25
2000-10-16,48.5,51.75,47.63,50.81,2757000,49.6725,0.16,317.5625
2000-10-17,51.44,51.88,49.38,50.63,1295900,50.8325,0.16,316.4375
2000-10-18,49.56,51.36,48.56,49.5,2114900,49.745,0.16,309.375
2000-10-19,50.38,51.38,48.75,50.63,2237900,50.285,0.16,316.4375
2000-10-20,51.0,51.81,49.81,50.0,2357300,50.655,0.16,312.5
2000-10-23,50.5,50.69,49.63,49.81,1789100,50.1575,0.16,311.3125
2000-10-24,50.63,54.44,50.38,53.0,2598400,52.1125,0.16,331.25
2000-10-25,53.25,55.0,52.25,54.81,2482000,53.8275,0.16,342.5625
2000-10-26,54.25,55.63,50.0,51.25,3850000,52.7825,0.16,320.3125
2000-10-27,51.44,54.69,51.38,53.69,2223200,52.8,0.16,335.5625
2000-10-30,53.94,59.44,53.88,58.25,3961000,56.3775,0.16,364.0625
2000-10-31,58.44,61.0,54.44,56.69,4127301,57.6425,0.16,354.3125
2000-11-01,55.56,56.0,53.06,53.94,2518600,54.64,0.16,337.125
2000-11-02,54.25,56.44,54.13,55.94,3364100,55.19,0.16,349.625
2000-11-03,56.56,56.75,54.81,55.06,1797300,55.795,0.16,344.125
2000-11-06,55.19,55.75,54.13,54.75,1368500,54.955,0.16,342.1875
2000-11-07,54.81,56.44,53.56,56.25,2963000,55.265,0.16,351.5625
2000-11-08,56.31,56.81,53.75,53.94,1314800,55.2025,0.16,337.125
2000-11-09,53.81,55.38,53.5,55.13,1450000,54.455,0.16,344.5625
2000-11-10,55.19,57.31,55.0,55.19,2275000,55.6725,0.16,344.9375
2000-11-13,55.0,58.5,54.75,56.69,2225700,56.235,0.16,354.3125
2000-11-14,57.44,58.06,55.5,56.69,2027400,56.9225,0.16,354.3125
2000-11-15,56.75,57.56,55.5,57.19,1439500,56.75,0.16,357.4375
2000-11-16,57.0,58.31,56.63,57.31,1214700,57.3125,0.16,358.1875
2000-11-17,57.31,58.69,54.81,55.94,2289300,56.6875,0.16,349.625
2000-11-20,55.88,59.5,55.75,59.44,2832300,57.6425,0.16,371.5
2000-11-21,59.56,61.25,57.63,59.69,3710800,59.5325,0.16,373.0625
2000-11-22,58.75,60.25,57.63,57.88,1954500,58.6275,0.16,361.75
2000-11-24,58.75,59.06,58.25,58.94,497100,58.75,0.16,368.375
2000-11-27,59.25,60.0,58.31,58.75,1607800,59.0775,0.16,367.1875
2000-11-28,58.53,59.13,57.25,57.41,2473300,58.08,0.16,358.81249999999994
2000-11-29,57.63,59.75,57.31,59.38,2736400,58.5175,0.16,371.125
2000-11-30,58.56,59.88,56.0,58.13,5161500,58.1425,0.16,363.3125
2000-12-01,58.63,58.63,51.38,52.56,5696000,55.3,0.16,328.5
2000-12-04,50.94,51.0,44.88,46.56,10131900,48.345,0.16,291.0
2000-12-05,46.81,49.06,43.25,44.13,7840400,45.8125,0.16,275.8125
2000-12-06,44.0,46.75,43.5,43.75,4732102,44.5,0.16,273.4375
2000-12-07,43.56,47.25,43.25,44.88,4164500,44.735,0.16,280.5
2000-12-08,46.5,48.5,45.75,46.88,2545100,46.9075,0.16,293.0
2000-12-11,44.81,45.38,41.75,43.69,5581602,43.9075,0.16,273.0625
2000-12-12,44.0,44.0,42.0,42.19,3556800,43.0475,0.16,263.6875
2000-12-13,43.69,45.75,41.88,43.13,2142900,43.6125,0.16,269.5625
2000-12-14,42.88,45.25,41.25,41.25,1829400,42.6575,0.16,257.8125
2000-12-15,40.0,40.69,36.75,39.0,10793500,39.11,0.16,243.75
2000-12-18,39.94,42.06,39.38,40.81,3372600,40.5475,0.16,255.0625
2000-12-19,41.56,43.94,41.13,41.88,2710700,42.1275,0.16,261.75
2000-12-20,42.0,44.25,41.25,42.06,3010900,42.39,0.17,247.41176470588235
2000-12-21,42.31,49.56,42.0,46.88,3463300,45.1875,0.17,275.7647058823529
2000-12-22,48.25,50.75,48.0,50.56,3186000,49.39,0.17,297.4117647058823
2000-12-26,49.81,51.81,49.75,50.56,1585600,50.4825,0.17,297.4117647058823
2000-12-27,51.5,52.81,50.88,51.06,2278000,51.5625,0.17,300.3529411764706
2000-12-28,50.31,51.69,49.38,50.88,1536000,50.565,0.17,299.29411764705884
2000-12-29,50.94,51.75,48.56,48.63,2063200,49.97,0.17,286.05882352941177
2001-01-02,49.69,50.44,44.94,45.69,2480000,47.69,0.17,268.7647058823529
2001-01-03,46.0,51.0,45.94,48.63,3962500,47.8925,0.17,286.05882352941177
2001-01-04,48.38,48.5,45.06,45.31,4773400,46.8125,0.17,266.52941176470586
2001-01-05,45.56,48.5,43.88,44.69,3120600,45.6575,0.17,262.88235294117646
2001-01-08,44.94,47.75,44.81,46.44,2379100,45.985,0.17,273.17647058823525
2001-01-09,47.0,50.25,46.63,48.56,2602500,48.11,0.17,285.6470588235294
2001-01-10,47.22,48.0,45.0,47.38,2972900,46.9,0.17,278.70588235294116
2001-01-11,48.0,49.0,47.25,47.94,1397700,48.0475,0.17,281.99999999999994
2001-01-12,48.19,48.94,46.63,48.5,2022400,48.065,0.17,285.2941176470588
2001-01-16,48.38,48.88,46.72,47.38,1614600,47.84,0.17,278.70588235294116
2001-01-17,48.5,49.5,47.5,47.75,1762100,48.3125,0.17,280.88235294117646
2001-01-18,47.98,49.25,47.5,48.63,2002000,48.34,0.17,286.05882352941177
2001-01-19,48.5,48.5,46.06,46.5,2241100,47.39,0.17,273.52941176470586
2001-01-22,46.19,46.5,44.94,45.75,2539300,45.845,0.17,269.11764705882354
2001-01-23,46.0,46.88,45.06,46.5,1923100,46.11,0.17,273.52941176470586
2001-01-24,46.75,46.88,44.94,45.56,2874100,46.0325,0.17,268.0
2001-01-25,45.69,46.06,44.19,44.5,2897100,45.11,0.17,261.7647058823529
2001-01-26,44.75,46.5,44.25,45.69,1788300,45.2975,0.17,268.7647058823529
2001-01-29,45.75,46.38,45.25,45.88,1426400,45.815,0.17,269.88235294117646
2001-01-30,46.11,46.13,44.38,45.25,1487000,45.4675,0.17,266.17647058823525
2001-01-31,45.38,45.63,44.13,45.13,1823700,45.0675,0.17,265.4705882352941
2001-02-01,45.13,45.13,41.31,41.44,5388602,43.2525,0.17,243.7647058823529
2001-02-02,42.13,42.25,39.38,39.63,5999301,40.8475,0.17,233.11764705882354
2001-02-05,40.06,40.69,39.38,39.88,4802699,40.0025,0.17,234.58823529411765
2001-02-06,40.0,42.75,39.56,40.75,2857600,40.765,0.17,239.70588235294116
2001-02-07,40.88,42.5,40.75,42.13,2338200,41.565,0.17,247.8235294117647
2001-02-08,42.75,43.25,40.81,41.63,1575700,42.11,0.17,244.88235294117646
2001-02-09,41.23,43.06,41.0,42.25,2350100,41.885,0.17,248.52941176470586
2001-02-12,42.61,43.5,41.38,43.06,1585500,42.6375,0.17,253.2941176470588
2001-02-13,43.63,43.81,41.13,41.25,1430100,42.455,0.17,242.6470588235294
2001-02-14,41.61,43.38,40.5,43.31,2096100,42.2,0.17,254.76470588235293
2001-02-15,43.38,43.5,42.0,42.75,1908000,42.9075,0.17,251.4705882352941
2001-02-16,41.06,42.25,40.44,41.63,2091300,41.345,0.17,244.88235294117646
2001-02-20,41.56,42.75,41.06,41.69,2739200,41.765,0.17,245.23529411764702
2001-02-21,41.5,44.25,41.5,42.19,2378000,42.36,0.17,248.17647058823528
2001-02-22,42.31,44.44,42.25,44.06,3446600,43.265,0.17,259.1764705882353
2001-02-23,43.77,45.0,42.0,43.63,3277200,43.6,0.17,256.6470588235294
2001-02-26,43.81,44.13,41.06,42.88,2269500,42.97,0.17,252.23529411764704
2001-02-27,42.94,42.94,40.72,41.25,2360900,41.9625,0.17,242.6470588235294
2001-02-28,41.44,42.75,39.81,39.94,4209602,40.985,0.17,234.9411764705882
2001-03-01,40.25,40.25,37.0,39.44,5543602,39.235,0.17,231.99999999999997
2001-03-02,38.69,40.69,38.5,39.0,3068900,39.22,0.17,229.41176470588235
2001-03-05,38.81,40.81,38.31,39.81,1468700,39.435,0.17,234.1764705882353
2001-03-06,40.56,41.81,40.06,40.81,2031300,40.81,0.17,240.05882352941177
2001-03-07,41.19,41.5,40.0,40.69,1320100,40.845,0.17,239.35294117647055
2001-03-08,41.0,41.0,39.63,40.06,1488500,40.4225,0.17,235.64705882352942
2001-03-09,40.0,40.06,38.13,38.88,1611200,39.2675,0.17,228.7058823529412
2001-03-12,38.44,38.56,34.5,35.13,4011000,36.6575,0.17,206.64705882352942
2001-03-13,36.0,38.38,34.77,36.63,4114200,36.445,0.17,215.47058823529412
2001-03-14,34.94,36.5,33.69,35.69,3105100,35.205,0.17,209.9411764705882
2001-03-15,36.63,37.19,35.0,35.06,2628100,35.97,0.17,206.23529411764704
2001-03-16,33.44,35.13,32.88,33.77,5122898,33.805,0.17,198.64705882352942
2001-03-19,34.94,36.94,33.88,36.38,5562700,35.535,0.18,202.11111111111114
2001-03-20,36.94,37.19,34.13,34.31,3580300,35.6425,0.18,190.61111111111114
2001-03-21,33.88,36.81,33.38,36.38,5346398,35.1125,0.18,202.11111111111114
2001-03-22,36.69,38.5,36.56,38.25,6989900,37.5,0.18,212.5
2001-03-23,39.06,39.31,37.63,38.38,4638602,38.595,0.18,213.22222222222226
2001-03-26,38.69,39.13,37.75,37.94,2167600,38.3775,0.18,210.77777777777777
2001-03-27,38.5,38.63,37.0,38.31,2571700,38.11,0.18,212.83333333333334
2001-03-28,38.25,40.0,38.0,38.44,2756100,38.6725,0.18,213.55555555555554
2001-03-29,38.19,38.88,37.0,37.63,2840400,37.925,0.18,209.05555555555557
2001-03-30,38.25,38.38,36.44,37.06,2895300,37.5325,0.18,205.8888888888889
2001-04-02,37.5,38.13,36.25,37.13,2799700,37.2525,0.18,206.2777777777778
2001-04-03,36.25,37.31,35.44,35.5,3317200,36.125,0.18,197.22222222222223
2001-04-04,35.63,37.0,35.25,36.75,2218200,36.1575,0.18,204.16666666666669
2001-04-05,37.25,37.5,35.38,36.75,3616500,36.72,0.18,204.16666666666669
2001-04-06,36.13,36.56,35.5,36.19,2657700,36.095,0.18,201.05555555555554
2001-04-09,36.14,37.94,36.1,37.91,2268900,37.0225,0.18,210.6111111111111
2001-04-10,38.43,40.0,37.64,38.6,2435900,38.6675,0.18,214.44444444444446
2001-04-11,39.02,39.16,35.0,37.39,5072602,37.6425,0.18,207.72222222222223
2001-04-12,36.66,37.4,33.9,34.11,5164700,35.5175,0.18,189.5
2001-04-16,34.45,36.6,34.11,35.05,3529800,35.0525,0.18,194.7222222222222
2001-04-17,34.9,36.46,34.25,36.06,2865900,35.4175,0.18,200.33333333333334
2001-04-18,36.35,39.5,35.77,37.87,3898800,37.3725,0.18,210.38888888888889
2001-04-19,37.79,38.25,35.4,36.85,3514800,37.0725,0.18,204.72222222222223
2001-04-20,35.5,36.4,34.8,36.0,3396300,35.675,0.18,200.0
2001-04-23,35.77,36.19,34.45,34.5,2736600,35.2275,0.18,191.66666666666669
2001-04-24,34.92,35.75,34.0,34.0,2450300,34.6675,0.18,188.88888888888889
2001-04-25,34.4,36.8,34.34,36.5,3021900,35.51,0.18,202.77777777777777
2001-04-26,36.45,36.5,34.4,34.45,2780800,35.45,0.18,191.3888888888889
2001-04-27,34.98,35.95,33.79,34.04,4187898,34.69,0.18,189.11111111111111
2001-04-30,35.35,35.4,33.8,34.56,3552000,34.7775,0.18,192.00000000000003
2001-05-01,35.08,35.1,33.28,33.55,4259699,34.2525,0.18,186.38888888888889
2001-05-02,34.13,34.15,31.45,32.53,6991801,33.065,0.18,180.72222222222223
2001-05-03,32.6,32.62,30.95,31.44,8353602,31.9025,0.18,174.66666666666669
2001-05-04,30.91,34.05,30.61,33.25,6358200,32.205,0.18,184.72222222222223
2001-05-07,33.8,34.5,33.24,33.51,3096700,33.7625,0.18,186.16666666666666
2001-05-08,33.71,34.5,33.26,34.5,3533500,33.9925,0.18,191.66666666666669
2001-05-09,34.23,36.15,33.95,34.76,2790900,34.7725,0.18,193.11111111111111
2001-05-10,35.29,35.85,34.83,35.36,3390900,35.3325,0.18,196.44444444444446
2001-05-11,35.12,36.23,34.94,35.79,3370900,35.52,0.18,198.83333333333334
2001-05-14,36.0,36.21,35.55,36.19,2240800,35.9875,0.18,201.05555555555554
2001-05-15,35.94,37.9,35.92,36.94,3393900,36.675,0.18,205.22222222222223
2001-05-16,36.68,39.51,36.54,38.9,4455000,37.9075,0.18,216.11111111111111
2001-05-17,38.62,39.33,37.5,38.46,3535700,38.4775,0.18,213.66666666666669
2001-05-18,38.51,39.0,37.34,38.64,1835700,38.3725,0.18,214.66666666666669
2001-05-21,38.65,40.86,38.36,40.79,2754100,39.665,0.18,226.61111111111111
2001-05-22,41.0,42.85,39.8,42.76,3859800,41.6025,0.18,237.55555555555554
2001-05-23,41.9,42.25,39.67,39.75,3087900,40.8925,0.18,220.83333333333334
2001-05-24,39.51,40.78,39.35,40.76,1774600,40.1,0.18,226.44444444444443
2001-05-25,40.79,41.0,39.56,40.42,1665600,40.4425,0.18,224.55555555555557
2001-05-29,40.53,41.26,39.76,39.95,1743700,40.375,0.18,221.94444444444446
2001-05-30,39.25,40.65,39.02,39.41,2316100,39.5825,0.18,218.94444444444443
2001-05-31,39.7,40.08,38.3,38.43,2761100,39.1275,0.18,213.5
2001-06-01,38.79,40.25,37.7,40.14,3971200,39.22,0.18,223.0
2001-06-04,40.25,40.6,39.19,39.81,1770100,39.9625,0.18,221.16666666666669
2001-06-05,39.92,40.71,39.25,39.99,2555100,39.9675,0.18,222.16666666666669
2001-06-06,39.96,40.15,38.5,38.79,2669600,39.35,0.18,215.5
2001-06-07,38.79,39.43,38.15,39.34,1784800,38.9275,0.18,218.55555555555557
2001-06-08,39.6,39.65,38.35,38.88,1586500,39.12,0.18,216.00000000000003
2001-06-11,38.88,39.31,37.88,37.91,2067300,38.495,0.18,210.6111111111111
2001-06-12,37.94,38.0,36.96,37.72,2642900,37.655,0.18,209.55555555555554
2001-06-13,37.8,38.5,36.4,36.56,4279102,37.315,0.18,203.11111111111114
2001-06-14,36.35,37.23,36.07,36.4,2608100,36.5125,0.18,202.22222222222223
2001-06-15,36.36,37.5,35.9,36.7,3482000,36.615,0.18,203.8888888888889
2001-06-18,36.6,38.61,36.6,37.22,2104900,37.2575,0.18,206.77777777777777
2001-06-19,37.6,39.05,37.05,37.6,3004500,37.825,0.18,208.8888888888889
2001-06-20,37.75,38.66,37.58,38.12,2793700,38.0275,0.18,211.77777777777777
2001-06-21,38.19,39.09,37.93,38.29,2562800,38.375,0.18,212.72222222222223
2001-06-22,38.31,38.6,36.32,36.97,6228301,37.55,0.18,205.38888888888889
2001-06-25,38.2,38.31,35.9,36.71,6811602,37.28,0.18,203.94444444444446
2001-06-26,37.03,38.61,36.6,38.1,5941301,37.585,0.18,211.66666666666669
2001-06-27,38.33,38.43,37.64,38.05,3736900,38.1125,0.18,211.38888888888889
2001-06-28,38.43,41.37,38.41,40.69,3932000,39.725,0.18,226.05555555555554
2001-06-29,40.66,42.0,39.25,40.0,3135200,40.4775,0.18,222.22222222222223
2001-07-02,41.13,41.61,40.01,40.8,1871000,40.8875,0.18,226.66666666666666
2001-07-03,40.42,40.91,39.55,40.45,1319600,40.3325,0.18,224.72222222222226
2001-07-05,40.01,40.71,39.45,39.77,1314000,39.985,0.18,220.94444444444446
2001-07-06,39.62,39.95,38.64,39.08,1602700,39.3225,0.18,217.11111111111111
2001-07-09,39.5,39.6,38.8,39.58,2629900,39.37,0.18,219.88888888888889
2001-07-10,39.82,39.85,38.0,38.46,2148000,39.0325,0.18,213.66666666666669
2001-07-11,38.43,39.55,38.12,38.8,2633400,38.725,0.18,215.55555555555554
2001-07-12,39.12,40.91,39.04,40.86,2256100,39.9825,0.18,227.0
2001-07-13,40.45,41.74,40.39,41.4,4405801,40.995,0.18,230.0
2001-07-16,41.18,41.86,40.62,41.21,3179700,41.2175,0.18,228.94444444444446
2001-07-17,41.14,41.55,40.75,41.47,2798700,41.2275,0.18,230.38888888888889
2001-07-18,41.25,42.75,41.1,41.74,3672100,41.71,0.18,231.8888888888889
2001-07-19,42.24,43.49,41.25,42.0,2470500,42.245,0.18,233.33333333333334
2001-07-20,41.8,42.2,40.99,41.0,1859500,41.4975,0.18,227.7777777777778
2001-07-23,40.7,41.25,39.23,39.3,2014300,40.12,0.18,218.33333333333331
2001-07-24,39.34,40.45,38.96,39.3,3524200,39.5125,0.18,218.33333333333331
2001-07-25,39.62,40.2,38.09,39.04,3917900,39.2375,0.18,216.88888888888889
2001-07-26,38.94,39.44,37.75,39.4,2914800,38.8825,0.18,218.88888888888889
2001-07-27,39.27,39.45,37.85,38.79,3577200,38.84,0.18,215.5
2001-07-30,39.16,39.2,38.2,38.58,1567300,38.785,0.18,214.33333333333334
2001-07-31,38.85,39.82,38.65,39.3,2298900,39.155,0.18,218.33333333333331
2001-08-01,39.56,39.66,38.5,39.09,1647900,39.2025,0.18,217.16666666666669
2001-08-02,39.27,39.6,38.34,39.0,1775400,39.0525,0.18,216.66666666666669
2001-08-03,39.24,39.25,37.29,37.74,3550100,38.38,0.18,209.66666666666669
2001-08-06,37.45,38.23,37.39,38.09,1253600,37.79,0.18,211.61111111111114
2001-08-07,38.01,38.6,37.83,38.5,3626400,38.235,0.18,213.88888888888889
2001-08-08,38.06,39.53,38.01,38.51,2316400,38.5275,0.18,213.94444444444443
2001-08-09,38.41,39.17,37.92,39.04,1747600,38.635,0.18,216.88888888888889
2001-08-10,39.06,39.43,38.0,39.12,1525300,38.9025,0.18,217.33333333333331
2001-08-13,39.16,39.85,38.56,39.85,2361000,39.355,0.18,221.3888888888889
2001-08-14,40.05,40.19,38.9,39.13,1946200,39.5675,0.18,217.3888888888889
2001-08-15,39.39,39.84,38.81,38.86,1422800,39.225,0.18,215.88888888888889
2001-08-16,38.99,39.63,38.65,39.54,1737400,39.2025,0.18,219.66666666666666
2001-08-17,39.01,39.43,38.5,38.51,1031000,38.8625,0.18,213.94444444444443
2001-08-20,38.89,39.36,38.55,39.14,1301700,38.985,0.18,217.44444444444446
2001-08-21,39.21,39.74,38.24,38.35,1228000,38.885,0.18,213.05555555555557
2001-08-22,38.6,38.85,38.0,38.6,2035800,38.5125,0.18,214.44444444444446
2001-08-23,38.47,38.93,37.9,38.21,1660200,38.3775,0.18,212.2777777777778
2001-08-24,38.7,39.72,38.28,39.48,1670600,39.045,0.18,219.33333333333331
2001-08-27,39.55,39.9,39.01,39.18,1623100,39.41,0.18,217.66666666666669
2001-08-28,39.39,39.39,38.1,38.2,1795900,38.77,0.18,212.22222222222226
2001-08-29,38.22,38.73,37.85,37.93,2032500,38.1825,0.18,210.72222222222223
2001-08-30,37.84,38.48,36.76,37.14,2532400,37.555,0.18,206.33333333333334
2001-08-31,36.95,38.06,36.62,37.07,1900300,37.175,0.18,205.94444444444446
2001-09-04,37.31,37.45,36.3,36.3,2295200,36.84,0.18,201.66666666666666
2001-09-05,36.25,36.33,33.8,35.02,4303700,35.35,0.18,194.55555555555557
2001-09-06,34.82,34.98,32.12,32.3,8476602,33.555,0.18,179.44444444444443
2001-09-07,31.94,33.13,30.92,31.18,5166000,31.7925,0.18,173.22222222222223
2001-09-10,30.76,32.45,30.74,31.57,4887400,31.38,0.18,175.38888888888889
2001-09-17,30.85,31.14,28.27,29.57,7381398,29.9575,0.18,164.27777777777777
2001-09-18,29.65,32.05,29.65,31.69,8321301,30.76,0.18,176.05555555555557
2001-09-19,32.15,33.44,29.67,31.45,7403301,31.6775,0.18,174.72222222222223
2001-09-20,29.78,31.81,29.0,30.45,7066301,30.26,0.19,160.26315789473685
2001-09-21,28.75,30.2,28.55,29.64,7123102,29.285,0.19,156.0
2001-09-24,30.26,31.85,29.9,30.2,3996700,30.5525,0.19,158.94736842105263
2001-09-25,30.12,30.75,28.65,30.0,4041100,29.88,0.19,157.89473684210526
2001-09-26,30.07,30.28,28.8,29.28,3100900,29.6075,0.19,154.10526315789474
2001-09-27,29.45,30.99,29.23,30.38,2903000,30.0125,0.19,159.89473684210526
2001-09-28,30.58,31.75,30.52,31.51,3562700,31.09,0.19,165.8421052631579
2001-10-01,31.51,31.55,29.66,30.39,3151300,30.7775,0.19,159.94736842105263
2001-10-02,30.02,30.8,29.64,30.14,2907900,30.15,0.19,158.6315789473684
2001-10-03,29.86,31.35,29.76,30.83,4398398,30.45,0.19,162.26315789473682
2001-10-04,30.95,32.5,30.5,31.75,3946500,31.425,0.19,167.10526315789474
2001-10-05,31.7,32.32,30.65,31.91,2645800,31.645,0.19,167.94736842105263
2001-10-08,31.75,32.43,31.14,31.79,1735800,31.7775,0.19,167.3157894736842
2001-10-09,31.68,31.96,30.65,30.8,1824000,31.2725,0.19,162.10526315789474
2001-10-10,31.12,33.6,30.92,33.17,2429500,32.2025,0.19,174.57894736842107
2001-10-11,33.28,34.42,32.79,34.33,3244900,33.705,0.19,180.68421052631578
2001-10-12,33.95,34.1,31.75,33.95,3187500,33.4375,0.19,178.6842105263158
2001-10-15,33.86,33.93,32.5,32.94,1421800,33.3075,0.19,173.36842105263156
2001-10-16,33.35,33.57,32.56,33.37,2677800,33.2125,0.19,175.6315789473684
2001-10-17,33.87,34.15,31.76,32.16,3070600,32.985,0.19,169.26315789473682
2001-10-18,32.1,32.17,31.17,31.6,1505300,31.76,0.19,166.31578947368422
2001-10-19,31.26,32.67,30.75,32.47,1806800,31.7875,0.19,170.89473684210526
2001-10-22,32.22,32.9,31.94,32.75,1372800,32.4525,0.19,172.3684210526316
2001-10-23,33.17,33.76,32.06,32.45,2217400,32.86,0.19,170.78947368421055
2001-10-24,32.74,34.0,32.66,33.4,1748300,33.2,0.19,175.78947368421052
2001-10-25,33.1,34.1,32.25,33.83,2340000,33.32,0.19,178.05263157894737
2001-10-26,34.0,35.5,33.6,34.99,2884600,34.5225,0.19,184.1578947368421
2001-10-29,34.85,34.9,32.35,32.35,2435300,33.6125,0.19,170.26315789473685
2001-10-30,32.14,33.04,31.24,32.42,2013600,32.21,0.19,170.63157894736844
2001-10-31,32.84,33.15,32.0,32.06,2202400,32.5125,0.19,168.73684210526318
2001-11-01,32.26,34.17,31.59,34.09,2662800,33.0275,0.19,179.42105263157896
2001-11-02,33.89,33.95,32.8,33.53,1389300,33.5425,0.19,176.47368421052633
2001-11-05,34.07,35.42,33.96,35.39,2088900,34.71,0.19,186.26315789473685
2001-11-06,34.99,35.4,34.35,35.05,2783100,34.9475,0.19,184.4736842105263
2001-11-07,35.22,35.85,34.34,34.61,1657700,35.005,0.19,182.1578947368421
2001-11-08,34.85,36.2,34.61,35.18,2071700,35.21,0.19,185.1578947368421
2001-11-09,35.06,35.37,34.4,34.81,1956700,34.91,0.19,183.21052631578948
2001-11-12,34.72,35.2,33.32,34.61,2065300,34.4625,0.19,182.1578947368421
2001-11-13,35.04,35.8,34.64,35.76,2512900,35.31,0.19,188.21052631578945
2001-11-14,36.34,37.2,36.17,36.62,2367800,36.5825,0.19,192.73684210526315
2001-11-15,36.7,37.14,36.0,36.1,1909900,36.485,0.19,190.0
2001-11-16,36.46,36.65,35.37,35.89,1418800,36.0925,0.19,188.89473684210526
2001-11-19,36.05,36.28,35.75,36.15,1581100,36.0575,0.19,190.26315789473682
2001-11-20,36.15,36.2,35.1,35.36,1778000,35.7025,0.19,186.10526315789474
2001-11-21,35.25,36.04,35.05,35.78,1285200,35.53,0.19,188.31578947368422
2001-11-23,35.83,36.3,35.82,36.02,531400,35.9925,0.19,189.57894736842107
2001-11-26,36.2,36.26,35.42,36.19,1838500,36.0175,0.19,190.4736842105263
2001-11-27,36.15,36.21,35.59,35.76,2225600,35.9275,0.19,188.21052631578945
2001-11-28,35.79,35.97,34.75,34.89,2463600,35.35,0.19,183.6315789473684
2001-11-29,34.9,35.45,34.67,34.85,2100200,34.9675,0.19,183.42105263157896
2001-11-30,34.98,35.24,34.45,35.01,2603400,34.92,0.19,184.26315789473682
2001-12-03,35.0,35.24,34.55,34.84,2812500,34.9075,0.19,183.3684210526316
2001-12-04,34.8,35.97,34.78,35.93,2287000,35.37,0.19,189.10526315789474
2001-12-05,36.06,39.47,35.91,39.35,4643400,37.6975,0.19,207.10526315789474
2001-12-06,38.75,38.96,37.53,37.53,2628500,38.1925,0.19,197.5263157894737
2001-12-07,37.39,37.65,36.85,37.52,2378100,37.3525,0.19,197.47368421052633
2001-12-10,37.58,38.17,36.97,37.07,1586600,37.4475,0.19,195.10526315789474
2001-12-11,37.3,38.26,37.13,37.92,2914500,37.6525,0.19,199.57894736842107
2001-12-12,37.83,39.19,37.54,39.01,2807000,38.3925,0.19,205.3157894736842
2001-12-13,38.8,38.85,38.0,38.1,3142000,38.4375,0.19,200.5263157894737
2001-12-14,38.2,38.65,37.52,37.79,2363300,38.04,0.19,198.89473684210526
2001-12-17,37.87,38.62,37.58,38.21,2943500,38.07,0.19,201.10526315789474
2001-12-18,38.14,38.14,36.73,37.38,4667398,37.5975,0.19,196.73684210526318
2001-12-19,35.1,37.15,35.0,35.61,9529000,35.715,0.18,197.83333333333334
2001-12-20,35.55,35.55,34.17,34.5,4614000,34.9425,0.18,191.66666666666669
2001-12-21,36.0,36.0,34.51,34.99,4084600,35.375,0.18,194.3888888888889
2001-12-24,35.31,35.75,35.07,35.12,726300,35.3125,0.18,195.11111111111111
2001-12-26,35.24,36.13,35.09,35.53,1406400,35.4975,0.18,197.3888888888889
2001-12-27,35.51,35.95,35.28,35.73,1545200,35.6175,0.18,198.5
2001-12-28,35.72,36.27,35.52,35.8,1603000,35.8275,0.18,198.88888888888889
2001-12-31,35.6,36.18,34.85,34.85,1822000,35.37,0.18,193.61111111111111
2002-01-02,35.08,35.15,33.95,34.6,2903800,34.695,0.18,192.22222222222223
2002-01-03,34.8,35.48,34.57,35.21,1852200,35.015,0.18,195.61111111111111
2002-01-04,35.12,35.65,34.94,35.61,2053400,35.33,0.18,197.83333333333334
2002-01-07,35.6,36.0,34.72,34.79,1867400,35.2775,0.18,193.27777777777777
2002-01-08,34.89,35.3,33.94,34.56,1891000,34.6725,0.18,192.00000000000003
2002-01-09,34.68,36.48,34.55,35.39,3357900,35.275,0.18,196.61111111111111
2002-01-10,35.19,37.39,34.85,36.89,3353200,36.08,0.18,204.94444444444446
2002-01-11,37.05,37.12,36.39,37.02,2333000,36.895,0.18,205.66666666666669
2002-01-14,37.59,37.75,36.38,36.84,2629200,37.14,0.18,204.66666666666669
2002-01-15,37.03,38.24,36.91,37.8,2312600,37.495,0.18,210.0
2002-01-16,37.91,38.0,37.05,37.05,2507600,37.5025,0.18,205.83333333333331
2002-01-17,37.21,37.98,36.65,37.61,1602100,37.3625,0.18,208.94444444444446
2002-01-18,37.15,37.32,36.16,36.24,2105100,36.7175,0.18,201.33333333333334
2002-01-22,36.79,36.79,35.27,35.35,2914700,36.05,0.18,196.3888888888889
2002-01-23,35.43,35.94,35.35,35.84,2704100,35.64,0.18,199.11111111111114
2002-01-24,36.05,36.46,35.75,36.24,2416800,36.125,0.18,201.33333333333334
2002-01-25,36.31,36.41,35.85,36.06,1507300,36.1575,0.18,200.33333333333334
2002-01-28,36.03,36.35,34.75,35.35,2620500,35.62,0.18,196.3888888888889
2002-01-29,34.45,34.66,31.85,34.15,10705301,33.7775,0.18,189.72222222222223
2002-01-30,34.4,36.03,34.3,35.89,4318602,35.155,0.18,199.38888888888889
2002-01-31,35.7,36.7,35.4,36.7,2154700,36.125,0.18,203.8888888888889
2002-02-01,36.14,36.54,35.21,35.8,1517700,35.9225,0.18,198.88888888888889
2002-02-04,35.8,35.83,34.82,35.14,1889100,35.3975,0.18,195.22222222222223
2002-02-05,35.18,35.87,34.68,35.15,1926700,35.22,0.18,195.27777777777777
2002-02-06,35.5,35.57,34.42,34.87,2519800,35.09,0.18,193.72222222222223
2002-02-07,34.76,36.11,34.75,34.95,2135400,35.1425,0.18,194.16666666666669
2002-02-08,34.95,36.09,34.8,35.99,1602300,35.4575,0.18,199.94444444444446
2002-02-11,35.9,36.58,35.83,36.3,1529800,36.1525,0.18,201.66666666666666
2002-02-12,35.84,35.96,35.13,35.4,1479000,35.5825,0.18,196.66666666666666
2002-02-13,35.43,36.21,35.22,35.54,1695200,35.6,0.18,197.44444444444446
2002-02-14,35.67,36.19,35.0,35.4,2322300,35.565,0.18,196.66666666666666
2002-02-15,35.35,36.35,35.28,36.1,2354100,35.77,0.18,200.55555555555557
2002-02-19,35.86,36.05,35.56,35.8,2607900,35.8175,0.18,198.88888888888889
2002-02-20,35.96,36.52,35.7,36.08,1827100,36.065,0.18,200.44444444444443
2002-02-21,36.19,36.42,35.28,35.3,1883000,35.7975,0.18,196.11111111111111
2002-02-22,35.33,36.6,35.25,36.34,2046700,35.88,0.18,201.8888888888889
2002-02-25,36.34,37.5,36.34,37.22,2092300,36.85,0.18,206.77777777777777
2002-02-26,37.22,37.49,36.62,37.14,1756800,37.1175,0.18,206.33333333333334
2002-02-27,37.23,37.3,36.35,36.78,2339300,36.915,0.18,204.33333333333334
2002-02-28,36.8,37.25,36.63,36.95,2062800,36.9075,0.18,205.2777777777778
2002-03-01,36.97,38.63,36.77,38.4,2277400,37.6925,0.18,213.33333333333334
2002-03-04,38.59,41.55,38.53,41.27,5729200,39.985,0.18,229.2777777777778
2002-03-05,40.95,41.46,39.75,40.16,4269000,40.58,0.18,223.11111111111111
2002-03-06,40.01,40.85,39.69,40.64,2740100,40.2975,0.18,225.7777777777778
2002-03-07,41.2,42.15,40.25,40.66,3772700,41.065,0.18,225.88888888888889
2002-03-08,41.6,41.78,40.68,41.38,3430600,41.36,0.18,229.8888888888889
2002-03-11,41.0,41.78,39.92,41.56,3495300,41.065,0.18,230.8888888888889
2002-03-12,41.05,41.75,40.69,41.55,1947100,41.26,0.18,230.83333333333331
2002-03-13,41.06,41.29,39.75,40.28,3057700,40.595,0.18,223.7777777777778
2002-03-14,40.0,40.01,38.56,39.55,4487400,39.53,0.18,219.72222222222223
2002-03-15,39.75,40.78,39.5,40.55,3252300,40.145,0.18,225.27777777777777
2002-03-18,40.75,41.44,40.61,40.96,3022600,40.94,0.18,227.55555555555557
2002-03-19,40.65,41.86,40.65,41.4,2629200,41.14,0.18,230.0
2002-03-20,41.19,41.2,39.5,39.61,3381600,40.375,0.18,220.05555555555557
2002-03-21,38.8,39.62,38.33,39.5,4333898,39.0625,0.18,219.44444444444446
2002-03-22,39.27,39.6,38.37,39.26,1579800,39.125,0.18,218.11111111111111
2002-03-25,38.89,39.24,38.0,38.15,2009100,38.57,0.18,211.94444444444446
2002-03-26,38.05,38.82,38.0,38.38,2112100,38.3125,0.18,213.22222222222226
2002-03-27,38.21,38.5,38.0,38.32,1446400,38.2575,0.18,212.88888888888889
2002-03-28,38.41,40.07,38.34,39.7,2493700,39.13,0.18,220.55555555555557
2002-04-01,39.45,39.5,38.46,39.26,1929300,39.1675,0.18,218.11111111111111
2002-04-02,39.05,39.2,38.69,38.79,2261800,38.9325,0.18,215.5
2002-04-03,39.04,39.6,38.11,38.59,2031800,38.835,0.18,214.3888888888889
2002-04-04,38.7,38.98,37.87,38.6,1999100,38.5375,0.18,214.44444444444446
2002-04-05,38.74,39.3,38.51,38.94,1287200,38.8725,0.18,216.33333333333334
2002-04-08,38.49,39.55,38.49,39.55,1844300,39.02,0.18,219.72222222222223
2002-04-09,39.6,39.96,39.23,39.4,1775600,39.5475,0.18,218.88888888888889
2002-04-10,39.7,40.75,39.52,40.61,2416500,40.145,0.18,225.61111111111111
2002-04-11,40.47,40.77,39.96,39.96,1613700,40.29,0.18,222.0
2002-04-12,40.24,41.0,39.5,40.75,2300400,40.3725,0.18,226.38888888888889
2002-04-15,41.3,41.4,40.26,40.5,2363900,40.865,0.18,225.0
2002-04-16,40.85,41.36,40.56,41.36,1973700,41.0325,0.18,229.77777777777777
2002-04-17,41.23,41.3,39.73,40.21,2011200,40.6175,0.18,223.3888888888889
2002-04-18,40.15,40.54,39.03,40.0,1738800,39.93,0.18,222.22222222222223
2002-04-19,40.23,40.5,39.25,39.27,1918400,39.8125,0.18,218.16666666666669
2002-04-22,39.06,39.4,38.2,38.86,2754900,38.88,0.18,215.88888888888889
2002-04-23,39.0,39.14,38.28,38.46,1847800,38.72,0.18,213.66666666666669
2002-04-24,38.42,38.88,38.0,38.1,2344600,38.35,0.18,211.66666666666669
2002-04-25,38.1,38.25,37.13,38.1,3871700,37.895,0.18,211.66666666666669
2002-04-26,38.3,38.84,37.31,37.33,1848200,37.945,0.18,207.38888888888889
2002-04-29,37.61,37.69,35.64,36.19,3938100,36.7825,0.18,201.05555555555554
2002-04-30,36.24,38.58,36.15,37.33,4356102,37.075,0.18,207.38888888888889
2002-05-01,37.5,37.5,35.93,37.04,3080300,36.9925,0.18,205.77777777777777
2002-05-02,36.9,37.62,35.85,36.52,2558600,36.7225,0.18,202.8888888888889
2002-05-03,36.48,36.6,35.4,35.54,2565300,36.005,0.18,197.44444444444446
2002-05-06,35.66,36.35,34.45,34.45,2337600,35.2275,0.18,191.3888888888889
2002-05-07,35.12,35.62,34.5,34.95,3477900,35.0475,0.18,194.16666666666669
2002-05-08,35.44,36.27,35.0,36.25,3006200,35.74,0.18,201.38888888888889
2002-05-09,36.21,36.52,34.93,35.06,2381000,35.68,0.18,194.7777777777778
2002-05-10,35.61,35.72,33.9,33.93,3113400,34.79,0.18,188.5
2002-05-13,34.19,35.06,33.67,34.14,3251400,34.265,0.18,189.66666666666669
2002-05-14,34.96,35.73,34.91,35.56,3294700,35.29,0.18,197.55555555555557
2002-05-15,35.6,37.9,35.32,36.69,3404400,36.3775,0.18,203.83333333333331
2002-05-16,36.83,37.7,36.76,37.24,2548000,37.1325,0.18,206.8888888888889
2002-05-17,37.05,38.0,36.83,37.63,2313500,37.3775,0.18,209.05555555555557
2002-05-20,37.7,37.82,35.81,36.41,2160300,36.935,0.18,202.27777777777777
2002-05-21,36.42,36.58,35.3,36.05,2189400,36.0875,0.18,200.27777777777777
2002-05-22,35.71,36.19,35.02,35.79,1591100,35.6775,0.18,198.83333333333334
2002-05-23,35.9,36.28,35.05,36.1,1935600,35.8325,0.18,200.55555555555557
2002-05-24,36.0,36.19,35.2,35.54,1287200,35.7325,0.18,197.44444444444446
2002-05-28,35.73,35.79,34.76,35.36,2018500,35.41,0.18,196.44444444444446
2002-05-29,35.34,35.5,34.83,35.18,1360700,35.2125,0.18,195.44444444444446
2002-05-30,34.87,34.96,33.85,34.55,2733400,34.5575,0.18,191.94444444444443
2002-05-31,34.72,35.55,34.4,34.65,2142600,34.83,0.18,192.5
2002-06-03,34.65,34.94,33.77,33.89,2073300,34.3125,0.18,188.2777777777778
2002-06-04,33.67,34.85,33.55,34.47,3187800,34.135,0.18,191.5
2002-06-05,34.48,35.13,33.7,35.0,3104700,34.5775,0.18,194.44444444444446
2002-06-06,35.04,35.24,34.14,34.38,2166800,34.7,0.18,191.00000000000003
2002-06-07,34.41,35.17,34.13,34.51,2737700,34.555,0.18,191.72222222222223
2002-06-10,34.5,34.8,33.87,34.04,2346200,34.3025,0.18,189.11111111111111
2002-06-11,34.21,34.63,33.69,33.8,2263300,34.0825,0.18,187.77777777777777
2002-06-12,33.69,34.15,32.2,33.92,3888000,33.49,0.18,188.44444444444446
2002-06-13,33.75,33.76,32.7,32.97,2389100,33.295,0.18,183.16666666666666
2002-06-14,32.67,33.05,30.5,32.95,4025600,32.2925,0.18,183.05555555555557
2002-06-17,33.34,34.41,33.22,34.41,2809000,33.845,0.18,191.16666666666666
2002-06-18,34.24,34.32,33.6,33.73,2661400,33.9725,0.18,187.38888888888889
2002-06-19,33.85,34.24,33.1,33.15,2379600,33.585,0.18,184.16666666666666
2002-06-20,33.06,33.78,32.14,32.25,3113800,32.8075,0.18,179.16666666666669
2002-06-21,31.57,31.94,30.71,30.73,5115602,31.2375,0.18,170.72222222222223
2002-06-24,30.74,31.75,29.75,31.18,4498199,30.855,0.18,173.22222222222223
2002-06-25,29.77,30.5,28.93,29.17,10462199,29.5925,0.18,162.05555555555557
2002-06-26,28.39,30.55,28.05,30.28,5908301,29.3175,0.18,168.22222222222223
2002-06-27,30.8,31.0,28.86,30.55,4155000,30.3025,0.18,169.72222222222223
2002-06-28,30.71,31.6,30.51,31.29,3226000,31.0275,0.18,173.83333333333334
2002-07-01,31.3,31.7,29.61,29.73,2662900,30.585,0.18,165.16666666666669
2002-07-02,29.38,30.14,28.09,28.57,3432500,29.045,0.18,158.72222222222223
2002-07-03,28.7,29.7,28.56,29.58,3570400,29.135,0.18,164.33333333333334
2002-07-05,29.71,31.3,29.4,31.11,1326000,30.38,0.18,172.83333333333334
2002-07-08,30.99,31.63,28.94,29.46,3034300,30.255,0.18,163.66666666666669
2002-07-09,29.39,29.8,28.65,28.76,3156000,29.15,0.18,159.7777777777778
2002-07-10,28.91,29.3,27.59,27.63,2732700,28.3575,0.18,153.5
2002-07-11,27.05,28.63,26.66,28.14,4178699,27.62,0.18,156.33333333333334
2002-07-12,28.46,28.75,27.25,28.34,3160500,28.2,0.18,157.44444444444446
2002-07-15,28.02,29.32,26.82,29.31,4151700,28.3675,0.18,162.83333333333334
2002-07-16,28.5,29.25,27.47,27.91,3285900,28.2825,0.18,155.05555555555557
2002-07-17,28.48,29.17,27.38,28.22,2860700,28.3125,0.18,156.77777777777777
2002-07-18,27.27,27.28,22.2,24.5,12607301,25.3125,0.18,136.11111111111111
2002-07-19,23.6,24.3,23.03,23.28,4653801,23.5525,0.18,129.33333333333334
2002-07-22,22.79,23.5,22.04,22.23,5716551,22.64,0.18,123.5
2002-07-23,22.15,23.17,22.03,22.4,5577992,22.4375,0.18,124.44444444444444
2002-07-24,22.05,23.87,21.66,23.76,4500078,22.835,0.18,132.0
2002-07-25,23.67,23.84,22.36,23.08,3917336,23.2375,0.18,128.22222222222223
2002-07-26,23.01,24.07,22.66,23.82,3302966,23.39,0.18,132.33333333333334
2002-07-29,25.58,26.21,24.35,26.14,3551606,25.57,0.18,145.22222222222223
2002-07-30,25.81,26.4,24.95,26.01,2968889,25.7925,0.18,144.5
2002-07-31,25.99,26.33,25.22,26.31,3155130,25.9625,0.18,146.16666666666666
2002-08-01,26.24,27.09,24.78,25.43,3092185,25.885,0.18,141.27777777777777
2002-08-02,25.25,25.5,23.5,23.86,3709766,24.5275,0.18,132.55555555555557
2002-08-05,22.09,23.13,21.81,22.39,5314699,22.355,0.18,124.3888888888889
2002-08-06,22.11,23.39,22.11,22.92,3335885,22.6325,0.18,127.33333333333334
2002-08-07,23.34,23.64,21.85,22.61,3231367,22.86,0.18,125.61111111111111
2002-08-08,22.35,22.86,21.91,22.52,3548892,22.41,0.18,125.11111111111111
2002-08-09,22.37,22.49,21.2,21.73,4501512,21.9475,0.18,120.72222222222223
2002-08-12,21.47,21.69,20.39,20.55,4545441,21.025,0.18,114.16666666666667
2002-08-13,20.55,22.53,20.55,21.57,5549008,21.3,0.18,119.83333333333334
2002-08-14,21.74,23.5,21.18,23.33,6366738,22.4375,0.18,129.61111111111111
2002-08-15,23.44,23.58,22.64,22.98,6213273,23.16,0.18,127.66666666666667
2002-08-16,23.02,24.34,22.8,24.17,3863606,23.5825,0.18,134.2777777777778
2002-08-19,24.4,24.66,23.84,24.33,2719826,24.3075,0.18,135.16666666666666
2002-08-20,24.15,24.23,23.45,23.97,2866784,23.95,0.18,133.16666666666666
2002-08-21,24.24,25.0,23.89,24.7,2373612,24.4575,0.18,137.22222222222223
2002-08-22,24.65,25.49,24.32,25.26,2208961,24.93,0.18,140.33333333333334
2002-08-23,25.14,25.43,24.19,24.37,2474508,24.7825,0.18,135.38888888888889
2002-08-26,24.57,25.33,24.36,25.01,2345426,24.8175,0.18,138.94444444444446
2002-08-27,25.64,25.74,24.4,24.6,1935793,25.095,0.18,136.66666666666669
2002-08-28,24.17,24.9,23.3,23.79,2132953,24.04,0.18,132.16666666666666
2002-08-29,23.29,24.38,23.06,23.81,2521308,23.635,0.18,132.27777777777777
2002-08-30,23.86,24.16,23.4,23.4,2149864,23.705,0.18,130.0
2002-09-03,23.48,23.49,22.1,22.5,2685750,22.8925,0.18,125.0
2002-09-04,22.56,23.29,22.14,23.05,2568513,22.76,0.18,128.05555555555557
2002-09-05,22.61,22.66,21.82,22.1,4322395,22.2975,0.18,122.77777777777779
2002-09-06,22.6,23.87,22.48,23.32,3523300,23.0675,0.18,129.55555555555557
2002-09-09,23.21,23.95,22.86,23.56,2031411,23.395,0.18,130.88888888888889
2002-09-10,23.67,24.1,23.4,23.91,1990777,23.77,0.18,132.83333333333334
2002-09-11,24.32,24.99,24.22,24.31,2292937,24.46,0.18,135.05555555555554
2002-09-12,24.2,24.2,23.14,23.4,2128188,23.735,0.18,130.0
2002-09-13,22.8,23.66,22.59,23.41,1844577,23.115,0.18,130.05555555555557
2002-09-16,23.29,23.3,22.65,22.97,2981280,23.0525,0.18,127.61111111111111
2002-09-17,23.21,23.9,23.0,23.24,3098690,23.3375,0.18,129.11111111111111
2002-09-18,23.16,23.8,22.85,23.41,4366719,23.305,0.18,130.05555555555557
2002-09-19,23.01,25.1,22.95,24.77,7516039,23.9575,0.2,123.85
2002-09-20,25.23,25.3,23.72,24.11,6321105,24.59,0.2,120.55
2002-09-23,24.04,24.81,23.93,24.33,3657823,24.2775,0.2,121.64999999999999
2002-09-24,24.11,24.81,24.0,24.35,4580035,24.3175,0.2,121.75
2002-09-25,24.71,25.28,24.28,24.96,4204230,24.8075,0.2,124.8
2002-09-26,25.31,25.81,24.78,25.33,2476339,25.3075,0.2,126.64999999999999
2002-09-27,25.07,26.18,24.91,25.14,3214142,25.325,0.2,125.7
2002-09-30,24.88,24.88,23.8,24.27,4118164,24.4575,0.2,121.35
2002-10-01,24.32,25.21,23.85,25.14,4014541,24.63,0.2,125.7
2002-10-02,24.93,25.4,24.09,24.13,3184134,24.6375,0.2,120.64999999999999
2002-10-03,24.06,24.2,23.05,23.6,4676109,23.7275,0.2,118.0
2002-10-04,23.96,24.13,22.65,23.23,2787046,23.4925,0.2,116.14999999999999
2002-10-07,23.17,23.82,22.81,23.19,3132363,23.2475,0.2,115.95
2002-10-08,23.43,24.18,22.78,23.78,3114119,23.5425,0.2,118.9
2002-10-09,23.39,23.4,22.5,23.0,4260352,23.0725,0.2,115.0
2002-10-10,23.0,25.19,23.0,24.98,3939124,24.0425,0.2,124.89999999999999
2002-10-11,25.33,26.97,25.02,26.34,3739569,25.915,0.2,131.7
2002-10-14,25.91,27.22,25.85,27.16,2204110,26.535,0.2,135.79999999999998
2002-10-15,29.0,29.07,27.48,27.9,3870485,28.3625,0.2,139.49999999999997
2002-10-16,27.54,28.41,26.3,27.03,3309019,27.32,0.2,135.15
2002-10-17,28.11,29.3,27.64,28.25,3058390,28.325,0.2,141.25
2002-10-18,27.84,28.79,27.63,28.52,1823097,28.195,0.2,142.6
2002-10-21,28.51,29.56,27.67,29.46,2438085,28.8,0.2,147.29999999999998
2002-10-22,29.2,29.29,28.43,28.79,2135345,28.9275,0.2,143.95
2002-10-23,28.7,29.44,28.4,29.23,2351046,28.9425,0.2,146.15
2002-10-24,29.23,29.48,27.85,27.95,2787879,28.6275,0.2,139.75
2002-10-25,28.0,30.29,26.58,30.07,3311242,28.735,0.2,150.35
2002-10-28,30.15,30.15,28.48,28.76,2771449,29.385,0.2,143.8
2002-10-29,28.8,29.43,27.1,27.61,4931332,28.235,0.2,138.04999999999998
2002-10-30,27.73,29.12,27.65,28.18,3493580,28.17,0.2,140.89999999999998
2002-10-31,28.32,29.02,28.0,28.82,2693267,28.54,0.2,144.1
2002-11-01,28.5,29.25,27.85,28.99,2789410,28.6475,0.2,144.95
2002-11-04,29.39,29.94,28.33,28.62,3260617,29.07,0.2,143.1
2002-11-05,27.15,28.22,27.14,28.15,3298696,27.665,0.2,140.74999999999997
2002-11-06,28.5,28.5,27.2,27.75,3728794,27.9875,0.2,138.75
2002-11-07,26.44,27.25,26.39,26.72,3571808,26.7,0.2,133.6
2002-11-08,26.85,27.27,26.1,26.42,2507678,26.66,0.2,132.1
2002-11-11,26.4,26.64,25.5,25.6,2392827,26.035,0.2,128.0
2002-11-12,25.75,26.62,25.25,26.04,2573319,25.915,0.2,130.2
2002-11-13,25.95,26.62,25.21,26.29,3149883,26.0175,0.2,131.45
2002-11-14,26.76,28.04,26.74,27.79,3443153,27.3325,0.2,138.95
2002-11-15,27.48,28.06,27.28,27.96,2265238,27.695,0.2,139.79999999999998
2002-11-18,28.02,28.24,27.5,27.54,2461521,27.825,0.2,137.7
2002-11-19,27.19,28.01,26.95,27.27,2997859,27.355,0.2,136.35
2002-11-20,27.3,28.12,27.01,28.08,3265417,27.6275,0.2,140.39999999999998
2002-11-21,28.2,28.8,27.8,28.77,4026286,28.3925,0.2,143.85
2002-11-22,28.8,29.18,28.3,29.14,2798278,28.855,0.2,145.7
2002-11-25,29.24,29.25,28.39,28.74,2978679,28.905,0.2,143.7
2002-11-26,28.66,28.97,27.81,27.99,2758310,28.3575,0.2,139.95
2002-11-27,28.12,29.85,28.12,29.41,3476540,28.875,0.2,147.04999999999998
2002-11-29,29.63,29.73,29.08,29.2,1358656,29.41,0.2,146.0
2002-12-02,29.62,29.94,29.21,29.51,3579515,29.57,0.2,147.55
2002-12-03,29.5,29.55,28.31,28.7,2584713,29.015,0.2,143.5
2002-12-04,28.46,29.31,28.46,29.02,2829162,28.8125,0.2,145.1
2002-12-05,29.22,29.22,27.37,27.95,3636530,28.44,0.2,139.75
2002-12-06,27.34,28.39,27.04,28.2,2700673,27.7425,0.2,141.0
2002-12-09,28.02,28.06,27.1,27.22,1877699,27.6,0.2,136.1
2002-12-10,27.33,27.79,26.99,27.47,2588705,27.395,0.2,137.35
2002-12-11,27.27,27.6,26.91,27.5,1936234,27.32,0.2,137.5
2002-12-12,27.66,27.72,26.97,27.35,1342492,27.425,0.2,136.75
2002-12-13,27.07,27.19,26.28,26.42,2431986,26.74,0.2,132.1
2002-12-16,26.26,27.2,26.25,27.15,3382532,26.715,0.2,135.74999999999997
2002-12-17,26.9,27.18,26.61,26.91,2315033,26.9,0.2,134.54999999999998
2002-12-18,27.16,27.24,25.76,26.24,2511822,26.6,0.2,131.2
2002-12-19,26.53,27.05,25.81,26.55,3342987,26.485,0.2,132.75
2002-12-20,27.04,28.2,26.7,27.77,5091438,27.4275,0.2,138.85
2002-12-23,27.88,28.42,27.58,28.31,3233808,28.0475,0.2,141.54999999999998
2002-12-24,28.05,28.26,27.97,28.02,1554581,28.075,0.2,140.1
2002-12-26,28.07,28.9,27.86,27.94,1863891,28.1925,0.2,139.7
2002-12-27,27.83,27.95,27.32,27.36,1567647,27.615,0.2,136.79999999999998
2002-12-30,27.44,27.93,27.13,27.82,1666670,27.58,0.2,139.1
2002-12-31,27.8,28.07,27.38,27.9,1852401,27.7875,0.2,139.49999999999997
2003-01-02,28.03,29.01,27.69,28.92,2423921,28.4125,0.2,144.6
2003-01-03,28.72,29.13,28.5,29.03,1813566,28.845,0.2,145.15
2003-01-06,29.08,30.09,28.94,29.98,3409310,29.5225,0.2,149.9
2003-01-07,29.8,29.83,28.57,29.45,3197116,29.4125,0.2,147.25
2003-01-08,29.3,29.5,28.18,28.47,2864880,28.8625,0.2,142.35
2003-01-09,28.62,29.25,28.61,29.06,2483101,28.885,0.2,145.29999999999998
2003-01-10,28.69,29.29,28.21,28.87,2399112,28.765,0.2,144.35
2003-01-13,29.12,29.12,27.86,28.18,2784783,28.57,0.2,140.89999999999998
2003-01-14,28.02,28.49,27.89,28.16,2183465,28.14,0.2,140.79999999999998
2003-01-15,27.64,27.8,27.05,27.53,3254811,27.505,0.2,137.65
2003-01-16,27.52,27.76,27.2,27.55,2562138,27.5075,0.2,137.75
2003-01-17,27.21,27.43,26.25,26.34,2675937,26.8075,0.2,131.7
2003-01-21,26.54,27.07,25.78,25.78,2302973,26.2925,0.2,128.9
2003-01-22,25.87,25.91,25.11,25.3,2824903,25.5475,0.2,126.5
2003-01-23,25.59,25.82,25.13,25.54,2633769,25.52,0.2,127.69999999999999
2003-01-24,25.57,25.62,24.31,25.13,2987598,25.1575,0.2,125.64999999999999
2003-01-27,24.7,25.74,24.59,24.68,2435105,24.9275,0.2,123.39999999999999
2003-01-28,24.86,25.88,24.75,25.47,3269440,25.24,0.2,127.35
2003-01-29,25.29,25.86,24.29,25.79,3188723,25.3075,0.2,128.95
2003-01-30,25.84,25.84,24.5,24.76,3324117,25.235,0.2,123.8
2003-01-31,24.55,25.78,24.51,25.18,3308159,25.005,0.2,125.89999999999999
2003-02-03,25.31,25.95,25.17,25.69,2872322,25.53,0.2,128.45
2003-02-04,25.4,25.5,24.93,25.2,2707200,25.2575,0.2,125.99999999999999
2003-02-05,25.33,25.81,24.87,25.05,2769484,25.265,0.2,125.25
2003-02-06,24.91,25.46,24.43,24.89,2171723,24.9225,0.2,124.45
2003-02-07,25.23,25.75,25.05,25.33,3147244,25.34,0.2,126.64999999999999
2003-02-10,25.37,25.68,24.9,25.41,2712103,25.34,0.2,127.05
2003-02-11,25.57,25.7,24.77,25.01,2563749,25.2625,0.2,125.05
2003-02-12,24.99,25.42,24.56,24.69,2402422,24.915,0.2,123.45
2003-02-13,24.84,24.85,23.82,24.35,2865717,24.465,0.2,121.75
2003-02-14,24.48,25.35,24.34,25.34,2154748,24.8775,0.2,126.69999999999999
2003-02-18,25.42,25.9,25.28,25.79,2457860,25.5975,0.2,128.95
2003-02-19,25.66,25.97,25.32,25.66,2070662,25.6525,0.2,128.29999999999998
2003-02-20,25.68,25.98,25.14,25.17,1820019,25.4925,0.2,125.85000000000001
2003-02-21,25.39,26.11,25.09,25.85,2536292,25.61,0.2,129.25
2003-02-24,25.75,25.91,25.36,25.58,2511212,25.65,0.2,127.89999999999999
2003-02-25,25.22,25.4,24.5,25.33,2624031,25.1125,0.2,126.64999999999999
2003-02-26,25.2,25.26,24.71,24.91,2214067,25.02,0.2,124.55
2003-02-27,24.63,25.45,24.59,25.3,2152044,24.9925,0.2,126.5
2003-02-28,25.3,26.37,25.0,26.24,3821928,25.7275,0.2,131.2
2003-03-03,26.32,26.58,26.05,26.28,3382819,26.3075,0.2,131.4
2003-03-04,26.43,26.55,26.11,26.2,3041699,26.3225,0.2,131.0
2003-03-05,26.26,26.65,26.15,26.53,2412734,26.3975,0.2,132.65
2003-03-06,26.43,26.44,26.1,26.35,2245300,26.33,0.2,131.75
2003-03-07,26.05,26.44,25.63,26.31,3238100,26.1075,0.2,131.54999999999998
2003-03-10,26.16,26.24,24.81,25.0,2716903,25.5525,0.2,125.0
2003-03-11,25.25,25.25,24.2,24.67,4289527,24.8425,0.2,123.35000000000001
2003-03-12,24.48,25.17,24.4,25.03,2935802,24.77,0.2,125.15
2003-03-13,25.19,25.4,23.76,25.37,6610035,24.93,0.2,126.85
2003-03-14,25.2,25.65,24.8,25.12,4722387,25.1925,0.2,125.6
2003-03-17,25.4,26.45,24.89,26.44,4721715,25.795,0.2,132.2
2003-03-18,26.19,26.62,25.98,26.59,3096168,26.345,0.2,132.95
2003-03-19,26.68,27.26,26.52,27.0,2765679,26.865,0.2,135.0
2003-03-20,26.8,27.98,26.5,27.42,3134121,27.175,0.19,144.31578947368422
2003-03-21,28.21,30.45,27.75,29.42,7253813,28.9575,0.19,154.8421052631579
2003-03-24,28.4,28.88,28.0,28.16,3397975,28.36,0.19,148.21052631578948
2003-03-25,28.34,28.87,28.04,28.55,2307878,28.45,0.19,150.26315789473685
2003-03-26,28.45,28.89,28.35,28.47,2491597,28.54,0.19,149.8421052631579
2003-03-27,28.35,28.56,27.6,28.06,3381886,28.1425,0.19,147.68421052631578
2003-03-28,27.84,28.05,27.4,27.59,1585245,27.72,0.19,145.21052631578948
2003-03-31,27.3,27.7,26.74,27.47,3242190,27.3025,0.19,144.57894736842104
2003-04-01,27.51,28.26,27.01,27.97,3394458,27.6875,0.19,147.21052631578948
2003-04-02,28.19,29.35,28.15,28.85,4553664,28.635,0.19,151.8421052631579
2003-04-03,28.98,28.98,28.3,28.49,2102028,28.6875,0.19,149.94736842105263
2003-04-04,28.75,28.86,28.0,28.37,1583898,28.495,0.19,149.31578947368422
2003-04-07,29.21,29.69,28.5,28.58,2529163,28.995,0.19,150.42105263157893
2003-04-08,28.62,29.0,28.5,28.58,1812525,28.675,0.19,150.42105263157893
2003-04-09,28.58,29.08,27.91,27.97,2765356,28.385,0.19,147.21052631578948
2003-04-10,28.0,28.53,27.96,28.47,2076676,28.24,0.19,149.8421052631579
2003-04-11,28.57,29.08,27.91,28.4,2243087,28.49,0.19,149.4736842105263
2003-04-14,28.43,29.25,28.33,29.16,1970783,28.7925,0.19,153.4736842105263
2003-04-15,29.06,29.68,28.99,29.35,2305454,29.27,0.19,154.47368421052633
2003-04-16,29.73,29.75,28.8,28.94,2216789,29.305,0.19,152.31578947368422
2003-04-17,28.62,30.34,28.61,30.19,2801523,29.44,0.19,158.89473684210526
2003-04-21,29.71,30.05,29.26,29.66,1849319,29.67,0.19,156.10526315789474
2003-04-22,30.08,30.75,29.25,30.73,2578860,30.2025,0.19,161.73684210526315
2003-04-23,30.64,31.68,30.2,31.15,2930821,30.9175,0.19,163.94736842105263
2003-04-24,30.97,31.17,30.37,30.73,2322645,30.81,0.19,161.73684210526315
2003-04-25,30.62,30.65,29.15,29.46,3447121,29.97,0.19,155.05263157894737
2003-04-28,29.52,31.04,29.5,30.86,2595799,30.23,0.19,162.42105263157893
2003-04-29,31.02,31.13,30.3,30.92,2269970,30.8425,0.19,162.73684210526318
2003-04-30,30.71,31.22,30.52,31.15,3410672,30.9,0.19,163.94736842105263
2003-05-01,30.9,31.1,30.18,30.87,2215849,30.7625,0.19,162.47368421052633
2003-05-02,30.76,31.7,30.49,31.55,1854878,31.125,0.19,166.05263157894737
2003-05-05,31.63,31.94,31.24,31.45,2716936,31.565,0.19,165.52631578947367
2003-05-06,31.4,32.19,31.28,31.86,3361553,31.6825,0.19,167.68421052631578
2003-05-07,31.54,31.8,31.22,31.34,2119907,31.475,0.19,164.94736842105263
2003-05-08,31.15,31.18,30.77,30.82,3441110,30.98,0.19,162.21052631578948
2003-05-09,30.86,30.9,30.42,30.74,3047883,30.73,0.19,161.78947368421052
2003-05-12,30.76,30.94,30.43,30.8,2817158,30.7325,0.19,162.10526315789474
2003-05-13,30.65,30.94,30.46,30.74,2910266,30.6975,0.19,161.78947368421052
2003-05-14,30.59,30.94,30.08,30.15,2396222,30.44,0.19,158.68421052631578
2003-05-15,30.45,30.59,30.23,30.24,2884825,30.3775,0.19,159.15789473684208
2003-05-16,30.26,30.45,29.41,29.54,3370000,29.915,0.19,155.4736842105263
2003-05-19,29.5,29.75,28.67,28.68,3468969,29.15,0.19,150.94736842105263
2003-05-20,28.77,29.62,28.74,29.14,3037896,29.0675,0.19,153.3684210526316
2003-05-21,28.75,29.45,28.75,28.96,2872746,28.9775,0.19,152.42105263157896
2003-05-22,28.91,29.49,28.79,29.08,1865621,29.0675,0.19,153.05263157894737
2003-05-23,29.01,29.48,28.98,29.05,1712280,29.13,0.19,152.89473684210526
2003-05-27,29.01,30.1,29.0,29.72,3411151,29.4575,0.19,156.42105263157893
2003-05-28,29.71,30.53,29.6,30.06,2377487,29.975,0.19,158.21052631578945
2003-05-29,30.21,30.65,30.08,30.09,2956817,30.2575,0.19,158.3684210526316
2003-05-30,30.33,31.12,29.82,30.52,2503810,30.4475,0.19,160.6315789473684
2003-06-02,30.69,31.35,30.4,30.71,3087440,30.7875,0.19,161.6315789473684
2003-06-03,30.7,30.7,30.0,30.2,2471489,30.4,0.19,158.94736842105263
2003-06-04,30.2,30.67,29.77,30.37,4601176,30.2525,0.19,159.8421052631579
2003-06-05,30.11,30.22,29.35,29.9,3195058,29.895,0.19,157.36842105263156
2003-06-06,30.0,31.27,29.92,30.82,4056537,30.5025,0.19,162.21052631578948
2003-06-09,30.56,30.63,29.91,30.25,2485292,30.3375,0.19,159.21052631578948
2003-06-10,30.45,30.55,30.03,30.47,1356862,30.375,0.19,160.36842105263156
2003-06-11,30.49,30.51,29.5,30.09,2313286,30.1475,0.19,158.3684210526316
2003-06-12,30.25,30.94,29.76,30.24,2229481,30.2975,0.19,159.15789473684208
2003-06-13,30.41,30.6,29.25,29.46,1837607,29.93,0.19,155.05263157894737
2003-06-16,29.61,30.87,29.57,30.86,2416000,30.2275,0.19,162.42105263157893
2003-06-17,30.9,31.16,30.52,30.82,2371060,30.85,0.19,162.21052631578948
2003-06-18,30.66,31.33,30.42,31.26,2063671,30.9175,0.19,164.5263157894737
2003-06-19,31.06,31.06,30.1,30.45,2675045,30.6675,0.19,160.26315789473685
2003-06-20,31.0,31.26,30.08,30.15,3203524,30.6225,0.19,158.68421052631578
2003-06-23,30.06,30.3,29.46,29.67,2174148,29.8725,0.19,156.1578947368421
2003-06-24,29.84,30.69,29.8,30.43,3840904,30.19,0.19,160.1578947368421
2003-06-25,29.76,30.1,29.15,29.41,6191965,29.605,0.19,154.78947368421052
2003-06-26,29.66,30.23,29.1,30.15,4160406,29.785,0.19,158.68421052631578
2003-06-27,30.11,30.22,29.01,29.28,3452056,29.655,0.19,154.10526315789474
2003-06-30,29.47,29.55,29.15,29.39,2431578,29.39,0.19,154.68421052631578
2003-07-01,29.19,29.65,28.43,29.26,3766035,29.1325,0.19,154.0
2003-07-02,29.45,29.45,29.0,29.15,3010117,29.2625,0.19,153.42105263157893
2003-07-03,29.04,29.38,28.66,28.84,1704313,28.98,0.19,151.78947368421052
2003-07-07,28.99,29.75,28.75,29.52,3048008,29.2525,0.19,155.36842105263156
2003-07-08,29.49,30.15,29.44,29.96,2408385,29.76,0.19,157.68421052631578
2003-07-09,29.87,30.25,29.58,30.09,2160051,29.9475,0.19,158.3684210526316
2003-07-10,29.86,30.0,29.37,29.55,2095150,29.695,0.19,155.5263157894737
2003-07-11,29.62,30.72,29.6,30.23,2243968,30.0425,0.19,159.10526315789474
2003-07-14,30.26,30.9,29.96,29.98,2352090,30.275,0.19,157.78947368421052
2003-07-15,30.47,30.53,29.91,30.2,2115995,30.2775,0.19,158.94736842105263
2003-07-16,30.46,30.46,29.54,30.05,1835661,30.1275,0.19,158.1578947368421
2003-07-17,30.18,30.24,29.25,29.31,2262051,29.745,0.19,154.26315789473682
2003-07-18,29.49,29.65,29.0,29.46,1755343,29.4,0.19,155.05263157894737
2003-07-21,29.59,29.61,28.68,29.0,2255909,29.22,0.19,152.6315789473684
2003-07-22,29.44,29.99,28.91,29.7,2350507,29.51,0.19,156.3157894736842
2003-07-23,29.96,29.98,28.95,29.7,1859786,29.6475,0.19,156.3157894736842
2003-07-24,30.19,31.0,29.72,29.91,3752004,30.205,0.19,157.42105263157896
2003-07-25,30.17,30.88,29.85,30.74,2116301,30.41,0.19,161.78947368421052
2003-07-28,30.82,31.81,30.51,31.55,3498454,31.1725,0.19,166.05263157894737
2003-07-29,31.32,31.51,30.51,31.29,2812008,31.1575,0.19,164.68421052631578
2003-07-30,31.58,31.59,30.59,31.15,2235516,31.2275,0.19,163.94736842105263
2003-07-31,31.66,33.67,31.26,32.4,5944035,32.2475,0.19,170.52631578947367
2003-08-01,32.54,32.65,31.69,32.17,2970908,32.2625,0.19,169.31578947368422
2003-08-04,31.91,32.83,31.46,32.46,2641798,32.165,0.19,170.8421052631579
2003-08-05,32.45,32.7,31.52,31.74,2012156,32.1025,0.19,167.05263157894737
2003-08-06,31.52,32.8,31.02,31.94,3731689,31.82,0.19,168.10526315789474
2003-08-07,31.96,33.15,31.87,32.81,3958111,32.4475,0.19,172.6842105263158
2003-08-08,32.82,33.41,32.7,33.17,2441182,33.025,0.19,174.57894736842107
2003-08-11,33.18,34.11,32.9,34.0,3004915,33.5475,0.19,178.94736842105263
2003-08-12,34.09,34.17,33.3,34.08,2130534,33.91,0.19,179.36842105263156
2003-08-13,33.9,34.55,33.62,34.27,2461861,34.085,0.19,180.3684210526316
2003-08-14,34.21,35.16,34.21,34.97,2508122,34.6375,0.19,184.05263157894737
2003-08-15,34.98,35.77,34.43,35.41,1218817,35.1475,0.19,186.36842105263156
2003-08-18,35.55,35.94,35.25,35.79,1985259,35.6325,0.19,188.36842105263156
2003-08-19,35.9,36.0,35.16,35.88,2289026,35.735,0.19,188.84210526315792
2003-08-20,35.74,35.8,35.2,35.48,1803984,35.555,0.19,186.73684210526315
2003-08-21,35.9,36.55,35.41,36.53,3091574,36.0975,0.19,192.26315789473685
2003-08-22,36.9,37.07,35.48,35.79,2376745,36.31,0.19,188.36842105263156
2003-08-25,35.55,36.02,35.13,36.02,1895002,35.68,0.19,189.57894736842107
2003-08-26,35.82,35.98,34.76,35.67,2974891,35.5575,0.19,187.73684210526318
2003-08-27,35.5,35.77,35.25,35.52,1827463,35.51,0.19,186.94736842105266
2003-08-28,35.52,36.22,35.05,35.98,1772944,35.6925,0.19,189.36842105263156
2003-08-29,35.91,36.17,35.73,36.04,1459340,35.9625,0.19,189.68421052631578
2003-09-02,36.29,37.25,36.0,37.16,3708641,36.675,0.19,195.57894736842104
2003-09-03,37.33,37.5,36.48,36.69,2672794,37.0,0.19,193.1052631578947
2003-09-04,36.6,37.04,36.49,36.78,3197973,36.7275,0.19,193.57894736842107
2003-09-05,36.82,36.82,35.46,35.92,3597273,36.255,0.19,189.05263157894737
2003-09-08,35.36,36.18,35.3,35.86,2840843,35.675,0.19,188.73684210526315
2003-09-09,35.59,36.01,35.26,35.79,2368337,35.6625,0.19,188.36842105263156
2003-09-10,35.67,35.77,34.64,34.85,2029700,35.2325,0.19,183.42105263157896
2003-09-11,34.99,35.0,34.35,34.52,2599485,34.715,0.19,181.6842105263158
2003-09-12,34.51,35.04,34.02,34.86,1912867,34.6075,0.19,183.4736842105263
2003-09-15,34.79,34.95,34.2,34.44,2315300,34.595,0.19,181.26315789473682
2003-09-16,34.49,34.96,34.31,34.84,2339816,34.65,0.19,183.3684210526316
2003-09-17,34.92,35.15,34.25,34.3,2222600,34.655,0.19,180.52631578947367
2003-09-18,34.53,35.41,34.41,35.15,2526100,34.875,0.19,185.0
2003-09-19,35.45,35.51,34.5,34.99,2154401,35.1125,0.19,184.1578947368421
2003-09-22,34.68,34.99,34.21,34.41,1492682,34.5725,0.19,181.1052631578947
2003-09-23,34.66,34.81,33.9,34.59,2057872,34.49,0.21,164.71428571428575
2003-09-24,35.49,35.51,33.99,34.1,3726852,34.7725,0.21,162.38095238095238
2003-09-25,34.02,34.9,33.93,34.36,2417054,34.3025,0.21,163.61904761904762
2003-09-26,34.1,34.71,33.91,34.23,1842095,34.2375,0.21,163.0
2003-09-29,34.55,34.82,34.15,34.57,1790900,34.5225,0.21,164.61904761904762
2003-09-30,34.25,34.65,33.55,34.1,3540243,34.1375,0.21,162.38095238095238
2003-10-01,33.92,34.57,33.35,34.55,2723400,34.0975,0.21,164.52380952380952
2003-10-02,34.48,34.85,34.05,34.76,2311607,34.535,0.21,165.52380952380952
2003-10-03,35.53,36.2,35.26,35.73,3355200,35.68,0.21,170.14285714285714
2003-10-06,35.84,36.3,35.64,36.14,1474281,35.98,0.21,172.0952380952381
2003-10-07,35.98,36.97,35.86,36.92,2637200,36.4325,0.21,175.80952380952382
2003-10-08,36.92,36.94,36.16,36.39,1821004,36.6025,0.21,173.2857142857143
2003-10-09,36.89,37.0,36.34,36.66,2850600,36.7225,0.21,174.57142857142856
2003-10-10,36.77,37.18,36.72,37.15,2098200,36.955,0.21,176.9047619047619
2003-10-13,37.2,37.58,37.0,37.34,1375400,37.28,0.21,177.80952380952382
2003-10-14,37.25,37.92,37.13,37.85,1801100,37.5375,0.21,180.23809523809524
2003-10-15,37.98,38.0,37.57,37.8,2437892,37.8375,0.21,180.0
2003-10-16,37.24,37.42,36.76,37.3,3648778,37.18,0.21,177.61904761904762
2003-10-17,37.41,37.54,36.85,37.2,2962980,37.25,0.21,177.14285714285717
2003-10-20,37.01,37.5,37.0,37.38,1911015,37.2225,0.21,178.00000000000003
2003-10-21,37.33,37.55,37.08,37.34,1600009,37.325,0.21,177.80952380952382
2003-10-22,37.03,37.2,36.68,37.01,2276500,36.98,0.21,176.23809523809524
2003-10-23,37.18,37.73,36.95,37.47,2444882,37.3325,0.21,178.42857142857142
2003-10-24,37.19,37.66,36.7,37.57,2032840,37.28,0.21,178.90476190476193
2003-10-27,37.68,37.8,37.0,37.41,2018400,37.4725,0.21,178.14285714285714
2003-10-28,37.61,38.2,37.11,38.11,2455952,37.7575,0.21,181.47619047619048
2003-10-29,38.25,38.6,38.0,38.33,1625300,38.295,0.21,182.52380952380952
2003-10-30,38.77,38.78,37.98,38.16,1528552,38.4225,0.21,181.7142857142857
2003-10-31,38.72,39.19,38.5,38.92,2413900,38.8325,0.21,185.33333333333334
2003-11-03,38.82,39.58,38.8,39.12,1824101,39.08,0.21,186.28571428571428
2003-11-04,38.88,39.01,38.18,38.78,2371000,38.7125,0.21,184.66666666666669
2003-11-05,39.26,39.6,38.88,39.17,2900400,39.2275,0.21,186.52380952380955
2003-11-06,39.06,39.14,38.15,38.94,4154973,38.8225,0.21,185.42857142857142
2003-11-07,39.03,40.09,39.02,39.75,3651343,39.4725,0.21,189.2857142857143
2003-11-10,39.35,39.8,39.06,39.13,1401700,39.335,0.21,186.33333333333334
2003-11-11,39.14,39.66,38.9,39.32,1627500,39.255,0.21,187.23809523809524
2003-11-12,39.3,40.54,39.26,40.14,2427730,39.81,0.21,191.14285714285714
2003-11-13,39.71,40.14,39.51,40.1,1855235,39.865,0.21,190.95238095238096
2003-11-14,40.04,40.43,38.81,38.85,2817800,39.5325,0.21,185.0
2003-11-17,38.71,39.0,37.72,38.07,2879540,38.375,0.21,181.2857142857143
2003-11-18,38.14,38.62,37.41,37.56,2015268,37.9325,0.21,178.85714285714286
2003-11-19,37.37,37.99,37.26,37.51,2349900,37.5325,0.21,178.61904761904762
2003-11-20,37.18,38.08,36.93,37.44,2234300,37.4075,0.21,178.28571428571428
2003-11-21,37.31,37.91,37.0,37.48,1643348,37.425,0.21,178.47619047619048
2003-11-24,38.0,38.89,37.74,38.67,2748804,38.325,0.21,184.14285714285717
2003-11-25,38.54,38.64,37.61,38.4,2184422,38.2975,0.21,182.85714285714286
2003-11-26,38.41,38.7,37.7,38.46,1394600,38.3175,0.21,183.14285714285717
2003-11-28,38.65,38.7,38.18,38.44,459500,38.4925,0.21,183.04761904761904
2003-12-01,38.59,39.25,38.52,39.12,1841700,38.87,0.21,186.28571428571428
2003-12-02,38.95,39.58,38.58,39.26,1816390,39.0925,0.21,186.95238095238096
2003-12-03,39.4,40.0,39.05,39.15,2509797,39.4,0.21,186.42857142857142
2003-12-04,39.05,39.66,38.76,39.57,1712500,39.26,0.21,188.42857142857144
2003-12-05,39.15,39.47,38.0,38.34,2720000,38.74,0.21,182.57142857142858
2003-12-08,38.38,38.95,38.34,38.74,1959500,38.6025,0.21,184.47619047619048
2003-12-09,39.02,39.15,38.01,38.11,1793200,38.5725,0.21,181.47619047619048
2003-12-10,38.3,38.44,38.01,38.3,1786800,38.2625,0.21,182.38095238095238
2003-12-11,38.18,39.54,38.17,39.13,2072800,38.755,0.21,186.33333333333334
2003-12-12,38.94,39.25,38.07,38.61,2612506,38.7175,0.21,183.85714285714286
2003-12-15,38.86,39.3,37.25,37.77,2813351,38.295,0.21,179.8571428571429
2003-12-16,37.27,38.33,37.25,38.13,1829455,37.745,0.21,181.57142857142858
2003-12-17,38.3,38.3,37.68,38.15,1827300,38.1075,0.21,181.66666666666666
2003-12-18,38.23,38.98,37.92,38.98,1788376,38.5275,0.21,185.61904761904762
2003-12-19,37.84,37.91,35.72,36.52,12202004,36.9975,0.21,173.90476190476193
2003-12-22,36.67,37.35,36.2,37.15,3547949,36.8425,0.21,176.9047619047619
2003-12-23,37.2,37.25,36.75,36.94,2698600,37.035,0.21,175.9047619047619
2003-12-24,36.92,37.06,36.63,36.92,1382100,36.8825,0.21,175.80952380952382
2003-12-26,36.9,37.1,36.67,36.7,999100,36.8425,0.21,174.7619047619048
2003-12-29,36.95,37.1,36.62,37.0,1770482,36.9175,0.21,176.1904761904762
2003-12-30,37.1,37.19,36.54,36.86,2151100,36.9225,0.21,175.52380952380952
2003-12-31,37.16,37.38,36.8,37.2,1903400,37.135,0.21,177.14285714285717
2004-01-02,37.36,37.4,36.67,36.84,1413200,37.0675,0.21,175.42857142857144
2004-01-05,36.85,37.04,36.42,36.74,2566500,36.7625,0.21,174.95238095238096
2004-01-06,36.49,36.79,36.0,36.25,2928300,36.3825,0.21,172.61904761904762
2004-01-07,36.0,36.28,35.74,36.0,3828695,36.005,0.21,171.42857142857144
2004-01-08,35.67,36.36,35.67,36.16,2277500,35.965,0.21,172.19047619047618
2004-01-09,35.99,36.25,35.69,35.81,2448735,35.935,0.21,170.52380952380955
2004-01-12,35.79,35.79,35.39,35.58,2410452,35.6375,0.21,169.42857142857142
2004-01-13,35.49,35.62,34.75,35.25,2889200,35.2775,0.21,167.85714285714286
2004-01-14,35.2,35.34,34.84,35.14,1773310,35.13,0.21,167.33333333333334
2004-01-15,35.26,35.57,34.39,35.31,3493700,35.1325,0.21,168.14285714285717
2004-01-16,35.64,36.05,35.27,35.57,3966500,35.6325,0.21,169.38095238095238
2004-01-20,35.4,35.78,35.15,35.5,3721071,35.4575,0.21,169.04761904761907
2004-01-21,35.17,36.14,35.08,35.71,2259359,35.525,0.21,170.04761904761907
2004-01-22,36.0,36.3,35.66,36.02,2494117,35.995,0.21,171.52380952380955
2004-01-23,36.33,36.82,36.1,36.7,3470900,36.4875,0.21,174.7619047619048
2004-01-26,36.08,36.95,36.0,36.81,1929000,36.46,0.21,175.2857142857143
2004-01-27,36.71,36.98,36.07,36.55,2215200,36.5775,0.21,174.04761904761904
2004-01-28,36.74,37.05,36.52,36.84,2635862,36.7875,0.21,175.42857142857144
2004-01-29,36.93,37.48,36.61,37.32,3718400,37.085,0.21,177.71428571428572
2004-01-30,37.49,37.85,37.35,37.48,2754586,37.5425,0.21,178.47619047619048
2004-02-02,37.32,37.61,36.66,36.86,2244428,37.1125,0.21,175.52380952380952
2004-02-03,36.75,36.75,36.11,36.41,2049711,36.505,0.21,173.38095238095238
2004-02-04,36.36,36.72,36.0,36.21,1958018,36.3225,0.21,172.42857142857144
2004-02-05,36.45,36.5,35.52,35.81,2505072,36.07,0.21,170.52380952380955
2004-02-06,35.8,36.47,34.88,36.37,2953500,35.88,0.21,173.19047619047618
2004-02-09,36.55,36.61,36.1,36.41,1388800,36.4175,0.21,173.38095238095238
2004-02-10,36.57,36.66,36.0,36.29,1421818,36.38,0.21,172.80952380952382
2004-02-11,36.37,36.75,35.84,36.65,1280000,36.4025,0.21,174.52380952380952
2004-02-12,36.37,36.49,35.79,36.03,1694760,36.17,0.21,171.57142857142858
2004-02-13,35.76,36.04,34.84,34.88,3231780,35.38,0.21,166.0952380952381
2004-02-17,35.31,35.52,34.92,35.18,2043599,35.2325,0.21,167.52380952380952
2004-02-18,35.0,35.1,34.37,34.57,2901300,34.76,0.21,164.61904761904762
2004-02-19,34.87,35.02,34.17,34.3,2085023,34.59,0.21,163.33333333333331
2004-02-20,34.44,34.5,33.72,34.04,2500100,34.175,0.21,162.0952380952381
2004-02-23,33.75,34.56,33.32,33.5,2370500,33.7825,0.21,159.52380952380952
2004-02-24,33.6,34.29,33.46,33.7,2400000,33.7625,0.21,160.47619047619048
2004-02-25,33.93,33.93,32.7,32.91,3055106,33.3675,0.21,156.7142857142857
2004-02-26,32.82,33.0,31.74,31.9,4904137,32.365,0.21,151.9047619047619
2004-02-27,32.37,32.62,31.74,32.05,6567289,32.195,0.21,152.61904761904762
2004-03-01,32.14,32.39,31.88,32.29,3310018,32.175,0.21,153.76190476190476
2004-03-02,32.16,32.71,32.09,32.28,3537432,32.31,0.21,153.71428571428572
2004-03-03,32.74,33.46,32.51,33.31,4509801,33.005,0.21,158.61904761904765
2004-03-04,33.85,34.28,33.5,33.9,5241300,33.8825,0.21,161.42857142857142
2004-03-05,33.3,33.94,33.0,33.08,3463300,33.33,0.21,157.52380952380952
2004-03-08,33.05,33.5,32.57,32.63,1969000,32.9375,0.21,155.3809523809524
2004-03-09,33.01,33.75,32.7,33.44,3316100,33.225,0.21,159.23809523809524
2004-03-10,33.3,33.62,32.77,32.85,2459500,33.135,0.21,156.42857142857144
2004-03-11,33.4,33.69,32.78,32.96,3125554,33.2075,0.21,156.95238095238096
2004-03-12,33.25,33.29,32.8,33.21,2552693,33.1375,0.21,158.14285714285714
2004-03-15,32.76,33.21,32.35,32.51,2599689,32.7075,0.21,154.8095238095238
2004-03-16,32.83,33.33,32.67,32.87,1868794,32.925,0.21,156.52380952380952
2004-03-17,32.97,33.5,32.87,33.3,1957131,33.16,0.21,158.57142857142856
2004-03-18,32.71,33.2,32.67,32.8,1829176,32.845,0.21,156.19047619047618
2004-03-19,33.53,34.75,33.37,34.01,5214563,33.915,0.21,161.95238095238093
2004-03-22,33.82,34.1,33.08,33.84,2387812,33.71,0.21,161.14285714285717
2004-03-23,33.91,34.29,33.37,33.94,2996446,33.8775,0.21,161.61904761904762
2004-03-24,33.91,34.25,33.6,33.89,1765400,33.9125,0.21,161.38095238095238
2004-03-25,34.03,35.25,33.91,35.2,3142000,34.5975,0.21,167.61904761904765
2004-03-26,35.22,35.41,34.96,35.15,1915000,35.185,0.21,167.38095238095238
2004-03-29,35.41,35.76,35.05,35.71,1818200,35.4825,0.21,170.04761904761907
2004-03-30,35.57,35.95,35.53,35.95,1382300,35.75,0.21,171.1904761904762
2004-03-31,36.09,36.1,35.21,35.6,1929500,35.75,0.21,169.52380952380955
2004-04-01,35.79,36.34,35.55,36.22,1867500,35.975,0.21,172.47619047619048
2004-04-02,37.24,38.74,37.1,38.37,5453400,37.8625,0.21,182.71428571428572
2004-04-05,38.17,38.46,37.53,38.27,2739596,38.1075,0.21,182.23809523809527
2004-04-06,37.93,38.25,37.19,38.13,2502291,37.875,0.21,181.57142857142858
2004-04-07,37.6,38.12,37.58,37.93,1488000,37.8075,0.21,180.61904761904762
2004-04-08,37.94,38.25,37.53,37.72,1277700,37.86,0.21,179.61904761904762
2004-04-12,37.78,38.75,37.78,38.69,1674800,38.25,0.21,184.23809523809524
2004-04-13,38.75,39.12,37.91,38.15,2375500,38.4825,0.21,181.66666666666666
2004-04-14,37.99,38.68,37.83,38.5,1647600,38.25,0.21,183.33333333333334
2004-04-15,38.64,39.06,38.53,38.8,3003809,38.7575,0.21,184.76190476190476
2004-04-16,38.98,39.01,38.45,38.64,3079500,38.77,0.21,184.0
2004-04-19,38.8,39.04,38.52,38.97,1404000,38.8325,0.21,185.57142857142858
2004-04-20,38.87,38.97,37.91,37.99,1613268,38.435,0.21,180.90476190476193
2004-04-21,38.05,38.27,37.25,38.02,2108600,37.8975,0.21,181.04761904761907
2004-04-22,37.85,38.81,37.67,38.47,1767929,38.2,0.21,183.1904761904762
2004-04-23,38.25,38.27,37.75,37.85,1945015,38.03,0.21,180.23809523809524
2004-04-26,37.89,37.89,36.57,36.86,3084429,37.3025,0.21,175.52380952380952
2004-04-27,37.19,37.78,36.9,37.25,2273976,37.28,0.21,177.38095238095238
2004-04-28,37.41,37.6,36.64,37.11,1551244,37.19,0.21,176.71428571428572
2004-04-29,36.65,37.73,36.57,36.86,2109441,36.9525,0.21,175.52380952380952
2004-04-30,37.25,37.7,36.92,37.17,2135132,37.26,0.21,177.00000000000003
2004-05-03,37.23,37.86,36.93,37.54,1975504,37.39,0.21,178.76190476190476
2004-05-04,37.38,37.52,36.75,37.03,2402332,37.17,0.21,176.33333333333334
2004-05-05,36.95,37.15,36.65,36.96,1921868,36.9275,0.21,176.0
2004-05-06,36.82,37.3,36.8,37.05,2432904,36.9925,0.21,176.42857142857142
2004-05-07,37.22,38.73,37.22,37.6,5321700,37.6925,0.21,179.04761904761907
2004-05-10,37.4,38.32,37.17,37.83,3557543,37.68,0.21,180.14285714285714
2004-05-11,37.77,37.83,37.25,37.71,2089445,37.64,0.21,179.57142857142858
2004-05-12,37.22,37.58,36.5,37.39,2645279,37.1725,0.21,178.04761904761907
2004-05-13,37.43,37.87,37.04,37.67,1473215,37.5025,0.21,179.3809523809524
2004-05-14,37.7,38.1,37.0,37.43,1333058,37.5575,0.21,178.23809523809524
2004-05-17,37.5,37.59,36.1,36.42,2600731,36.9025,0.21,173.42857142857144
2004-05-18,36.9,37.13,36.54,36.8,1870060,36.8425,0.21,175.23809523809524
2004-05-19,37.02,37.02,36.48,36.67,2018900,36.7975,0.21,174.61904761904762
2004-05-20,36.57,36.71,35.89,36.16,2218001,36.3325,0.21,172.19047619047618
2004-05-21,36.28,36.47,36.0,36.38,1802117,36.2825,0.21,173.23809523809527
2004-05-24,36.5,36.58,35.98,36.19,1255956,36.3125,0.21,172.33333333333334
2004-05-25,36.06,37.37,36.05,37.13,2716633,36.6525,0.21,176.80952380952382
2004-05-26,37.02,37.52,36.75,37.39,1309159,37.17,0.21,178.04761904761907
2004-05-27,37.67,37.96,37.15,37.92,1656432,37.675,0.21,180.57142857142858
2004-05-28,37.86,37.96,37.51,37.51,1027349,37.71,0.21,178.61904761904762
2004-06-01,37.35,38.19,37.2,38.15,1857115,37.7225,0.21,181.66666666666666
2004-06-02,38.0,38.56,37.88,38.41,1578909,38.2125,0.21,182.9047619047619
2004-06-03,38.15,38.79,38.05,38.17,1543171,38.29,0.21,181.7619047619048
2004-06-04,38.42,38.42,37.71,37.92,1614069,38.1175,0.21,180.57142857142858
2004-06-07,37.73,38.59,37.73,38.54,1037634,38.1475,0.21,183.52380952380952
2004-06-08,38.68,38.88,38.25,38.84,1829700,38.6625,0.21,184.95238095238096
2004-06-09,38.56,38.76,38.18,38.28,1307600,38.445,0.21,182.2857142857143
2004-06-10,38.43,38.52,38.0,38.25,1199100,38.3,0.21,182.14285714285714
2004-06-14,38.04,38.07,37.35,37.51,1411600,37.7425,0.21,178.61904761904762
2004-06-15,37.76,38.19,37.66,37.97,1501900,37.895,0.21,180.80952380952382
2004-06-16,37.89,38.3,37.86,38.07,1101400,38.03,0.21,181.2857142857143
2004-06-17,38.15,38.15,37.29,37.38,1699300,37.7425,0.21,178.00000000000003
2004-06-18,37.15,38.4,37.02,37.71,2247441,37.57,0.21,179.57142857142858
2004-06-21,37.61,37.7,36.48,36.81,3184518,37.15,0.21,175.2857142857143
2004-06-22,36.87,37.07,36.51,36.99,2497250,36.86,0.21,176.14285714285717
2004-06-23,36.95,37.0,36.7,36.94,2038269,36.8975,0.21,175.9047619047619
2004-06-24,36.89,37.03,36.5,36.69,2714998,36.7775,0.21,174.71428571428572
2004-06-25,34.93,35.02,32.87,33.92,13711000,34.185,0.21,161.52380952380955
2004-06-28,33.67,34.08,32.61,33.01,5073059,33.3425,0.21,157.19047619047618
2004-06-29,32.9,34.23,32.9,33.8,6093600,33.4575,0.21,160.95238095238093
2004-06-30,33.94,34.1,33.54,33.88,2329991,33.865,0.21,161.33333333333334
2004-07-01,33.85,33.94,33.25,33.41,1995201,33.6125,0.21,159.09523809523807
2004-07-02,33.44,33.93,33.17,33.34,1685700,33.47,0.21,158.7619047619048
2004-07-06,33.36,33.5,32.58,32.75,2158200,33.0475,0.21,155.95238095238096
2004-07-07,32.91,33.04,31.96,32.08,3159080,32.4975,0.21,152.76190476190476
2004-07-08,32.1,32.3,31.75,31.79,2052600,31.985,0.21,151.38095238095238
2004-07-09,31.81,32.0,31.43,32.0,2504300,31.81,0.21,152.38095238095238
2004-07-12,31.72,32.12,31.29,31.88,2060962,31.7525,0.21,151.80952380952382
2004-07-13,31.9,32.14,31.46,31.46,2008700,31.74,0.21,149.80952380952382
2004-07-14,31.33,31.71,30.77,30.91,1890700,31.18,0.21,147.1904761904762
2004-07-15,31.78,31.91,30.66,30.67,4129000,31.255,0.21,146.04761904761907
2004-07-16,30.91,31.0,30.15,30.2,3133800,30.565,0.21,143.80952380952382
2004-07-19,30.34,30.84,30.25,30.29,2207200,30.43,0.21,144.23809523809524
2004-07-20,30.45,30.7,30.18,30.43,3112600,30.44,0.16,190.1875
2004-07-21,30.36,30.6,29.81,29.81,2766561,30.145,0.16,186.3125
2004-07-22,29.8,30.18,29.06,29.97,3847986,29.7525,0.16,187.3125
2004-07-23,29.99,30.37,29.79,30.13,2090684,30.07,0.16,188.3125
2004-07-26,30.13,30.59,29.99,30.47,2924884,30.295,0.16,190.4375
2004-07-27,30.51,30.84,29.9,30.05,3236218,30.325,0.16,187.8125
2004-07-28,29.9,30.09,29.33,29.79,2588300,29.7775,0.16,186.1875
2004-07-29,29.97,30.0,29.46,29.98,2588900,29.8525,0.16,187.375
2004-07-30,30.04,30.87,29.83,30.71,2848200,30.3625,0.16,191.9375
2004-08-02,30.7,31.21,30.5,31.07,2087286,30.87,0.16,194.1875
2004-08-03,30.55,31.22,30.55,31.0,2315000,30.83,0.16,193.75
2004-08-04,30.96,31.19,30.77,31.11,2054100,31.0075,0.16,194.4375
2004-08-05,31.23,31.23,30.2,30.26,2147800,30.73,0.16,189.125
2004-08-06,29.5,29.74,29.06,29.22,4291700,29.38,0.16,182.625
2004-08-09,29.22,29.51,28.83,29.04,1452602,29.15,0.16,181.5
2004-08-10,29.41,30.06,29.11,29.89,1936545,29.6175,0.16,186.8125
2004-08-11,29.84,30.3,29.5,30.18,1795800,29.955,0.16,188.625
2004-08-12,29.86,30.11,29.65,29.93,1678200,29.8875,0.16,187.0625
2004-08-13,30.0,30.06,29.33,29.81,1657900,29.8,0.16,186.3125
2004-08-16,29.97,30.5,29.62,29.97,1714400,30.015,0.16,187.3125
2004-08-17,29.84,30.2,29.7,30.15,1669200,29.9725,0.16,188.4375
2004-08-18,30.2,30.33,29.8,30.27,1648100,30.15,0.16,189.1875
2004-08-19,30.16,30.3,29.72,30.02,1702400,30.05,0.16,187.625
2004-08-20,29.97,30.16,29.83,29.96,2198900,29.98,0.16,187.25
2004-08-23,30.04,30.11,29.75,30.05,1457300,29.9875,0.16,187.8125
2004-08-24,30.06,30.15,29.64,29.8,1763339,29.9125,0.16,186.25
2004-08-25,29.89,30.09,29.64,30.07,2583700,29.9225,0.16,187.9375
2004-08-26,29.97,30.23,29.87,30.07,1057700,30.035,0.16,187.9375
2004-08-27,30.06,30.27,29.98,30.0,1146100,30.0775,0.16,187.5
2004-08-30,29.91,30.1,29.67,29.76,1005800,29.86,0.16,186.0
2004-08-31,29.91,29.95,29.25,29.67,1708861,29.695,0.16,185.4375
2004-09-01,29.63,29.92,29.25,29.73,1607800,29.6325,0.16,185.8125
2004-09-02,29.82,30.65,29.61,30.52,1526800,30.15,0.16,190.75
2004-09-03,30.69,31.41,30.49,30.9,1975400,30.8725,0.16,193.125
2004-09-07,31.0,31.47,30.97,31.14,1718200,31.145,0.16,194.625
2004-09-08,31.25,31.56,30.93,31.24,1851242,31.245,0.16,195.25
2004-09-09,31.48,31.6,31.01,31.31,1076400,31.35,0.16,195.6875
2004-09-10,31.37,31.67,31.06,31.45,1271150,31.3875,0.16,196.5625
2004-09-13,31.55,32.31,31.25,31.89,1929492,31.75,0.16,199.3125
2004-09-14,31.83,31.89,31.43,31.55,2302131,31.675,0.16,197.1875
2004-09-15,31.41,31.56,30.78,30.93,2101796,31.17,0.16,193.3125
2004-09-16,31.08,31.3,30.89,30.96,1053000,31.0575,0.16,193.5
2004-09-17,31.15,31.75,31.15,31.41,1903726,31.365,0.16,196.3125
2004-09-20,31.35,31.46,31.13,31.22,1262100,31.29,0.16,195.125
2004-09-21,31.09,31.84,31.09,31.72,2364745,31.435,0.23,137.91304347826085
2004-09-22,31.45,31.68,30.43,30.63,3655300,31.0475,0.23,133.17391304347825
2004-09-23,30.54,30.74,30.1,30.12,2445500,30.375,0.23,130.95652173913044
2004-09-24,30.13,30.61,29.97,30.07,1862995,30.195,0.23,130.7391304347826
2004-09-27,30.1,30.1,29.59,29.76,2139847,29.8875,0.23,129.3913043478261
2004-09-28,29.89,29.95,29.36,29.68,2225467,29.72,0.23,129.04347826086956
2004-09-29,29.55,29.99,29.5,29.8,1415400,29.71,0.23,129.56521739130434
2004-09-30,29.7,30.45,29.52,30.15,3067280,29.955,0.23,131.08695652173913
2004-10-01,30.08,30.87,29.91,30.68,2596334,30.385,0.23,133.3913043478261
2004-10-04,30.61,31.13,30.03,30.7,2831995,30.6175,0.23,133.47826086956522
2004-10-05,30.76,31.21,30.75,31.1,1959659,30.955,0.23,135.2173913043478
2004-10-06,31.15,31.72,30.94,31.72,2119500,31.3825,0.23,137.91304347826085
2004-10-07,31.32,31.64,31.05,31.16,1784862,31.2925,0.23,135.47826086956522
2004-10-08,30.99,30.99,30.05,30.1,2018118,30.5325,0.23,130.8695652173913
2004-10-11,30.23,30.74,30.1,30.61,1221500,30.42,0.23,133.08695652173913
2004-10-12,30.73,30.79,30.31,30.61,1524100,30.61,0.23,133.08695652173913
2004-10-13,30.66,30.81,30.24,30.36,1499900,30.5175,0.23,132.0
2004-10-14,30.32,30.66,30.01,30.05,977872,30.26,0.23,130.65217391304347
2004-10-15,30.27,31.05,30.09,30.54,1599000,30.4875,0.23,132.78260869565216
2004-10-18,30.79,30.92,30.25,30.78,1826518,30.685,0.23,133.82608695652175
2004-10-19,30.77,31.6,30.71,31.04,2529896,31.03,0.23,134.95652173913044
2004-10-20,31.01,31.25,30.68,30.95,1642012,30.9725,0.23,134.56521739130434
2004-10-21,31.13,31.14,30.63,31.11,1824443,31.0025,0.23,135.26086956521738
2004-10-22,31.24,31.32,30.64,30.68,1332656,30.97,0.23,133.3913043478261
2004-10-25,30.71,31.96,30.66,31.79,3138642,31.28,0.23,138.2173913043478
2004-10-26,31.77,32.22,31.55,32.2,2235269,31.935,0.23,140.0
2004-10-27,32.27,32.76,31.85,32.66,2379298,32.385,0.23,141.99999999999997
2004-10-28,33.01,33.18,32.25,33.0,2599200,32.86,0.23,143.47826086956522
2004-10-29,32.66,33.22,32.52,32.79,1985491,32.7975,0.23,142.56521739130434
2004-11-01,31.92,32.67,31.8,32.45,3387421,32.21,0.23,141.08695652173913
2004-11-02,32.27,33.15,32.26,32.83,1844180,32.6275,0.23,142.7391304347826
2004-11-03,32.99,32.99,32.4,32.77,2814237,32.7875,0.23,142.47826086956522
2004-11-04,32.93,33.5,32.76,33.31,1995700,33.125,0.23,144.82608695652175
2004-11-05,34.24,34.45,33.28,33.72,2440779,33.9225,0.23,146.6086956521739
2004-11-08,33.8,33.8,33.23,33.53,1563600,33.59,0.23,145.7826086956522
2004-11-09,33.7,33.7,33.32,33.36,1076485,33.52,0.23,145.04347826086956
2004-11-10,33.63,33.68,33.2,33.33,1274347,33.46,0.23,144.91304347826085
2004-11-11,33.55,33.75,33.35,33.68,1101700,33.5825,0.23,146.43478260869566
2004-11-12,33.64,33.75,33.35,33.75,1061900,33.6225,0.23,146.7391304347826
2004-11-15,33.62,33.8,33.09,33.42,1825400,33.4825,0.23,145.30434782608697
2004-11-16,33.35,33.44,33.07,33.14,1226087,33.25,0.23,144.08695652173913
2004-11-17,33.1,33.55,33.08,33.34,1170660,33.2675,0.23,144.95652173913044
2004-11-18,33.25,33.36,33.06,33.26,1179668,33.2325,0.23,144.6086956521739
2004-11-19,33.2,33.5,32.79,32.98,1555690,33.1175,0.23,143.39130434782606
2004-11-22,33.13,33.7,32.98,33.53,1507790,33.335,0.23,145.7826086956522
2004-11-23,33.78,33.78,32.82,33.18,2355100,33.39,0.23,144.26086956521738
2004-11-24,33.1,33.5,33.04,33.43,1030200,33.2675,0.23,145.3478260869565
2004-11-26,33.38,33.65,33.27,33.46,751600,33.44,0.23,145.47826086956522
2004-11-29,33.41,33.63,33.15,33.44,1363757,33.4075,0.23,145.39130434782606
2004-11-30,33.25,33.43,33.16,33.16,1310398,33.25,0.23,144.17391304347825
2004-12-01,33.3,33.95,33.2,33.9,1896946,33.5875,0.23,147.39130434782606
2004-12-02,33.77,33.91,33.43,33.78,975225,33.7225,0.23,146.8695652173913
2004-12-03,33.65,33.65,33.25,33.31,1554837,33.465,0.23,144.82608695652175
2004-12-06,33.3,33.35,33.08,33.09,1135241,33.205,0.23,143.8695652173913
2004-12-07,33.15,33.38,32.67,32.79,1472954,32.9975,0.23,142.56521739130434
2004-12-08,32.93,33.18,32.78,33.01,1033706,32.975,0.23,143.52173913043478
2004-12-09,32.95,33.42,32.55,33.37,1474700,33.0725,0.23,145.08695652173913
2004-12-10,33.08,33.18,32.74,32.87,1334500,32.9675,0.23,142.91304347826085
2004-12-13,32.91,32.97,32.21,32.59,1798569,32.67,0.23,141.69565217391306
2004-12-14,32.51,33.48,32.51,33.27,2202638,32.9425,0.23,144.6521739130435
2004-12-15,33.32,33.47,33.0,33.22,1459380,33.2525,0.23,144.43478260869563
2004-12-16,33.2,33.23,32.9,33.12,1117800,33.1125,0.23,143.99999999999997
2004-12-17,33.24,33.97,33.02,33.12,2097981,33.3375,0.23,143.99999999999997
2004-12-20,33.15,33.49,32.88,33.39,1572495,33.2275,0.23,145.17391304347825
2004-12-21,33.47,33.82,33.27,33.8,1494549,33.59,0.23,146.9565217391304
2004-12-22,34.26,34.52,33.82,34.4,2658273,34.25,0.23,149.56521739130434
2004-12-23,34.47,34.57,34.22,34.27,1178924,34.3825,0.23,149.0
2004-12-27,34.26,34.37,33.52,33.84,1684980,33.9975,0.23,147.13043478260872
2004-12-28,33.94,34.34,33.78,34.15,1539068,34.0525,0.23,148.47826086956522
2004-12-29,33.97,34.21,33.8,33.98,948978,33.99,0.23,147.7391304347826
2004-12-30,33.98,34.05,33.6,33.72,1024800,33.8375,0.23,146.6086956521739
2004-12-31,33.67,34.32,33.58,34.08,1463100,33.9125,0.23,148.17391304347825
2005-01-03,34.08,34.16,33.15,33.4,2408176,33.6975,0.23,145.2173913043478
2005-01-04,33.7,33.78,32.7,32.73,1641506,33.2275,0.23,142.30434782608694
2005-01-05,32.87,33.0,32.5,32.5,1232560,32.7175,0.23,141.30434782608694
2005-01-06,32.69,32.69,32.18,32.22,1805600,32.445,0.23,140.08695652173913
2005-01-07,32.49,32.55,31.96,32.11,1736137,32.2775,0.23,139.6086956521739
2005-01-10,31.97,32.23,31.77,31.86,1945332,31.9575,0.23,138.52173913043478
2005-01-11,31.85,31.95,31.49,31.88,1667642,31.7925,0.23,138.6086956521739
2005-01-12,32.0,32.04,31.21,31.58,1788799,31.7075,0.23,137.30434782608694
2005-01-13,31.41,31.44,30.78,30.89,1849300,31.13,0.23,134.30434782608694
2005-01-14,30.95,31.18,30.84,31.14,1953810,31.0275,0.23,135.3913043478261
2005-01-18,30.98,31.59,30.85,31.47,2679841,31.2225,0.23,136.82608695652172
2005-01-19,31.59,31.73,31.18,31.3,2211002,31.45,0.23,136.08695652173913
2005-01-20,31.55,31.69,30.89,30.99,2114030,31.28,0.23,134.7391304347826
2005-01-21,31.09,31.39,30.37,30.51,3378000,30.84,0.23,132.65217391304347
2005-01-24,30.7,31.05,30.55,30.75,2711452,30.7625,0.23,133.69565217391303
2005-01-25,30.9,31.09,30.7,30.78,1640100,30.8675,0.23,133.82608695652175
2005-01-26,30.78,30.98,30.35,30.45,2181652,30.64,0.23,132.39130434782606
2005-01-27,30.51,30.57,30.08,30.49,1747700,30.4125,0.23,132.56521739130434
2005-01-28,30.45,30.5,29.69,30.13,1865600,30.1925,0.23,131.0
2005-01-31,30.41,30.6,30.24,30.49,1778564,30.435,0.23,132.56521739130434
2005-02-01,30.6,30.61,30.15,30.22,2147183,30.395,0.23,131.39130434782606
2005-02-02,30.19,30.28,29.86,30.03,1641386,30.09,0.23,130.56521739130434
2005-02-03,30.33,30.5,29.74,30.26,2964143,30.2075,0.23,131.56521739130434
2005-02-04,30.3,30.41,29.89,29.94,2323076,30.135,0.23,130.17391304347825
2005-02-07,30.58,31.08,30.38,30.81,3611282,30.7125,0.23,133.95652173913044
2005-02-08,31.04,31.31,30.85,31.29,2317623,31.1225,0.23,136.04347826086956
2005-02-09,31.27,31.39,30.67,30.76,1635017,31.0225,0.23,133.73913043478262
2005-02-10,31.1,31.1,30.7,30.95,1329362,30.9625,0.23,134.56521739130434
2005-02-11,31.04,31.57,30.78,31.34,1474490,31.1825,0.23,136.26086956521738
2005-02-14,31.56,31.56,31.01,31.14,923516,31.3175,0.23,135.3913043478261
2005-02-15,31.25,31.77,31.03,31.31,2490319,31.34,0.23,136.1304347826087
2005-02-16,31.44,31.54,31.1,31.28,1760389,31.34,0.23,136.0
2005-02-17,31.28,31.4,30.9,30.96,1754944,31.135,0.23,134.6086956521739
2005-02-18,31.03,31.2,30.79,30.96,1131200,30.995,0.23,134.6086956521739
2005-02-22,30.9,31.22,30.76,30.76,1758480,30.91,0.23,133.73913043478262
2005-02-23,30.88,31.01,30.57,30.67,1553323,30.7825,0.23,133.34782608695653
2005-02-24,30.75,31.43,30.66,31.24,1476100,31.02,0.23,135.82608695652172
2005-02-25,31.27,31.64,31.05,31.53,1319143,31.3725,0.23,137.08695652173913
2005-02-28,31.63,31.97,31.45,31.93,2152299,31.745,0.23,138.82608695652172
2005-03-01,31.91,32.09,31.79,31.99,2012250,31.945,0.23,139.08695652173913
2005-03-02,32.0,32.4,31.75,32.12,1378787,32.0675,0.23,139.65217391304347
2005-03-03,32.24,32.4,31.98,32.13,1918900,32.1875,0.23,139.69565217391306
2005-03-04,32.58,32.8,32.3,32.36,2087700,32.51,0.23,140.69565217391303
2005-03-07,32.48,33.14,32.4,32.77,2236488,32.6975,0.23,142.47826086956522
2005-03-08,32.68,32.84,32.48,32.5,1176400,32.625,0.23,141.30434782608694
2005-03-09,32.41,32.66,32.17,32.21,1220100,32.3625,0.23,140.04347826086956
2005-03-10,32.21,32.38,31.84,32.37,1178200,32.2,0.23,140.7391304347826
2005-03-11,32.35,32.52,31.86,31.96,1087132,32.1725,0.23,138.95652173913044
2005-03-14,32.05,32.54,31.88,32.51,1747100,32.245,0.23,141.3478260869565
2005-03-15,32.64,32.68,31.83,31.87,1502683,32.255,0.23,138.56521739130434
2005-03-16,31.81,31.91,31.41,31.59,1996799,31.68,0.23,137.3478260869565
2005-03-17,31.48,31.83,31.39,31.54,1533374,31.56,0.23,137.1304347826087
2005-03-18,31.55,31.63,31.05,31.16,3916216,31.3475,0.23,135.47826086956522
2005-03-21,31.19,31.5,31.08,31.1,2011982,31.2175,0.25,124.4
2005-03-22,31.88,33.24,31.6,33.01,6553727,32.4325,0.25,132.04
2005-03-23,33.0,34.69,33.0,34.05,5344555,33.685,0.25,136.2
2005-03-24,34.07,34.07,33.2,33.25,3486924,33.6475,0.25,133.0
2005-03-28,33.15,33.28,32.67,32.79,3156300,32.9725,0.25,131.16
2005-03-29,32.81,33.07,32.46,32.64,2337350,32.745,0.25,130.56
2005-03-30,32.85,33.17,32.66,33.0,2180586,32.92,0.25,132.0
2005-03-31,33.14,33.15,32.62,32.82,1609127,32.9325,0.25,131.28
2005-04-01,33.0,33.07,32.22,32.23,1724598,32.63,0.25,128.92
2005-04-04,32.24,32.58,32.18,32.3,1508773,32.325,0.25,129.2
2005-04-05,32.48,32.48,32.12,32.28,1185658,32.34,0.25,129.12
2005-04-06,32.44,32.64,31.95,32.06,1230199,32.2725,0.25,128.24
2005-04-07,32.28,32.5,32.12,32.5,1002295,32.35,0.25,130.0
2005-04-08,32.55,32.59,32.01,32.01,906900,32.29,0.25,128.04
2005-04-11,32.05,32.3,32.01,32.12,838306,32.12,0.25,128.48
2005-04-12,32.23,32.44,31.79,32.37,1523068,32.2075,0.25,129.48
2005-04-13,32.5,32.87,32.0,32.16,1477788,32.3825,0.25,128.64
2005-04-14,32.13,32.97,31.98,32.06,2037800,32.285,0.25,128.24
2005-04-15,31.9,32.73,31.8,31.91,2885000,32.085,0.25,127.64
2005-04-18,31.87,32.17,31.19,31.44,2078700,31.6675,0.25,125.76
2005-04-19,31.5,31.5,30.48,31.27,2779643,31.1875,0.25,125.08
2005-04-20,31.24,31.44,30.53,30.6,2557962,30.9525,0.25,122.4
2005-04-21,30.98,31.53,30.93,31.41,1689369,31.2125,0.25,125.64
2005-04-22,31.55,31.59,30.61,30.75,1449212,31.125,0.25,123.0
2005-04-25,30.99,31.15,30.59,30.94,1664000,30.9175,0.25,123.76
2005-04-26,30.82,30.97,30.43,30.48,1457134,30.675,0.25,121.92
2005-04-27,30.5,30.98,30.25,30.97,1790290,30.675,0.25,123.88
2005-04-28,30.68,31.01,30.3,30.42,1640847,30.6025,0.25,121.68
2005-04-29,30.41,30.74,30.34,30.6,1771837,30.5225,0.25,122.4
2005-05-02,30.5,30.84,30.41,30.48,1173537,30.5575,0.25,121.92
2005-05-03,30.48,30.6,30.04,30.12,2251600,30.31,0.25,120.48
2005-05-04,30.44,30.71,30.14,30.67,1513421,30.49,0.25,122.68
2005-05-05,30.5,30.7,30.17,30.3,1449600,30.4175,0.25,121.2
2005-05-06,30.6,31.53,30.56,30.85,2379600,30.885,0.25,123.4
2005-05-09,30.95,31.11,30.56,30.88,1514700,30.875,0.25,123.52
2005-05-10,30.6,30.6,30.2,30.28,1435718,30.42,0.25,121.12
2005-05-11,30.43,30.56,29.89,30.5,1581000,30.345,0.25,122.0
2005-05-12,30.58,30.7,29.97,30.17,1061948,30.355,0.25,120.68
2005-05-13,30.25,30.31,29.87,30.01,1883502,30.11,0.25,120.04
2005-05-16,30.08,30.12,29.84,30.03,1166011,30.0175,0.25,120.12
2005-05-17,30.03,30.11,29.73,30.03,1948088,29.975,0.25,120.12
2005-05-18,30.1,30.1,29.62,29.71,3666666,29.8825,0.25,118.84
2005-05-19,29.92,30.06,29.68,29.7,2174898,29.84,0.25,118.8
2005-05-20,29.92,29.92,29.14,29.53,3024807,29.6275,0.25,118.12
2005-05-23,29.5,29.74,29.15,29.55,3163320,29.485,0.25,118.2
2005-05-24,29.64,29.72,29.35,29.55,2387200,29.565,0.25,118.2
2005-05-25,29.55,29.57,29.11,29.24,1612913,29.3675,0.25,116.96
2005-05-26,29.31,29.53,29.21,29.29,2542000,29.335,0.25,117.16
2005-05-27,29.3,29.74,29.22,29.58,1737400,29.46,0.25,118.32
2005-05-31,29.5,29.56,28.8,28.88,3619031,29.185,0.25,115.52
2005-06-01,28.87,29.3,28.84,29.14,2560613,29.0375,0.25,116.56
2005-06-02,29.0,29.68,28.84,29.61,2883468,29.2825,0.25,118.44
2005-06-03,29.74,29.86,29.43,29.8,2461624,29.7075,0.25,119.2
2005-06-06,29.8,30.24,29.75,30.05,2094988,29.96,0.25,120.2
2005-06-07,30.13,30.41,30.02,30.2,2877572,30.19,0.25,120.8
2005-06-08,30.21,30.45,29.8,30.05,2449500,30.1275,0.25,120.2
2005-06-09,29.94,30.56,29.85,30.48,1907400,30.2075,0.25,121.92
2005-06-10,30.37,30.51,30.01,30.12,1126100,30.2525,0.25,120.48
2005-06-13,30.18,30.51,30.11,30.31,1970753,30.2775,0.25,121.24
2005-06-14,30.23,30.37,30.12,30.37,1495265,30.2725,0.25,121.48
2005-06-15,30.6,30.9,30.23,30.43,2059600,30.54,0.25,121.72
2005-06-16,30.43,30.57,30.2,30.32,1462400,30.38,0.25,121.28
2005-06-17,30.53,30.87,30.1,30.63,3660130,30.5325,0.25,122.52
2005-06-20,30.36,30.86,30.34,30.76,1328362,30.58,0.25,123.04
2005-06-21,30.7,30.79,30.1,30.2,2339789,30.4475,0.25,120.8
2005-06-22,30.52,30.61,30.08,30.17,1903576,30.345,0.25,120.68
2005-06-23,30.25,30.34,29.6,29.79,2244417,29.995,0.25,119.16
2005-06-24,29.8,29.93,29.6,29.77,2766132,29.775,0.25,119.08
2005-06-27,29.67,30.05,29.65,30.02,2991561,29.8475,0.25,120.08
2005-06-28,31.46,33.72,31.41,33.01,13246379,32.4,0.25,132.04
2005-06-29,32.76,33.08,32.52,32.85,4085646,32.8025,0.25,131.4
2005-06-30,32.77,32.96,32.49,32.52,2764631,32.685,0.25,130.08
2005-07-01,32.72,32.96,32.5,32.73,2213370,32.7275,0.25,130.92
2005-07-05,33.3,33.31,32.59,33.03,1995626,33.0575,0.25,132.12
2005-07-06,32.95,33.6,32.9,33.26,3360706,33.1775,0.25,133.04
2005-07-07,32.99,33.83,32.9,33.68,2833217,33.35,0.25,134.72
2005-07-08,33.5,34.25,33.39,34.09,3658658,33.8075,0.25,136.36
2005-07-11,34.3,34.5,33.81,34.46,3075760,34.2675,0.25,137.84
2005-07-12,34.41,34.77,34.38,34.6,2574837,34.54,0.25,138.4
2005-07-13,34.58,34.7,34.45,34.63,1548746,34.59,0.25,138.52
2005-07-14,34.21,35.0,34.19,34.75,3025281,34.5375,0.25,139.0
2005-07-15,34.85,35.02,34.72,34.76,1978100,34.8375,0.25,139.04
2005-07-18,34.76,34.89,34.56,34.66,1756689,34.7175,0.25,138.64
2005-07-19,34.6,34.95,34.56,34.87,1238515,34.745,0.25,139.48
2005-07-20,34.77,35.23,34.77,35.12,1801341,34.9725,0.25,140.48
2005-07-21,35.17,35.22,34.84,35.0,1868702,35.0575,0.25,140.0
2005-07-22,35.0,35.11,34.57,34.89,2054609,34.8925,0.27,129.22222222222223
2005-07-25,34.85,35.01,34.34,34.66,1852421,34.715,0.27,128.37037037037035
2005-07-26,34.61,34.92,34.34,34.84,1610044,34.6775,0.27,129.03703703703704
2005-07-27,34.78,34.89,34.52,34.85,1398801,34.76,0.27,129.07407407407408
2005-07-28,34.91,35.2,34.61,35.08,1585354,34.95,0.27,129.92592592592592
2005-07-29,35.17,35.37,34.83,34.91,2040792,35.07,0.27,129.29629629629628
2005-08-01,34.78,35.09,34.74,34.86,1555255,34.8675,0.27,129.11111111111111
2005-08-02,34.78,35.12,34.64,35.04,1288575,34.895,0.27,129.77777777777777
2005-08-03,34.81,35.27,34.41,35.25,3229135,34.935,0.27,130.55555555555554
2005-08-04,35.02,35.23,34.65,34.81,1676244,34.9275,0.27,128.92592592592592
2005-08-05,34.79,34.93,34.52,34.65,1064777,34.7225,0.27,128.33333333333331
2005-08-08,34.72,34.86,34.47,34.64,1282760,34.6725,0.27,128.29629629629628
2005-08-09,34.8,34.82,34.43,34.6,1096328,34.6625,0.27,128.14814814814815
2005-08-10,34.72,35.12,34.14,34.31,2161146,34.5725,0.27,127.07407407407408
2005-08-11,34.42,34.7,34.35,34.59,1399309,34.515,0.27,128.11111111111111
2005-08-12,34.56,34.85,34.53,34.77,1478856,34.6775,0.27,128.77777777777777
2005-08-15,34.6,34.95,34.5,34.86,904500,34.7275,0.27,129.11111111111111
2005-08-16,34.83,34.91,34.57,34.63,1376362,34.735,0.27,128.25925925925927
2005-08-17,34.59,34.81,34.28,34.58,1122400,34.565,0.27,128.07407407407405
2005-08-18,34.4,34.62,34.14,34.4,891800,34.39,0.27,127.40740740740739
2005-08-19,34.19,34.54,34.04,34.41,1442300,34.295,0.27,127.44444444444443
2005-08-22,34.41,34.64,33.99,34.2,1435175,34.31,0.27,126.66666666666667
2005-08-23,34.14,34.34,33.98,34.11,1220000,34.1425,0.27,126.33333333333333
2005-08-24,34.15,34.7,33.98,34.06,1687092,34.2225,0.27,126.14814814814815
2005-08-25,34.07,34.18,33.71,34.05,1732337,34.0025,0.27,126.11111111111109
2005-08-26,33.99,34.0,33.49,33.54,1783000,33.755,0.27,124.22222222222221
2005-08-29,33.53,34.11,33.45,33.98,1724104,33.7675,0.27,125.85185185185183
2005-08-30,33.88,34.1,33.49,34.1,1904100,33.8925,0.27,126.29629629629629
2005-08-31,34.08,34.18,33.65,34.13,1664898,34.01,0.27,126.4074074074074
2005-09-01,33.99,34.21,33.65,33.71,2235510,33.89,0.27,124.85185185185185
2005-09-02,33.86,33.9,33.49,33.53,1528200,33.695,0.27,124.18518518518518
2005-09-06,33.51,34.21,33.51,34.11,1544466,33.835,0.27,126.33333333333333
2005-09-07,34.06,34.1,33.68,33.84,1128197,33.92,0.27,125.33333333333334
2005-09-08,33.65,34.01,33.6,33.89,1249880,33.7875,0.27,125.51851851851852
2005-09-09,34.07,34.29,33.78,34.21,1365300,34.0875,0.27,126.7037037037037
2005-09-12,34.17,34.41,34.0,34.23,801563,34.2025,0.27,126.77777777777776
2005-09-13,34.07,34.16,33.78,33.96,1309874,33.9925,0.27,125.77777777777777
2005-09-14,33.86,33.99,33.46,33.64,1347602,33.7375,0.27,124.59259259259258
2005-09-15,33.69,33.77,33.37,33.62,1126000,33.6125,0.27,124.5185185185185
2005-09-16,33.47,33.8,33.25,33.6,3768196,33.53,0.27,124.44444444444444
2005-09-19,33.43,33.78,32.8,33.27,1730135,33.32,0.27,123.22222222222223
2005-09-20,33.27,33.68,32.91,33.05,1864839,33.2275,0.27,122.40740740740739
2005-09-21,32.92,33.09,32.37,32.84,2571083,32.805,0.27,121.62962962962963
2005-09-22,32.73,33.0,32.45,32.8,1167970,32.745,0.27,121.48148148148147
2005-09-23,32.76,33.15,32.53,32.98,1408000,32.855,0.27,122.14814814814812
2005-09-26,33.95,34.83,33.77,34.09,3786767,34.16,0.27,126.25925925925927
2005-09-27,34.3,34.62,34.0,34.09,3510646,34.2525,0.3,113.63333333333335
2005-09-28,36.71,37.93,36.71,37.25,10083900,37.15,0.3,124.16666666666667
2005-09-29,37.31,37.37,36.36,36.95,4784977,36.9975,0.3,123.16666666666669
2005-09-30,36.94,37.09,36.66,37.09,2922395,36.945,0.3,123.63333333333335
2005-10-03,37.02,37.44,36.91,36.98,2684300,37.0875,0.3,123.26666666666667
2005-10-04,37.17,37.71,37.03,37.4,3023240,37.3275,0.3,124.66666666666667
2005-10-05,37.25,38.04,37.24,37.46,2971672,37.4975,0.3,124.86666666666667
2005-10-06,37.4,38.2,37.28,37.72,4736863,37.65,0.3,125.73333333333333
2005-10-07,37.88,38.17,37.5,37.64,1584951,37.7975,0.3,125.46666666666667
2005-10-10,37.58,37.79,37.33,37.61,1899845,37.5775,0.3,125.36666666666667
2005-10-11,37.59,37.75,36.9,37.46,1965612,37.425,0.3,124.86666666666667
2005-10-12,37.41,37.94,36.92,37.12,1665292,37.3475,0.3,123.73333333333333
2005-10-13,36.94,37.39,36.62,36.92,1646531,36.9675,0.3,123.06666666666668
2005-10-14,36.71,36.83,36.26,36.53,2012102,36.5825,0.3,121.76666666666668
2005-10-17,36.49,36.7,35.97,36.39,1444900,36.3875,0.3,121.30000000000001
2005-10-18,36.18,36.71,36.18,36.42,1561956,36.3725,0.3,121.4
2005-10-19,36.45,37.46,36.2,37.35,2958498,36.865,0.3,124.50000000000001
2005-10-20,37.67,37.91,37.16,37.46,3772254,37.55,0.3,124.86666666666667
2005-10-21,37.85,37.88,37.37,37.58,2392179,37.67,0.3,125.26666666666667
2005-10-24,37.78,38.27,37.58,38.01,2138004,37.91,0.3,126.7
2005-10-25,37.92,38.06,37.54,38.06,1418458,37.895,0.3,126.86666666666667
2005-10-26,37.96,38.76,37.95,38.58,3271033,38.3125,0.3,128.6
2005-10-27,38.41,38.61,37.76,38.0,2315417,38.195,0.3,126.66666666666667
2005-10-28,38.51,39.0,38.36,38.45,2439900,38.58,0.3,128.16666666666669
2005-10-31,38.45,39.01,38.45,38.76,2792990,38.6675,0.3,129.2
2005-11-01,38.84,39.43,38.7,39.43,3457692,39.1,0.3,131.43333333333334
2005-11-02,39.49,40.0,39.28,39.74,2051111,39.6275,0.3,132.46666666666667
2005-11-03,39.98,40.68,39.91,40.27,2827900,40.21,0.3,134.23333333333335
2005-11-04,40.23,40.51,39.82,40.28,1628131,40.21,0.3,134.26666666666668
2005-11-07,40.27,40.75,40.27,40.44,1457486,40.4325,0.3,134.8
2005-11-08,40.57,40.59,39.81,39.97,1297544,40.235,0.3,133.23333333333335
2005-11-09,40.15,40.17,39.34,39.84,1858521,39.875,0.3,132.8
2005-11-10,39.94,41.07,39.83,40.96,2961941,40.45,0.3,136.53333333333333
2005-11-11,40.32,40.78,40.1,40.72,1662600,40.48,0.3,135.73333333333335
2005-11-14,40.75,41.02,40.59,40.75,1396300,40.7775,0.3,135.83333333333334
2005-11-15,40.83,41.25,40.79,40.93,1537265,40.95,0.3,136.43333333333334
2005-11-16,40.87,41.43,40.86,41.35,1779229,41.1275,0.3,137.83333333333334
2005-11-17,41.5,42.75,41.35,42.47,3043800,42.0175,0.3,141.56666666666666
2005-11-18,43.02,43.05,42.22,42.6,3278862,42.7225,0.3,142.0
2005-11-21,42.61,43.0,42.35,42.83,2205400,42.6975,0.3,142.76666666666668
2005-11-22,42.7,42.91,42.38,42.78,1784683,42.6925,0.3,142.60000000000002
2005-11-23,42.67,43.37,42.5,43.18,1491200,42.93,0.3,143.93333333333334
2005-11-25,43.02,43.31,42.95,43.27,413400,43.1375,0.3,144.23333333333335
2005-11-28,42.09,42.6,41.7,42.0,3698000,42.0975,0.3,140.0
2005-11-29,42.0,42.62,41.84,42.5,2541600,42.24,0.3,141.66666666666669
2005-11-30,42.11,42.7,42.11,42.41,2049500,42.3325,0.3,141.36666666666667
2005-12-01,42.73,43.2,42.19,43.14,1804100,42.815,0.3,143.8
2005-12-02,42.86,42.96,42.58,42.85,1595100,42.8125,0.3,142.83333333333334
2005-12-05,42.97,42.97,41.91,42.23,2033496,42.52,0.3,140.76666666666665
2005-12-06,42.25,42.45,42.1,42.18,1818800,42.245,0.3,140.6
2005-12-07,41.72,41.96,41.56,41.88,2073800,41.78,0.3,139.60000000000002
2005-12-08,42.16,42.16,41.03,41.35,2292400,41.675,0.3,137.83333333333334
2005-12-09,41.31,41.53,40.67,41.17,2548464,41.17,0.3,137.23333333333335
2005-12-12,41.38,41.53,41.21,41.44,1315600,41.39,0.3,138.13333333333333
2005-12-13,41.55,42.13,41.47,42.06,1671500,41.8025,0.3,140.20000000000002
2005-12-14,42.09,42.49,41.99,42.22,2001900,42.1975,0.3,140.73333333333335
2005-12-15,42.15,42.4,41.35,41.59,2286770,41.8725,0.3,138.63333333333335
2005-12-16,41.51,41.88,40.95,40.97,4616300,41.3275,0.3,136.56666666666666
2005-12-19,40.65,41.24,40.48,40.96,2463560,40.8325,0.3,136.53333333333333
2005-12-20,40.99,41.76,40.71,41.18,2450600,41.16,0.3,137.26666666666668
2005-12-21,41.55,42.1,41.28,41.88,3058300,41.7025,0.3,139.60000000000002
2005-12-22,40.45,40.69,39.26,40.06,9727152,40.115,0.3,133.53333333333336
2005-12-23,40.2,40.52,40.1,40.13,1969300,40.2375,0.3,133.76666666666668
2005-12-27,40.47,40.51,39.72,39.86,1489851,40.14,0.3,132.86666666666667
2005-12-28,39.9,39.9,39.13,39.33,2159167,39.565,0.3,131.1
2005-12-29,39.2,39.41,38.69,38.81,1920100,39.0275,0.3,129.36666666666667
2005-12-30,38.84,38.84,38.12,38.12,2784600,38.48,0.3,127.06666666666666
2006-01-03,38.5,38.94,37.49,38.63,3711900,38.39,0.3,128.76666666666668
2006-01-04,38.46,39.0,38.33,38.96,2655937,38.6875,0.3,129.86666666666667
2006-01-05,38.95,38.99,38.54,38.83,2497898,38.8275,0.3,129.43333333333334
2006-01-06,38.87,39.0,37.95,38.46,3078399,38.57,0.3,128.20000000000002
2006-01-09,38.27,38.32,37.35,38.02,4954996,37.99,0.3,126.73333333333335
2006-01-10,37.98,37.99,36.93,37.29,3495000,37.5475,0.3,124.3
2006-01-11,37.14,37.65,36.94,37.51,2097712,37.31,0.3,125.03333333333333
2006-01-12,37.48,37.49,36.72,36.8,2960600,37.1225,0.3,122.66666666666666
2006-01-13,36.8,37.2,36.25,36.95,2818055,36.8,0.3,123.16666666666669
2006-01-17,37.22,37.64,36.98,37.46,2231750,37.325,0.3,124.86666666666667
2006-01-18,37.47,37.91,37.42,37.79,2192849,37.6475,0.3,125.96666666666667
2006-01-19,37.75,38.32,37.59,38.11,2252325,37.9425,0.3,127.03333333333333
2006-01-20,37.83,38.17,37.28,37.4,2423927,37.67,0.3,124.66666666666667
2006-01-23,37.22,37.45,36.97,36.99,1659619,37.1575,0.3,123.30000000000001
2006-01-24,37.01,37.94,36.85,37.57,1673565,37.3425,0.3,125.23333333333333
2006-01-25,37.45,37.8,36.72,36.78,2326600,37.1875,0.3,122.60000000000001
2006-01-26,36.9,36.93,36.37,36.41,2083494,36.6525,0.3,121.36666666666666
2006-01-27,36.42,37.68,36.39,37.04,2507900,36.8825,0.3,123.46666666666667
2006-01-30,37.15,37.5,36.78,37.01,2812500,37.11,0.3,123.36666666666666
2006-01-31,36.99,37.0,36.0,36.35,3525100,36.585,0.3,121.16666666666667
2006-02-01,35.98,37.07,35.52,37.01,2661124,36.395,0.3,123.36666666666666
2006-02-02,37.26,37.65,36.88,37.49,2809200,37.32,0.3,124.96666666666668
2006-02-03,36.99,37.08,36.25,36.45,2254653,36.6925,0.3,121.50000000000001
2006-02-06,36.16,36.51,36.01,36.39,1068800,36.2675,0.3,121.30000000000001
2006-02-07,36.39,37.0,36.3,36.9,1678327,36.6475,0.3,123.0
2006-02-08,36.98,37.99,36.89,37.75,2278430,37.4025,0.3,125.83333333333334
2006-02-09,37.64,37.93,37.27,37.48,1640300,37.58,0.3,124.93333333333332
2006-02-10,37.59,37.79,37.25,37.43,1322100,37.515,0.3,124.76666666666667
2006-02-13,37.55,37.94,37.0,37.21,990392,37.425,0.3,124.03333333333335
2006-02-14,37.07,37.67,36.9,37.45,1544995,37.2725,0.3,124.83333333333334
2006-02-15,37.36,37.81,37.03,37.74,1890300,37.485,0.3,125.80000000000001
2006-02-16,37.63,38.24,37.57,38.22,1600949,37.915,0.3,127.4
2006-02-17,38.14,38.28,37.77,37.89,1761700,38.02,0.3,126.30000000000001
2006-02-21,37.91,38.02,37.02,37.18,1833500,37.5325,0.3,123.93333333333334
2006-02-22,37.13,37.83,37.05,37.7,1856744,37.4275,0.3,125.66666666666669
2006-02-23,37.52,38.04,37.52,37.63,1483427,37.6775,0.3,125.43333333333335
2006-02-24,37.57,37.75,37.18,37.68,1682339,37.545,0.3,125.60000000000001
2006-02-27,37.76,39.96,37.51,39.71,4339094,38.735,0.3,132.36666666666667
2006-02-28,39.5,40.18,39.35,40.05,4353223,39.77,0.3,133.5
2006-03-01,39.97,40.23,39.75,40.19,2575546,40.035,0.3,133.96666666666667
2006-03-02,39.9,40.49,39.85,40.17,1892492,40.1025,0.3,133.9
2006-03-03,39.81,41.06,39.5,40.29,2982705,40.165,0.3,134.3
2006-03-06,40.23,40.49,39.45,39.76,1633231,39.9825,0.3,132.53333333333333
2006-03-07,39.54,39.8,39.07,39.12,1795303,39.3825,0.3,130.4
2006-03-08,38.97,39.75,38.97,39.58,1418304,39.3175,0.3,131.93333333333334
2006-03-09,39.61,40.08,39.31,39.31,1442896,39.5775,0.3,131.03333333333336
2006-03-10,39.33,39.7,39.1,39.59,1681742,39.43,0.3,131.9666666666667
2006-03-13,39.66,39.9,39.05,39.14,1797100,39.4375,0.3,130.46666666666667
2006-03-14,39.19,40.44,39.1,40.36,2277100,39.7725,0.3,134.53333333333333
2006-03-15,40.32,40.48,39.8,40.33,1427243,40.2325,0.3,134.43333333333334
2006-03-16,40.43,40.44,39.83,40.1,1699464,40.2,0.3,133.66666666666669
2006-03-17,40.31,40.49,39.89,40.34,3730500,40.2575,0.3,134.4666666666667
2006-03-20,40.28,41.5,40.21,41.07,2205201,40.765,0.3,136.9
2006-03-21,40.87,41.5,40.79,40.96,2256100,41.03,0.3,136.53333333333333
2006-03-22,40.86,41.13,40.42,40.5,1727512,40.7275,0.3,135.0
2006-03-23,40.45,40.55,40.07,40.4,1214100,40.3675,0.3,134.66666666666666
2006-03-24,40.36,40.56,39.88,40.12,1968181,40.23,0.3,133.73333333333332
2006-03-27,39.99,40.5,39.82,40.27,1506416,40.145,0.3,134.23333333333335
2006-03-28,40.42,40.85,40.0,40.16,2862513,40.3575,0.3,133.86666666666667
2006-03-29,39.6,41.26,39.34,40.78,5164000,40.245,0.3,135.93333333333334
2006-03-30,40.71,41.76,40.71,41.17,2065963,41.0875,0.3,137.23333333333335
2006-03-31,41.09,41.72,40.89,41.66,2395022,41.34,0.3,138.86666666666667
2006-04-03,42.0,42.37,41.65,41.77,2582900,41.9475,0.3,139.23333333333335
2006-04-04,41.84,42.14,41.35,41.68,2312559,41.7525,0.3,138.93333333333334
2006-04-05,41.5,41.77,41.18,41.74,1808716,41.5475,0.3,139.13333333333335
2006-04-06,41.5,41.61,41.03,41.34,1560600,41.37,0.3,137.8
2006-04-07,41.37,41.79,40.67,40.82,1825700,41.1625,0.3,136.06666666666666
2006-04-10,40.88,40.89,40.52,40.72,983443,40.7525,0.3,135.73333333333335
2006-04-11,40.96,40.97,40.34,40.6,1617483,40.7175,0.3,135.33333333333334
2006-04-12,40.57,40.71,40.15,40.51,1063656,40.485,0.3,135.03333333333333
2006-04-13,40.62,41.18,40.15,40.82,1441516,40.6925,0.3,136.06666666666666
2006-04-17,40.96,40.96,40.05,40.47,1516233,40.61,0.3,134.9
2006-04-18,40.35,41.87,40.35,41.65,2584403,41.055,0.3,138.83333333333334
2006-04-19,41.58,41.85,41.02,41.45,1972159,41.475,0.3,138.16666666666669
2006-04-20,41.45,41.75,41.18,41.51,1700298,41.4725,0.3,138.36666666666667
2006-04-21,41.48,41.69,40.16,40.5,2165600,40.9575,0.3,135.0
2006-04-24,40.33,40.62,40.26,40.38,1570742,40.3975,0.3,134.60000000000002
2006-04-25,40.39,40.5,39.5,40.19,3268500,40.145,0.3,133.96666666666667
2006-04-26,40.14,40.35,39.66,39.99,1643700,40.035,0.3,133.3
2006-04-27,39.76,41.33,39.36,40.91,2159869,40.34,0.3,136.36666666666667
2006-04-28,40.84,41.21,40.35,40.39,1335704,40.6975,0.3,134.63333333333335
2006-05-01,40.76,40.77,39.87,40.04,1287400,40.36,0.3,133.46666666666667
2006-05-02,40.26,40.42,39.75,40.26,1361352,40.1725,0.3,134.2
2006-05-03,40.12,40.39,39.4,39.63,1271014,39.885,0.3,132.10000000000002
2006-05-04,39.74,40.06,39.4,39.84,1864875,39.76,0.3,132.8
2006-05-05,39.92,40.52,39.68,40.44,1763757,40.14,0.3,134.8
2006-05-08,40.33,40.4,39.9,40.08,1697027,40.1775,0.3,133.6
2006-05-09,39.94,40.55,39.94,40.55,1406688,40.245,0.3,135.16666666666666
2006-05-10,40.39,40.76,40.22,40.46,1886734,40.4575,0.3,134.86666666666667
2006-05-11,40.27,40.53,40.09,40.22,1135835,40.2775,0.3,134.06666666666666
2006-05-12,40.1,40.42,39.78,39.95,1201320,40.0625,0.3,133.16666666666669
2006-05-15,40.05,40.05,39.25,39.61,1584710,39.74,0.3,132.03333333333333
2006-05-16,39.52,39.59,38.94,39.36,1645631,39.3525,0.3,131.20000000000002
2006-05-17,39.0,39.36,38.51,38.68,2015435,38.8875,0.3,128.93333333333334
2006-05-18,38.6,38.95,38.28,38.45,2277596,38.57,0.3,128.16666666666669
2006-05-19,38.42,38.81,38.19,38.55,2734536,38.4925,0.3,128.5
2006-05-22,38.16,39.01,38.04,38.72,2195500,38.4825,0.3,129.06666666666666
2006-05-23,38.78,38.94,37.84,37.92,2111633,38.37,0.3,126.4
2006-05-24,37.7,38.49,37.14,38.33,2177978,37.915,0.3,127.76666666666667
2006-05-25,38.23,38.36,37.4,38.19,2007394,38.045,0.3,127.3
2006-05-26,38.34,38.39,37.51,38.13,1620746,38.0925,0.3,127.10000000000001
2006-05-30,37.26,37.48,36.65,36.78,3159190,37.0425,0.3,122.60000000000001
2006-05-31,36.59,37.09,36.11,36.71,3371100,36.625,0.3,122.36666666666667
2006-06-01,36.87,37.69,36.71,37.67,3563677,37.235,0.3,125.56666666666668
2006-06-02,37.98,38.0,37.06,37.45,2701121,37.6225,0.3,124.83333333333334
2006-06-05,38.4,38.96,37.85,38.19,3564183,38.35,0.3,127.3
2006-06-06,38.24,38.44,37.45,37.69,2619466,37.955,0.3,125.63333333333333
2006-06-07,37.74,37.95,37.28,37.35,2177500,37.58,0.3,124.50000000000001
2006-06-08,37.19,37.3,36.42,37.14,2636589,37.0125,0.3,123.80000000000001
2006-06-09,38.09,38.49,37.14,37.26,2080943,37.745,0.3,124.2
2006-06-12,37.11,37.48,36.93,37.0,1292298,37.13,0.3,123.33333333333334
2006-06-13,37.11,37.36,36.58,36.7,1803264,36.9375,0.3,122.33333333333334
2006-06-14,36.58,36.98,36.46,36.95,1783288,36.7425,0.3,123.16666666666669
2006-06-15,36.94,37.83,36.6,37.59,1970400,37.24,0.3,125.30000000000001
2006-06-16,37.67,39.08,37.4,38.6,4592297,38.1875,0.3,128.66666666666669
2006-06-19,38.85,39.05,38.68,38.73,2381708,38.8275,0.3,129.1
2006-06-20,38.88,39.41,38.5,38.9,2197956,38.9225,0.3,129.66666666666666
2006-06-21,38.84,39.8,38.83,39.45,1881508,39.23,0.3,131.50000000000003
2006-06-22,39.26,39.64,38.97,39.19,1563401,39.265,0.3,130.63333333333333
2006-06-23,39.01,39.89,38.84,39.46,1387200,39.3,0.3,131.53333333333333
2006-06-26,39.45,39.75,39.38,39.52,1041000,39.525,0.3,131.73333333333335
2006-06-27,39.48,39.68,39.01,39.22,1766000,39.3475,0.3,130.73333333333335
2006-06-28,39.49,39.68,39.09,39.57,1796217,39.4575,0.3,131.9
2006-06-29,39.55,39.69,38.68,39.67,4090241,39.3975,0.3,132.23333333333335
2006-06-30,39.67,39.86,38.9,38.98,2905575,39.3525,0.3,129.93333333333334
2006-07-03,39.52,39.52,38.98,38.98,866912,39.25,0.3,129.93333333333334
2006-07-05,38.99,38.99,38.17,38.28,1701760,38.6075,0.3,127.60000000000001
2006-07-06,38.17,38.52,37.93,38.03,1678253,38.1625,0.3,126.76666666666668
2006-07-07,37.95,38.0,37.21,37.59,2576645,37.6875,0.3,125.30000000000001
2006-07-10,37.71,38.0,37.46,37.65,981900,37.705,0.3,125.5
2006-07-11,37.71,37.89,37.39,37.67,1870919,37.665,0.3,125.56666666666668
2006-07-12,37.68,37.77,36.65,37.06,1979800,37.29,0.3,123.53333333333335
2006-07-13,37.05,37.29,36.73,36.87,2082200,36.985,0.3,122.89999999999999
2006-07-14,36.77,36.96,36.47,36.75,2484802,36.7375,0.3,122.5
2006-07-17,36.71,36.75,36.33,36.53,2208300,36.58,0.3,121.76666666666668
2006-07-18,36.41,36.69,36.02,36.32,1516747,36.36,0.3,121.06666666666668
2006-07-19,36.37,37.16,36.26,36.55,1263000,36.585,0.3,121.83333333333333
2006-07-20,36.49,36.5,35.42,35.57,2527198,35.995,0.3,118.56666666666668
2006-07-21,35.29,35.66,35.1,35.3,2302400,35.3375,0.32,110.31249999999999
2006-07-24,35.31,35.39,34.81,35.02,2245080,35.1325,0.32,109.43750000000001
2006-07-25,34.92,35.05,34.39,34.5,3130000,34.715,0.32,107.8125
2006-07-26,34.36,34.54,33.76,33.88,3772717,34.135,0.32,105.875
2006-07-27,34.03,34.28,33.65,33.81,1404100,33.9425,0.32,105.65625
2006-07-28,34.29,34.61,33.79,34.46,1463834,34.2875,0.32,107.6875
2006-07-31,34.49,34.51,33.91,34.18,1550625,34.2725,0.32,106.8125
2006-08-01,33.95,34.07,32.98,33.19,2662640,33.5475,0.32,103.71874999999999
2006-08-02,33.13,33.76,33.05,33.41,3819217,33.3375,0.32,104.40624999999999
2006-08-03,33.23,33.86,33.18,33.62,2636812,33.4725,0.32,105.06249999999999
2006-08-04,34.73,35.48,34.18,34.29,4061636,34.67,0.32,107.15625
2006-08-07,34.39,34.76,33.99,34.11,2814491,34.3125,0.32,106.59375
2006-08-08,34.35,34.35,33.3,33.79,2153010,33.9475,0.32,105.59375
2006-08-09,33.97,34.8,33.8,33.84,1627232,34.1025,0.32,105.75000000000001
2006-08-10,33.88,34.34,33.57,34.15,1034457,33.985,0.32,106.71875
2006-08-11,34.04,34.16,33.75,34.04,825648,33.9975,0.32,106.375
2006-08-14,34.0,34.82,34.0,34.05,1274687,34.2175,0.32,106.40624999999999
2006-08-15,34.73,35.0,34.21,34.84,1691670,34.695,0.32,108.87500000000001
2006-08-16,35.15,35.57,34.86,35.56,2233257,35.285,0.32,111.125
2006-08-17,35.26,35.99,35.26,35.7,1930200,35.5525,0.32,111.5625
2006-08-18,35.86,36.0,35.45,35.74,2477273,35.7625,0.32,111.6875
2006-08-21,35.81,35.99,35.31,35.89,1185900,35.75,0.32,112.15625
2006-08-22,35.93,36.0,35.43,35.61,1757365,35.7425,0.32,111.28125
2006-08-23,35.79,35.85,35.0,35.2,1778289,35.46,0.32,110.0
2006-08-24,35.26,35.55,34.96,35.2,2073100,35.2425,0.32,110.0
2006-08-25,35.26,35.65,35.01,35.45,928554,35.3425,0.32,110.78125
2006-08-28,35.25,36.14,35.23,36.03,1597902,35.6625,0.32,112.59375
2006-08-29,36.13,36.23,35.73,35.99,1690100,36.02,0.32,112.46875
2006-08-30,36.15,36.37,35.81,36.32,1315282,36.1625,0.32,113.5
2006-08-31,36.32,36.36,35.88,35.95,1252541,36.1275,0.32,112.34375
2006-09-01,36.22,36.35,35.53,36.19,1024200,36.0725,0.32,113.09374999999999
2006-09-05,36.04,36.19,35.75,35.92,1032151,35.975,0.32,112.25
2006-09-06,35.72,35.83,35.09,35.28,1928033,35.48,0.32,110.25
2006-09-07,35.31,35.4,34.88,34.92,1654600,35.1275,0.32,109.125
2006-09-08,34.91,35.47,34.87,35.22,1053900,35.1175,0.32,110.0625
2006-09-11,34.99,35.12,34.73,35.06,1563699,34.975,0.32,109.5625
2006-09-12,35.04,35.22,34.65,35.18,1487104,35.0225,0.32,109.9375
2006-09-13,35.02,35.25,34.82,35.2,1239993,35.0725,0.32,110.0
2006-09-14,35.0,35.44,34.99,35.36,1123200,35.1975,0.32,110.5
2006-09-15,35.54,35.93,35.23,35.92,4195484,35.655,0.32,112.25
2006-09-18,35.95,36.31,35.78,35.9,1426059,35.985,0.32,112.1875
2006-09-19,36.02,36.29,35.65,36.09,1465879,36.0125,0.32,112.78125000000001
2006-09-20,36.11,36.52,35.76,35.94,1306447,36.0825,0.32,112.31249999999999
2006-09-21,35.9,36.19,35.71,35.76,1061455,35.89,0.32,111.74999999999999
2006-09-22,35.83,35.84,35.28,35.44,850535,35.5975,0.32,110.74999999999999
2006-09-25,35.48,36.51,35.48,36.32,2287288,35.9475,0.32,113.5
2006-09-26,36.51,37.17,36.44,37.08,3963878,36.8,0.36,103.0
2006-09-27,35.97,37.08,35.33,36.78,5910074,36.29,0.36,102.16666666666667
2006-09-28,36.77,37.4,36.77,37.29,2472703,37.0575,0.36,103.58333333333333
2006-09-29,37.3,37.48,36.73,36.85,2283127,37.09,0.36,102.36111111111111
2006-10-02,36.96,37.39,36.51,36.67,2288305,36.8825,0.36,101.86111111111111
2006-10-03,36.92,36.97,36.49,36.94,1789967,36.83,0.36,102.61111111111111
2006-10-04,36.7,37.5,36.7,37.32,2747782,37.055,0.36,103.66666666666667
2006-10-05,37.41,38.06,37.11,38.04,3296909,37.655,0.36,105.66666666666667
2006-10-06,38.04,38.37,37.8,38.21,2586500,38.105,0.36,106.1388888888889
2006-10-09,38.21,38.4,38.06,38.3,1943555,38.2425,0.36,106.38888888888889
2006-10-10,38.23,38.46,38.1,38.46,2323900,38.3125,0.36,106.83333333333334
2006-10-11,38.4,38.84,38.22,38.76,2358851,38.555,0.36,107.66666666666667
2006-10-12,38.86,38.93,38.28,38.86,2083718,38.7325,0.36,107.94444444444444
2006-10-13,38.65,38.93,38.33,38.67,1257146,38.645,0.36,107.41666666666667
2006-10-16,38.79,39.21,38.63,38.96,1590551,38.8975,0.36,108.22222222222223
2006-10-17,38.71,38.95,38.51,38.77,1067100,38.735,0.36,107.69444444444446
2006-10-18,39.02,39.2,38.44,38.92,1575168,38.895,0.36,108.11111111111111
2006-10-19,38.56,39.05,38.41,38.7,1156999,38.68,0.36,107.50000000000001
2006-10-20,38.85,38.85,38.24,38.5,1530700,38.61,0.36,106.94444444444444
2006-10-23,39.03,40.34,38.82,39.8,4631527,39.4975,0.36,110.55555555555556
2006-10-24,39.69,39.97,39.37,39.65,2630100,39.67,0.36,110.13888888888889
2006-10-25,39.41,39.69,39.13,39.54,1057384,39.4425,0.36,109.83333333333333
2006-10-26,39.55,39.92,39.36,39.67,1838371,39.625,0.36,110.19444444444446
2006-10-27,39.58,39.75,39.35,39.45,1424300,39.5325,0.36,109.58333333333334
2006-10-30,39.5,39.81,39.2,39.81,2019623,39.58,0.36,110.58333333333334
2006-10-31,39.54,39.95,39.0,39.48,1836830,39.4925,0.36,109.66666666666666
2006-11-01,39.64,39.64,38.9,39.08,1388277,39.315,0.36,108.55555555555556
2006-11-02,39.01,39.14,38.5,38.7,1753727,38.8375,0.36,107.50000000000001
2006-11-03,38.73,38.76,38.23,38.5,1717600,38.555,0.36,106.94444444444444
2006-11-06,38.69,39.4,38.56,38.94,1156134,38.8975,0.36,108.16666666666667
2006-11-07,38.76,39.67,38.71,39.1,1490462,39.06,0.36,108.61111111111111
2006-11-08,39.36,39.48,38.97,39.31,1310047,39.28,0.36,109.19444444444446
2006-11-09,39.25,39.31,38.31,38.55,1509292,38.855,0.36,107.08333333333333
2006-11-10,38.47,38.77,38.37,38.6,2022982,38.5525,0.36,107.22222222222223
2006-11-13,38.66,38.66,38.25,38.61,1633430,38.545,0.36,107.25
2006-11-14,38.4,39.06,38.32,38.99,1971789,38.6925,0.36,108.30555555555557
2006-11-15,39.05,39.87,38.91,39.74,2332256,39.3925,0.36,110.3888888888889
2006-11-16,40.05,40.25,39.73,40.11,1670610,40.035,0.36,111.41666666666667
2006-11-17,40.11,40.52,40.0,40.46,1876266,40.2725,0.36,112.3888888888889
2006-11-20,40.26,40.57,39.95,40.4,2258394,40.295,0.36,112.22222222222223
2006-11-21,40.18,40.26,39.63,39.86,2406818,39.9825,0.36,110.72222222222223
2006-11-22,39.65,39.95,39.53,39.85,878483,39.745,0.36,110.69444444444446
2006-11-24,39.78,39.91,39.55,39.63,514900,39.7175,0.36,110.08333333333334
2006-11-27,39.4,39.55,38.92,39.21,1517262,39.27,0.36,108.91666666666667
2006-11-28,39.19,39.45,39.02,39.36,1684999,39.255,0.36,109.33333333333334
2006-11-29,39.3,39.43,38.99,39.37,2083297,39.2725,0.36,109.36111111111111
2006-11-30,39.5,39.64,39.22,39.41,1476125,39.4425,0.36,109.47222222222221
2006-12-01,39.48,39.48,38.72,39.24,1617800,39.23,0.36,109.00000000000001
2006-12-04,39.38,40.03,39.26,39.68,1653744,39.5875,0.36,110.22222222222223
2006-12-05,39.76,39.76,39.3,39.62,1219099,39.61,0.36,110.05555555555556
2006-12-06,39.63,39.84,39.1,39.39,1671133,39.49,0.36,109.41666666666667
2006-12-07,39.42,39.51,39.02,39.11,1462900,39.265,0.36,108.63888888888889
2006-12-08,39.07,39.57,38.81,39.18,1525509,39.1575,0.36,108.83333333333334
2006-12-11,38.93,39.5,38.9,39.26,1136359,39.1475,0.36,109.05555555555556
2006-12-12,39.34,39.42,38.66,39.0,1990243,39.105,0.36,108.33333333333334
2006-12-13,39.34,39.34,38.66,39.05,1764679,39.0975,0.36,108.47222222222221
2006-12-14,39.18,40.05,38.99,39.95,2907115,39.5425,0.36,110.97222222222223
2006-12-15,40.07,41.12,39.95,40.76,4670535,40.475,0.36,113.22222222222221
2006-12-18,40.78,41.21,40.27,40.38,2546700,40.66,0.36,112.16666666666667
2006-12-19,40.16,41.04,40.14,40.86,2559900,40.55,0.36,113.5
2006-12-20,39.95,40.59,39.27,39.92,2852357,39.9325,0.35,114.05714285714286
2006-12-21,40.42,40.88,39.76,40.41,2713528,40.3675,0.35,115.45714285714286
2006-12-22,40.51,40.51,39.88,39.88,2130100,40.195,0.35,113.94285714285716
2006-12-26,39.83,39.85,39.5,39.81,1222092,39.7475,0.35,113.74285714285716
2006-12-27,40.1,40.27,39.8,39.91,1179817,40.02,0.35,114.02857142857142
2006-12-28,40.0,40.14,39.63,39.79,941708,39.89,0.35,113.6857142857143
2006-12-29,39.51,40.0,39.41,39.54,983167,39.615,0.35,112.97142857142858
2007-01-03,39.69,39.98,38.79,39.31,2675132,39.4425,0.35,112.31428571428573
2007-01-04,39.42,40.19,39.03,40.01,2668002,39.6625,0.35,114.31428571428572
2007-01-05,40.19,40.2,39.78,40.03,1766893,40.05,0.35,114.37142857142858
2007-01-08,40.23,40.36,39.68,40.1,1645768,40.0925,0.35,114.57142857142858
2007-01-09,40.04,40.65,39.99,40.19,1550502,40.2175,0.35,114.82857142857144
2007-01-10,39.9,40.35,39.74,40.31,1492019,40.075,0.35,115.17142857142859
2007-01-11,40.55,40.89,40.37,40.72,2463300,40.6325,0.35,116.34285714285714
2007-01-12,40.48,41.0,40.48,40.67,1211500,40.6575,0.35,116.20000000000002
2007-01-16,40.7,40.99,40.29,40.69,1919199,40.6675,0.35,116.25714285714285
2007-01-17,40.74,40.95,40.49,40.8,2153346,40.745,0.35,116.57142857142857
2007-01-18,41.0,41.0,40.39,40.42,1822816,40.7025,0.35,115.4857142857143
2007-01-19,40.17,40.45,39.96,40.11,2001408,40.1725,0.35,114.60000000000001
2007-01-22,39.93,40.17,39.37,39.6,3015700,39.7675,0.35,113.14285714285715
2007-01-23,39.6,39.93,39.51,39.64,1874175,39.67,0.35,113.25714285714287
2007-01-24,39.84,40.64,39.68,40.6,2900290,40.19,0.35,116.00000000000001
2007-01-25,40.28,40.46,39.4,39.7,2644624,39.96,0.35,113.42857142857144
2007-01-26,39.68,40.09,39.47,39.77,2408900,39.7525,0.35,113.62857142857145
2007-01-29,39.84,40.34,39.69,40.0,2537425,39.9675,0.35,114.28571428571429
2007-01-30,39.89,40.05,39.49,39.7,1932900,39.7825,0.35,113.42857142857144
2007-01-31,39.61,40.31,39.49,40.01,2265700,39.855,0.35,114.31428571428572
2007-02-01,40.03,40.55,40.03,40.32,2360396,40.2325,0.35,115.2
2007-02-02,40.25,40.61,40.25,40.44,1253600,40.3875,0.35,115.54285714285714
2007-02-05,40.36,40.75,40.22,40.5,2592812,40.4575,0.35,115.71428571428572
2007-02-06,40.75,40.77,40.05,40.4,2196835,40.4925,0.35,115.42857142857143
2007-02-07,40.54,40.79,40.36,40.63,2551731,40.58,0.35,116.0857142857143
2007-02-08,40.51,40.94,40.51,40.67,1535800,40.6575,0.35,116.20000000000002
2007-02-09,40.9,40.94,40.13,40.34,2427903,40.5775,0.35,115.25714285714288
2007-02-12,40.52,40.64,40.32,40.5,1941537,40.495,0.35,115.71428571428572
2007-02-13,40.71,41.15,40.35,40.87,2986057,40.77,0.35,116.77142857142857
2007-02-14,40.99,41.93,40.89,41.77,3747056,41.395,0.35,119.34285714285716
2007-02-15,41.61,41.89,41.48,41.65,1927153,41.6575,0.35,119.0
2007-02-16,41.74,41.76,41.32,41.58,1628003,41.6,0.35,118.8
2007-02-20,41.18,41.76,41.03,41.6,2115424,41.3925,0.35,118.85714285714288
2007-02-21,41.6,41.7,41.07,41.63,1700500,41.5,0.35,118.94285714285716
2007-02-22,41.57,41.8,41.17,41.79,1910518,41.5825,0.35,119.4
2007-02-23,41.92,42.43,41.73,42.38,3894231,42.115,0.35,121.0857142857143
2007-02-26,42.45,42.5,41.96,42.29,3134456,42.3,0.35,120.82857142857144
2007-02-27,41.93,42.28,40.89,41.32,4634023,41.605,0.35,118.05714285714286
2007-02-28,40.64,41.65,40.52,40.63,4774691,40.86,0.35,116.0857142857143
2007-03-01,39.73,40.14,39.1,40.01,6336484,39.745,0.35,114.31428571428572
2007-03-02,39.64,39.7,39.13,39.16,2735150,39.4075,0.35,111.88571428571429
2007-03-05,39.15,39.87,38.93,39.5,4301961,39.3625,0.35,112.85714285714286
2007-03-06,39.42,40.08,39.33,39.84,2817613,39.6675,0.35,113.82857142857145
2007-03-07,39.33,40.01,39.33,39.87,3196809,39.635,0.35,113.91428571428571
2007-03-08,40.17,40.2,39.75,39.84,2364200,39.99,0.35,113.82857142857145
2007-03-09,40.26,40.26,39.4,39.48,2252600,39.85,0.35,112.8
2007-03-12,39.59,39.89,39.46,39.79,1711800,39.6825,0.35,113.6857142857143
2007-03-13,39.54,39.56,38.69,38.99,4093400,39.195,0.35,111.4
2007-03-14,38.93,39.59,38.79,39.58,3471360,39.2225,0.35,113.08571428571429
2007-03-15,39.68,40.11,39.2,40.06,3307200,39.7625,0.35,114.45714285714287
2007-03-16,39.84,40.11,39.51,39.73,3006000,39.7975,0.35,113.51428571428572
2007-03-19,39.74,40.19,39.7,39.91,1614900,39.885,0.35,114.02857142857142
2007-03-20,39.87,40.18,39.79,39.96,2555000,39.95,0.35,114.17142857142858
2007-03-21,40.12,40.9,39.85,40.9,2628900,40.4425,0.35,116.85714285714286
2007-03-22,41.0,41.1,40.7,40.87,1508919,40.9175,0.35,116.77142857142857
2007-03-23,40.74,41.01,40.66,40.73,1467300,40.785,0.35,116.37142857142857
2007-03-26,40.66,40.8,40.26,40.65,1956800,40.5925,0.35,116.14285714285715
2007-03-27,40.46,40.53,39.69,39.7,3404200,40.095,0.35,113.42857142857144
2007-03-28,39.61,39.87,38.84,39.2,5528051,39.38,0.33,118.7878787878788
2007-03-29,38.87,39.3,38.36,38.43,6779578,38.74,0.33,116.45454545454545
2007-03-30,38.25,38.57,37.57,37.87,7925600,38.065,0.33,114.75757575757575
2007-04-02,38.19,38.34,37.4,37.5,4614400,37.8575,0.33,113.63636363636363
2007-04-03,37.73,37.82,37.42,37.63,8067500,37.65,0.33,114.03030303030303
2007-04-04,37.63,37.92,37.5,37.91,4993145,37.74,0.33,114.87878787878786
2007-04-05,38.0,38.08,37.78,37.89,2826320,37.9375,0.33,114.81818181818181
2007-04-09,37.9,37.94,37.58,37.66,3673500,37.77,0.33,114.12121212121211
2007-04-10,37.57,37.88,37.55,37.73,1972500,37.6825,0.33,114.33333333333331
2007-04-11,37.65,37.7,36.74,36.92,4366641,37.2525,0.33,111.87878787878788
2007-04-12,36.93,37.16,36.74,36.89,2884100,36.93,0.33,111.78787878787878
2007-04-13,36.85,36.88,36.48,36.75,3912400,36.74,0.33,111.36363636363636
2007-04-16,36.99,37.32,36.76,37.27,2460000,37.085,0.33,112.93939393939394
2007-04-17,37.18,37.61,37.17,37.27,2231400,37.3075,0.33,112.93939393939394
2007-04-18,37.2,37.4,36.75,36.83,2897000,37.045,0.33,111.6060606060606
2007-04-19,36.67,36.7,36.17,36.25,4036700,36.4475,0.33,109.84848484848484
2007-04-20,36.46,37.14,36.26,37.05,4625707,36.7275,0.33,112.27272727272725
2007-04-23,37.11,37.19,36.89,37.0,1932900,37.0475,0.33,112.12121212121211
2007-04-24,37.11,37.11,36.56,36.88,5024023,36.915,0.33,111.75757575757576
2007-04-25,36.86,37.1,36.75,37.05,3097000,36.94,0.33,112.27272727272725
2007-04-26,36.92,36.92,36.29,36.37,5610400,36.625,0.33,110.2121212121212
2007-04-27,36.33,37.54,36.08,37.54,5152402,36.8725,0.33,113.75757575757575
2007-04-30,37.54,37.59,37.01,37.1,4526200,37.31,0.33,112.42424242424242
2007-05-01,37.02,37.57,37.01,37.55,4181762,37.2875,0.33,113.78787878787877
2007-05-02,37.56,37.85,37.46,37.76,2988971,37.6575,0.33,114.42424242424241
2007-05-03,37.95,37.98,37.55,37.91,3102600,37.8475,0.33,114.87878787878786
2007-05-04,38.09,38.09,37.59,37.8,4480700,37.8925,0.33,114.54545454545453
2007-05-07,37.81,38.33,37.76,38.1,2895100,38.0,0.33,115.45454545454545
2007-05-08,38.0,38.12,37.82,38.02,3846500,37.99,0.33,115.21212121212122
2007-05-09,37.91,38.71,37.85,38.58,3570900,38.2625,0.33,116.90909090909089
2007-05-10,38.49,38.8,38.33,38.44,4186300,38.515,0.33,116.48484848484847
2007-05-11,38.85,39.05,38.3,39.04,4294508,38.81,0.33,118.3030303030303
2007-05-14,38.94,39.0,38.4,38.64,2598320,38.745,0.33,117.0909090909091
2007-05-15,38.74,38.82,38.06,38.1,3496900,38.43,0.33,115.45454545454545
2007-05-16,39.05,39.71,38.72,38.9,6154800,39.095,0.33,117.87878787878788
2007-05-17,39.15,39.15,38.56,38.82,2875388,38.92,0.33,117.63636363636363
2007-05-18,38.98,39.39,38.69,39.36,3167000,39.105,0.33,119.27272727272727
2007-05-21,39.26,40.05,39.22,39.98,4709633,39.6275,0.33,121.15151515151514
2007-05-22,39.83,40.21,39.49,40.09,4287400,39.905,0.33,121.48484848484848
2007-05-23,40.09,40.47,39.95,40.22,3661522,40.1825,0.33,121.87878787878788
2007-05-24,40.3,40.5,39.81,39.89,2993300,40.125,0.33,120.87878787878788
2007-05-25,39.89,40.24,39.65,40.07,2022000,39.9625,0.33,121.42424242424242
2007-05-29,39.99,40.32,39.7,40.03,2441000,40.01,0.33,121.3030303030303
2007-05-30,39.94,40.08,39.08,39.84,5748520,39.735,0.33,120.72727272727273
2007-05-31,39.85,40.42,39.79,40.4,3442935,40.115,0.33,122.42424242424241
2007-06-01,40.63,40.84,40.49,40.6,2327400,40.64,0.33,123.03030303030303
2007-06-04,40.28,40.49,40.14,40.27,2066000,40.295,0.33,122.03030303030303
2007-06-05,40.12,40.28,39.66,40.23,4104438,40.0725,0.33,121.90909090909089
2007-06-06,40.23,40.23,39.79,39.85,2385905,40.025,0.33,120.75757575757575
2007-06-07,39.65,39.68,39.12,39.26,3125800,39.4275,0.33,118.96969696969695
2007-06-08,39.0,39.73,38.69,39.69,2169300,39.2775,0.33,120.27272727272727
2007-06-11,39.69,40.18,39.49,39.88,1895016,39.81,0.33,120.84848484848484
2007-06-12,39.67,39.77,39.21,39.55,3417200,39.55,0.33,119.84848484848483
2007-06-13,39.58,40.36,39.5,40.33,2576293,39.9425,0.33,122.2121212121212
2007-06-14,40.3,40.45,39.97,40.24,2797966,40.24,0.33,121.93939393939394
2007-06-15,40.57,40.73,40.2,40.37,4291938,40.4675,0.33,122.33333333333331
2007-06-18,40.3,40.58,40.05,40.11,2094314,40.26,0.33,121.54545454545453
2007-06-19,40.0,40.32,39.78,40.27,2354800,40.0925,0.33,122.03030303030303
2007-06-20,40.35,40.55,39.99,40.21,1852100,40.275,0.33,121.84848484848484
2007-06-21,40.18,40.42,39.91,40.2,2581326,40.1775,0.33,121.81818181818183
2007-06-22,40.13,40.25,39.63,39.69,2417186,39.925,0.33,120.27272727272727
2007-06-25,39.88,40.09,39.26,39.42,2759100,39.6625,0.33,119.45454545454545
2007-06-26,39.59,39.8,39.22,39.78,3324147,39.5975,0.33,120.54545454545455
2007-06-27,39.22,40.29,39.22,40.23,2710758,39.74,0.33,121.90909090909089
2007-06-28,39.5,39.92,39.09,39.28,4349438,39.4475,0.33,119.03030303030303
2007-06-29,39.28,39.34,38.9,39.12,3658100,39.16,0.33,118.54545454545453
2007-07-02,39.42,39.55,38.93,39.37,2234676,39.3175,0.33,119.30303030303028
2007-07-03,39.36,39.5,38.79,38.97,1691800,39.155,0.33,118.09090909090908
2007-07-05,39.01,39.2,38.82,39.15,2307500,39.045,0.33,118.63636363636363
2007-07-06,39.26,39.6,39.01,39.37,1689200,39.31,0.33,119.30303030303028
2007-07-09,39.26,39.66,39.0,39.65,3362200,39.3925,0.33,120.15151515151514
2007-07-10,39.5,40.46,39.45,40.27,5030800,39.92,0.33,122.03030303030303
2007-07-11,40.18,41.0,40.12,40.98,5249020,40.57,0.33,124.18181818181817
2007-07-12,40.77,41.44,40.69,41.44,3437100,41.085,0.33,125.57575757575756
2007-07-13,42.83,43.74,42.06,43.44,9261600,43.0175,0.33,131.63636363636363
2007-07-16,43.08,44.14,42.5,43.94,4711800,43.415,0.33,133.15151515151513
2007-07-17,43.8,44.06,43.67,43.91,4562100,43.86,0.33,133.06060606060603
2007-07-18,43.89,44.0,42.75,43.48,3059266,43.53,0.33,131.75757575757575
2007-07-19,43.4,43.49,43.04,43.38,2573600,43.3275,0.33,131.45454545454547
2007-07-20,43.49,43.5,42.59,42.67,4605100,43.0625,0.32,133.34375
2007-07-23,42.99,43.37,42.78,43.01,3164525,43.0375,0.32,134.40625
2007-07-24,43.08,43.35,42.38,42.51,3493300,42.83,0.32,132.84375
2007-07-25,42.26,42.96,42.18,42.76,4085300,42.54,0.32,133.625
2007-07-26,42.38,42.5,41.58,42.26,5141227,42.18,0.32,132.0625
2007-07-27,42.59,42.62,41.61,41.61,4736400,42.1075,0.32,130.03125
2007-07-30,41.5,42.09,41.17,41.93,3457435,41.6725,0.32,131.03125
2007-07-31,42.21,42.36,41.38,41.38,3453000,41.8325,0.32,129.3125
2007-08-01,41.38,41.89,41.0,41.69,4502300,41.49,0.32,130.28125
2007-08-02,41.96,42.24,41.4,42.14,2637500,41.935,0.32,131.6875
2007-08-03,42.23,43.26,41.88,42.54,5943300,42.4775,0.32,132.9375
2007-08-06,42.61,44.95,42.54,44.87,7023900,43.7425,0.32,140.21875
2007-08-07,44.73,45.74,44.33,45.35,6078980,45.0375,0.32,141.71875
2007-08-08,45.13,46.5,45.13,46.31,5718426,45.7675,0.32,144.71875
2007-08-09,45.56,47.14,45.5,45.65,6283100,45.9625,0.32,142.65625
2007-08-10,45.35,46.11,44.78,45.27,5798400,45.3775,0.32,141.46875
2007-08-13,45.15,45.41,44.15,44.54,4741300,44.8125,0.32,139.1875
2007-08-14,44.91,45.06,44.37,44.44,3629719,44.695,0.32,138.875
2007-08-15,44.48,44.92,43.82,44.0,4451211,44.305,0.32,137.5
2007-08-16,43.82,45.0,43.07,44.37,4298600,44.065,0.32,138.65625
2007-08-17,44.55,45.0,43.61,44.89,4018000,44.5125,0.32,140.28125
2007-08-20,44.89,45.0,43.95,44.3,2767400,44.535,0.32,138.4375
2007-08-21,44.11,45.06,44.11,44.39,2956311,44.4175,0.32,138.71875
2007-08-22,44.43,44.91,43.77,43.97,4002296,44.27,0.32,137.40625
2007-08-23,44.01,44.12,43.47,43.77,2630601,43.8425,0.32,136.78125
2007-08-24,43.68,44.43,43.19,44.36,3126600,43.915,0.32,138.625
2007-08-27,44.36,44.47,44.03,44.19,2569700,44.2625,0.32,138.09375
2007-08-28,44.07,44.19,43.29,43.38,2581800,43.7325,0.32,135.5625
2007-08-29,43.49,44.56,43.2,44.46,2677800,43.9275,0.32,138.9375
2007-08-30,44.3,44.68,43.99,44.27,2995368,44.31,0.32,138.34375
2007-08-31,44.5,44.88,44.28,44.43,2483600,44.5225,0.32,138.84375
2007-09-04,44.58,45.26,44.51,45.12,4189000,44.8675,0.32,141.0
2007-09-05,44.86,45.22,44.62,44.79,3228600,44.8725,0.32,139.96875
2007-09-06,45.06,45.65,44.96,45.02,1925600,45.1725,0.32,140.6875
2007-09-07,44.26,44.43,43.3,43.49,4844300,43.87,0.32,135.90625
2007-09-10,43.75,44.14,43.31,43.54,2342100,43.685,0.32,136.0625
2007-09-11,43.79,44.33,43.53,44.15,2534600,43.95,0.32,137.96875
2007-09-12,43.88,44.15,43.69,43.81,2647000,43.8825,0.32,136.90625
2007-09-13,43.71,44.23,42.92,43.07,3576500,43.4825,0.32,134.59375
2007-09-14,42.71,43.34,42.24,43.07,2875500,42.84,0.32,134.59375
2007-09-17,42.73,42.8,42.34,42.51,2294400,42.595,0.32,132.84375
2007-09-18,42.52,43.49,42.43,43.25,2598200,42.9225,0.32,135.15625
2007-09-19,43.35,44.19,43.27,43.89,2051100,43.675,0.32,137.15625
2007-09-20,43.76,44.17,43.46,43.5,2365000,43.7225,0.32,135.9375
2007-09-21,43.78,44.14,43.18,43.44,3544400,43.635,0.32,135.75
2007-09-24,43.38,44.0,43.14,43.26,1803800,43.445,0.32,135.1875
2007-09-25,43.04,43.7,42.85,43.34,2173200,43.2325,0.32,135.4375
2007-09-26,43.41,43.73,43.01,43.58,2711249,43.4325,0.4,108.94999999999999
2007-09-27,42.35,43.08,41.58,42.0,5793700,42.2525,0.4,105.0
2007-09-28,42.03,42.1,40.77,41.0,4354600,41.475,0.4,102.5
2007-10-01,40.86,41.52,40.54,41.4,3199100,41.08,0.4,103.49999999999999
2007-10-02,41.46,41.49,40.51,40.77,3188200,41.0575,0.4,101.925
2007-10-03,40.53,41.18,40.5,40.81,1662176,40.755,0.4,102.025
2007-10-04,40.97,41.28,40.79,41.15,1516500,41.0475,0.4,102.87499999999999
2007-10-05,41.5,42.09,41.36,42.02,2278615,41.7425,0.4,105.05
2007-10-08,42.43,42.67,42.0,42.16,1567300,42.315,0.4,105.39999999999999
2007-10-09,42.43,42.49,42.02,42.4,1529500,42.335,0.4,105.99999999999999
2007-10-10,42.4,42.52,42.13,42.34,1290000,42.3475,0.4,105.85000000000001
2007-10-11,42.39,42.61,41.54,41.62,1607600,42.04,0.4,104.04999999999998
2007-10-12,41.77,42.25,41.62,42.05,1508700,41.9225,0.4,105.12499999999999
2007-10-15,41.8,42.04,41.34,41.88,1899000,41.765,0.4,104.7
2007-10-16,41.75,42.1,41.75,42.09,2539100,41.9225,0.4,105.22500000000001
2007-10-17,42.45,42.8,41.83,42.75,2487500,42.4575,0.4,106.875
2007-10-18,42.45,42.95,42.3,42.88,2222800,42.645,0.4,107.2
2007-10-19,42.9,43.0,41.62,41.68,3564600,42.3,0.4,104.19999999999999
2007-10-22,41.65,41.87,41.3,41.69,2493366,41.6275,0.4,104.225
2007-10-23,41.6,41.74,41.27,41.74,2273800,41.5875,0.4,104.35
2007-10-24,41.33,41.57,39.89,40.75,4350200,40.885,0.4,101.875
2007-10-25,40.78,41.05,39.75,40.4,4658600,40.495,0.4,100.99999999999999
2007-10-26,40.7,41.31,40.44,41.23,3164300,40.92,0.4,103.07499999999999
2007-10-29,41.33,41.39,40.68,41.11,2707100,41.1275,0.4,102.77499999999999
2007-10-30,41.11,41.24,40.42,40.84,2150000,40.9025,0.4,102.10000000000001
2007-10-31,40.81,42.0,40.76,41.78,2773800,41.3375,0.4,104.45
2007-11-01,41.4,41.94,40.55,40.55,2941000,41.11,0.4,101.37499999999999
2007-11-02,41.02,41.62,40.76,41.17,2053400,41.1425,0.4,102.925
2007-11-05,40.91,41.26,40.26,40.97,2408800,40.85,0.4,102.425
2007-11-06,41.05,41.24,40.14,40.59,2319700,40.755,0.4,101.47500000000001
2007-11-07,40.19,40.54,39.76,39.76,2248500,40.0625,0.4,99.39999999999999
2007-11-08,39.86,40.27,39.71,39.9,3277400,39.935,0.4,99.74999999999999
2007-11-09,39.58,39.9,38.47,38.5,3769443,39.1125,0.4,96.25
2007-11-12,38.51,39.4,38.51,38.87,3808927,38.8225,0.4,97.17499999999998
2007-11-13,39.04,39.5,38.7,39.45,3709000,39.1725,0.4,98.625
2007-11-14,39.67,39.67,38.59,38.78,2079800,39.1775,0.4,96.95
2007-11-15,38.72,39.57,38.65,38.88,2891000,38.955,0.4,97.2
2007-11-16,39.19,40.12,39.17,39.98,3436300,39.615,0.4,99.94999999999999
2007-11-19,39.89,39.89,38.73,39.31,3231400,39.455,0.4,98.275
2007-11-20,39.37,39.93,38.17,38.89,3924700,39.09,0.4,97.225
2007-11-21,38.73,39.05,38.09,38.15,2843500,38.505,0.4,95.37499999999999
2007-11-23,38.19,38.51,38.04,38.19,966100,38.2325,0.4,95.475
2007-11-26,38.01,38.24,37.17,37.24,3739473,37.665,0.4,93.1
2007-11-27,37.51,37.91,37.22,37.48,3447100,37.53,0.4,93.69999999999999
2007-11-28,37.95,38.62,37.05,38.62,3498200,38.06,0.4,96.54999999999998
2007-11-29,38.7,39.25,38.37,38.94,3515000,38.815,0.4,97.35
2007-11-30,39.34,39.54,38.87,39.0,3875454,39.1875,0.4,97.5
2007-12-03,38.72,39.58,38.17,39.3,3039400,38.9425,0.4,98.24999999999999
2007-12-04,39.0,39.53,38.83,39.45,2325800,39.2025,0.4,98.625
2007-12-05,39.6,40.33,39.5,40.19,2946300,39.905,0.4,100.475
2007-12-06,40.24,40.31,39.68,40.24,2069500,40.1175,0.4,100.6
2007-12-07,40.23,40.3,39.91,40.1,1836900,40.135,0.4,100.25
2007-12-10,40.14,40.47,40.11,40.27,1965000,40.2475,0.4,100.675
2007-12-11,40.24,40.68,39.55,39.62,2579900,40.0225,0.4,99.04999999999998
2007-12-12,40.18,40.42,38.92,39.53,3760300,39.7625,0.4,98.825
2007-12-13,39.1,39.96,39.09,39.35,3248000,39.375,0.4,98.375
2007-12-14,39.05,39.21,38.24,38.36,3238900,38.715,0.4,95.89999999999999
2007-12-17,38.15,38.36,37.63,37.77,2597600,37.9775,0.4,94.425
2007-12-18,38.1,38.72,37.61,38.11,3449800,38.135,0.4,95.27499999999999
2007-12-19,38.26,38.94,38.0,38.49,2836559,38.4225,0.4,96.225
2007-12-20,38.12,38.44,36.82,37.02,5237400,37.6,0.4,92.55
2007-12-21,37.37,37.8,37.12,37.29,6285699,37.395,0.4,93.225
2007-12-24,37.49,37.52,37.04,37.47,1034500,37.38,0.4,93.675
2007-12-26,37.18,37.6,37.09,37.3,1343500,37.2925,0.4,93.24999999999999
2007-12-27,37.67,37.67,36.59,36.63,1813346,37.14,0.4,91.575
2007-12-28,36.59,37.02,36.48,36.59,1534000,36.67,0.4,91.47500000000001
2007-12-31,36.38,36.58,35.96,36.22,2043000,36.285,0.4,90.55
2008-01-02,36.02,36.25,34.77,34.99,4130300,35.5075,0.4,87.475
2008-01-03,35.28,35.89,35.02,35.14,3321900,35.3325,0.4,87.85
2008-01-04,34.45,34.75,33.86,34.01,4332200,34.2675,0.4,85.02499999999999
2008-01-07,34.25,34.8,33.87,34.69,3105000,34.4025,0.4,86.725
2008-01-08,34.42,34.77,33.51,33.56,3574300,34.065,0.4,83.9
2008-01-09,33.51,33.88,33.1,33.51,4198900,33.5,0.4,83.77499999999999
2008-01-10,33.61,34.3,33.24,33.87,3538300,33.755,0.4,84.67499999999998
2008-01-11,34.43,34.43,33.49,33.78,3724500,34.0325,0.4,84.45
2008-01-14,33.25,33.33,32.38,32.99,4779200,32.9875,0.4,82.475
2008-01-15,32.8,33.36,32.74,33.06,3593700,32.99,0.4,82.65
2008-01-16,33.23,34.25,33.15,33.64,4701000,33.5675,0.4,84.1
2008-01-17,33.2,33.74,32.9,33.03,3457900,33.2175,0.4,82.575
2008-01-18,32.7,34.0,32.6,33.21,4670200,33.1275,0.4,83.02499999999999
2008-01-22,31.67,32.84,31.46,32.17,4562133,32.035,0.4,80.425
2008-01-23,31.42,33.54,31.41,33.34,5049600,32.4275,0.4,83.35000000000001
2008-01-24,32.38,33.61,32.38,33.09,3905700,32.865,0.4,82.72500000000001
2008-01-25,33.62,33.65,32.96,33.14,3203400,33.3425,0.4,82.85
2008-01-28,32.62,33.8,32.62,33.7,2310500,33.185,0.4,84.25
2008-01-29,33.94,34.53,33.69,34.32,3795678,34.12,0.4,85.8
2008-01-30,34.18,34.69,32.84,32.96,6173100,33.6675,0.4,82.39999999999999
2008-01-31,32.15,32.88,31.98,32.72,9757600,32.4325,0.4,81.8
2008-02-01,33.53,34.22,32.62,33.87,4857800,33.56,0.4,84.67499999999998
2008-02-04,33.92,34.44,33.35,33.54,1727300,33.8125,0.4,83.85
2008-02-05,32.93,33.35,32.6,32.63,3256200,32.8775,0.4,81.575
2008-02-06,32.79,32.94,31.95,32.01,2733800,32.4225,0.4,80.02499999999999
2008-02-07,31.93,32.36,31.4,32.11,4739800,31.95,0.4,80.27499999999999
2008-02-08,32.01,32.51,32.0,32.15,3137600,32.1675,0.4,80.37499999999999
2008-02-11,32.25,32.61,32.06,32.43,1980800,32.3375,0.4,81.07499999999999
2008-02-12,32.28,33.81,32.28,33.41,4129200,32.945,0.4,83.52499999999999
2008-02-13,33.9,34.58,33.81,34.47,3988900,34.19,0.4,86.175
2008-02-14,34.01,35.29,34.0,34.17,3618200,34.3675,0.4,85.425
2008-02-15,33.93,34.18,33.52,33.67,2200800,33.825,0.4,84.175
2008-02-19,34.59,34.64,33.51,33.65,2204700,34.0975,0.4,84.12499999999999
2008-02-20,33.5,34.24,33.49,34.2,2588533,33.8575,0.4,85.5
2008-02-21,33.69,34.42,33.69,33.89,2759200,33.9225,0.4,84.725
2008-02-22,34.27,34.27,32.64,33.03,4919600,33.5525,0.4,82.575
2008-02-25,33.24,33.35,32.68,33.3,5139200,33.1425,0.4,83.24999999999999
2008-02-26,32.58,33.04,32.14,32.83,4547300,32.6475,0.4,82.07499999999999
2008-02-27,32.72,32.98,32.57,32.73,2295400,32.75,0.4,81.82499999999999
2008-02-28,32.6,32.72,32.14,32.15,2374200,32.4025,0.4,80.37499999999999
2008-02-29,31.85,32.0,31.35,31.46,5514200,31.665,0.4,78.64999999999999
2008-03-03,31.85,31.85,31.09,31.3,4130800,31.5225,0.4,78.25
2008-03-04,31.16,31.97,31.1,31.93,4021000,31.54,0.4,79.82499999999999
2008-03-05,31.87,32.26,31.45,31.85,3103608,31.8575,0.4,79.625
2008-03-06,31.77,31.92,30.94,30.96,3381800,31.3975,0.4,77.39999999999999
2008-03-07,30.84,31.13,30.22,30.5,3955400,30.6725,0.4,76.25
2008-03-10,30.5,30.97,30.09,30.48,3825504,30.51,0.4,76.2
2008-03-11,30.93,31.63,30.58,31.63,3559300,31.1925,0.4,79.07499999999999
2008-03-12,31.81,32.14,31.58,31.66,3237100,31.7975,0.4,79.14999999999999
2008-03-13,31.41,31.86,31.0,31.51,3368700,31.445,0.4,78.775
2008-03-14,31.51,31.78,30.55,31.1,4041000,31.235,0.4,77.75
2008-03-17,31.32,31.37,30.52,31.01,4537600,31.055,0.4,77.525
2008-03-18,31.53,32.09,31.15,32.07,3392300,31.71,0.4,80.175
2008-03-19,32.4,32.61,31.85,31.85,4902400,32.1775,0.4,79.625
2008-03-20,32.03,33.0,31.75,32.99,5723800,32.4425,0.4,82.475
2008-03-24,33.18,34.2,32.92,33.96,3565300,33.565,0.4,84.89999999999999
2008-03-25,34.02,34.16,33.22,33.29,4508070,33.6725,0.4,83.225
2008-03-26,33.03,33.63,32.8,32.88,3728719,33.085,0.39,84.3076923076923
2008-03-27,32.1,34.17,32.03,33.35,5805200,32.9125,0.39,85.51282051282051
2008-03-28,33.69,33.96,33.21,33.45,3921400,33.5775,0.39,85.76923076923077
2008-03-31,33.94,34.46,33.71,34.26,3846300,34.0925,0.39,87.84615384615384
2008-04-01,34.47,35.65,34.38,35.65,5507700,35.0375,0.39,91.41025641025641
2008-04-02,35.58,35.98,35.2,35.84,3980800,35.65,0.39,91.8974358974359
2008-04-03,35.5,35.79,35.04,35.77,4484000,35.525,0.39,91.71794871794873
2008-04-04,35.91,36.5,35.4,36.39,4509600,36.05,0.39,93.3076923076923
2008-04-07,36.55,36.6,35.91,35.98,3805900,36.26,0.39,92.25641025641025
2008-04-08,36.3,36.3,35.62,35.81,4540200,36.0075,0.39,91.82051282051282
2008-04-09,35.82,35.89,35.14,35.29,4882691,35.535,0.39,90.48717948717949
2008-04-10,35.07,35.97,34.99,35.85,3373500,35.47,0.39,91.92307692307692
2008-04-11,36.05,36.05,35.42,35.55,3844600,35.7675,0.39,91.15384615384615
2008-04-14,35.71,35.72,35.32,35.45,1796900,35.55,0.39,90.8974358974359
2008-04-15,35.56,35.69,35.16,35.64,2204500,35.5125,0.39,91.38461538461539
2008-04-16,35.82,36.6,35.65,36.41,2404500,36.12,0.39,93.35897435897435
2008-04-17,36.57,36.7,36.13,36.46,1816544,36.465,0.39,93.48717948717949
2008-04-18,37.15,37.15,36.58,36.75,3720900,36.9075,0.39,94.23076923076923
2008-04-21,36.24,36.6,36.23,36.47,1949100,36.385,0.39,93.51282051282051
2008-04-22,36.27,36.47,35.72,36.18,2325100,36.16,0.39,92.76923076923076
2008-04-23,36.55,36.56,35.87,36.27,2628600,36.3125,0.39,93.0
2008-04-24,36.35,36.71,36.06,36.45,2599100,36.3925,0.39,93.46153846153847
2008-04-25,36.43,36.58,35.87,36.5,1870600,36.345,0.39,93.58974358974359
2008-04-28,36.5,36.61,36.2,36.29,1605300,36.4,0.39,93.05128205128204
2008-04-29,36.19,36.29,35.83,36.05,1873400,36.09,0.39,92.43589743589743
2008-04-30,36.19,36.96,36.06,36.37,3671873,36.395,0.39,93.25641025641025
2008-05-01,36.18,37.3,35.9,37.21,3018500,36.6475,0.39,95.41025641025641
2008-05-02,37.35,37.47,36.75,37.11,2504600,37.17,0.39,95.15384615384615
2008-05-05,36.94,37.16,36.43,36.52,1547400,36.7625,0.39,93.64102564102565
2008-05-06,36.3,36.79,36.17,36.45,4735700,36.4275,0.39,93.46153846153847
2008-05-07,36.42,36.55,35.69,35.77,2881700,36.1075,0.39,91.71794871794873
2008-05-08,35.95,36.38,35.79,36.3,3032000,36.105,0.39,93.07692307692307
2008-05-09,35.91,36.14,35.71,35.95,1692000,35.9275,0.39,92.17948717948718
2008-05-12,36.14,36.65,35.76,36.6,1876000,36.2875,0.39,93.84615384615384
2008-05-13,36.6,36.65,35.95,36.32,2594200,36.38,0.39,93.12820512820512
2008-05-14,36.2,36.7,36.18,36.37,1548400,36.3625,0.39,93.25641025641025
2008-05-15,36.23,36.93,36.15,36.84,1939800,36.5375,0.39,94.46153846153847
2008-05-16,37.0,37.0,36.17,36.54,2346400,36.6775,0.39,93.6923076923077
2008-05-19,36.53,36.6,36.08,36.27,2199300,36.37,0.39,93.0
2008-05-20,36.19,36.7,36.0,36.18,1667300,36.2675,0.39,92.76923076923076
2008-05-21,36.48,36.76,36.07,36.16,3313300,36.3675,0.39,92.7179487179487
2008-05-22,36.03,36.26,34.76,34.87,6082700,35.48,0.39,89.4102564102564
2008-05-23,34.72,34.94,33.93,34.11,5487900,34.425,0.39,87.46153846153845
2008-05-27,34.5,34.69,34.1,34.61,3121700,34.475,0.39,88.74358974358974
2008-05-28,34.78,34.93,34.25,34.45,2458600,34.6025,0.39,88.33333333333334
2008-05-29,34.62,35.36,34.43,35.01,2859700,34.855,0.39,89.76923076923076
2008-05-30,35.01,35.19,34.47,34.55,3464700,34.805,0.39,88.58974358974358
2008-06-02,34.3,34.36,33.58,33.79,4220000,34.0075,0.39,86.64102564102564
2008-06-03,33.98,34.35,33.52,33.63,4356900,33.87,0.39,86.23076923076924
2008-06-04,33.58,34.12,33.36,33.61,4461000,33.6675,0.39,86.17948717948717
2008-06-05,33.63,34.09,33.44,34.0,4411400,33.79,0.39,87.17948717948718
2008-06-06,33.75,33.9,32.8,33.17,6950270,33.405,0.39,85.05128205128206
2008-06-09,33.17,33.51,32.65,33.34,5396300,33.1675,0.39,85.48717948717949
2008-06-10,33.45,33.87,33.1,33.28,4135600,33.425,0.39,85.33333333333333
2008-06-11,33.16,33.42,32.41,32.52,5230900,32.8775,0.39,83.38461538461539
2008-06-12,32.96,33.44,32.6,32.87,4332600,32.9675,0.39,84.28205128205127
2008-06-13,33.26,33.66,33.0,33.65,2669700,33.3925,0.39,86.28205128205127
2008-06-16,33.74,33.91,32.9,33.67,2644000,33.555,0.39,86.33333333333333
2008-06-17,33.68,33.74,33.0,33.04,2388000,33.365,0.39,84.71794871794872
2008-06-18,32.91,32.95,32.46,32.6,2990500,32.73,0.39,83.58974358974359
2008-06-19,32.48,33.4,32.36,33.26,2659400,32.875,0.39,85.28205128205127
2008-06-20,32.8,33.18,32.22,32.39,4589600,32.6475,0.39,83.05128205128204
2008-06-23,32.66,32.71,31.94,32.0,4272800,32.3275,0.39,82.05128205128204
2008-06-24,31.65,31.96,31.4,31.6,5245000,31.6525,0.39,81.02564102564102
2008-06-25,31.5,32.52,31.37,32.09,3792200,31.87,0.39,82.28205128205128
2008-06-26,31.62,32.55,31.61,32.04,6632453,31.955,0.39,82.15384615384615
2008-06-27,31.92,32.18,31.18,31.58,7242172,31.715,0.39,80.97435897435896
2008-06-30,31.43,31.9,31.28,31.28,3833600,31.4725,0.39,80.2051282051282
2008-07-01,31.02,31.91,30.98,31.75,4292600,31.415,0.39,81.41025641025641
2008-07-02,32.08,32.15,30.8,30.84,5061602,31.4675,0.39,79.07692307692308
2008-07-03,31.09,31.47,31.01,31.04,2590300,31.1525,0.39,79.58974358974359
2008-07-07,31.22,31.54,30.46,31.02,4982300,31.06,0.39,79.53846153846153
2008-07-08,31.02,32.16,30.86,32.13,7222300,31.5425,0.39,82.38461538461539
2008-07-09,32.03,32.51,31.54,31.54,4499700,31.905,0.39,80.87179487179486
2008-07-10,31.47,32.14,31.34,31.95,4039284,31.725,0.39,81.92307692307692
2008-07-11,31.51,31.98,31.1,31.33,3248300,31.48,0.39,80.33333333333333
2008-07-14,31.37,31.75,30.59,30.66,3123247,31.0925,0.39,78.61538461538461
2008-07-15,30.37,31.24,30.26,30.74,4137200,30.6525,0.39,78.82051282051282
2008-07-16,31.07,32.06,30.56,32.0,3529700,31.4225,0.39,82.05128205128204
2008-07-17,32.01,32.71,31.77,32.69,5684800,32.295,0.39,83.82051282051282
2008-07-18,32.36,33.15,32.34,32.96,5524500,32.7025,0.38,86.73684210526316
2008-07-21,32.97,33.29,32.59,33.19,4224400,33.01,0.38,87.34210526315789
2008-07-22,33.35,33.69,32.84,33.69,4503600,33.3925,0.38,88.6578947368421
2008-07-23,33.82,34.07,33.3,33.71,3670433,33.725,0.38,88.71052631578948
2008-07-24,33.27,33.56,32.52,32.88,3687402,33.0575,0.38,86.52631578947368
2008-07-25,33.12,33.14,32.62,32.89,2920100,32.9425,0.38,86.55263157894737
2008-07-28,32.71,32.95,32.28,32.34,2606600,32.57,0.38,85.10526315789474
2008-07-29,32.39,33.09,32.33,33.02,3638800,32.7075,0.38,86.89473684210527
2008-07-30,33.14,33.19,32.52,32.82,2725300,32.9175,0.38,86.36842105263158
2008-07-31,32.49,33.4,32.49,32.92,3584500,32.825,0.38,86.63157894736842
2008-08-01,33.06,33.17,32.1,32.77,3254061,32.775,0.38,86.23684210526316
2008-08-04,33.44,33.44,32.42,32.66,1887400,32.99,0.38,85.94736842105262
2008-08-05,33.0,33.67,32.68,33.66,3032800,33.2525,0.38,88.57894736842104
2008-08-06,33.25,34.08,33.21,34.01,2578400,33.6375,0.38,89.5
2008-08-07,33.64,33.99,33.14,33.19,3373700,33.49,0.38,87.34210526315789
2008-08-08,33.71,34.66,33.17,34.55,3436300,34.0225,0.38,90.92105263157895
2008-08-11,34.44,35.17,34.07,34.87,2668600,34.6375,0.38,91.76315789473684
2008-08-12,34.94,35.17,34.58,34.81,2560901,34.875,0.38,91.60526315789474
2008-08-13,34.63,35.03,34.28,34.7,2130400,34.66,0.38,91.31578947368422
2008-08-14,34.49,35.22,34.39,35.05,2497700,34.7875,0.38,92.23684210526315
2008-08-15,35.35,35.37,34.68,35.02,2972000,35.105,0.38,92.15789473684211
2008-08-18,35.45,35.53,34.87,35.1,3007900,35.2375,0.38,92.36842105263158
2008-08-19,34.89,35.1,34.27,34.4,2402600,34.665,0.38,90.52631578947368
2008-08-20,34.56,35.0,34.2,34.52,2396000,34.57,0.38,90.8421052631579
2008-08-21,34.27,34.68,34.0,34.49,2102300,34.36,0.38,90.76315789473685
2008-08-22,34.32,35.22,34.11,35.02,2150100,34.6675,0.38,92.15789473684211
2008-08-25,34.71,34.84,33.96,34.05,2648100,34.39,0.38,89.60526315789473
2008-08-26,33.91,34.44,33.84,34.16,2145400,34.0875,0.38,89.89473684210526
2008-08-27,34.32,35.11,34.09,34.79,3158500,34.5775,0.38,91.55263157894737
2008-08-28,34.66,35.06,34.64,34.9,2013800,34.815,0.38,91.84210526315789
2008-08-29,35.21,35.22,33.94,34.08,3005900,34.6125,0.38,89.68421052631578
2008-09-02,35.2,35.29,34.68,35.17,4621100,35.085,0.38,92.55263157894737
2008-09-03,34.72,35.25,34.6,34.82,4343383,34.8475,0.38,91.63157894736842
2008-09-04,34.58,34.97,33.99,33.99,2795800,34.3825,0.38,89.44736842105263
2008-09-05,33.75,33.83,33.08,33.35,3954700,33.5025,0.38,87.76315789473685
2008-09-08,33.6,34.24,33.41,33.79,5119789,33.76,0.38,88.92105263157895
2008-09-09,34.01,34.15,32.92,32.95,4562400,33.5075,0.38,86.71052631578948
2008-09-10,33.18,33.48,32.85,33.1,2991800,33.1525,0.38,87.10526315789474
2008-09-11,32.93,34.03,32.75,34.0,3760600,33.4275,0.38,89.47368421052632
2008-09-12,33.58,34.28,33.47,34.01,3181100,33.835,0.38,89.5
2008-09-15,33.59,34.25,33.16,33.18,3435700,33.545,0.38,87.3157894736842
2008-09-16,33.0,33.39,31.75,32.59,7133700,32.6825,0.38,85.76315789473685
2008-09-17,32.46,32.54,31.71,31.71,5007600,32.105,0.38,83.44736842105263
2008-09-18,32.29,32.88,31.62,32.09,7307400,32.22,0.38,84.44736842105264
2008-09-19,33.1,33.79,31.2,32.89,6188637,32.745,0.38,86.55263157894737
2008-09-22,32.52,33.42,31.48,31.48,2844300,32.225,0.38,82.84210526315789
2008-09-23,31.73,32.14,31.44,31.47,2918100,31.695,0.38,82.8157894736842
2008-09-24,31.2,32.44,31.19,32.3,3104560,31.7825,0.41,78.78048780487805
2008-09-25,31.47,31.99,31.26,31.72,6242400,31.61,0.41,77.3658536585366
2008-09-26,31.16,33.38,31.16,33.35,3749800,32.2625,0.41,81.34146341463415
2008-09-29,32.5,33.59,32.5,32.8,7720400,32.8475,0.41,80.0
2008-09-30,33.29,33.29,32.51,33.03,5034426,33.03,0.41,80.5609756097561
2008-10-01,33.67,33.67,32.25,32.64,4078000,33.0575,0.41,79.60975609756098
2008-10-02,33.22,33.22,31.5,31.5,4483300,32.36,0.41,76.82926829268293
2008-10-03,31.93,32.79,31.02,31.03,5446100,31.6925,0.41,75.6829268292683
2008-10-06,30.76,31.27,29.02,30.07,7691400,30.28,0.41,73.34146341463415
2008-10-07,31.32,31.32,28.9,28.91,7270359,30.1125,0.41,70.51219512195122
2008-10-08,28.74,29.38,27.55,28.14,6645000,28.4525,0.41,68.63414634146342
2008-10-09,28.3,28.55,27.2,27.46,7306700,27.8775,0.41,66.97560975609757
2008-10-10,28.05,28.69,26.19,28.34,10629152,27.8175,0.41,69.1219512195122
2008-10-13,28.93,30.31,27.68,30.3,6050824,29.305,0.41,73.90243902439025
2008-10-14,31.12,31.37,28.27,28.79,4988400,29.8875,0.41,70.21951219512195
2008-10-15,28.62,28.79,26.71,27.06,8316900,27.795,0.41,66.0
2008-10-16,26.5,27.32,25.0,27.21,9752600,26.5075,0.41,66.3658536585366
2008-10-17,26.42,27.39,26.02,26.6,6914100,26.6075,0.41,64.87804878048782
2008-10-20,27.41,28.01,26.7,28.0,4685813,27.53,0.41,68.29268292682927
2008-10-21,27.82,27.94,26.11,26.12,4087200,26.9975,0.41,63.707317073170735
2008-10-22,26.12,26.28,24.41,24.98,7501477,25.4475,0.41,60.926829268292686
2008-10-23,25.0,25.71,24.03,25.24,6377800,24.995,0.41,61.5609756097561
2008-10-24,23.7,25.26,23.7,24.47,4160900,24.2825,0.41,59.6829268292683
2008-10-27,24.06,25.45,23.76,24.26,4113200,24.3825,0.41,59.17073170731708
2008-10-28,24.42,27.03,24.33,26.84,6010000,25.655,0.41,65.46341463414635
2008-10-29,26.89,27.43,25.85,26.46,6434700,26.6575,0.41,64.53658536585367
2008-10-30,27.15,28.2,27.15,28.07,6567184,27.6425,0.41,68.46341463414635
2008-10-31,28.0,28.92,27.31,28.54,3909000,28.1925,0.41,69.60975609756098
2008-11-03,28.64,29.41,28.19,28.9,3080200,28.785,0.41,70.48780487804878
2008-11-04,29.19,29.32,28.41,29.29,4798100,29.0525,0.41,71.4390243902439
2008-11-05,28.94,29.22,27.84,27.88,4269700,28.47,0.41,68.0
2008-11-06,27.44,28.13,26.51,26.65,4778600,27.1825,0.41,65.0
2008-11-07,26.99,27.41,26.35,26.89,3977300,26.91,0.41,65.58536585365854
2008-11-10,27.4,27.59,26.51,26.77,2871858,27.0675,0.41,65.29268292682927
2008-11-11,26.56,26.88,25.8,26.09,3338500,26.3325,0.41,63.63414634146342
2008-11-12,25.75,25.9,25.07,25.1,4548500,25.455,0.41,61.21951219512196
2008-11-13,25.06,26.93,24.15,26.92,5920900,25.765,0.41,65.65853658536587
2008-11-14,26.3,26.93,25.59,25.7,4768600,26.13,0.41,62.6829268292683
2008-11-17,25.4,26.39,24.98,25.49,3893200,25.565,0.41,62.170731707317074
2008-11-18,25.45,26.18,25.1,25.74,4623100,25.6175,0.41,62.78048780487805
2008-11-19,25.68,26.14,24.6,24.62,4947400,25.26,0.41,60.04878048780488
2008-11-20,24.5,25.5,23.71,23.8,6519600,24.3775,0.41,58.04878048780488
2008-11-21,23.91,25.07,23.22,25.07,7778200,24.3175,0.41,61.146341463414636
2008-11-24,25.6,27.39,24.91,27.19,6374100,26.2725,0.41,66.31707317073172
2008-11-25,27.34,27.74,26.87,27.55,5282800,27.375,0.41,67.19512195121952
2008-11-26,27.23,28.36,26.98,28.36,3400400,27.7325,0.41,69.17073170731707
2008-11-28,28.05,28.38,27.84,28.26,1281992,28.1325,0.41,68.92682926829269
2008-12-01,27.91,27.95,26.01,26.02,3973800,26.9725,0.41,63.463414634146346
2008-12-02,26.35,27.18,26.03,26.64,4635100,26.55,0.41,64.97560975609757
2008-12-03,26.17,27.44,25.85,27.17,5759100,26.6575,0.41,66.26829268292684
2008-12-04,26.7,27.62,25.59,26.02,4433400,26.4825,0.41,63.463414634146346
2008-12-05,25.51,26.6,24.74,26.51,4581600,25.84,0.41,64.65853658536587
2008-12-08,26.93,27.73,26.82,27.43,4350100,27.2275,0.41,66.90243902439025
2008-12-09,27.22,27.64,26.57,26.7,3385100,27.0325,0.41,65.1219512195122
2008-12-10,25.77,26.69,25.77,26.32,4136500,26.1375,0.41,64.19512195121952
2008-12-11,26.32,26.6,25.52,25.6,3692700,26.01,0.41,62.43902439024391
2008-12-12,25.32,26.23,25.09,26.09,3789500,25.6825,0.41,63.63414634146342
2008-12-15,25.77,26.09,24.95,25.27,4841500,25.52,0.41,61.63414634146342
2008-12-16,25.5,26.62,25.12,26.62,5153600,25.965,0.41,64.92682926829269
2008-12-17,26.05,26.96,25.76,26.61,5390422,26.345,0.39,68.23076923076923
2008-12-18,26.7,27.18,25.55,25.89,5790000,26.33,0.39,66.38461538461539
2008-12-19,26.15,26.48,25.81,26.25,5383289,26.1725,0.39,67.3076923076923
2008-12-22,26.14,26.85,25.19,25.64,3686500,25.955,0.39,65.74358974358974
2008-12-23,25.8,26.0,25.0,25.29,2703000,25.5225,0.39,64.84615384615384
2008-12-24,25.2,25.26,25.0,25.06,1031476,25.13,0.39,64.25641025641025
2008-12-26,25.08,25.46,25.0,25.19,1171800,25.1825,0.39,64.58974358974359
2008-12-29,25.26,25.39,24.45,24.72,2387600,24.955,0.39,63.38461538461538
2008-12-30,24.93,25.8,24.78,25.79,2307000,25.325,0.39,66.12820512820512
2008-12-31,25.5,26.4,25.42,26.28,3218400,25.9,0.39,67.38461538461539
2009-01-02,26.31,27.06,25.96,26.94,2867045,26.5675,0.39,69.07692307692308
2009-01-05,26.63,26.81,26.15,26.42,3940600,26.5025,0.39,67.74358974358975
2009-01-06,26.59,26.67,26.15,26.4,3802800,26.4525,0.39,67.6923076923077
2009-01-07,26.17,26.48,26.0,26.08,5042100,26.1825,0.39,66.87179487179486
2009-01-08,26.27,26.46,25.79,26.18,2754300,26.175,0.39,67.12820512820512
2009-01-09,26.13,26.13,25.11,25.31,3306100,25.67,0.39,64.8974358974359
2009-01-12,25.37,25.6,24.92,25.13,3235400,25.255,0.39,64.43589743589743
2009-01-13,25.15,25.6,25.13,25.45,3405000,25.3325,0.39,65.25641025641025
2009-01-14,25.15,25.29,24.45,24.59,3223200,24.87,0.39,63.05128205128205
2009-01-15,24.61,25.06,24.23,24.89,4954500,24.6975,0.39,63.82051282051282
2009-01-16,25.02,25.53,24.79,25.43,5238400,25.1925,0.39,65.2051282051282
2009-01-20,25.22,25.77,24.67,24.68,5270600,25.085,0.39,63.28205128205128
2009-01-21,25.06,25.42,24.31,25.1,4979500,24.9725,0.39,64.35897435897436
2009-01-22,24.77,25.03,24.35,24.64,3607600,24.6975,0.39,63.179487179487175
2009-01-23,24.41,24.67,24.08,24.41,3802910,24.3925,0.39,62.58974358974359
2009-01-26,24.37,25.49,24.35,25.32,4878484,24.8825,0.39,64.92307692307692
2009-01-27,24.63,25.6,24.39,25.21,4495300,24.9575,0.39,64.64102564102564
2009-01-28,25.44,25.65,25.08,25.28,5128600,25.3625,0.39,64.82051282051282
2009-01-29,25.25,25.38,24.79,24.85,3579367,25.0675,0.39,63.71794871794872
2009-01-30,24.93,25.16,24.23,24.29,4211400,24.6525,0.39,62.28205128205128
2009-02-02,24.12,24.66,23.96,24.46,4947400,24.3,0.39,62.717948717948715
2009-02-03,24.75,25.57,24.55,25.5,5051400,25.0925,0.39,65.38461538461539
2009-02-04,24.96,25.82,24.96,25.32,4967700,25.265,0.39,64.92307692307692
2009-02-05,24.67,26.22,24.67,26.01,5398000,25.3925,0.39,66.6923076923077
2009-02-06,26.22,27.03,25.9,26.93,5583500,26.52,0.39,69.05128205128204
2009-02-09,26.6,26.8,26.35,26.53,4174500,26.57,0.39,68.02564102564102
2009-02-10,26.44,26.53,25.11,25.17,6379600,25.8125,0.39,64.53846153846155
2009-02-11,25.09,25.69,25.02,25.38,3146000,25.295,0.39,65.07692307692307
2009-02-12,25.1,25.4,24.64,25.4,3883100,25.135,0.39,65.12820512820512
2009-02-13,25.4,25.52,25.0,25.03,2536800,25.2375,0.39,64.17948717948718
2009-02-17,24.44,24.77,23.97,24.01,5366100,24.2975,0.39,61.56410256410257
2009-02-18,24.33,24.84,24.0,24.58,3422700,24.4375,0.39,63.02564102564102
2009-02-19,24.68,24.95,23.86,23.88,4573500,24.3425,0.39,61.230769230769226
2009-02-20,23.71,24.14,23.61,23.97,6991800,23.8575,0.39,61.46153846153846
2009-02-23,24.07,24.11,23.23,23.26,4561730,23.6675,0.39,59.64102564102564
2009-02-24,23.46,24.0,23.25,23.91,4346900,23.655,0.39,61.30769230769231
2009-02-25,23.58,23.9,23.0,23.6,6086200,23.52,0.39,60.51282051282051
2009-02-26,23.42,23.55,22.85,22.92,6892000,23.185,0.39,58.769230769230774
2009-02-27,21.95,22.6,21.83,22.06,9316300,22.11,0.39,56.56410256410256
2009-03-02,21.69,21.8,20.7,20.71,7841600,21.225,0.39,53.1025641025641
2009-03-03,20.79,21.05,20.31,20.93,10361609,20.77,0.39,53.666666666666664
2009-03-04,21.05,21.71,21.0,21.51,7520700,21.3175,0.39,55.15384615384615
2009-03-05,21.43,21.43,21.01,21.05,6402473,21.23,0.39,53.97435897435897
2009-03-06,21.12,21.42,20.45,20.94,5539500,20.9825,0.39,53.69230769230769
2009-03-09,20.77,21.07,20.33,20.43,3891000,20.65,0.39,52.38461538461538
2009-03-10,20.56,21.71,20.55,21.69,5351300,21.1275,0.39,55.61538461538462
2009-03-11,22.17,22.17,21.23,21.47,3953800,21.76,0.39,55.051282051282044
2009-03-12,21.48,22.32,21.1,22.31,3745800,21.8025,0.39,57.2051282051282
2009-03-13,22.63,22.88,22.31,22.75,4153800,22.6425,0.39,58.33333333333333
2009-03-16,22.6,22.97,22.38,22.4,3237200,22.5875,0.39,57.43589743589743
2009-03-17,22.54,23.17,22.36,23.17,2967600,22.81,0.39,59.410256410256416
2009-03-18,22.98,23.46,22.66,23.25,5549500,23.0875,0.39,59.61538461538461
2009-03-19,23.25,23.47,22.96,23.15,2703400,23.2075,0.39,59.35897435897435
2009-03-20,23.38,23.77,23.0,23.03,4652300,23.295,0.39,59.05128205128205
2009-03-23,23.79,24.26,23.3,24.25,4786100,23.9,0.39,62.179487179487175
2009-03-24,24.18,24.38,23.87,24.26,6286500,24.1725,0.39,62.205128205128204
2009-03-25,23.6,24.1,23.11,23.62,9882852,23.6075,0.36,65.61111111111111
2009-03-26,24.35,26.03,23.75,25.88,11474200,25.0025,0.36,71.88888888888889
2009-03-27,25.5,25.81,25.18,25.35,5113500,25.46,0.36,70.41666666666667
2009-03-30,25.17,25.34,24.89,25.18,4643500,25.145,0.36,69.94444444444444
2009-03-31,25.33,26.05,25.25,25.67,4885600,25.575,0.36,71.30555555555556
2009-04-01,25.16,25.81,24.93,25.68,5684600,25.395,0.36,71.33333333333333
2009-04-02,26.15,26.92,26.01,26.63,5178700,26.4275,0.36,73.97222222222223
2009-04-03,26.9,27.36,26.49,27.34,5235200,27.0225,0.36,75.94444444444444
2009-04-06,26.93,27.24,26.53,26.91,3984800,26.9025,0.36,74.75
2009-04-07,26.36,26.49,25.95,26.17,4311600,26.2425,0.36,72.69444444444446
2009-04-08,26.19,26.66,26.01,26.54,3648500,26.35,0.36,73.72222222222223
2009-04-09,27.01,27.06,26.74,27.01,3384300,26.955,0.36,75.02777777777779
2009-04-13,26.92,27.16,26.69,27.03,4134800,26.95,0.36,75.08333333333334
2009-04-14,26.75,26.96,26.48,26.61,2488400,26.7,0.36,73.91666666666667
2009-04-15,26.5,26.82,26.32,26.76,2928700,26.6,0.36,74.33333333333334
2009-04-16,27.15,27.66,26.79,27.56,3556200,27.29,0.36,76.55555555555556
2009-04-17,27.63,27.63,27.09,27.41,3419600,27.44,0.36,76.13888888888889
2009-04-20,26.98,27.0,26.53,26.67,2812100,26.795,0.36,74.08333333333334
2009-04-21,26.5,27.38,26.41,27.31,4473300,26.9,0.36,75.86111111111111
2009-04-22,27.1,27.68,26.85,27.2,2852100,27.2075,0.36,75.55555555555556
2009-04-23,26.77,26.96,26.4,26.95,3378200,26.77,0.36,74.86111111111111
2009-04-24,27.04,27.6,26.85,27.46,2966300,27.2375,0.36,76.27777777777779
2009-04-27,26.74,27.38,26.67,26.82,4685300,26.9025,0.36,74.5
2009-04-28,26.97,27.17,26.35,26.97,2657500,26.865,0.36,74.91666666666667
2009-04-29,27.01,27.73,26.84,27.44,3522800,27.255,0.36,76.22222222222223
2009-04-30,26.95,27.74,26.84,27.01,3835131,27.135,0.36,75.02777777777779
2009-05-01,26.76,27.19,26.74,26.93,2102086,26.905,0.36,74.80555555555556
2009-05-04,27.26,27.57,26.93,27.27,3691200,27.2575,0.36,75.75
2009-05-05,27.24,27.72,27.22,27.65,3427800,27.4575,0.36,76.80555555555556
2009-05-06,27.81,28.05,27.25,27.88,3268700,27.7475,0.36,77.44444444444444
2009-05-07,27.15,28.2,26.87,27.04,4258100,27.315,0.36,75.11111111111111
2009-05-08,27.34,28.07,27.11,27.87,4845300,27.5975,0.36,77.41666666666667
2009-05-11,27.57,27.99,27.27,27.57,2639600,27.6,0.36,76.58333333333334
2009-05-12,27.74,27.85,27.27,27.68,3234700,27.635,0.36,76.88888888888889
2009-05-13,27.37,27.48,26.62,26.82,3231753,27.0725,0.36,74.5
2009-05-14,26.87,27.05,26.65,26.76,3360500,26.8325,0.36,74.33333333333334
2009-05-15,26.72,27.04,26.5,26.72,2584400,26.745,0.36,74.22222222222223
2009-05-18,27.0,27.6,26.75,27.6,2779900,27.2375,0.36,76.66666666666667
2009-05-19,27.6,27.6,27.08,27.33,2045900,27.4025,0.36,75.91666666666667
2009-05-20,27.61,27.84,27.28,27.31,2223000,27.51,0.36,75.86111111111111
2009-05-21,26.86,27.07,26.25,26.56,4122400,26.685,0.36,73.77777777777777
2009-05-22,26.63,27.01,26.51,26.62,2414900,26.6925,0.36,73.94444444444444
2009-05-26,26.26,27.56,26.25,27.49,3666300,26.89,0.36,76.36111111111111
2009-05-27,27.42,27.56,26.87,26.93,3531000,27.195,0.36,74.80555555555556
2009-05-28,27.16,27.38,26.59,27.17,2660200,27.075,0.36,75.47222222222223
2009-05-29,27.27,27.37,26.68,27.34,3395200,27.165,0.36,75.94444444444444
2009-06-01,28.18,28.56,27.6,28.46,4269600,28.2,0.36,79.05555555555556
2009-06-02,28.57,28.6,28.16,28.24,4259980,28.3925,0.36,78.44444444444444
2009-06-03,28.1,28.38,27.26,27.45,5725900,27.7975,0.36,76.25
2009-06-04,27.78,27.78,27.16,27.45,4319400,27.5425,0.36,76.25
2009-06-05,27.88,27.91,27.39,27.67,3198500,27.7125,0.36,76.86111111111111
2009-06-08,27.57,27.87,27.26,27.56,2099300,27.565,0.36,76.55555555555556
2009-06-09,27.65,27.76,27.36,27.65,2181626,27.605,0.36,76.80555555555556
2009-06-10,27.9,28.03,27.5,27.85,2990600,27.82,0.36,77.36111111111111
2009-06-11,27.89,28.65,27.86,28.32,3914600,28.18,0.36,78.66666666666667
2009-06-12,27.88,27.97,26.95,27.57,5551602,27.5925,0.36,76.58333333333334
2009-06-15,27.22,27.33,26.94,27.26,4169800,27.1875,0.36,75.72222222222223
2009-06-16,27.37,27.47,27.07,27.08,4090200,27.2475,0.36,75.22222222222221
2009-06-17,27.1,27.21,26.85,26.89,5585200,27.0125,0.36,74.69444444444444
2009-06-18,26.5,26.88,26.42,26.8,5494000,26.65,0.36,74.44444444444444
2009-06-19,27.07,27.11,26.54,26.71,5182100,26.8575,0.36,74.19444444444444
2009-06-22,26.41,26.68,26.22,26.42,4557800,26.4325,0.36,73.3888888888889
2009-06-23,26.31,26.42,25.91,26.14,5992309,26.195,0.36,72.61111111111111
2009-06-24,26.35,26.78,26.3,26.71,4952484,26.535,0.36,74.19444444444444
2009-06-25,25.23,25.38,24.06,25.06,16720500,24.9325,0.36,69.61111111111111
2009-06-26,24.87,25.53,24.73,25.47,6630800,25.15,0.36,70.75
2009-06-29,25.26,25.62,24.91,25.38,6709400,25.2925,0.36,70.5
2009-06-30,25.41,25.68,25.05,25.2,5618800,25.335,0.36,70.0
2009-07-01,25.27,25.89,25.13,25.59,4720000,25.47,0.36,71.08333333333333
2009-07-02,25.36,25.36,24.66,24.83,5499023,25.0525,0.36,68.97222222222221
2009-07-06,24.74,25.11,24.67,25.07,3564100,24.8975,0.36,69.63888888888889
2009-07-07,24.94,25.14,24.22,24.27,3930000,24.6425,0.36,67.41666666666667
2009-07-08,24.41,24.52,24.21,24.39,4477100,24.3825,0.36,67.75
2009-07-09,24.52,24.52,24.01,24.21,3408300,24.315,0.36,67.25
2009-07-10,24.18,24.42,24.0,24.25,3108000,24.2125,0.36,67.36111111111111
2009-07-13,24.28,24.63,23.84,24.62,3238000,24.3425,0.36,68.3888888888889
2009-07-14,24.61,24.64,24.29,24.64,2985100,24.545,0.36,68.44444444444444
2009-07-15,24.85,25.37,24.61,25.3,5107600,25.0325,0.36,70.27777777777779
2009-07-16,25.18,25.44,24.93,25.35,4783500,25.225,0.36,70.41666666666667
2009-07-17,25.48,25.48,25.06,25.36,2704000,25.345,0.36,70.44444444444444
2009-07-20,25.33,25.61,25.26,25.6,3374200,25.45,0.32,80.0
2009-07-21,25.74,25.78,25.25,25.64,3601200,25.6025,0.32,80.125
2009-07-22,25.59,25.69,25.25,25.56,2547884,25.5225,0.32,79.875
2009-07-23,25.26,26.24,25.26,26.09,3982500,25.7125,0.32,81.53125
2009-07-24,25.96,26.23,25.82,26.2,2301800,26.0525,0.32,81.875
2009-07-27,26.3,26.53,26.05,26.51,3128000,26.3475,0.32,82.84375
2009-07-28,26.32,26.83,26.28,26.63,3720600,26.515,0.32,83.21875
2009-07-29,26.58,27.0,26.45,26.97,4704000,26.75,0.32,84.28125
2009-07-30,26.96,26.96,26.2,26.36,5312500,26.62,0.32,82.375
2009-07-31,26.4,26.73,26.25,26.5,3177077,26.47,0.32,82.8125
2009-08-03,26.5,26.71,26.01,26.5,4851066,26.43,0.32,82.8125
2009-08-04,26.49,26.85,26.23,26.72,4211400,26.5725,0.32,83.5
2009-08-05,26.68,26.7,26.15,26.44,3502099,26.4925,0.32,82.625
2009-08-06,26.45,26.5,26.1,26.22,3716500,26.3175,0.32,81.9375
2009-08-07,26.75,27.87,26.58,27.8,5791100,27.25,0.32,86.875
2009-08-10,27.76,28.0,27.34,27.58,3417200,27.67,0.32,86.18749999999999
2009-08-11,27.44,27.59,27.17,27.38,2098699,27.395,0.32,85.5625
2009-08-12,27.94,28.08,27.17,27.86,2883800,27.7625,0.32,87.0625
2009-08-13,28.22,28.3,27.9,28.25,3212200,28.1675,0.32,88.28125
2009-08-14,28.23,28.3,27.65,28.02,3150600,28.05,0.32,87.5625
2009-08-17,27.51,27.85,27.29,27.34,3006137,27.4975,0.32,85.4375
2009-08-18,27.52,27.69,27.36,27.56,1956500,27.5325,0.32,86.125
2009-08-19,27.35,27.9,27.31,27.82,1876200,27.595,0.32,86.9375
2009-08-20,27.97,28.0,27.63,28.0,2310800,27.9,0.32,87.5
2009-08-21,28.2,28.64,27.77,28.4,3845200,28.2525,0.32,88.75
2009-08-24,28.38,28.64,28.28,28.52,2153400,28.455,0.32,89.125
2009-08-25,28.57,28.74,28.35,28.44,2620200,28.525,0.32,88.875
2009-08-26,28.3,28.41,28.06,28.28,3180700,28.2625,0.32,88.375
2009-08-27,28.25,28.48,27.94,28.42,2453100,28.2725,0.32,88.8125
2009-08-28,28.51,28.7,28.15,28.42,2037900,28.445,0.32,88.8125
2009-08-31,28.33,28.39,28.0,28.29,2266200,28.2525,0.32,88.40625
2009-09-01,28.45,28.45,27.38,27.49,4621400,27.9425,0.32,85.90625
2009-09-02,27.39,27.72,27.32,27.49,2740100,27.48,0.32,85.90625
2009-09-03,27.54,27.76,27.16,27.73,2664800,27.5475,0.32,86.65625
2009-09-04,27.8,28.1,27.55,28.04,3077700,27.8725,0.32,87.625
2009-09-08,28.17,28.27,27.75,27.99,2898400,28.045,0.32,87.46875
2009-09-09,28.0,28.38,27.56,28.29,3171900,28.0575,0.32,88.40625
2009-09-10,28.33,28.43,28.0,28.42,1953000,28.295,0.32,88.8125
2009-09-11,28.38,28.64,28.26,28.57,2148100,28.4625,0.32,89.28125
2009-09-14,28.5,28.9,28.39,28.9,2374187,28.6725,0.32,90.3125
2009-09-15,28.88,28.88,28.53,28.77,1686000,28.765,0.32,89.90625
2009-09-16,28.75,29.57,28.67,29.44,3255719,29.1075,0.32,92.0
2009-09-17,29.48,29.82,29.29,29.74,3806200,29.5825,0.32,92.9375
2009-09-18,29.98,29.98,29.39,29.68,4755691,29.7575,0.32,92.75
2009-09-21,29.72,30.18,29.5,29.87,3161400,29.8175,0.32,93.34375
2009-09-22,30.1,30.75,29.77,30.7,4154871,30.33,0.32,95.9375
2009-09-23,30.59,31.54,30.51,31.04,6939500,30.92,0.34,91.29411764705881
2009-09-24,30.02,30.4,28.9,29.13,9366508,29.6125,0.34,85.67647058823529
2009-09-25,29.25,29.36,28.44,28.78,5145000,28.9575,0.34,84.6470588235294
2009-09-28,28.98,29.46,28.89,29.29,3201300,29.155,0.34,86.1470588235294
2009-09-29,29.15,29.35,28.81,28.85,3451200,29.04,0.34,84.85294117647058
2009-09-30,28.9,29.14,28.5,29.05,3805800,28.8975,0.34,85.44117647058823
2009-10-01,28.8,29.02,28.21,28.38,4071932,28.6025,0.34,83.4705882352941
2009-10-02,28.14,28.38,27.91,28.06,3323000,28.1225,0.34,82.52941176470587
2009-10-05,28.03,28.31,27.85,28.29,2173400,28.12,0.34,83.20588235294117
2009-10-06,28.51,28.84,28.3,28.58,3443300,28.5575,0.34,84.05882352941175
2009-10-07,28.53,28.68,28.38,28.64,2136000,28.5575,0.34,84.23529411764706
2009-10-08,28.86,28.98,28.71,28.78,2388200,28.8325,0.34,84.6470588235294
2009-10-09,28.66,28.78,28.47,28.7,2661800,28.6525,0.34,84.41176470588235
2009-10-12,28.9,28.93,28.42,28.64,1981002,28.7225,0.34,84.23529411764706
2009-10-13,28.65,28.7,28.37,28.53,1851700,28.5625,0.34,83.91176470588235
2009-10-14,28.7,29.04,28.51,29.03,2395200,28.82,0.34,85.38235294117646
2009-10-15,29.02,29.11,28.79,28.92,2852900,28.96,0.34,85.05882352941177
2009-10-16,28.51,28.83,28.45,28.75,2812900,28.635,0.34,84.55882352941175
2009-10-19,28.78,28.97,28.46,28.82,3393000,28.7575,0.34,84.76470588235294
2009-10-20,28.78,28.95,28.35,28.56,2098000,28.66,0.34,83.99999999999999
2009-10-21,28.51,29.07,28.51,28.59,2647400,28.67,0.34,84.08823529411764
2009-10-22,28.52,29.02,28.26,28.92,2629100,28.68,0.34,85.05882352941177
2009-10-23,28.82,28.9,28.37,28.52,2695354,28.6525,0.34,83.88235294117646
2009-10-26,28.52,29.37,28.52,29.2,5096000,28.9025,0.34,85.88235294117646
2009-10-27,29.25,29.6,29.05,29.15,3780000,29.2625,0.34,85.73529411764704
2009-10-28,29.05,29.42,28.92,29.04,4104200,29.1075,0.34,85.41176470588235
2009-10-29,29.04,29.09,28.57,28.67,4447400,28.8425,0.34,84.32352941176471
2009-10-30,28.74,29.0,28.4,28.41,5368375,28.6375,0.34,83.55882352941175
2009-11-02,28.86,28.87,28.29,28.41,4252375,28.6075,0.34,83.55882352941175
2009-11-03,28.43,28.67,28.15,28.62,4071200,28.4675,0.34,84.17647058823529
2009-11-04,28.67,29.51,28.58,29.14,4886100,28.975,0.34,85.70588235294117
2009-11-05,29.5,30.39,29.26,30.36,5839600,29.8775,0.34,89.29411764705881
2009-11-06,30.02,30.44,29.75,30.37,3537900,30.145,0.34,89.3235294117647
2009-11-09,30.47,31.05,30.37,30.95,4629400,30.71,0.34,91.02941176470587
2009-11-10,30.94,31.21,30.72,30.94,4094100,30.9525,0.34,91.0
2009-11-11,31.18,31.2,30.78,30.97,2880400,31.0325,0.34,91.08823529411764
2009-11-12,31.05,31.34,30.87,31.0,4504500,31.065,0.34,91.17647058823529
2009-11-13,30.97,31.06,30.71,31.02,3471300,30.94,0.34,91.23529411764706
2009-11-16,31.21,31.5,31.03,31.47,2964700,31.3025,0.34,92.55882352941175
2009-11-17,31.24,31.56,31.23,31.56,1988700,31.3975,0.34,92.8235294117647
2009-11-18,31.48,31.48,31.17,31.31,2149501,31.36,0.34,92.08823529411764
2009-11-19,31.2,31.2,30.77,30.95,2558800,31.03,0.34,91.02941176470587
2009-11-20,30.69,31.12,30.69,31.05,2174500,30.8875,0.34,91.3235294117647
2009-11-23,31.53,31.85,31.29,31.69,3579743,31.59,0.34,93.20588235294117
2009-11-24,31.4,31.69,31.33,31.62,2457800,31.51,0.34,93.0
2009-11-25,31.7,31.83,31.65,31.69,1551300,31.7175,0.34,93.20588235294117
2009-11-27,30.96,31.52,30.88,31.33,1242000,31.1725,0.34,92.1470588235294
2009-11-30,31.19,31.53,31.06,31.35,2682532,31.2825,0.34,92.20588235294117
2009-12-01,31.47,31.85,31.47,31.73,4757500,31.63,0.34,93.3235294117647
2009-12-02,31.71,32.34,31.69,32.09,3432200,31.9575,0.34,94.38235294117648
2009-12-03,32.23,32.29,31.74,31.75,3314200,32.0025,0.34,93.38235294117646
2009-12-04,32.27,32.88,32.1,32.35,5952100,32.4,0.34,95.1470588235294
2009-12-07,32.31,32.61,32.26,32.5,2785000,32.42,0.34,95.58823529411764
2009-12-08,32.29,32.43,31.78,31.82,3956200,32.08,0.34,93.58823529411764
2009-12-09,31.8,31.83,31.43,31.7,3806600,31.69,0.34,93.23529411764704
2009-12-10,31.89,32.13,31.81,31.84,3793200,31.9175,0.34,93.6470588235294
2009-12-11,32.08,32.1,31.71,31.84,2372338,31.9325,0.34,93.6470588235294
2009-12-14,32.1,32.25,31.85,32.0,2976600,32.05,0.34,94.11764705882352
2009-12-15,31.92,32.04,31.66,31.82,3558100,31.86,0.34,93.58823529411764
2009-12-16,31.89,31.98,31.34,31.5,4710277,31.6775,0.35,90.0
2009-12-17,32.02,32.06,30.75,30.87,6442800,31.425,0.35,88.2
2009-12-18,31.03,31.12,30.77,30.92,5955800,30.96,0.35,88.34285714285716
2009-12-21,30.98,31.33,30.9,30.96,2924300,31.0425,0.35,88.45714285714287
2009-12-22,31.08,31.09,30.87,30.96,2412900,31.0,0.35,88.45714285714287
2009-12-23,31.12,31.12,30.8,30.85,1858100,30.9725,0.35,88.14285714285715
2009-12-24,31.0,31.03,30.92,31.03,852400,30.995,0.35,88.65714285714287
2009-12-28,31.14,31.17,30.93,31.0,1568665,31.06,0.35,88.57142857142858
2009-12-29,31.13,31.15,30.93,30.96,1129200,31.0425,0.35,88.45714285714287
2009-12-30,31.11,31.11,30.86,30.9,1594300,30.995,0.35,88.28571428571429
2009-12-31,30.81,30.99,30.64,30.64,2073200,30.77,0.35,87.54285714285714
2010-01-04,31.14,31.15,30.73,30.82,3731565,30.96,0.35,88.05714285714286
2010-01-05,30.85,30.88,30.54,30.8,3237700,30.7675,0.35,88.00000000000001
2010-01-06,30.81,31.09,30.67,31.05,3507700,30.905,0.35,88.71428571428572
2010-01-07,30.95,31.55,30.75,31.54,3674700,31.1975,0.35,90.11428571428571
2010-01-08,30.87,31.6,30.64,31.56,5082700,31.1675,0.35,90.17142857142858
2010-01-11,31.56,31.9,31.23,31.75,3256600,31.61,0.35,90.71428571428572
2010-01-12,31.77,31.79,31.41,31.64,2806200,31.6525,0.35,90.4
2010-01-13,31.54,31.72,31.24,31.66,3927000,31.54,0.35,90.45714285714287
2010-01-14,31.53,31.66,31.1,31.35,2300000,31.41,0.35,89.57142857142858
2010-01-15,30.77,31.08,30.51,30.67,4405184,30.7575,0.35,87.62857142857143
2010-01-19,30.7,30.79,30.25,30.43,4649700,30.5425,0.35,86.94285714285715
2010-01-20,30.17,30.5,29.83,30.45,4836000,30.2375,0.35,87.0
2010-01-21,30.44,30.85,30.11,30.23,3833700,30.4075,0.35,86.37142857142858
2010-01-22,30.24,30.34,29.62,29.64,3658700,29.96,0.35,84.6857142857143
2010-01-25,29.75,29.76,29.36,29.5,2919439,29.5925,0.35,84.28571428571429
2010-01-26,29.39,29.66,29.33,29.37,3873500,29.4375,0.35,83.91428571428573
2010-01-27,29.25,29.53,29.12,29.38,4804800,29.32,0.35,83.94285714285715
2010-01-28,29.23,29.3,28.62,28.87,4935300,29.005,0.35,82.4857142857143
2010-01-29,29.0,29.31,28.96,28.99,6691300,29.065,0.35,82.82857142857144
2010-02-01,29.26,29.35,29.0,29.32,5191723,29.2325,0.35,83.77142857142857
2010-02-02,29.36,29.62,28.97,29.51,3507200,29.365,0.35,84.31428571428573
2010-02-03,29.51,29.63,29.3,29.48,2423100,29.48,0.35,84.22857142857144
2010-02-04,29.25,29.33,28.85,28.98,4839125,29.1025,0.35,82.80000000000001
2010-02-05,28.95,29.08,28.5,28.94,4116700,28.8675,0.35,82.6857142857143
2010-02-08,28.71,29.09,28.71,28.86,2798700,28.8425,0.35,82.45714285714286
2010-02-09,29.13,29.35,28.89,29.11,2877200,29.12,0.35,83.17142857142858
2010-02-10,29.07,29.24,28.82,29.08,1812000,29.0525,0.35,83.08571428571429
2010-02-11,29.0,29.51,28.82,29.43,2460500,29.19,0.35,84.08571428571429
2010-02-12,28.97,29.63,28.97,29.53,3620700,29.275,0.35,84.37142857142858
2010-02-16,29.87,29.91,29.5,29.87,1797900,29.7875,0.35,85.34285714285716
2010-02-17,30.0,30.12,29.92,30.08,1870800,30.03,0.35,85.94285714285715
2010-02-18,30.17,30.32,30.05,30.16,2416200,30.175,0.35,86.17142857142858
2010-02-19,30.13,30.28,29.93,30.23,2641600,30.1425,0.35,86.37142857142858
2010-02-22,30.23,30.43,30.15,30.29,1501300,30.275,0.35,86.54285714285714
2010-02-23,30.03,30.46,29.85,30.09,2559200,30.1075,0.35,85.97142857142858
2010-02-24,30.31,30.57,30.18,30.31,3428300,30.3425,0.35,86.60000000000001
2010-02-25,29.91,30.03,29.57,29.8,3686100,29.8275,0.35,85.14285714285715
2010-02-26,29.92,30.0,29.7,29.94,2317000,29.89,0.35,85.54285714285716
2010-03-01,30.24,30.39,29.86,30.29,2315000,30.195,0.35,86.54285714285714
2010-03-02,30.27,30.33,29.93,29.99,2477900,30.13,0.35,85.68571428571428
2010-03-03,30.38,30.52,30.12,30.36,2881600,30.345,0.35,86.74285714285715
2010-03-04,30.49,30.51,30.19,30.33,2387500,30.38,0.35,86.65714285714286
2010-03-05,30.5,31.21,30.42,31.12,2704700,30.8125,0.35,88.91428571428573
2010-03-08,31.22,31.46,31.02,31.25,2282700,31.2375,0.35,89.28571428571429
2010-03-09,31.25,31.63,31.16,31.5,2231200,31.385,0.35,90.0
2010-03-10,31.54,31.9,31.51,31.79,2325400,31.685,0.35,90.82857142857144
2010-03-11,31.64,31.89,31.58,31.88,1411900,31.7475,0.35,91.08571428571429
2010-03-12,31.91,32.23,31.75,32.13,2254800,32.005,0.35,91.80000000000001
2010-03-15,32.2,32.46,32.02,32.44,1971400,32.28,0.35,92.68571428571428
2010-03-16,32.5,32.6,32.19,32.29,2834100,32.395,0.35,92.25714285714287
2010-03-17,32.28,32.55,32.25,32.43,2871100,32.3775,0.35,92.65714285714286
2010-03-18,32.49,32.62,32.35,32.47,2635595,32.4825,0.35,92.77142857142857
2010-03-19,32.68,32.75,32.01,32.17,4713200,32.4025,0.35,91.91428571428573
2010-03-22,32.06,32.58,32.02,32.49,2052300,32.2875,0.35,92.82857142857144
2010-03-23,32.82,32.82,32.47,32.76,2078621,32.7175,0.35,93.6
2010-03-24,32.68,32.75,32.28,32.34,3922022,32.5125,0.31,104.3225806451613
2010-03-25,31.57,31.85,30.99,31.07,8069400,31.37,0.31,100.22580645161291
2010-03-26,31.07,31.43,31.04,31.21,4416700,31.1875,0.31,100.67741935483872
2010-03-29,31.27,31.47,31.0,31.19,2661200,31.2325,0.31,100.61290322580646
2010-03-30,31.15,31.35,30.93,31.06,2956500,31.1225,0.31,100.19354838709677
2010-03-31,30.93,31.02,30.68,30.72,3136400,30.8375,0.31,99.09677419354838
2010-04-01,30.72,30.9,30.47,30.72,4108200,30.7025,0.31,99.09677419354838
2010-04-05,30.78,31.2,30.71,31.08,2657900,30.9425,0.31,100.25806451612902
2010-04-06,31.01,31.09,30.88,30.98,2188900,30.99,0.31,99.93548387096774
2010-04-07,31.0,31.15,30.55,30.65,3006200,30.8375,0.31,98.87096774193547
2010-04-08,30.45,30.96,30.4,30.9,3882336,30.6775,0.31,99.6774193548387
2010-04-09,30.9,31.24,30.79,31.22,1987800,31.0375,0.31,100.70967741935483
2010-04-12,31.2,31.22,30.94,31.11,2204200,31.1175,0.31,100.35483870967742
2010-04-13,31.16,31.21,30.92,31.14,1530700,31.1075,0.31,100.45161290322581
2010-04-14,31.08,31.4,31.05,31.39,1596100,31.23,0.31,101.25806451612904
2010-04-15,31.39,31.39,31.1,31.22,2225300,31.275,0.31,100.70967741935483
2010-04-16,31.16,31.22,30.78,30.82,4133600,30.995,0.31,99.41935483870968
2010-04-19,30.79,31.11,30.71,31.08,2651700,30.9225,0.31,100.25806451612902
2010-04-20,31.25,31.43,31.09,31.38,1629600,31.2875,0.31,101.2258064516129
2010-04-21,31.29,31.42,31.13,31.4,1844200,31.31,0.31,101.29032258064515
2010-04-22,31.25,31.55,31.02,31.52,2168000,31.335,0.31,101.6774193548387
2010-04-23,31.52,31.76,31.28,31.72,2185500,31.57,0.31,102.32258064516128
2010-04-26,31.69,31.84,31.55,31.76,1781920,31.71,0.31,102.45161290322581
2010-04-27,31.7,31.91,31.18,31.25,2850400,31.51,0.31,100.80645161290323
2010-04-28,31.36,31.56,31.02,31.12,2618500,31.265,0.31,100.38709677419355
2010-04-29,30.81,30.92,30.56,30.89,3073900,30.795,0.31,99.64516129032258
2010-04-30,31.05,31.05,30.56,30.57,2920585,30.8075,0.31,98.61290322580645
2010-05-03,30.6,30.98,30.46,30.95,2772400,30.7475,0.31,99.83870967741936
2010-05-04,30.81,30.85,30.18,30.44,2976100,30.57,0.31,98.19354838709678
2010-05-05,30.4,30.79,30.0,30.16,2338600,30.3375,0.31,97.29032258064517
2010-05-06,30.06,30.48,28.11,29.25,5676031,29.475,0.31,94.35483870967742
2010-05-07,29.17,29.45,28.65,28.95,7453500,29.055,0.31,93.38709677419355
2010-05-10,29.41,30.38,29.41,30.38,4394600,29.895,0.31,98.0
2010-05-11,30.16,30.64,30.07,30.25,3028131,30.28,0.31,97.58064516129032
2010-05-12,30.35,30.66,30.09,30.59,2429700,30.4225,0.31,98.6774193548387
2010-05-13,30.48,30.68,30.08,30.1,2836400,30.335,0.31,97.0967741935484
2010-05-14,30.01,30.26,29.3,29.46,3324800,29.7575,0.31,95.03225806451613
2010-05-17,29.64,30.07,29.52,29.99,3061700,29.805,0.31,96.74193548387096
2010-05-18,30.23,30.39,29.63,29.75,2397900,30.0,0.31,95.96774193548387
2010-05-19,29.75,30.03,29.47,29.6,4044300,29.7125,0.31,95.48387096774194
2010-05-20,29.05,29.33,28.86,28.92,7666711,29.04,0.31,93.29032258064517
2010-05-21,28.67,29.48,28.5,29.45,7331900,29.025,0.31,95.0
2010-05-24,29.35,29.55,28.99,28.99,4726400,29.22,0.31,93.51612903225806
2010-05-25,28.56,28.8,28.33,28.8,6308500,28.6225,0.31,92.90322580645162
2010-05-26,28.91,29.29,28.19,28.35,5507500,28.685,0.31,91.45161290322581
2010-05-27,28.71,28.92,28.57,28.8,3709100,28.75,0.31,92.90322580645162
2010-05-28,28.8,28.92,28.41,28.54,2785200,28.6675,0.31,92.06451612903226
2010-06-01,28.39,28.8,28.16,28.22,2173500,28.3925,0.31,91.03225806451613
2010-06-02,28.26,28.86,28.02,28.86,2383100,28.5,0.31,93.09677419354838
2010-06-03,29.02,29.14,28.75,29.07,2244800,28.995,0.31,93.7741935483871
2010-06-04,28.44,28.67,27.89,27.97,2892903,28.2425,0.31,90.2258064516129
2010-06-07,27.98,28.16,27.59,27.62,3038500,27.8375,0.31,89.09677419354838
2010-06-08,27.64,27.98,27.53,27.91,3419800,27.765,0.31,90.03225806451613
2010-06-09,27.99,28.44,27.9,27.95,2366400,28.07,0.31,90.16129032258064
2010-06-10,28.32,28.71,28.12,28.59,3409371,28.435,0.31,92.2258064516129
2010-06-11,28.2,28.44,27.93,28.36,4000500,28.2325,0.31,91.48387096774194
2010-06-14,28.63,28.74,28.18,28.23,3450800,28.445,0.31,91.06451612903226
2010-06-15,28.34,28.98,28.26,28.97,2837700,28.6375,0.31,93.45161290322581
2010-06-16,28.76,28.97,28.6,28.88,2250400,28.8025,0.31,93.16129032258064
2010-06-17,28.97,28.97,28.4,28.67,3936000,28.7525,0.31,92.48387096774194
2010-06-18,28.67,28.73,28.27,28.33,4658400,28.5,0.31,91.38709677419354
2010-06-21,28.51,28.87,28.0,28.15,3123500,28.3825,0.31,90.80645161290322
2010-06-22,28.23,28.38,27.69,27.73,3902300,28.0075,0.31,89.45161290322581
2010-06-23,27.75,27.94,27.33,27.42,5532266,27.61,0.31,88.45161290322581
2010-06-24,26.94,27.3,26.5,26.78,6566700,26.88,0.31,86.38709677419355
2010-06-25,26.72,26.89,26.35,26.51,4574500,26.6175,0.31,85.51612903225806
2010-06-28,26.51,26.76,26.41,26.6,2718000,26.57,0.31,85.80645161290323
2010-06-29,26.39,26.41,25.83,26.0,6117500,26.1575,0.31,83.87096774193549
2010-06-30,26.05,26.25,25.78,25.97,4845500,26.0125,0.31,83.77419354838709
2010-07-01,25.85,26.07,25.56,25.99,8890800,25.8675,0.31,83.83870967741935
2010-07-02,26.05,26.1,25.36,25.47,6288500,25.745,0.31,82.16129032258064
2010-07-06,25.64,25.74,24.89,25.16,10545900,25.3575,0.31,81.16129032258064
2010-07-07,25.15,26.03,25.09,26.02,5957700,25.5725,0.31,83.93548387096774
2010-07-08,26.09,26.27,25.84,26.24,3855500,26.11,0.31,84.64516129032258
2010-07-09,26.28,26.35,26.13,26.28,3085600,26.26,0.31,84.7741935483871
2010-07-12,25.97,26.23,25.56,25.75,6790600,25.8775,0.31,83.06451612903226
2010-07-13,26.01,26.13,25.71,26.06,5584700,25.9775,0.31,84.06451612903226
2010-07-14,26.04,26.39,25.92,26.36,5910200,26.1775,0.31,85.03225806451613
2010-07-15,26.37,26.55,26.14,26.51,4286633,26.3925,0.31,85.51612903225806
2010-07-16,26.34,26.53,25.67,25.67,4845800,26.0525,0.32,80.21875
2010-07-19,25.79,26.13,25.7,26.03,2985900,25.9125,0.32,81.34375
2010-07-20,25.62,26.35,25.5,26.32,3618100,25.9475,0.32,82.25
2010-07-21,26.36,26.4,25.7,25.78,3870419,26.06,0.32,80.5625
2010-07-22,25.93,26.54,25.93,26.32,2783400,26.18,0.32,82.25
2010-07-23,26.17,26.69,26.01,26.64,3353000,26.3775,0.32,83.25
2010-07-26,26.61,26.93,26.52,26.93,2754100,26.7475,0.32,84.15625
2010-07-27,26.97,27.29,26.94,27.08,3914300,27.07,0.32,84.625
2010-07-28,27.0,27.24,26.92,26.93,4114200,27.0225,0.32,84.15625
2010-07-29,26.75,26.88,25.92,26.12,5395900,26.4175,0.32,81.625
2010-07-30,25.83,26.07,25.81,25.99,6424700,25.925,0.32,81.21875
2010-08-02,26.31,26.31,26.04,26.12,4447100,26.195,0.32,81.625
2010-08-03,26.09,26.17,25.85,25.95,4238102,26.015,0.32,81.09375
2010-08-04,25.96,26.1,25.88,25.91,5189900,25.9625,0.32,80.96875
2010-08-05,25.85,25.91,25.62,25.81,4722600,25.7975,0.32,80.65625
2010-08-06,25.55,25.74,25.31,25.56,3515000,25.54,0.32,79.875
2010-08-09,25.73,25.86,25.65,25.75,2359500,25.7475,0.32,80.46875
2010-08-10,25.64,25.84,25.29,25.61,3196700,25.595,0.32,80.03125
2010-08-11,25.32,25.36,24.93,24.97,3623242,25.145,0.32,78.03125
2010-08-12,24.73,24.92,24.65,24.78,2848870,24.77,0.32,77.4375
2010-08-13,24.79,25.05,24.66,24.97,2895200,24.8675,0.32,78.03125
2010-08-16,24.93,25.17,24.75,25.02,2438000,24.9675,0.32,78.1875
2010-08-17,25.26,25.67,25.1,25.48,3099045,25.3775,0.32,79.625
2010-08-18,25.38,25.59,25.17,25.48,2184800,25.405,0.32,79.625
2010-08-19,25.4,25.43,24.94,25.26,2987100,25.2575,0.32,78.9375
2010-08-20,25.16,25.44,25.05,25.38,3113773,25.2575,0.32,79.3125
2010-08-23,25.53,25.69,25.31,25.38,6027700,25.4775,0.32,79.3125
2010-08-24,25.21,25.35,24.96,24.97,2729100,25.1225,0.32,78.03125
2010-08-25,24.85,25.3,24.78,25.2,2571600,25.0325,0.32,78.75
2010-08-26,25.52,25.66,25.19,25.22,3132000,25.3975,0.32,78.8125
2010-08-27,25.33,25.46,24.98,25.37,2965000,25.285,0.32,79.28125
2010-08-30,25.25,25.4,24.98,24.99,1867241,25.155,0.32,78.09375
2010-08-31,24.9,25.22,24.75,24.89,4098600,24.94,0.32,77.78125
2010-09-01,25.25,25.63,25.16,25.5,2762700,25.385,0.32,79.6875
2010-09-02,25.54,26.01,25.39,26.0,2797600,25.735,0.32,81.25
2010-09-03,26.27,26.47,26.21,26.27,2614100,26.305,0.32,82.09375
2010-09-07,26.16,26.28,25.68,25.7,1834300,25.955,0.32,80.3125
2010-09-08,25.76,25.88,25.72,25.76,1845900,25.78,0.32,80.5
2010-09-09,26.03,26.07,25.68,25.79,2493900,25.8925,0.32,80.59375
2010-09-10,25.86,25.94,25.71,25.85,2623600,25.84,0.32,80.78125
2010-09-13,26.17,26.17,25.91,25.98,2690829,26.0575,0.32,81.1875
2010-09-14,25.99,26.09,25.77,25.85,2625350,25.925,0.32,80.78125
2010-09-15,25.85,25.98,25.77,25.87,3213200,25.8675,0.32,80.84375
2010-09-16,25.86,26.03,25.78,25.87,3407500,25.885,0.32,80.84375
2010-09-17,25.99,26.03,25.88,25.95,3870900,25.9625,0.32,81.09375
2010-09-20,26.06,26.7,25.98,26.66,5721023,26.35,0.32,83.3125
2010-09-21,26.74,26.75,26.26,26.35,3518300,26.525,0.32,82.34375
2010-09-22,26.47,26.65,26.29,26.5,3423400,26.4775,0.32,82.8125
2010-09-23,26.35,26.64,26.16,26.25,2844691,26.35,0.32,82.03125
2010-09-24,26.56,27.23,26.32,27.23,5792200,26.835,0.32,85.09375
2010-09-27,27.1,27.19,26.88,26.93,5782387,27.025,0.36,74.80555555555556
2010-09-28,27.0,27.24,26.56,27.17,6044000,26.9925,0.36,75.47222222222223
2010-09-29,27.08,27.27,26.91,27.25,4203400,27.1275,0.36,75.69444444444444
2010-09-30,27.5,27.72,27.22,27.49,5976600,27.4825,0.36,76.36111111111111
2010-10-01,27.54,27.98,27.21,27.26,3965700,27.4975,0.36,75.72222222222223
2010-10-04,27.3,27.38,27.02,27.22,3873000,27.23,0.36,75.61111111111111
2010-10-05,27.59,27.8,27.49,27.59,3683400,27.6175,0.36,76.63888888888889
2010-10-06,27.51,27.56,27.3,27.5,2459200,27.4675,0.36,76.38888888888889
2010-10-07,27.67,27.8,27.45,27.58,3232900,27.625,0.36,76.61111111111111
2010-10-08,27.63,27.73,27.3,27.48,2304800,27.535,0.36,76.33333333333334
2010-10-11,27.43,27.61,27.31,27.4,1522802,27.4375,0.36,76.11111111111111
2010-10-12,27.4,27.46,27.05,27.28,3509500,27.2975,0.36,75.77777777777779
2010-10-13,27.46,27.85,27.33,27.63,4111500,27.5675,0.36,76.75
2010-10-14,27.61,27.77,27.37,27.6,2510700,27.5875,0.36,76.66666666666667
2010-10-15,27.75,27.88,27.5,27.61,3138000,27.685,0.36,76.69444444444444
2010-10-18,27.88,27.89,27.41,27.63,6298900,27.7025,0.36,76.75
2010-10-19,27.51,27.67,27.22,27.39,3900156,27.4475,0.36,76.08333333333334
2010-10-20,27.49,27.86,27.45,27.76,2917953,27.64,0.36,77.11111111111111
2010-10-21,27.9,28.29,27.75,27.92,6535461,27.965,0.36,77.55555555555556
2010-10-22,27.99,28.12,27.8,28.0,6237600,27.9775,0.36,77.77777777777779
2010-10-25,28.2,28.25,28.01,28.04,5918500,28.125,0.36,77.88888888888889
2010-10-26,27.87,28.11,27.71,28.07,3261600,27.94,0.36,77.97222222222223
2010-10-27,27.85,27.89,27.63,27.8,4538902,27.7925,0.36,77.22222222222223
2010-10-28,27.58,27.75,27.54,27.7,2982700,27.6425,0.36,76.94444444444444
2010-10-29,27.69,27.75,27.54,27.74,1970700,27.68,0.36,77.05555555555556
2010-11-01,27.78,27.96,27.55,27.69,2430700,27.745,0.36,76.91666666666667
2010-11-02,27.97,28.13,27.8,28.02,3269628,27.98,0.36,77.83333333333333
2010-11-03,28.01,28.31,27.95,28.13,3470546,28.1,0.36,78.13888888888889
2010-11-04,28.47,28.53,28.16,28.27,4373700,28.3575,0.36,78.52777777777779
2010-11-05,28.34,28.35,28.11,28.2,3498400,28.25,0.36,78.33333333333333
2010-11-08,28.14,28.3,27.84,27.87,3332100,28.0375,0.36,77.41666666666667
2010-11-09,27.95,28.0,27.65,27.77,4191434,27.8425,0.36,77.13888888888889
2010-11-10,27.77,27.88,27.55,27.75,3332000,27.7375,0.36,77.08333333333334
2010-11-11,27.51,27.81,27.5,27.77,2516900,27.6475,0.36,77.13888888888889
2010-11-12,27.64,27.93,27.53,27.75,3063645,27.7125,0.36,77.08333333333334
2010-11-15,28.04,28.13,27.9,28.02,3031300,28.0225,0.36,77.83333333333333
2010-11-16,27.82,27.91,27.45,27.6,4676500,27.695,0.36,76.66666666666667
2010-11-17,27.59,27.83,27.46,27.81,2838827,27.6725,0.36,77.25
2010-11-18,28.02,28.38,27.87,28.17,2269900,28.11,0.36,78.25000000000001
2010-11-19,28.16,28.39,28.02,28.37,2637701,28.235,0.36,78.80555555555556
2010-11-22,28.2,28.51,28.05,28.49,1936400,28.3125,0.36,79.13888888888889
2010-11-23,28.25,28.27,27.91,28.2,2214700,28.1575,0.36,78.33333333333333
2010-11-24,28.44,28.88,28.42,28.81,2402500,28.6375,0.36,80.02777777777777
2010-11-26,28.54,28.73,28.38,28.67,702900,28.58,0.36,79.6388888888889
2010-11-29,28.46,28.79,28.2,28.7,2439600,28.5375,0.36,79.72222222222223
2010-11-30,28.45,28.64,28.38,28.54,2726300,28.5025,0.36,79.27777777777777
2010-12-01,28.86,29.44,28.78,29.31,3126800,29.0975,0.36,81.41666666666667
2010-12-02,29.42,29.74,29.22,29.6,2687800,29.495,0.36,82.22222222222223
2010-12-03,29.62,29.71,29.45,29.68,5539691,29.615,0.36,82.44444444444444
2010-12-06,29.67,29.68,29.34,29.48,1436300,29.5425,0.36,81.8888888888889
2010-12-07,29.8,30.58,29.64,30.13,4089200,30.0375,0.36,83.69444444444444
2010-12-08,30.26,30.54,30.15,30.51,2816700,30.365,0.36,84.75000000000001
2010-12-09,29.99,30.29,29.95,30.02,3518400,30.0625,0.36,83.38888888888889
2010-12-10,30.09,30.44,29.99,30.35,1970000,30.2175,0.36,84.30555555555556
2010-12-13,30.53,30.65,30.15,30.5,3324700,30.4575,0.36,84.72222222222223
2010-12-14,30.51,30.74,30.42,30.55,2845200,30.555,0.36,84.86111111111111
2010-12-15,30.55,30.65,30.18,30.27,3165002,30.4125,0.36,84.08333333333333
2010-12-16,30.25,30.88,30.15,30.78,3241400,30.515,0.36,85.5
2010-12-17,30.84,31.1,30.62,31.02,4063467,30.895,0.36,86.16666666666667
2010-12-20,31.24,31.24,30.61,30.68,3903900,30.9425,0.37,82.91891891891892
2010-12-21,31.28,31.29,30.66,30.67,5263645,30.975,0.37,82.8918918918919
2010-12-22,30.8,31.15,30.78,31.05,2644700,30.945,0.37,83.91891891891892
2010-12-23,31.05,31.07,30.71,30.81,1476700,30.91,0.37,83.27027027027027
2010-12-27,30.8,30.85,30.43,30.71,1577700,30.6975,0.37,83.0
2010-12-28,30.76,30.85,30.62,30.82,1299400,30.7625,0.37,83.2972972972973
2010-12-29,30.85,31.1,30.79,30.9,1236500,30.91,0.37,83.51351351351352
2010-12-30,30.81,31.08,30.73,30.97,1441059,30.8975,0.37,83.7027027027027
2010-12-31,30.92,31.04,30.69,30.91,1205000,30.89,0.37,83.54054054054055
2011-01-03,31.24,31.54,31.19,31.39,4562992,31.34,0.37,84.83783783783784
2011-01-04,31.42,31.43,30.68,30.75,3725100,31.07,0.37,83.10810810810811
2011-01-05,30.83,31.55,30.77,31.54,2710000,31.1725,0.37,85.24324324324324
2011-01-06,31.47,31.95,31.46,31.88,4639020,31.69,0.37,86.16216216216216
2011-01-07,31.95,32.13,31.57,31.87,5285300,31.88,0.37,86.13513513513514
2011-01-10,31.77,32.02,31.46,32.0,4492100,31.8125,0.37,86.48648648648648
2011-01-11,32.07,32.17,31.88,31.98,1692000,32.025,0.37,86.43243243243244
2011-01-12,32.13,32.34,31.86,32.27,1715800,32.15,0.37,87.21621621621622
2011-01-13,32.2,32.25,32.02,32.09,1472700,32.14,0.37,86.72972972972974
2011-01-14,31.78,32.34,31.75,32.31,2065972,32.045,0.37,87.32432432432434
2011-01-18,32.4,32.7,31.98,32.6,1756200,32.42,0.37,88.10810810810811
2011-01-19,32.47,32.51,32.25,32.39,1614800,32.405,0.37,87.54054054054055
2011-01-20,32.4,32.57,32.19,32.43,1886000,32.3975,0.37,87.64864864864865
2011-01-21,32.57,32.75,32.35,32.6,1829900,32.5675,0.37,88.10810810810811
2011-01-24,32.71,33.37,32.69,33.13,3551000,32.975,0.37,89.54054054054055
2011-01-25,33.04,33.05,32.74,33.02,2365000,32.9625,0.37,89.24324324324326
2011-01-26,33.03,33.13,32.71,32.81,2779200,32.92,0.37,88.67567567567568
2011-01-27,32.71,32.74,32.27,32.62,2581600,32.585,0.37,88.16216216216216
2011-01-28,32.53,32.53,31.6,31.69,2415578,32.0875,0.37,85.64864864864866
2011-01-31,31.87,32.09,31.69,32.0,2249300,31.9125,0.37,86.48648648648648
2011-02-01,32.19,33.02,32.17,32.74,2830700,32.53,0.37,88.4864864864865
2011-02-02,32.63,32.97,32.62,32.88,1682500,32.775,0.37,88.86486486486487
2011-02-03,32.74,33.09,32.52,33.01,1707100,32.84,0.37,89.21621621621621
2011-02-04,33.06,33.32,32.78,33.26,2330900,33.105,0.37,89.89189189189189
2011-02-07,33.29,33.43,33.14,33.3,2717400,33.29,0.37,90.0
2011-02-08,33.27,33.49,33.13,33.41,1518100,33.325,0.37,90.29729729729729
2011-02-09,33.25,33.35,32.92,33.0,1832800,33.13,0.37,89.1891891891892
2011-02-10,32.99,33.3,32.94,33.3,2070800,33.1325,0.37,90.0
2011-02-11,33.21,33.37,32.91,33.33,1493700,33.205,0.37,90.08108108108108
2011-02-14,33.25,33.34,32.99,33.17,1417300,33.1875,0.37,89.64864864864866
2011-02-15,33.17,33.23,32.97,33.14,1323500,33.1275,0.37,89.56756756756756
2011-02-16,33.23,33.23,32.95,33.1,2102100,33.1275,0.37,89.45945945945947
2011-02-17,32.96,33.52,32.95,33.45,1435700,33.22,0.37,90.40540540540542
2011-02-18,33.42,33.69,33.24,33.6,1892800,33.4875,0.37,90.81081081081082
2011-02-22,33.37,33.59,32.76,32.93,2510814,33.1625,0.37,89.0
2011-02-23,32.92,32.96,32.31,32.49,2427100,32.67,0.37,87.81081081081082
2011-02-24,32.54,32.69,32.19,32.54,1772555,32.49,0.37,87.94594594594595
2011-02-25,32.67,33.16,32.65,33.07,1401100,32.8875,0.37,89.37837837837839
2011-02-28,33.11,33.67,33.1,33.63,2171900,33.3775,0.37,90.8918918918919
2011-03-01,33.75,33.76,32.7,32.86,2495200,33.2675,0.37,88.8108108108108
2011-03-02,32.8,33.15,32.71,32.99,1400500,32.9125,0.37,89.16216216216218
2011-03-03,33.25,33.65,33.21,33.45,1394800,33.39,0.37,90.40540540540542
2011-03-04,33.38,33.49,33.01,33.3,1387900,33.295,0.37,90.0
2011-03-07,33.36,33.49,32.65,33.05,1703700,33.1375,0.37,89.32432432432432
2011-03-08,33.1,33.75,33.01,33.67,2676000,33.3825,0.37,91.0
2011-03-09,33.51,33.91,33.3,33.76,2143600,33.62,0.37,91.24324324324324
2011-03-10,33.4,33.66,33.28,33.47,2774300,33.4525,0.37,90.45945945945945
2011-03-11,33.31,33.51,32.92,33.21,2344500,33.2375,0.37,89.75675675675676
2011-03-14,32.97,33.16,32.77,32.99,3457700,32.9725,0.37,89.16216216216218
2011-03-15,32.18,32.66,31.97,32.02,5218906,32.2075,0.37,86.54054054054055
2011-03-16,31.88,32.19,31.39,31.53,4379500,31.7475,0.37,85.21621621621622
2011-03-17,31.93,31.93,31.3,31.5,3869510,31.665,0.37,85.13513513513513
2011-03-18,31.79,31.94,31.55,31.6,4812400,31.72,0.37,85.4054054054054
2011-03-21,32.0,32.24,31.93,32.17,2140800,32.085,0.37,86.94594594594595
2011-03-22,32.16,32.16,31.81,31.93,2655700,32.015,0.37,86.29729729729729
2011-03-23,31.92,32.4,31.54,32.24,3208819,32.025,0.36,89.55555555555557
2011-03-24,31.79,31.88,30.75,30.96,6103700,31.345,0.36,86.0
2011-03-25,31.12,31.13,30.86,31.02,3276700,31.0325,0.36,86.16666666666667
2011-03-28,31.08,31.18,30.8,30.93,2267500,30.9975,0.36,85.91666666666667
2011-03-29,30.94,31.3,30.8,31.16,2257900,31.05,0.36,86.55555555555556
2011-03-30,31.27,31.53,31.2,31.31,1676400,31.3275,0.36,86.97222222222223
2011-03-31,31.28,31.54,31.27,31.38,2263570,31.3675,0.36,87.16666666666667
2011-04-01,31.39,31.99,31.39,31.83,3846500,31.65,0.36,88.41666666666667
2011-04-04,31.97,32.07,31.8,32.07,2360600,31.9775,0.36,89.08333333333334
2011-04-05,32.0,32.14,31.62,31.97,2375100,31.9325,0.36,88.80555555555556
2011-04-06,32.2,32.23,31.86,32.12,2119700,32.1025,0.36,89.22222222222221
2011-04-07,32.14,32.44,32.03,32.2,2891200,32.2025,0.36,89.44444444444446
2011-04-08,32.31,32.35,31.69,31.96,2044700,32.0775,0.36,88.77777777777779
2011-04-11,32.06,32.46,32.02,32.3,1956500,32.21,0.36,89.72222222222221
2011-04-12,32.12,32.32,32.02,32.27,2060100,32.1825,0.36,89.6388888888889
2011-04-13,32.37,32.47,32.14,32.35,2174200,32.3325,0.36,89.86111111111111
2011-04-14,32.13,32.43,31.91,32.4,1773900,32.2175,0.36,90.0
2011-04-15,32.5,32.5,32.05,32.39,2106800,32.36,0.36,89.97222222222223
2011-04-18,32.03,32.04,31.63,31.96,2179775,31.915,0.36,88.77777777777779
2011-04-19,32.06,32.09,31.8,31.92,2117300,31.9675,0.36,88.66666666666667
2011-04-20,32.29,32.77,32.29,32.67,2168800,32.505,0.36,90.75000000000001
2011-04-21,32.66,32.84,32.47,32.62,2098300,32.6475,0.36,90.61111111111111
2011-04-25,32.61,32.71,32.37,32.68,1712900,32.5925,0.36,90.77777777777779
2011-04-26,32.81,33.13,32.66,33.09,2400000,32.9225,0.36,91.91666666666669
2011-04-27,33.21,33.71,33.11,33.5,3093700,33.3825,0.36,93.05555555555556
2011-04-28,33.24,33.37,32.91,32.99,1844545,33.1275,0.36,91.6388888888889
2011-04-29,32.89,33.12,32.7,32.71,3218500,32.855,0.36,90.86111111111111
2011-05-02,32.91,32.96,32.66,32.86,1998000,32.8475,0.36,91.27777777777779
2011-05-03,32.82,32.98,32.5,32.98,2618100,32.82,0.36,91.6111111111111
2011-05-04,32.86,33.0,32.44,32.73,2377800,32.7575,0.36,90.91666666666666
2011-05-05,32.6,32.6,32.03,32.16,2500000,32.3475,0.36,89.33333333333333
2011-05-06,32.46,32.59,31.95,31.99,3078700,32.2475,0.36,88.86111111111111
2011-05-09,31.99,32.35,31.9,32.28,2099000,32.13,0.36,89.66666666666667
2011-05-10,32.43,32.63,32.34,32.6,2030400,32.5,0.36,90.55555555555556
2011-05-11,32.61,32.72,32.27,32.62,2696600,32.555,0.36,90.61111111111111
2011-05-12,32.46,32.87,32.42,32.78,1904506,32.6325,0.36,91.05555555555556
2011-05-13,32.83,32.85,32.27,32.42,1539900,32.5925,0.36,90.05555555555556
2011-05-16,32.36,32.37,31.63,31.78,2953700,32.035,0.36,88.27777777777779
2011-05-17,31.77,31.97,31.65,31.91,2093300,31.825,0.36,88.63888888888889
2011-05-18,31.86,32.12,31.6,31.91,1792200,31.8725,0.36,88.63888888888889
2011-05-19,32.07,32.15,31.72,31.94,1936000,31.97,0.36,88.72222222222223
2011-05-20,31.81,32.11,31.66,31.91,1936800,31.8725,0.36,88.63888888888889
2011-05-23,31.5,31.63,31.34,31.54,1723364,31.5025,0.36,87.61111111111111
2011-05-24,31.52,31.72,31.3,31.62,2655300,31.54,0.36,87.83333333333334
2011-05-25,31.56,31.82,31.47,31.7,1672900,31.6375,0.36,88.05555555555556
2011-05-26,31.56,31.99,31.48,31.91,1685000,31.735,0.36,88.63888888888889
2011-05-27,31.86,32.03,31.81,31.94,1251500,31.91,0.36,88.72222222222223
2011-05-31,32.11,32.3,31.98,32.3,2737200,32.1725,0.36,89.72222222222221
2011-06-01,32.27,32.27,31.55,31.56,3833900,31.9125,0.36,87.66666666666667
2011-06-02,31.55,31.64,31.16,31.23,3039900,31.395,0.36,86.75
2011-06-03,30.82,30.92,30.36,30.54,4414100,30.66,0.36,84.83333333333333
2011-06-06,30.41,30.54,30.29,30.34,3175700,30.395,0.36,84.27777777777779
2011-06-07,30.39,30.66,30.27,30.41,3561700,30.4325,0.36,84.47222222222223
2011-06-08,30.33,30.39,30.12,30.35,2713100,30.2975,0.36,84.30555555555556
2011-06-09,30.38,30.38,30.19,30.23,3313100,30.295,0.36,83.97222222222223
2011-06-10,30.18,30.18,29.69,29.71,3029500,29.94,0.36,82.52777777777779
2011-06-13,29.75,30.03,29.71,29.87,2417000,29.84,0.36,82.97222222222223
2011-06-14,30.04,30.26,29.84,30.23,1823400,30.0925,0.36,83.97222222222223
2011-06-15,29.92,30.01,29.16,29.24,4262100,29.5825,0.36,81.22222222222221
2011-06-16,29.33,29.59,29.11,29.52,2842300,29.3875,0.36,82.0
2011-06-17,29.82,29.96,29.53,29.63,3688400,29.735,0.36,82.30555555555556
2011-06-20,29.56,29.81,29.51,29.67,1899900,29.6375,0.36,82.41666666666667
2011-06-21,29.82,30.01,29.63,29.97,4475400,29.8575,0.36,83.25
2011-06-22,29.91,30.0,29.54,29.71,3994316,29.79,0.36,82.52777777777779
2011-06-23,29.38,30.83,29.3,30.57,6458727,30.02,0.36,84.91666666666667
2011-06-24,30.52,30.57,29.94,29.99,3528200,30.255,0.36,83.30555555555556
2011-06-27,29.98,30.27,29.8,30.12,1941200,30.0425,0.36,83.66666666666667
2011-06-28,30.19,30.44,30.01,30.35,3042500,30.2475,0.36,84.30555555555556
2011-06-29,30.51,30.52,30.23,30.32,3221200,30.395,0.36,84.22222222222223
2011-06-30,30.44,30.76,30.35,30.72,3106300,30.5675,0.36,85.33333333333333
2011-07-01,30.6,31.09,30.6,31.05,2094300,30.835,0.36,86.25
2011-07-05,31.04,31.18,30.79,30.96,1473200,30.9925,0.36,86.0
2011-07-06,30.99,31.35,30.93,31.34,1967400,31.1525,0.36,87.05555555555556
2011-07-07,31.57,31.68,31.53,31.63,2704600,31.6025,0.36,87.86111111111111
2011-07-08,31.39,31.55,31.07,31.33,2503100,31.335,0.36,87.02777777777777
2011-07-11,31.03,31.09,30.77,30.96,2780400,30.9625,0.36,86.0
2011-07-12,31.05,31.19,30.85,30.91,2638000,31.0,0.36,85.86111111111111
2011-07-13,31.13,31.22,30.57,30.7,2523100,30.905,0.36,85.27777777777779
2011-07-14,30.79,31.04,30.38,30.51,7854300,30.68,0.36,84.75000000000001
2011-07-15,30.59,30.6,29.92,30.07,8695211,30.295,0.33,91.12121212121212
2011-07-18,29.86,30.04,29.23,29.4,5553000,29.6325,0.33,89.09090909090908
2011-07-19,29.55,29.89,29.54,29.75,2383300,29.6825,0.33,90.15151515151514
2011-07-20,29.8,29.81,29.45,29.52,1960200,29.645,0.33,89.45454545454545
2011-07-21,29.68,30.15,29.53,29.87,2938200,29.8075,0.33,90.51515151515152
2011-07-22,29.86,30.07,29.74,29.89,1916818,29.89,0.33,90.57575757575758
2011-07-25,29.65,29.88,29.52,29.79,1623600,29.71,0.33,90.27272727272727
2011-07-26,29.8,29.8,29.49,29.52,1960100,29.6525,0.33,89.45454545454545
2011-07-27,29.39,29.47,28.75,28.79,3612700,29.1,0.33,87.24242424242424
2011-07-28,28.57,28.57,28.26,28.33,3348250,28.4325,0.33,85.84848484848484
2011-07-29,28.1,28.61,27.88,28.23,3841400,28.205,0.33,85.54545454545455
2011-08-01,28.41,28.49,27.72,27.9,4186700,28.13,0.33,84.54545454545453
2011-08-02,27.85,27.92,26.72,26.75,4712600,27.31,0.33,81.06060606060606
2011-08-03,26.75,27.42,26.61,27.37,4969300,27.0375,0.33,82.93939393939394
2011-08-04,27.0,27.16,26.63,26.71,6239300,26.875,0.33,80.93939393939394
2011-08-05,27.13,27.59,26.54,27.09,7274400,27.0875,0.33,82.0909090909091
2011-08-08,26.77,27.14,25.69,25.73,12484100,26.3325,0.33,77.96969696969697
2011-08-09,26.06,26.78,25.44,26.74,7195900,26.255,0.33,81.03030303030302
2011-08-10,26.25,26.48,25.5,25.51,8981500,25.935,0.33,77.3030303030303
2011-08-11,25.67,26.78,25.67,26.48,4950900,26.15,0.33,80.24242424242424
2011-08-12,26.58,26.95,26.31,26.66,3080700,26.625,0.33,80.78787878787878
2011-08-15,26.85,27.26,26.74,27.23,2505700,27.02,0.33,82.51515151515152
2011-08-16,27.17,27.17,26.65,27.03,2506700,27.005,0.33,81.9090909090909
2011-08-17,27.12,27.33,26.62,26.84,1823600,26.9775,0.33,81.33333333333333
2011-08-18,26.18,26.3,25.5,25.78,4166258,25.94,0.33,78.12121212121212
2011-08-19,25.46,25.99,25.3,25.35,3647428,25.525,0.33,76.81818181818181
2011-08-22,25.97,25.98,25.12,25.27,4333600,25.585,0.33,76.57575757575758
2011-08-23,25.47,26.04,25.31,25.95,5969700,25.6925,0.33,78.63636363636363
2011-08-24,25.59,26.32,25.59,26.32,2843900,25.955,0.33,79.75757575757575
2011-08-25,26.34,26.58,25.83,25.88,2533100,26.1575,0.33,78.42424242424242
2011-08-26,25.79,26.51,25.5,26.23,2952100,26.0075,0.33,79.48484848484848
2011-08-29,26.59,26.67,26.23,26.47,4793600,26.49,0.33,80.2121212121212
2011-08-30,26.42,27.0,26.31,26.85,2616500,26.645,0.33,81.36363636363636
2011-08-31,26.93,27.33,26.9,26.98,3385400,27.035,0.33,81.75757575757575
2011-09-01,27.0,27.3,26.69,26.76,3306900,26.9375,0.33,81.0909090909091
2011-09-02,26.48,26.48,26.0,26.07,2971500,26.2575,0.33,79.0
2011-09-06,25.42,25.81,25.25,25.77,2480000,25.5625,0.33,78.09090909090908
2011-09-07,26.19,26.86,26.03,26.85,2875000,26.4825,0.33,81.36363636363636
2011-09-08,26.67,26.9,26.44,26.63,2968000,26.66,0.33,80.69696969696969
2011-09-09,26.51,26.56,25.75,25.93,3553500,26.1875,0.33,78.57575757575758
2011-09-12,25.65,26.23,25.5,26.19,4624200,25.8925,0.33,79.36363636363636
2011-09-13,26.23,26.36,26.01,26.27,3009700,26.2175,0.33,79.6060606060606
2011-09-14,26.43,26.69,25.95,26.41,4238500,26.37,0.33,80.03030303030303
2011-09-15,26.71,27.24,26.49,27.19,2893500,26.9075,0.33,82.39393939393939
2011-09-16,27.27,27.5,26.98,27.08,4345900,27.2075,0.33,82.06060606060605
2011-09-19,26.83,27.33,26.64,27.21,2428200,27.0025,0.33,82.45454545454545
2011-09-20,27.31,27.65,27.15,27.16,2710600,27.3175,0.33,82.3030303030303
2011-09-21,27.16,27.29,26.38,26.38,2734000,26.8025,0.33,79.93939393939394
2011-09-22,25.8,26.0,25.53,25.9,5503400,25.8075,0.33,78.48484848484847
2011-09-23,25.73,26.26,25.61,26.22,3843800,25.955,0.33,79.45454545454545
2011-09-26,26.32,26.62,26.04,26.58,3967541,26.39,0.33,80.54545454545453
2011-09-27,26.99,27.5,26.63,26.69,4702625,26.9525,0.41,65.09756097560977
2011-09-28,27.4,27.41,26.66,26.92,6434867,27.0975,0.41,65.65853658536587
2011-09-29,27.36,27.6,26.65,27.11,8492700,27.18,0.41,66.1219512195122
2011-09-30,26.87,27.13,26.36,26.37,3412287,26.6825,0.41,64.31707317073172
2011-10-03,26.07,26.52,25.53,25.55,4716000,25.9175,0.41,62.31707317073171
2011-10-04,25.2,25.95,25.2,25.9,5241309,25.5625,0.41,63.170731707317074
2011-10-05,26.03,26.36,25.71,26.24,3674900,26.085,0.41,64.0
2011-10-06,26.22,26.77,25.98,26.77,2807200,26.435,0.41,65.29268292682927
2011-10-07,26.98,27.44,26.8,27.11,4223400,27.0825,0.41,66.1219512195122
2011-10-10,27.5,27.9,27.39,27.75,3861700,27.635,0.41,67.6829268292683
2011-10-11,27.76,27.95,27.57,27.85,3423900,27.7825,0.41,67.92682926829269
2011-10-12,28.21,28.48,28.02,28.29,3708600,28.25,0.41,69.0
2011-10-13,28.13,28.27,27.95,28.24,2057800,28.1475,0.41,68.8780487804878
2011-10-14,28.56,28.6,28.3,28.5,2409300,28.49,0.41,69.51219512195122
2011-10-17,28.44,28.52,27.98,28.06,2268058,28.25,0.41,68.4390243902439
2011-10-18,28.14,28.73,27.89,28.56,2641100,28.33,0.41,69.65853658536585
2011-10-19,28.45,28.77,28.04,28.11,3164400,28.3425,0.41,68.5609756097561
2011-10-20,28.48,28.67,27.94,28.28,8138100,28.3425,0.41,68.97560975609757
2011-10-21,28.6,28.87,28.37,28.78,9876900,28.655,0.41,70.19512195121952
2011-10-24,28.73,29.34,28.61,29.18,10111400,28.965,0.41,71.17073170731707
2011-10-25,28.98,29.25,28.57,28.61,3569901,28.8525,0.41,69.78048780487805
2011-10-26,29.4,29.4,28.38,28.91,3454500,29.0225,0.41,70.51219512195122
2011-10-27,29.64,30.12,29.43,29.92,4621000,29.7775,0.41,72.97560975609757
2011-10-28,29.43,29.48,29.2,29.36,4482488,29.3675,0.41,71.60975609756098
2011-10-31,29.06,29.54,29.01,29.14,3144400,29.1875,0.41,71.07317073170732
2011-11-01,28.36,28.91,28.27,28.45,5380000,28.4975,0.41,69.39024390243902
2011-11-02,28.73,28.95,28.37,28.7,3853600,28.6875,0.41,70.0
2011-11-03,28.9,29.61,28.82,29.56,3574800,29.2225,0.41,72.09756097560975
2011-11-04,29.33,29.45,29.02,29.41,2777600,29.3025,0.41,71.73170731707317
2011-11-07,29.44,29.54,29.0,29.5,1909900,29.37,0.41,71.95121951219512
2011-11-08,29.64,29.74,29.14,29.58,3323600,29.525,0.41,72.14634146341463
2011-11-09,29.11,29.11,28.51,28.61,2480500,28.835,0.41,69.78048780487805
2011-11-10,28.98,29.06,28.6,28.77,1721300,28.8525,0.41,70.17073170731707
2011-11-11,29.15,29.48,29.12,29.4,1605700,29.2875,0.41,71.70731707317073
2011-11-14,29.25,29.38,29.0,29.12,5236800,29.1875,0.41,71.02439024390245
2011-11-15,29.12,29.49,28.94,29.4,1864600,29.2375,0.41,71.70731707317073
2011-11-16,29.24,29.57,28.69,28.73,3502000,29.0575,0.41,70.07317073170732
2011-11-17,28.63,28.71,28.14,28.32,2571000,28.45,0.41,69.07317073170732
2011-11-18,28.36,28.46,28.18,28.22,2118100,28.305,0.41,68.82926829268293
2011-11-21,28.0,28.09,27.72,27.89,2559800,27.925,0.41,68.02439024390245
2011-11-22,27.81,27.96,27.61,27.75,1763812,27.7825,0.41,67.6829268292683
2011-11-23,27.53,27.58,27.21,27.23,1869900,27.3875,0.41,66.41463414634147
2011-11-25,27.18,27.52,27.11,27.33,1454500,27.285,0.41,66.65853658536585
2011-11-28,27.93,28.1,27.73,27.88,2315500,27.91,0.41,68.0
2011-11-29,28.05,28.21,27.89,28.07,2672361,28.055,0.41,68.46341463414635
2011-11-30,28.88,29.24,28.66,29.11,4885100,28.9725,0.41,71.0
2011-12-01,29.18,29.3,29.0,29.17,2048338,29.1625,0.41,71.14634146341464
2011-12-02,29.48,29.6,29.02,29.22,3436500,29.33,0.41,71.26829268292683
2011-12-05,29.71,29.95,29.46,29.7,2300921,29.705,0.41,72.4390243902439
2011-12-06,29.7,29.83,29.39,29.7,1825400,29.655,0.41,72.4390243902439
2011-12-07,29.54,29.77,29.22,29.63,2143543,29.54,0.41,72.26829268292683
2011-12-08,29.47,29.73,29.34,29.41,2274800,29.4875,0.41,71.73170731707317
2011-12-09,29.66,30.23,29.54,30.06,2120400,29.8725,0.41,73.3170731707317
2011-12-12,29.88,29.91,29.6,29.76,1885200,29.7875,0.41,72.58536585365854
2011-12-13,29.91,30.13,29.35,29.5,2363500,29.7225,0.41,71.95121951219512
2011-12-14,29.4,29.62,29.2,29.26,2203700,29.37,0.41,71.3658536585366
2011-12-15,29.51,29.57,29.24,29.35,1581700,29.4175,0.41,71.58536585365854
2011-12-16,29.5,29.89,29.44,29.59,3337982,29.605,0.41,72.17073170731707
2011-12-19,29.83,30.2,29.49,29.6,2347807,29.78,0.41,72.19512195121952
2011-12-20,30.14,30.59,29.99,30.24,3866461,30.24,0.39,77.53846153846153
2011-12-21,30.06,30.1,28.76,29.46,5422000,29.595,0.39,75.53846153846153
2011-12-22,29.31,29.58,29.2,29.48,2856316,29.3925,0.39,75.58974358974359
2011-12-23,29.68,29.85,29.48,29.85,1698100,29.715,0.39,76.53846153846153
2011-12-27,29.79,30.16,29.75,30.07,1917400,29.9425,0.39,77.1025641025641
2011-12-28,30.08,30.12,29.76,29.89,1681500,29.9625,0.39,76.64102564102564
2011-12-29,29.92,30.2,29.88,30.18,1397000,30.045,0.39,77.38461538461539
2011-12-30,29.99,30.18,29.89,30.11,1732400,30.0425,0.39,77.2051282051282
2012-01-03,30.67,30.73,30.39,30.43,2815400,30.555,0.39,78.02564102564102
2012-01-04,30.49,30.49,29.98,30.23,3069500,30.2975,0.39,77.51282051282051
2012-01-05,30.12,30.94,29.94,30.76,3744714,30.44,0.39,78.87179487179488
2012-01-06,30.91,30.91,30.44,30.79,3534600,30.7625,0.39,78.94871794871794
2012-01-09,30.94,31.18,30.85,31.13,5634531,31.025,0.39,79.82051282051282
2012-01-10,31.22,31.44,31.04,31.1,4030700,31.2,0.39,79.74358974358975
2012-01-11,31.1,31.3,30.94,31.12,2357700,31.115,0.39,79.7948717948718
2012-01-12,31.15,31.25,30.87,31.12,1864155,31.0975,0.39,79.7948717948718
2012-01-13,30.99,31.04,30.54,30.99,2215300,30.89,0.39,79.46153846153845
2012-01-17,31.48,31.48,31.11,31.2,9129300,31.3175,0.39,80.0
2012-01-18,31.4,31.85,31.23,31.67,3380146,31.5375,0.39,81.2051282051282
2012-01-19,31.88,32.47,31.71,32.33,3603803,32.0975,0.39,82.89743589743588
2012-01-20,32.37,32.47,32.15,32.31,2875400,32.325,0.39,82.84615384615385
2012-01-23,32.35,32.4,31.92,32.25,1923600,32.23,0.39,82.6923076923077
2012-01-24,32.18,32.41,32.0,32.34,1713700,32.2325,0.39,82.92307692307693
2012-01-25,32.28,32.51,32.13,32.46,2225500,32.345,0.39,83.23076923076923
2012-01-26,32.59,32.67,32.35,32.56,9069900,32.5425,0.39,83.48717948717949
2012-01-27,32.58,32.73,32.11,32.19,2700000,32.4025,0.39,82.53846153846153
2012-01-30,31.65,31.71,31.37,31.57,2695230,31.575,0.39,80.94871794871794
2012-01-31,31.85,31.87,31.32,31.51,2217900,31.6375,0.39,80.7948717948718
2012-02-01,31.83,31.98,31.63,31.81,2678500,31.8125,0.39,81.56410256410255
2012-02-02,31.84,31.84,31.59,31.6,2581800,31.7175,0.39,81.02564102564102
2012-02-03,32.07,32.27,31.92,31.95,2736200,32.0525,0.39,81.92307692307692
2012-02-06,31.81,31.89,31.63,31.73,2076700,31.765,0.39,81.35897435897435
2012-02-07,31.66,31.8,31.5,31.7,1615422,31.665,0.39,81.28205128205127
2012-02-08,31.76,31.84,31.5,31.65,2020600,31.6875,0.39,81.15384615384615
2012-02-09,31.7,31.75,31.47,31.68,1521300,31.65,0.39,81.23076923076923
2012-02-10,31.51,31.6,31.16,31.31,2272300,31.395,0.39,80.28205128205127
2012-02-13,31.57,31.7,31.23,31.31,1660400,31.4525,0.39,80.28205128205127
2012-02-14,31.17,31.3,30.87,31.22,2734300,31.14,0.39,80.05128205128204
2012-02-15,31.41,31.45,31.04,31.18,1712100,31.27,0.39,79.94871794871794
2012-02-16,31.35,31.82,31.3,31.6,2244500,31.5175,0.39,81.02564102564102
2012-02-17,31.66,31.77,31.44,31.48,2048600,31.5875,0.39,80.71794871794872
2012-02-21,31.48,31.5,31.17,31.31,1916500,31.365,0.39,80.28205128205127
2012-02-22,31.34,31.47,31.22,31.27,1861200,31.325,0.39,80.17948717948718
2012-02-23,31.25,31.39,31.17,31.32,1662700,31.2825,0.39,80.3076923076923
2012-02-24,31.43,31.49,31.27,31.42,4527400,31.4025,0.39,80.56410256410257
2012-02-27,31.21,31.46,31.13,31.23,1668300,31.2575,0.39,80.07692307692308
2012-02-28,31.23,31.45,31.15,31.42,2015601,31.3125,0.39,80.56410256410257
2012-02-29,31.38,31.52,31.2,31.3,2332100,31.35,0.39,80.25641025641025
2012-03-01,31.57,32.04,31.47,31.59,3497400,31.6675,0.39,81.0
2012-03-02,31.52,31.74,31.18,31.3,3246800,31.435,0.39,80.25641025641025
2012-03-05,31.28,31.52,31.27,31.43,1967800,31.375,0.39,80.58974358974359
2012-03-06,31.25,31.49,31.0,31.03,2085656,31.1925,0.39,79.56410256410257
2012-03-07,31.09,31.21,30.88,31.12,2132900,31.075,0.39,79.7948717948718
2012-03-08,31.23,31.35,31.13,31.3,3248100,31.2525,0.39,80.25641025641025
2012-03-09,31.38,31.55,31.2,31.49,2540600,31.405,0.39,80.74358974358974
2012-03-12,31.47,31.6,31.37,31.55,1429800,31.4975,0.39,80.8974358974359
2012-03-13,31.76,31.89,31.54,31.89,2038475,31.77,0.39,81.76923076923077
2012-03-14,31.8,31.89,31.64,31.75,1673600,31.77,0.39,81.41025641025641
2012-03-15,31.74,31.84,31.51,31.77,2188400,31.715,0.39,81.46153846153845
2012-03-16,31.7,32.0,31.67,31.83,2988100,31.8,0.39,81.61538461538461
2012-03-19,31.74,31.98,31.57,31.87,1651300,31.79,0.39,81.71794871794872
2012-03-20,31.8,31.85,31.69,31.82,1780700,31.79,0.39,81.58974358974359
2012-03-21,31.85,32.11,31.77,31.95,3733382,31.92,0.39,81.92307692307692
2012-03-22,31.67,32.01,31.64,31.98,2230800,31.825,0.39,82.0
2012-03-23,31.92,31.98,31.66,31.74,1310441,31.825,0.39,81.38461538461537
2012-03-26,32.0,32.24,31.92,32.13,2101916,32.0725,0.39,82.38461538461539
2012-03-27,32.22,32.24,32.02,32.1,1354424,32.145,0.39,82.3076923076923
2012-03-28,32.1,32.14,31.85,31.98,2054800,32.0175,0.37,86.43243243243244
2012-03-29,31.66,31.91,31.26,31.35,3752579,31.545,0.37,84.72972972972974
2012-03-30,31.52,31.52,30.99,30.99,3907100,31.255,0.37,83.75675675675676
2012-04-02,30.87,31.84,30.78,31.76,4526602,31.3125,0.37,85.83783783783784
2012-04-03,31.89,32.08,31.66,32.02,4553200,31.9125,0.37,86.54054054054055
2012-04-04,31.69,31.73,31.31,31.52,2739400,31.5625,0.37,85.1891891891892
2012-04-05,31.4,31.57,31.35,31.55,2520600,31.4675,0.37,85.27027027027027
2012-04-09,31.25,31.25,30.98,31.05,1617700,31.1325,0.37,83.91891891891892
2012-04-10,31.02,31.1,30.52,30.63,2824400,30.8175,0.37,82.78378378378378
2012-04-11,30.96,30.99,30.76,30.96,1770500,30.9175,0.37,83.67567567567568
2012-04-12,31.06,31.24,30.86,31.21,1487500,31.0925,0.37,84.35135135135135
2012-04-13,31.17,31.18,30.82,30.83,1527600,31.0,0.37,83.32432432432432
2012-04-16,30.88,31.06,30.73,30.94,4252300,30.9025,0.37,83.62162162162163
2012-04-17,31.1,31.29,31.07,31.18,2560900,31.16,0.37,84.27027027027027
2012-04-18,31.11,31.16,30.83,30.97,1678300,31.0175,0.37,83.7027027027027
2012-04-19,30.92,30.99,30.6,30.77,2224800,30.82,0.37,83.16216216216216
2012-04-20,30.81,31.04,30.72,30.76,2600500,30.8325,0.37,83.13513513513514
2012-04-23,30.66,30.66,30.3,30.58,2028800,30.55,0.37,82.64864864864865
2012-04-24,30.67,30.8,30.42,30.49,2358100,30.595,0.37,82.4054054054054
2012-04-25,30.73,30.92,30.62,30.9,1735400,30.7925,0.37,83.51351351351352
2012-04-26,30.76,31.15,30.73,31.11,6641200,30.9375,0.37,84.08108108108108
2012-04-27,31.23,31.3,31.01,31.14,6809900,31.17,0.37,84.16216216216216
2012-04-30,31.12,31.12,30.91,30.98,6934200,31.0325,0.37,83.72972972972973
2012-05-01,30.97,31.16,30.74,30.9,1888600,30.9425,0.37,83.51351351351352
2012-05-02,30.81,30.81,30.52,30.74,2275900,30.72,0.37,83.08108108108108
2012-05-03,30.8,30.82,30.56,30.63,1795700,30.7025,0.37,82.78378378378378
2012-05-04,30.26,30.29,29.89,29.92,2414528,30.09,0.37,80.86486486486487
2012-05-07,29.86,30.0,29.77,29.81,1832500,29.86,0.37,80.56756756756756
2012-05-08,29.68,30.13,29.65,30.09,3276400,29.8875,0.37,81.32432432432432
2012-05-09,29.77,30.16,29.58,29.91,2837400,29.855,0.37,80.83783783783784
2012-05-10,30.1,30.24,29.75,29.86,2126300,29.9875,0.37,80.70270270270271
2012-05-11,29.7,30.22,29.7,29.91,1556700,29.8825,0.37,80.83783783783784
2012-05-14,29.75,29.99,29.64,29.89,1758300,29.8175,0.37,80.78378378378379
2012-05-15,29.92,30.23,29.77,30.06,2771900,29.995,0.37,81.24324324324324
2012-05-16,30.23,30.39,30.06,30.26,3532600,30.235,0.37,81.78378378378379
2012-05-17,30.21,30.28,29.91,29.91,3727600,30.0775,0.37,80.83783783783784
2012-05-18,30.03,30.03,29.36,29.41,3364300,29.7075,0.37,79.48648648648648
2012-05-21,29.38,29.77,29.12,29.77,3609500,29.51,0.37,80.45945945945945
2012-05-22,29.83,30.06,29.61,29.9,2033300,29.85,0.37,80.8108108108108
2012-05-23,29.77,30.27,29.6,30.19,3115700,29.9575,0.37,81.5945945945946
2012-05-24,30.37,30.59,30.15,30.42,2063900,30.3825,0.37,82.21621621621622
2012-05-25,30.41,30.5,30.1,30.29,1569600,30.325,0.37,81.86486486486487
2012-05-29,30.44,30.63,30.19,30.43,1712100,30.4225,0.37,82.24324324324324
2012-05-30,30.25,30.32,30.03,30.1,1634500,30.175,0.37,81.35135135135135
2012-05-31,30.09,30.22,29.91,29.97,3548200,30.0475,0.37,81.0
2012-06-01,29.49,29.73,29.15,29.28,3610700,29.4125,0.37,79.13513513513514
2012-06-04,29.34,29.56,29.12,29.38,2092400,29.35,0.37,79.4054054054054
2012-06-05,29.32,29.56,29.19,29.51,1770800,29.395,0.37,79.75675675675676
2012-06-06,29.69,30.37,29.69,30.37,4211400,30.03,0.37,82.08108108108108
2012-06-07,30.68,30.91,30.59,30.66,2575500,30.71,0.37,82.86486486486487
2012-06-08,30.69,31.07,30.57,31.01,2244600,30.835,0.37,83.81081081081082
2012-06-11,31.2,31.25,30.78,30.82,1644200,31.0125,0.37,83.2972972972973
2012-06-12,30.95,31.11,30.8,31.07,1918600,30.9825,0.37,83.97297297297297
2012-06-13,30.9,31.29,30.86,31.06,1775200,31.0275,0.37,83.94594594594594
2012-06-14,31.19,31.82,31.09,31.72,3285200,31.455,0.37,85.72972972972973
2012-06-15,31.78,32.11,31.67,32.03,3420000,31.8975,0.37,86.56756756756756
2012-06-18,31.92,32.4,31.86,32.33,2041300,32.1275,0.37,87.37837837837837
2012-06-19,32.5,32.73,32.33,32.58,2039600,32.535,0.37,88.05405405405405
2012-06-20,32.67,32.67,32.29,32.53,2638400,32.54,0.37,87.91891891891892
2012-06-21,32.64,32.64,31.99,32.1,2718800,32.3425,0.37,86.75675675675676
2012-06-22,32.23,32.32,32.11,32.26,2054192,32.23,0.37,87.18918918918918
2012-06-25,31.53,32.0,31.53,31.73,2099400,31.6975,0.37,85.75675675675676
2012-06-26,31.79,31.87,31.49,31.76,1986900,31.7275,0.37,85.83783783783784
2012-06-27,31.96,32.28,31.88,31.93,3158948,32.0125,0.37,86.29729729729729
2012-06-28,31.56,31.79,30.54,30.98,5842000,31.2175,0.37,83.72972972972973
2012-06-29,31.48,31.58,31.17,31.41,3794100,31.41,0.37,84.89189189189189
2012-07-02,31.19,31.55,31.18,31.38,3963500,31.325,0.37,84.8108108108108
2012-07-03,31.52,31.55,31.27,31.4,2497500,31.435,0.37,84.86486486486486
2012-07-05,31.46,31.89,31.25,31.74,2647000,31.585,0.37,85.78378378378378
2012-07-06,31.63,31.75,31.06,31.15,2559200,31.3975,0.37,84.1891891891892
2012-07-09,31.14,31.5,31.05,31.44,2261200,31.2825,0.37,84.97297297297298
2012-07-10,31.43,31.64,31.11,31.33,2086600,31.3775,0.37,84.67567567567568
2012-07-11,31.37,31.66,31.25,31.65,2649000,31.4825,0.37,85.54054054054053
2012-07-12,31.44,31.68,31.17,31.5,3488400,31.4475,0.37,85.13513513513513
2012-07-13,31.46,31.95,31.41,31.87,2263000,31.6725,0.37,86.13513513513514
2012-07-16,31.86,32.06,31.72,32.02,1694200,31.915,0.37,86.54054054054055
2012-07-17,32.1,32.64,31.86,32.49,2990800,32.2725,0.37,87.81081081081082
2012-07-18,32.65,33.4,32.5,33.19,4430900,32.935,0.37,89.7027027027027
2012-07-19,33.02,33.17,32.59,32.73,10515600,32.8775,0.37,88.45945945945945
2012-07-20,32.73,32.74,32.4,32.43,10570000,32.575,0.34,95.38235294117646
2012-07-23,32.1,32.25,31.77,32.17,10134700,32.0725,0.34,94.61764705882352
2012-07-24,32.17,32.21,31.75,31.98,2210700,32.0275,0.34,94.05882352941175
2012-07-25,32.06,32.18,31.94,31.99,1411200,32.0425,0.34,94.08823529411764
2012-07-26,32.51,32.8,32.31,32.53,1856209,32.5375,0.34,95.67647058823529
2012-07-27,32.73,33.2,32.66,33.08,2519500,32.9175,0.34,97.29411764705881
2012-07-30,32.82,33.0,32.67,32.88,2573300,32.8425,0.34,96.70588235294117
2012-07-31,32.83,32.94,32.65,32.69,1917900,32.7775,0.34,96.14705882352939
2012-08-01,32.9,32.95,32.28,32.38,3097900,32.6275,0.34,95.23529411764706
2012-08-02,32.26,32.4,31.91,32.06,3837000,32.1575,0.34,94.29411764705883
2012-08-03,32.57,32.79,32.56,32.61,2178300,32.6325,0.34,95.91176470588235
2012-08-06,32.76,32.85,32.39,32.43,2144500,32.6075,0.34,95.38235294117646
2012-08-07,32.66,32.73,32.31,32.56,2228000,32.565,0.34,95.76470588235294
2012-08-08,32.64,33.0,32.59,32.92,1704000,32.7875,0.34,96.82352941176471
2012-08-09,32.94,32.97,32.74,32.92,1270700,32.8925,0.34,96.82352941176471
2012-08-10,32.84,33.23,32.76,33.18,1899900,33.0025,0.34,97.58823529411764
2012-08-13,33.03,33.17,32.92,33.14,1193400,33.065,0.34,97.47058823529412
2012-08-14,33.23,33.23,32.92,32.97,1564700,33.0875,0.34,96.9705882352941
2012-08-15,33.07,33.08,32.8,32.84,1851500,32.9475,0.34,96.58823529411765
2012-08-16,32.99,33.34,32.89,33.28,1825800,33.125,0.34,97.88235294117646
2012-08-17,33.37,33.37,33.04,33.24,1540900,33.255,0.34,97.76470588235294
2012-08-20,33.22,33.23,32.68,32.77,1746700,32.975,0.34,96.38235294117648
2012-08-21,32.89,33.04,32.75,32.9,2085500,32.895,0.34,96.76470588235293
2012-08-22,32.84,32.98,32.71,32.86,1384000,32.8475,0.34,96.6470588235294
2012-08-23,32.83,33.03,32.67,32.98,1687400,32.8775,0.34,96.99999999999999
2012-08-24,32.93,33.23,32.86,33.19,1391700,33.0525,0.34,97.61764705882352
2012-08-27,33.17,33.34,33.1,33.23,1506000,33.21,0.34,97.73529411764704
2012-08-28,33.18,33.31,33.0,33.23,1253900,33.18,0.34,97.73529411764704
2012-08-29,33.15,33.31,32.98,33.24,1137400,33.17,0.34,97.76470588235294
2012-08-30,33.18,33.31,32.99,33.2,1740600,33.17,0.34,97.64705882352942
2012-08-31,33.4,33.44,32.99,33.26,2152500,33.2725,0.34,97.8235294117647
2012-09-04,33.13,33.51,32.87,33.47,1923300,33.245,0.34,98.44117647058823
2012-09-05,33.51,33.62,33.22,33.5,1748100,33.4625,0.34,98.52941176470587
2012-09-06,33.7,34.23,33.57,34.22,2211200,33.93,0.34,100.6470588235294
2012-09-07,34.23,34.34,34.15,34.22,1524800,34.235,0.34,100.6470588235294
2012-09-10,34.21,34.27,34.1,34.13,1133600,34.1775,0.34,100.38235294117646
2012-09-11,34.13,34.25,33.99,34.11,1336100,34.12,0.34,100.3235294117647
2012-09-12,33.89,34.04,33.6,33.72,4002200,33.8125,0.34,99.17647058823529
2012-09-13,33.46,34.3,33.46,34.14,2359300,33.84,0.34,100.41176470588235
2012-09-14,34.24,34.48,34.03,34.46,2112700,34.3025,0.34,101.35294117647058
2012-09-17,34.32,34.48,34.12,34.24,4924100,34.29,0.34,100.70588235294117
2012-09-18,34.32,34.4,34.11,34.3,1788100,34.2825,0.34,100.88235294117645
2012-09-19,34.36,34.66,34.27,34.48,1970100,34.4425,0.34,101.41176470588233
2012-09-20,34.35,34.56,34.26,34.47,1985900,34.41,0.34,101.38235294117646
2012-09-21,34.46,34.7,34.43,34.55,2788700,34.535,0.34,101.61764705882351
2012-09-24,34.49,34.53,34.23,34.38,2588245,34.4075,0.42,81.85714285714286
2012-09-25,33.13,33.89,32.9,33.41,6050148,33.3325,0.42,79.54761904761904
2012-09-26,33.22,33.44,32.94,33.17,3270900,33.1925,0.42,78.97619047619048
2012-09-27,33.26,33.36,33.08,33.2,2453100,33.225,0.42,79.04761904761905
2012-09-28,33.23,33.38,33.03,33.29,1991000,33.2325,0.42,79.26190476190476
2012-10-01,33.06,33.36,32.65,32.71,3920000,32.945,0.42,77.88095238095238
2012-10-02,32.88,33.21,32.77,33.01,2735500,32.9675,0.42,78.59523809523809
2012-10-03,33.18,33.33,32.99,33.27,1475700,33.1925,0.42,79.21428571428572
2012-10-04,33.39,33.48,33.21,33.37,1646800,33.3625,0.42,79.45238095238095
2012-10-05,33.74,33.91,33.48,33.57,1273100,33.675,0.42,79.92857142857143
2012-10-08,33.33,33.41,33.18,33.35,1024800,33.3175,0.42,79.40476190476191
2012-10-09,33.39,33.4,32.9,32.97,1220400,33.165,0.42,78.5
2012-10-10,33.05,33.06,32.7,32.76,1134400,32.8925,0.42,78.0
2012-10-11,33.04,33.05,32.67,32.7,1223000,32.865,0.42,77.85714285714286
2012-10-12,32.82,32.95,32.57,32.63,1925900,32.7425,0.42,77.6904761904762
2012-10-15,32.81,32.91,32.67,32.84,1151800,32.8075,0.42,78.1904761904762
2012-10-16,32.88,33.13,32.73,32.97,1137800,32.9275,0.42,78.5
2012-10-17,32.89,33.17,32.8,33.07,1007200,32.9825,0.42,78.73809523809524
2012-10-18,33.08,33.24,32.83,32.96,1973600,33.0275,0.42,78.47619047619048
2012-10-19,32.98,32.98,32.51,32.55,1987998,32.755,0.42,77.5
2012-10-22,32.5,32.7,32.4,32.64,1246400,32.56,0.42,77.71428571428572
2012-10-23,32.4,32.94,32.22,32.76,2303700,32.58,0.42,78.0
2012-10-24,32.96,32.97,32.7,32.77,1413200,32.85,0.42,78.02380952380953
2012-10-25,32.95,32.96,32.66,32.81,1713300,32.845,0.42,78.11904761904762
2012-10-26,32.74,33.0,32.66,32.93,1722400,32.8325,0.42,78.40476190476191
2012-10-31,32.88,32.89,32.22,32.42,2379200,32.6025,0.42,77.1904761904762
2012-11-01,32.6,33.36,32.43,33.3,2629900,32.9225,0.42,79.28571428571428
2012-11-02,33.61,33.61,32.87,32.94,5192100,33.2575,0.42,78.42857142857143
2012-11-05,32.79,32.94,32.54,32.75,1711000,32.755,0.42,77.97619047619048
2012-11-06,32.97,33.38,32.92,33.02,2034796,33.0725,0.42,78.61904761904763
2012-11-07,32.77,32.92,32.53,32.65,2268500,32.7175,0.42,77.73809523809524
2012-11-08,32.5,32.68,32.21,32.22,1517500,32.4025,0.42,76.71428571428571
2012-11-09,32.09,32.37,32.02,32.16,2467300,32.16,0.42,76.57142857142857
2012-11-12,32.21,32.4,32.18,32.23,1449300,32.255,0.42,76.73809523809523
2012-11-13,32.07,32.43,32.05,32.12,1651164,32.1675,0.42,76.47619047619047
2012-11-14,32.15,32.15,31.49,31.55,2018442,31.835,0.42,75.11904761904762
2012-11-15,31.28,31.68,31.27,31.57,2446700,31.45,0.42,75.16666666666667
2012-11-16,31.49,31.82,31.43,31.74,2033600,31.62,0.42,75.57142857142857
2012-11-19,32.12,32.12,31.75,31.93,2737600,31.98,0.42,76.02380952380953
2012-11-20,32.06,32.07,31.75,32.01,2682100,31.9725,0.42,76.21428571428571
2012-11-21,32.12,32.14,31.92,32.13,1744000,32.0775,0.42,76.50000000000001
2012-11-23,32.36,32.47,32.07,32.44,793000,32.335,0.42,77.23809523809524
2012-11-26,32.28,32.46,32.09,32.24,1720800,32.2675,0.42,76.76190476190477
2012-11-27,32.21,32.29,31.99,32.08,1701300,32.1425,0.42,76.38095238095238
2012-11-28,32.04,32.25,31.97,32.24,1745600,32.125,0.42,76.76190476190477
2012-11-29,32.3,32.47,32.21,32.44,1292200,32.355,0.42,77.23809523809524
2012-11-30,32.5,32.7,32.44,32.54,2386600,32.545,0.42,77.47619047619048
2012-12-03,32.63,32.65,32.33,32.48,1588200,32.5225,0.42,77.33333333333333
2012-12-04,32.45,32.9,32.39,32.79,2167400,32.6325,0.42,78.07142857142857
2012-12-05,32.8,33.06,32.69,32.97,2293300,32.88,0.42,78.5
2012-12-06,33.0,33.19,32.91,33.13,1820300,33.0575,0.42,78.8809523809524
2012-12-07,33.23,33.3,32.92,33.19,1625500,33.16,0.42,79.02380952380952
2012-12-10,33.11,33.48,33.11,33.26,2104202,33.24,0.42,79.19047619047619
2012-12-11,33.36,33.93,33.34,33.9,3789000,33.6325,0.42,80.71428571428571
2012-12-12,33.98,34.06,33.77,33.82,4443300,33.9075,0.42,80.52380952380953
2012-12-13,33.87,34.03,33.59,33.71,2174000,33.8,0.42,80.26190476190477
2012-12-14,33.61,33.79,33.56,33.71,1996900,33.6675,0.42,80.26190476190477
2012-12-17,33.74,33.99,33.58,33.92,3172200,33.8075,0.42,80.76190476190477
2012-12-18,33.28,33.47,32.99,33.16,5521200,33.225,0.42,78.95238095238095
2012-12-19,33.27,33.4,32.99,33.05,3905200,33.1775,0.41,80.60975609756098
2012-12-20,32.77,32.81,32.14,32.39,13485363,32.5275,0.41,79.0
2012-12-21,31.78,32.36,31.32,31.4,8462700,31.715,0.41,76.58536585365854
2012-12-24,31.44,31.63,31.19,31.5,1621700,31.44,0.41,76.82926829268293
2012-12-26,31.5,31.56,31.02,31.15,2116700,31.3075,0.41,75.97560975609757
2012-12-27,31.09,31.18,30.7,31.11,2779200,31.02,0.41,75.8780487804878
2012-12-28,30.97,31.23,30.82,30.88,2996500,30.975,0.41,75.3170731707317
2012-12-31,30.57,31.14,30.55,31.1,2940900,30.84,0.41,75.85365853658537
2013-01-02,31.7,31.85,31.47,31.85,3487000,31.7175,0.41,77.6829268292683
2013-01-03,31.69,32.2,31.66,31.9,2615700,31.8625,0.41,77.8048780487805
2013-01-04,32.08,32.21,31.76,32.17,2048900,32.055,0.41,78.46341463414635
2013-01-07,32.19,32.2,31.9,32.02,1804200,32.0775,0.41,78.09756097560977
2013-01-08,31.93,32.14,31.9,31.95,2583100,31.98,0.41,77.92682926829269
2013-01-09,32.03,32.24,31.85,31.96,2181700,32.02,0.41,77.95121951219512
2013-01-10,32.1,32.16,31.73,31.85,2609200,31.96,0.41,77.6829268292683
2013-01-11,31.9,32.04,31.55,31.78,2583800,31.8175,0.41,77.51219512195122
2013-01-14,31.77,32.36,31.77,32.27,2890300,32.0425,0.41,78.70731707317074
2013-01-15,32.24,32.31,31.98,32.08,1609000,32.1525,0.41,78.2439024390244
2013-01-16,32.13,32.28,31.91,31.95,1303701,32.0675,0.41,77.92682926829269
2013-01-17,32.08,32.17,31.95,32.02,1501700,32.055,0.41,78.09756097560977
2013-01-18,32.05,32.39,31.97,32.38,2881300,32.1975,0.41,78.97560975609757
2013-01-22,32.45,32.55,32.23,32.47,1807700,32.425,0.41,79.19512195121952
2013-01-23,32.54,32.65,32.22,32.28,3174000,32.4225,0.41,78.73170731707317
2013-01-24,32.37,32.39,31.73,31.74,5164200,32.0575,0.41,77.41463414634147
2013-01-25,31.75,31.87,31.54,31.84,3416400,31.75,0.41,77.65853658536585
2013-01-28,31.91,32.09,31.66,31.95,2374000,31.9025,0.41,77.92682926829269
2013-01-29,32.02,32.61,31.95,32.58,3856700,32.29,0.41,79.46341463414635
2013-01-30,32.5,32.56,32.17,32.28,4134900,32.3775,0.41,78.73170731707317
2013-01-31,32.35,32.69,32.32,32.65,7189200,32.5025,0.41,79.63414634146342
2013-02-01,32.75,33.09,32.72,32.86,4356800,32.855,0.41,80.14634146341464
2013-02-04,32.95,33.14,32.61,32.71,2853100,32.8525,0.41,79.78048780487805
2013-02-05,32.97,33.36,32.83,33.35,3434283,33.1275,0.41,81.34146341463415
2013-02-06,33.29,33.41,33.03,33.27,3915000,33.25,0.41,81.14634146341464
2013-02-07,33.22,33.37,32.93,33.22,2637500,33.185,0.41,81.02439024390245
2013-02-08,33.34,33.6,33.19,33.32,2047100,33.3625,0.41,81.26829268292684
2013-02-11,33.28,33.38,33.11,33.32,1874100,33.2725,0.41,81.26829268292684
2013-02-12,33.28,33.49,33.2,33.44,1947500,33.3525,0.41,81.5609756097561
2013-02-13,33.2,33.64,33.2,33.53,1721300,33.3925,0.41,81.78048780487805
2013-02-14,33.48,33.72,33.36,33.72,1964100,33.57,0.41,82.2439024390244
2013-02-15,33.66,34.0,33.65,33.97,3188100,33.82,0.41,82.85365853658537
2013-02-19,33.95,33.96,33.73,33.93,2293400,33.8925,0.41,82.75609756097562
2013-02-20,33.97,34.05,33.69,33.71,2067700,33.855,0.41,82.21951219512196
2013-02-21,33.65,33.66,32.87,33.01,3844900,33.2975,0.41,80.51219512195122
2013-02-22,33.13,33.25,32.96,33.12,2393900,33.115,0.41,80.78048780487805
2013-02-25,33.39,33.62,33.0,33.01,3046010,33.255,0.41,80.51219512195122
2013-02-26,33.23,33.44,32.88,32.99,3520900,33.135,0.41,80.46341463414635
2013-02-27,32.96,33.24,32.91,33.17,3628300,33.07,0.41,80.90243902439025
2013-02-28,33.15,33.33,33.06,33.1,3224700,33.16,0.41,80.73170731707317
2013-03-01,32.73,33.4,32.73,33.35,2970900,33.0525,0.41,81.34146341463415
2013-03-04,33.14,33.55,33.02,33.52,2412600,33.3075,0.41,81.75609756097562
2013-03-05,33.69,33.99,33.6,33.94,2253300,33.805,0.41,82.78048780487805
2013-03-06,34.0,34.09,33.66,33.77,1883200,33.88,0.41,82.3658536585366
2013-03-07,33.84,34.2,33.77,34.06,2913500,33.9675,0.41,83.07317073170732
2013-03-08,34.24,34.25,33.84,33.99,1901600,34.08,0.41,82.90243902439025
2013-03-11,34.01,34.11,33.8,33.95,2032700,33.9675,0.41,82.8048780487805
2013-03-12,33.99,34.05,33.76,33.89,1806904,33.9225,0.41,82.65853658536587
2013-03-13,34.05,34.19,33.83,34.12,1811400,34.0475,0.41,83.21951219512195
2013-03-14,34.1,34.26,34.05,34.25,1737401,34.165,0.41,83.53658536585367
2013-03-15,34.13,34.24,33.85,33.99,2971500,34.0525,0.41,82.90243902439025
2013-03-18,33.72,34.02,33.65,33.78,1688300,33.7925,0.41,82.39024390243904
2013-03-19,33.83,34.02,33.63,33.91,2430200,33.8475,0.41,82.70731707317073
2013-03-20,34.11,34.47,33.84,34.39,3160200,34.2025,0.41,83.87804878048782
2013-03-21,34.29,34.29,33.99,34.16,2783800,34.1825,0.41,83.3170731707317
2013-03-22,34.19,34.44,34.02,34.44,2153139,34.2725,0.41,84.0
2013-03-25,34.49,34.67,34.25,34.35,2769400,34.44,0.41,83.78048780487806
2013-03-26,34.42,34.91,34.42,34.84,2318100,34.6475,0.41,84.97560975609757
2013-03-27,34.57,34.98,34.48,34.76,2901211,34.6975,0.4,86.89999999999999
2013-03-28,34.83,35.18,34.1,35.06,4963609,34.7925,0.4,87.65
2013-04-01,34.86,35.5,34.85,35.33,3701800,35.135,0.4,88.32499999999999
2013-04-02,35.61,35.91,35.29,35.87,3392200,35.67,0.4,89.67499999999998
2013-04-03,35.89,35.95,35.38,35.46,3064300,35.67,0.4,88.64999999999999
2013-04-04,35.45,35.8,35.42,35.61,1849300,35.57,0.4,89.02499999999999
2013-04-05,35.45,35.45,34.65,34.89,3799300,35.11,0.4,87.225
2013-04-08,34.87,35.06,34.78,35.06,1529900,34.9425,0.4,87.65
2013-04-09,35.24,35.3,34.88,35.22,2618700,35.16,0.4,88.05
2013-04-10,35.31,35.84,35.23,35.8,2582900,35.545,0.4,89.49999999999999
2013-04-11,35.78,36.16,35.76,36.09,1616400,35.9475,0.4,90.22500000000001
2013-04-12,36.11,36.14,35.81,36.14,1801700,36.05,0.4,90.35
2013-04-15,35.85,36.15,35.26,35.34,3425200,35.65,0.4,88.35000000000001
2013-04-16,35.5,35.78,35.37,35.66,2818800,35.5775,0.4,89.14999999999999
2013-04-17,35.41,35.74,35.24,35.63,3646100,35.505,0.4,89.075
2013-04-18,35.79,35.83,35.16,35.33,2526200,35.5275,0.4,88.32499999999999
2013-04-19,35.17,35.48,35.17,35.4,2532600,35.305,0.4,88.49999999999999
2013-04-22,35.6,35.71,35.1,35.56,1706500,35.4925,0.4,88.9
2013-04-23,35.87,36.07,35.54,36.05,2486833,35.8825,0.4,90.12499999999999
2013-04-24,36.14,36.25,35.98,36.04,1665100,36.1025,0.4,90.1
2013-04-25,36.17,36.33,36.06,36.28,1847400,36.21,0.4,90.7
2013-04-26,36.23,36.31,35.85,35.87,2156900,36.065,0.4,89.67499999999998
2013-04-29,35.99,36.25,35.83,36.13,1419000,36.05,0.4,90.325
2013-04-30,36.05,36.42,36.02,36.41,2111400,36.225,0.4,91.02499999999999
2013-05-01,36.48,36.63,36.21,36.3,2142800,36.405,0.4,90.74999999999999
2013-05-02,36.51,36.93,36.37,36.9,2302600,36.6775,0.4,92.24999999999999
2013-05-03,37.01,37.47,36.64,37.37,2700400,37.1225,0.4,93.42499999999998
2013-05-06,37.23,37.32,36.96,37.11,1897000,37.155,0.4,92.77499999999999
2013-05-07,37.09,37.26,37.0,37.08,1339800,37.1075,0.4,92.69999999999999
2013-05-08,36.92,37.23,36.92,37.18,1307900,37.0625,0.4,92.94999999999999
2013-05-09,37.08,37.59,37.08,37.42,2047000,37.2925,0.4,93.55
2013-05-10,37.52,37.76,37.36,37.74,1509900,37.595,0.4,94.35
2013-05-13,37.62,37.77,37.47,37.53,1279200,37.5975,0.4,93.825
2013-05-14,37.64,38.21,37.63,38.2,2507880,37.92,0.4,95.5
2013-05-15,38.14,38.66,38.06,38.65,3229000,38.3775,0.4,96.62499999999999
2013-05-16,38.54,38.58,37.91,37.94,2798000,38.2425,0.4,94.85
2013-05-17,38.23,38.54,38.18,38.52,2095100,38.3675,0.4,96.3
2013-05-20,38.33,38.52,38.06,38.18,1748100,38.2725,0.4,95.44999999999999
2013-05-21,38.17,38.35,38.06,38.2,1499600,38.195,0.4,95.5
2013-05-22,38.26,38.55,37.77,37.98,1888000,38.14,0.4,94.94999999999999
2013-05-23,37.69,38.2,37.69,37.95,1901400,37.8825,0.4,94.875
2013-05-24,37.76,37.89,37.59,37.86,1715200,37.775,0.4,94.64999999999999
2013-05-28,38.24,38.66,38.16,38.26,1660200,38.33,0.4,95.64999999999999
2013-05-29,37.96,38.06,37.56,37.83,2033700,37.8525,0.4,94.57499999999999
2013-05-30,37.83,38.05,37.57,37.76,1888600,37.8025,0.4,94.39999999999999
2013-05-31,37.54,38.0,37.23,37.23,3350000,37.5,0.4,93.07499999999999
2013-06-03,37.49,37.69,37.23,37.38,2616300,37.4475,0.4,93.45
2013-06-04,37.44,37.6,36.92,37.1,1818700,37.265,0.4,92.75
2013-06-05,37.06,37.11,36.48,36.66,1820900,36.8275,0.4,91.64999999999999
2013-06-06,36.14,36.77,36.14,36.72,2142200,36.4425,0.4,91.8
2013-06-07,36.9,37.19,36.7,37.15,1242000,36.985,0.4,92.87499999999999
2013-06-10,37.09,37.26,36.9,37.08,1133600,37.0825,0.4,92.69999999999999
2013-06-11,36.89,37.19,36.72,36.74,1392400,36.885,0.4,91.85
2013-06-12,36.95,37.01,36.56,36.56,1862100,36.77,0.4,91.4
2013-06-13,36.63,37.21,36.48,37.11,1602900,36.8575,0.4,92.77499999999999
2013-06-14,37.07,37.35,36.95,37.14,1391000,37.1275,0.4,92.85
2013-06-17,37.44,38.0,37.36,37.84,2278600,37.66,0.4,94.60000000000001
2013-06-18,37.84,37.93,37.47,37.8,1640900,37.76,0.4,94.49999999999999
2013-06-19,37.76,37.9,37.34,37.36,1520800,37.59,0.4,93.39999999999999
2013-06-20,36.95,37.19,36.69,36.74,2798725,36.8925,0.4,91.85
2013-06-21,36.96,37.29,36.67,37.17,3338600,37.0225,0.4,92.925
2013-06-24,36.99,37.37,36.84,37.24,3213400,37.11,0.4,93.1
2013-06-25,37.67,37.73,37.14,37.63,2003660,37.5425,0.4,94.075
2013-06-26,37.88,38.14,37.62,37.99,2377800,37.9075,0.4,94.975
2013-06-27,36.97,37.0,35.74,36.6,7255379,36.5775,0.4,91.5
2013-06-28,36.16,36.77,36.0,36.51,4584900,36.36,0.4,91.27499999999999
2013-07-01,36.43,36.88,36.32,36.66,2307380,36.5725,0.4,91.64999999999999
2013-07-02,36.79,37.26,36.62,36.94,2939946,36.9025,0.4,92.35
2013-07-03,36.86,37.36,36.81,37.16,903947,37.0475,0.4,92.89999999999999
2013-07-05,37.5,37.7,37.14,37.61,1219400,37.4875,0.4,94.02499999999999
2013-07-08,37.99,38.06,37.67,38.04,2509300,37.94,0.4,95.1
2013-07-09,38.2,38.24,37.98,38.15,1674300,38.1425,0.4,95.37499999999999
2013-07-10,38.04,38.62,38.04,38.48,1558600,38.295,0.4,96.19999999999999
2013-07-11,38.72,38.99,38.71,38.89,1759700,38.8275,0.4,97.225
2013-07-12,39.47,39.49,38.89,39.4,2299800,39.3125,0.4,98.49999999999999
2013-07-15,39.02,39.37,38.98,39.02,1855300,39.0975,0.4,97.55
2013-07-16,39.0,39.22,38.97,39.06,1402900,39.0625,0.4,97.65
2013-07-17,39.34,39.34,39.06,39.2,1685500,39.235,0.4,98.0
2013-07-18,39.25,39.51,39.17,39.36,1366300,39.3225,0.4,98.39999999999999
2013-07-19,39.44,39.51,39.23,39.35,1688100,39.3825,0.4,98.375
2013-07-22,39.62,39.65,39.29,39.4,1782191,39.49,0.34,115.88235294117646
2013-07-23,39.66,39.66,39.15,39.2,2017100,39.4175,0.34,115.29411764705883
2013-07-24,39.49,39.5,39.04,39.22,1495900,39.3125,0.34,115.35294117647058
2013-07-25,39.02,39.27,38.94,39.24,7128300,39.1175,0.34,115.41176470588235
2013-07-26,39.0,39.27,38.84,39.27,7355900,39.095,0.34,115.5
2013-07-29,39.12,39.33,39.11,39.27,6125900,39.2075,0.34,115.5
2013-07-30,39.1,39.33,38.88,38.88,2349300,39.0475,0.34,114.3529411764706
2013-07-31,39.09,39.59,38.92,39.44,3518912,39.26,0.34,115.99999999999999
2013-08-01,39.61,40.48,39.41,40.44,3087000,39.985,0.34,118.94117647058822
2013-08-02,40.84,40.84,40.1,40.77,2822900,40.6375,0.34,119.91176470588235
2013-08-05,40.49,40.62,40.41,40.51,2592635,40.5075,0.34,119.14705882352939
2013-08-06,40.39,40.69,40.37,40.52,1832622,40.4925,0.34,119.17647058823529
2013-08-07,40.46,40.48,40.1,40.33,1565823,40.3425,0.34,118.61764705882352
2013-08-08,40.58,40.58,40.21,40.25,1514217,40.405,0.34,118.38235294117646
2013-08-09,40.07,40.59,40.01,40.4,1627500,40.2675,0.34,118.8235294117647
2013-08-12,40.1,40.59,40.05,40.36,1203300,40.275,0.34,118.70588235294116
2013-08-13,40.5,40.56,40.16,40.31,1775800,40.3825,0.34,118.55882352941177
2013-08-14,40.36,40.38,39.92,40.02,1479800,40.17,0.34,117.70588235294117
2013-08-15,39.82,39.82,39.46,39.54,1923500,39.66,0.34,116.29411764705881
2013-08-16,39.47,39.58,39.24,39.32,1548500,39.4025,0.34,115.6470588235294
2013-08-19,39.27,39.62,39.25,39.36,1342300,39.375,0.34,115.76470588235293
2013-08-20,39.51,39.78,39.32,39.54,1309043,39.5375,0.34,116.29411764705881
2013-08-21,39.35,39.63,39.06,39.18,1186723,39.305,0.34,115.23529411764704
2013-08-22,39.4,39.63,39.21,39.45,1113142,39.4225,0.34,116.02941176470588
2013-08-23,39.47,39.59,39.14,39.31,1307370,39.3775,0.34,115.61764705882352
2013-08-26,39.31,39.41,39.08,39.13,876136,39.2325,0.34,115.08823529411765
2013-08-27,38.72,38.81,38.46,38.47,1539600,38.615,0.34,113.1470588235294
2013-08-28,38.57,38.7,38.46,38.54,1287613,38.5675,0.34,113.35294117647058
2013-08-29,38.47,38.83,38.33,38.59,1294300,38.555,0.34,113.5
2013-08-30,38.51,38.75,38.34,38.68,2261418,38.57,0.34,113.76470588235293
2013-09-03,38.96,39.15,38.34,38.57,1579813,38.755,0.34,113.44117647058823
2013-09-04,36.8,38.92,36.8,38.84,2073449,37.84,0.34,114.23529411764706
2013-09-05,38.77,39.08,38.68,38.95,977000,38.87,0.34,114.55882352941177
2013-09-06,39.1,39.45,38.52,39.17,1440400,39.06,0.34,115.20588235294117
2013-09-09,39.34,39.59,39.15,39.54,964974,39.405,0.34,116.29411764705881
2013-09-10,39.7,40.09,39.69,39.99,1344700,39.8675,0.34,117.61764705882352
2013-09-11,39.94,40.5,39.94,40.49,1603100,40.2175,0.34,119.08823529411764
2013-09-12,40.35,40.7,40.26,40.28,1092200,40.3975,0.34,118.47058823529412
2013-09-13,40.34,40.42,40.1,40.33,925614,40.2975,0.34,118.61764705882352
2013-09-16,40.6,40.85,40.58,40.65,1113277,40.67,0.34,119.55882352941175
2013-09-17,40.72,40.79,40.57,40.72,984944,40.7,0.34,119.76470588235293
2013-09-18,40.66,41.16,40.64,40.92,1736343,40.845,0.34,120.35294117647058
2013-09-19,41.04,41.15,40.89,41.11,1173412,41.0475,0.34,120.91176470588235
2013-09-20,41.18,41.24,40.93,40.99,2563774,41.085,0.34,120.55882352941177
2013-09-23,40.94,41.0,40.38,40.67,2051700,40.7475,0.34,119.61764705882352
2013-09-24,40.71,40.87,40.52,40.71,1383000,40.7025,0.34,119.73529411764706
2013-09-25,40.63,40.82,40.44,40.59,1363371,40.62,0.34,119.38235294117648
2013-09-26,40.71,40.99,40.61,40.8,1345627,40.7775,0.34,119.99999999999999
2013-09-27,40.74,40.77,40.22,40.35,2026372,40.52,0.34,118.67647058823529
2013-09-30,40.01,40.77,40.0,40.64,3255600,40.355,0.45,90.31111111111112
2013-10-01,39.92,40.14,39.47,39.98,4077175,39.8775,0.45,88.84444444444443
2013-10-02,39.87,39.94,39.53,39.94,2214085,39.82,0.45,88.75555555555555
2013-10-03,39.97,39.99,39.43,39.52,2268843,39.7275,0.45,87.82222222222222
2013-10-04,39.62,39.69,39.35,39.55,2199800,39.5525,0.45,87.88888888888889
2013-10-07,39.37,39.69,39.21,39.66,2266900,39.4825,0.45,88.13333333333333
2013-10-08,39.56,39.79,39.52,39.56,3388600,39.6075,0.45,87.91111111111111
2013-10-09,39.58,39.74,39.21,39.42,2788800,39.4875,0.45,87.60000000000001
2013-10-10,39.66,40.22,39.61,40.19,2819439,39.92,0.45,89.3111111111111
2013-10-11,40.05,40.8,40.04,40.74,1775500,40.4075,0.45,90.53333333333333
2013-10-14,40.68,40.96,40.52,40.9,1656028,40.765,0.45,90.88888888888889
2013-10-15,40.81,40.82,40.57,40.72,2064100,40.73,0.45,90.48888888888888
2013-10-16,40.84,41.18,40.71,41.17,1990603,40.975,0.45,91.4888888888889
2013-10-17,40.98,41.41,40.91,41.4,1566100,41.175,0.45,92.0
2013-10-18,41.43,41.67,41.24,41.63,1579950,41.4925,0.45,92.51111111111112
2013-10-21,41.51,42.27,41.46,42.26,2291700,41.875,0.45,93.91111111111111
2013-10-22,41.93,42.85,41.93,42.72,2584713,42.3575,0.45,94.93333333333332
2013-10-23,42.55,42.69,42.45,42.66,1729200,42.5875,0.45,94.8
2013-10-24,42.69,42.97,42.64,42.85,1563330,42.7875,0.45,95.22222222222223
2013-10-25,43.0,43.0,42.7,43.0,1189812,42.925,0.45,95.55555555555556
2013-10-28,42.98,43.35,42.81,43.27,1531766,43.1025,0.45,96.15555555555557
2013-10-29,43.27,43.62,43.0,43.27,2742000,43.29,0.45,96.15555555555557
2013-10-30,41.28,42.91,41.28,42.3,4746803,41.9425,0.45,93.99999999999999
2013-10-31,42.23,42.41,42.1,42.27,3021400,42.2525,0.45,93.93333333333334
2013-11-01,42.22,42.45,41.88,41.99,2284500,42.135,0.45,93.31111111111112
2013-11-04,42.24,42.24,41.86,42.0,2370600,42.085,0.45,93.33333333333333
2013-11-05,41.94,42.09,41.69,41.91,1806700,41.9075,0.45,93.13333333333333
2013-11-06,41.91,42.24,41.72,41.91,2119118,41.945,0.45,93.13333333333333
2013-11-07,42.11,42.25,41.42,41.79,3547719,41.8925,0.45,92.86666666666666
2013-11-08,41.78,42.21,41.72,42.21,1928000,41.98,0.45,93.8
2013-11-11,42.1,42.28,41.95,42.03,1409816,42.09,0.45,93.4
2013-11-12,41.9,42.21,41.79,42.2,1717736,42.025,0.45,93.77777777777779
2013-11-13,41.27,42.78,41.27,42.77,1981500,42.0225,0.45,95.04444444444445
2013-11-14,42.84,43.24,42.67,43.12,1572800,42.9675,0.45,95.82222222222221
2013-11-15,43.11,43.35,42.78,43.33,2011248,43.1425,0.45,96.28888888888888
2013-11-18,43.48,43.67,43.36,43.43,1858900,43.485,0.45,96.5111111111111
2013-11-19,42.73,43.86,42.11,43.59,2767316,43.0725,0.45,96.86666666666667
2013-11-20,43.56,44.0,43.19,43.31,2330916,43.515,0.45,96.24444444444444
2013-11-21,43.52,43.66,43.36,43.63,1946400,43.5425,0.45,96.95555555555556
2013-11-22,43.93,43.93,43.33,43.5,2892404,43.6725,0.45,96.66666666666666
2013-11-25,43.56,43.76,43.41,43.5,1563300,43.5575,0.45,96.66666666666666
2013-11-26,43.61,44.01,43.43,43.74,3274500,43.6975,0.45,97.2
2013-11-27,43.84,43.94,43.62,43.75,1305312,43.7875,0.45,97.22222222222221
2013-11-29,43.69,44.0,43.66,43.73,858044,43.77,0.45,97.17777777777776
2013-12-02,43.87,43.92,43.48,43.59,1651507,43.715,0.45,96.86666666666667
2013-12-03,43.75,44.4,43.57,43.73,4477500,43.8625,0.45,97.17777777777776
2013-12-04,44.63,44.63,43.25,43.48,3862713,43.9975,0.45,96.6222222222222
2013-12-05,43.49,43.49,42.55,42.68,2843200,43.0525,0.45,94.84444444444445
2013-12-06,43.25,43.39,42.94,43.37,2187532,43.2375,0.45,96.37777777777777
2013-12-09,43.47,43.62,43.15,43.49,2142534,43.4325,0.45,96.64444444444445
2013-12-10,43.43,43.62,43.27,43.38,3246912,43.425,0.45,96.4
2013-12-11,43.34,43.49,42.94,43.0,2247748,43.1925,0.45,95.55555555555556
2013-12-12,42.92,43.07,42.57,43.01,3086637,42.8925,0.45,95.57777777777777
2013-12-13,43.09,43.1,42.52,42.63,3161327,42.835,0.45,94.73333333333333
2013-12-16,42.99,43.32,42.83,43.17,1892400,43.0775,0.45,95.93333333333334
2013-12-17,43.19,43.19,42.74,42.9,2043511,43.005,0.45,95.33333333333333
2013-12-18,43.01,43.4,42.52,43.32,4191233,43.0625,0.45,96.26666666666667
2013-12-19,44.25,45.69,44.0,44.9,7014400,44.71,0.45,99.77777777777777
2013-12-20,44.84,45.23,44.43,45.15,3983286,44.9125,0.43,105.0
2013-12-23,45.46,45.49,45.16,45.48,2453504,45.3975,0.43,105.76744186046511
2013-12-24,45.44,45.53,45.3,45.43,825700,45.425,0.43,105.65116279069767
2013-12-26,45.64,45.79,45.34,45.64,1128500,45.6025,0.43,106.13953488372093
2013-12-27,45.72,45.94,45.5,45.58,951902,45.685,0.43,106.0
2013-12-30,45.63,45.69,45.47,45.67,1181511,45.615,0.43,106.2093023255814
2013-12-31,45.59,45.74,45.46,45.53,1466197,45.58,0.43,105.88372093023256
2014-01-02,45.44,45.54,44.95,45.06,1853847,45.2475,0.43,104.79069767441861
2014-01-03,45.23,45.51,45.07,45.22,1808913,45.2575,0.43,105.16279069767442
2014-01-06,45.25,45.66,44.63,44.83,1839936,45.0925,0.43,104.25581395348837
2014-01-07,45.86,45.95,44.97,45.09,1975100,45.4675,0.43,104.86046511627907
2014-01-08,45.42,45.51,44.57,44.76,5597098,45.065,0.43,104.09302325581395
2014-01-09,44.5,44.81,44.45,44.53,2789993,44.5725,0.43,103.55813953488372
2014-01-10,44.49,44.55,44.14,44.37,2889500,44.3875,0.43,103.18604651162791
2014-01-13,44.4,44.43,43.37,43.58,2777048,43.945,0.43,101.34883720930232
2014-01-14,43.73,44.12,43.58,43.76,2807327,43.7975,0.43,101.76744186046511
2014-01-15,43.8,43.95,43.51,43.64,4176464,43.725,0.43,101.48837209302326
2014-01-16,43.64,44.06,43.55,43.95,3093900,43.8,0.43,102.2093023255814
2014-01-17,43.79,44.31,43.75,44.1,2729863,43.9875,0.43,102.55813953488372
2014-01-21,44.16,44.3,43.73,43.78,2444300,43.9925,0.43,101.81395348837209
2014-01-22,43.85,44.01,43.54,43.71,2269842,43.7775,0.43,101.65116279069768
2014-01-23,43.46,43.7,42.96,43.29,2724814,43.3525,0.43,100.67441860465117
2014-01-24,43.08,43.16,42.07,42.08,3128429,42.5975,0.43,97.86046511627907
2014-01-27,41.47,42.31,41.47,41.88,2235233,41.7825,0.43,97.39534883720931
2014-01-28,41.9,42.38,41.79,42.29,2060324,42.09,0.43,98.34883720930233
2014-01-29,42.08,42.32,41.88,42.02,2747600,42.075,0.43,97.72093023255815
2014-01-30,41.82,42.44,41.65,42.28,2158000,42.0475,0.43,98.32558139534885
2014-01-31,41.6,42.04,41.51,41.82,2806748,41.7425,0.43,97.25581395348837
2014-02-03,41.87,41.98,40.35,40.4,3848293,41.15,0.43,93.95348837209302
2014-02-04,40.4,41.12,39.86,40.83,3767721,40.5525,0.43,94.95348837209302
2014-02-05,40.67,40.83,40.3,40.74,3008200,40.635,0.43,94.74418604651163
2014-02-06,40.7,41.05,40.65,41.01,1621167,40.8525,0.43,95.37209302325581
2014-02-07,41.88,41.88,40.57,40.9,3725132,41.3075,0.43,95.11627906976744
2014-02-10,40.73,40.85,40.57,40.73,3367300,40.72,0.43,94.72093023255813
2014-02-11,41.45,41.45,40.7,41.17,2055301,41.1925,0.43,95.74418604651163
2014-02-12,41.37,41.68,41.12,41.47,2148800,41.41,0.43,96.44186046511628
2014-02-13,41.01,41.65,41.0,41.54,1707000,41.3,0.43,96.6046511627907
2014-02-14,41.36,41.79,41.26,41.59,2083268,41.5,0.43,96.72093023255815
2014-02-18,41.59,41.62,41.31,41.52,2731800,41.51,0.43,96.55813953488374
2014-02-19,41.55,41.97,41.4,41.51,2374106,41.6075,0.43,96.53488372093022
2014-02-20,41.33,41.51,41.01,41.27,2308025,41.28,0.43,95.97674418604652
2014-02-21,41.59,41.77,40.9,41.35,2906700,41.4025,0.43,96.16279069767442
2014-02-24,41.33,41.92,41.27,41.53,1619400,41.5125,0.43,96.58139534883722
2014-02-25,41.64,41.86,41.24,41.27,2887580,41.5025,0.43,95.97674418604652
2014-02-26,41.43,41.89,41.18,41.64,3272200,41.535,0.43,96.83720930232559
2014-02-27,41.68,41.73,41.21,41.55,3266141,41.5425,0.43,96.62790697674419
2014-02-28,41.45,41.98,41.16,41.76,2444249,41.5875,0.43,97.11627906976744
2014-03-03,41.55,41.75,40.99,41.18,1773507,41.3675,0.43,95.76744186046511
2014-03-04,41.79,42.51,41.72,42.34,2834698,42.09,0.43,98.46511627906978
2014-03-05,42.26,42.32,41.79,42.04,1919400,42.1025,0.43,97.76744186046511
2014-03-06,42.12,42.21,41.92,42.02,1592703,42.0675,0.43,97.72093023255815
2014-03-07,42.03,42.94,42.03,42.64,2561121,42.41,0.43,99.16279069767442
2014-03-10,42.61,42.75,42.26,42.43,1643800,42.5125,0.43,98.67441860465117
2014-03-11,42.5,42.6,42.16,42.31,1032719,42.3925,0.43,98.39534883720931
2014-03-12,42.04,42.42,41.91,42.4,1870504,42.1925,0.43,98.6046511627907
2014-03-13,42.53,42.53,41.64,41.69,1736000,42.0975,0.43,96.95348837209302
2014-03-14,41.73,41.93,41.44,41.82,2034000,41.73,0.43,97.25581395348837
2014-03-17,42.2,42.42,41.97,42.24,1279732,42.2075,0.43,98.23255813953489
2014-03-18,42.41,42.79,42.26,42.68,1492950,42.535,0.43,99.25581395348837
2014-03-19,42.68,42.88,42.24,42.57,1677310,42.5925,0.43,99.0
2014-03-20,42.45,43.1,42.32,42.92,2501800,42.6975,0.43,99.81395348837209
2014-03-21,43.37,43.37,42.61,42.84,4862048,43.0475,0.43,99.6279069767442
2014-03-24,42.98,43.1,42.17,42.35,2115500,42.65,0.43,98.48837209302326
2014-03-25,42.63,42.7,42.02,42.47,1665815,42.455,0.43,98.76744186046511
2014-03-26,42.51,42.68,41.91,41.92,2618918,42.255,0.44,95.27272727272728
2014-03-27,43.22,43.56,41.75,42.52,3501209,42.7625,0.44,96.63636363636364
2014-03-28,42.58,43.02,42.23,42.56,1856400,42.5975,0.44,96.72727272727273
2014-03-31,42.62,42.91,42.46,42.6,2563700,42.6475,0.44,96.81818181818183
2014-04-01,42.51,42.53,42.05,42.5,3335129,42.3975,0.44,96.5909090909091
2014-04-02,42.2,42.89,42.19,42.81,3247194,42.5225,0.44,97.29545454545455
2014-04-03,43.3,43.3,42.27,42.8,2569932,42.9175,0.44,97.27272727272727
2014-04-04,43.06,43.06,41.45,41.47,3184200,42.26,0.44,94.25
2014-04-07,41.2,41.48,40.76,41.34,3595536,41.195,0.44,93.95454545454547
2014-04-08,41.3,41.55,41.04,41.3,2472200,41.2975,0.44,93.86363636363636
2014-04-09,41.4,41.52,40.8,41.24,3022939,41.24,0.44,93.72727272727273
2014-04-10,41.3,41.62,40.61,40.63,3693700,41.04,0.44,92.3409090909091
2014-04-11,40.48,40.62,39.8,39.92,3228300,40.205,0.44,90.72727272727273
2014-04-14,40.23,40.49,39.83,40.3,2021502,40.2125,0.44,91.59090909090908
2014-04-15,40.2,40.78,40.06,40.68,2672100,40.43,0.44,92.45454545454545
2014-04-16,41.08,41.23,40.57,40.88,1881403,40.94,0.44,92.90909090909092
2014-04-17,40.79,41.2,40.68,40.93,1589500,40.9,0.44,93.02272727272727
2014-04-21,41.1,41.22,40.7,40.84,1318840,40.965,0.44,92.81818181818183
2014-04-22,40.68,41.09,40.67,40.99,1500000,40.8575,0.44,93.1590909090909
2014-04-23,41.0,41.14,40.86,40.88,1525900,40.97,0.44,92.90909090909092
2014-04-24,41.2,41.25,40.8,40.92,1612900,41.0425,0.44,93.0
2014-04-25,40.72,40.92,40.37,40.39,1546800,40.6,0.44,91.79545454545455
2014-04-28,40.67,40.86,40.18,40.68,1891000,40.5975,0.44,92.45454545454545
2014-04-29,41.02,41.04,40.77,40.89,1903100,40.93,0.44,92.93181818181819
2014-04-30,40.77,41.81,40.69,41.81,2804480,41.27,0.44,95.02272727272728
2014-05-01,41.78,41.89,41.33,41.41,1453612,41.6025,0.44,94.11363636363636
2014-05-02,40.61,41.74,40.61,41.4,1806914,41.09,0.44,94.0909090909091
2014-05-05,41.09,41.68,40.91,41.49,1632300,41.2925,0.44,94.29545454545455
2014-05-06,41.26,41.47,40.74,40.8,1937113,41.0675,0.44,92.72727272727272
2014-05-07,40.81,41.05,40.21,40.45,2954900,40.63,0.44,91.93181818181819
2014-05-08,40.32,40.79,40.03,40.77,2062800,40.4775,0.44,92.65909090909092
2014-05-09,40.83,41.03,40.62,40.89,1665220,40.8425,0.44,92.93181818181819
2014-05-12,40.96,41.43,40.96,41.31,1505900,41.165,0.44,93.88636363636364
2014-05-13,41.32,41.57,41.22,41.35,1570100,41.365,0.44,93.97727272727273
2014-05-14,41.28,41.39,40.84,40.88,1662340,41.0975,0.44,92.90909090909092
2014-05-15,40.75,40.75,40.03,40.42,2182916,40.4875,0.44,91.86363636363637
2014-05-16,40.43,40.93,40.24,40.85,1660400,40.6125,0.44,92.8409090909091
2014-05-19,40.92,41.1,40.69,41.06,1138000,40.9425,0.44,93.31818181818183
2014-05-20,41.11,41.12,40.69,40.79,2331500,40.9275,0.44,92.70454545454545
2014-05-21,40.88,41.04,40.5,40.52,1989410,40.735,0.44,92.0909090909091
2014-05-22,40.52,40.64,40.36,40.41,2223700,40.4825,0.44,91.84090909090908
2014-05-23,40.67,40.88,40.31,40.82,1523035,40.67,0.44,92.77272727272727
2014-05-27,40.82,41.13,40.73,41.12,1394700,40.95,0.44,93.45454545454545
2014-05-28,41.2,41.31,40.9,41.07,1443200,41.12,0.44,93.3409090909091
2014-05-29,41.11,41.45,41.07,41.44,1126400,41.2675,0.44,94.18181818181817
2014-05-30,41.59,41.62,41.04,41.11,3017300,41.34,0.44,93.43181818181819
2014-06-02,41.15,41.27,40.83,40.88,1740327,41.0325,0.44,92.90909090909092
2014-06-03,40.64,40.76,40.21,40.45,2414914,40.515,0.44,91.93181818181819
2014-06-04,40.37,40.83,40.21,40.83,1970300,40.56,0.44,92.79545454545455
2014-06-05,40.81,41.11,40.37,41.11,2076900,40.85,0.44,93.43181818181819
2014-06-06,41.19,41.6,41.02,41.2,1926400,41.2525,0.44,93.63636363636364
2014-06-09,41.24,41.48,41.12,41.35,987000,41.2975,0.44,93.97727272727273
2014-06-10,41.29,41.38,41.02,41.13,1028900,41.205,0.44,93.47727272727273
2014-06-11,41.07,41.07,40.76,40.97,1203900,40.9675,0.44,93.11363636363636
2014-06-12,40.77,41.02,40.65,40.82,1220306,40.815,0.44,92.77272727272727
2014-06-13,40.93,41.18,40.89,41.1,1227500,41.025,0.44,93.4090909090909
2014-06-16,40.95,41.33,40.84,41.05,1128800,41.0425,0.44,93.29545454545453
2014-06-17,41.0,41.4,40.84,41.21,1844500,41.1125,0.44,93.6590909090909
2014-06-18,41.13,41.45,40.92,41.41,1154200,41.2275,0.44,94.11363636363636
2014-06-19,41.59,41.59,41.04,41.22,1347700,41.36,0.44,93.68181818181817
2014-06-20,41.43,41.81,41.26,41.64,2857138,41.535,0.44,94.63636363636364
2014-06-23,41.64,41.66,41.29,41.58,1184309,41.5425,0.44,94.5
2014-06-24,41.51,41.99,41.37,41.45,1948400,41.58,0.44,94.20454545454547
2014-06-25,41.27,41.59,41.19,41.39,1596507,41.36,0.44,94.06818181818181
2014-06-26,41.34,41.44,40.98,41.26,1909500,41.255,0.44,93.77272727272727
2014-06-27,41.23,41.51,41.02,41.21,2105700,41.2425,0.44,93.6590909090909
2014-06-30,40.8,41.72,40.8,41.56,2256550,41.22,0.44,94.45454545454545
2014-07-01,40.7,42.5,40.59,42.13,4385573,41.48,0.44,95.75
2014-07-02,41.25,41.78,40.66,41.15,4424831,41.21,0.44,93.52272727272727
2014-07-03,41.22,41.57,41.19,41.55,2262000,41.3825,0.44,94.43181818181817
2014-07-07,41.55,41.55,41.16,41.43,1488500,41.4225,0.44,94.1590909090909
2014-07-08,41.59,42.24,41.4,41.86,3873069,41.7725,0.44,95.13636363636364
2014-07-09,42.14,42.26,41.6,41.7,2464233,41.925,0.44,94.77272727272728
2014-07-10,41.84,42.13,41.48,41.92,1976075,41.8425,0.44,95.27272727272728
2014-07-11,41.99,42.05,41.73,41.92,1428500,41.9225,0.44,95.27272727272728
2014-07-14,42.21,42.32,42.04,42.16,1346914,42.1825,0.44,95.81818181818181
2014-07-15,42.3,42.44,41.98,42.34,2125500,42.265,0.44,96.22727272727273
2014-07-16,42.46,42.59,42.15,42.18,1261828,42.345,0.44,95.86363636363636
2014-07-17,42.1,42.21,41.55,41.62,1676200,41.87,0.44,94.59090909090908
2014-07-18,41.74,42.13,41.57,42.11,1640120,41.8875,0.44,95.70454545454545
2014-07-21,42.11,42.2,41.7,42.02,1290700,42.0075,0.44,95.5
2014-07-22,42.23,42.44,42.09,42.19,1040246,42.2375,0.4,105.475
2014-07-23,42.17,42.29,42.04,42.06,1077000,42.14,0.4,105.15
2014-07-24,42.17,42.66,42.1,42.56,1622628,42.3725,0.4,106.4
2014-07-25,42.46,42.64,42.07,42.38,1493900,42.3875,0.4,105.95
2014-07-28,42.48,42.48,41.95,42.23,1214402,42.285,0.4,105.57499999999999
2014-07-29,42.27,42.41,41.86,41.87,1614314,42.1025,0.4,104.67499999999998
2014-07-30,41.54,41.73,41.26,41.48,1671600,41.5025,0.4,103.69999999999999
2014-07-31,41.35,41.47,40.97,41.01,2050981,41.2,0.4,102.52499999999999
2014-08-01,40.98,41.21,40.88,41.02,2534900,41.0225,0.4,102.55
2014-08-04,40.97,41.13,40.1,40.86,4333900,40.765,0.4,102.14999999999999
2014-08-05,40.37,40.84,40.37,40.52,2574021,40.525,0.4,101.3
2014-08-06,40.4,40.75,40.21,40.67,1615700,40.5075,0.4,101.675
2014-08-07,40.73,40.89,40.27,40.45,1799200,40.585,0.4,101.125
2014-08-08,40.64,41.38,40.51,41.34,2104100,40.9675,0.4,103.35000000000001
2014-08-11,41.51,41.74,41.45,41.59,1435400,41.5725,0.4,103.97500000000001
2014-08-12,41.59,41.65,41.26,41.41,1500439,41.4775,0.4,103.52499999999999
2014-08-13,41.67,41.86,41.42,41.57,1927400,41.63,0.4,103.925
2014-08-14,41.13,41.75,41.13,41.71,954004,41.43,0.4,104.27499999999999
2014-08-15,41.95,42.0,41.27,41.55,1996336,41.6925,0.4,103.87499999999999
2014-08-18,41.96,42.15,41.79,42.09,1734700,41.9975,0.4,105.22500000000001
2014-08-19,42.11,42.18,41.94,42.17,908000,42.1,0.4,105.425
2014-08-20,42.04,42.17,41.72,41.85,1495300,41.945,0.4,104.625
2014-08-21,41.79,42.12,41.7,42.09,1011300,41.925,0.4,105.22500000000001
2014-08-22,42.18,42.18,41.84,41.93,883503,42.0325,0.4,104.82499999999999
2014-08-25,42.15,42.22,41.89,41.91,880412,42.0425,0.4,104.77499999999999
2014-08-26,41.97,42.18,41.92,41.98,669538,42.0125,0.4,104.94999999999999
2014-08-27,41.95,41.98,41.78,41.96,1155402,41.9175,0.4,104.89999999999999
2014-08-28,41.61,42.01,41.61,41.78,1001600,41.7525,0.4,104.45
2014-08-29,41.99,41.99,41.46,41.65,1711400,41.7725,0.4,104.12499999999999
2014-09-02,41.82,41.99,41.59,41.9,1547940,41.825,0.4,104.74999999999999
2014-09-03,41.95,42.26,41.93,42.23,2238000,42.0925,0.4,105.57499999999999
2014-09-04,42.2,42.52,42.14,42.34,1533500,42.3,0.4,105.85000000000001
2014-09-05,42.33,42.52,42.07,42.33,2446828,42.3125,0.4,105.82499999999999
2014-09-08,42.32,42.55,42.17,42.47,1757300,42.3775,0.4,106.175
2014-09-09,42.32,42.41,41.95,42.04,1318221,42.18,0.4,105.1
2014-09-10,41.98,42.1,41.91,42.08,1461500,42.0175,0.4,105.19999999999999
2014-09-11,42.0,42.11,41.83,42.03,1215812,41.9925,0.4,105.075
2014-09-12,42.15,42.19,41.68,41.97,1420800,41.9975,0.4,104.925
2014-09-15,41.86,42.12,41.79,42.11,1144700,41.97,0.4,105.27499999999999
2014-09-16,41.68,42.12,41.64,41.9,1859600,41.835,0.4,104.74999999999999
2014-09-17,41.8,42.56,41.79,42.55,2455946,42.175,0.4,106.37499999999999
2014-09-18,42.7,42.99,42.54,42.98,2189745,42.8025,0.4,107.44999999999999
2014-09-19,43.04,43.17,42.7,42.96,3348407,42.9675,0.4,107.39999999999999
2014-09-22,42.84,42.94,42.38,42.48,2108100,42.66,0.4,106.19999999999999
2014-09-23,42.44,42.59,42.24,42.41,3297660,42.42,0.4,106.02499999999999
2014-09-24,42.39,44.19,42.0,43.88,5503910,43.115,0.47,93.36170212765958
2014-09-25,43.92,44.11,43.42,43.68,2977100,43.7825,0.47,92.93617021276596
2014-09-26,43.65,44.15,43.61,44.0,2227330,43.8525,0.47,93.61702127659575
2014-09-29,43.79,44.38,43.62,44.23,1988617,44.005,0.47,94.1063829787234
2014-09-30,44.2,44.49,44.08,44.2,2070500,44.2425,0.47,94.04255319148938
2014-10-01,43.54,43.9,43.34,43.48,2496941,43.565,0.47,92.51063829787233
2014-10-02,43.58,43.61,43.1,43.31,1976400,43.4,0.47,92.14893617021278
2014-10-03,43.76,44.42,43.62,44.32,2671500,44.03,0.47,94.29787234042554
2014-10-06,44.5,44.68,44.3,44.68,2685300,44.54,0.47,95.06382978723404
2014-10-07,44.58,44.63,43.87,43.88,1948623,44.24,0.47,93.36170212765958
2014-10-08,43.83,44.42,43.61,44.34,2813600,44.05,0.47,94.3404255319149
2014-10-09,44.33,44.59,43.72,43.83,2599500,44.1175,0.47,93.25531914893617
2014-10-10,43.9,44.18,43.39,43.41,2162600,43.72,0.47,92.36170212765957
2014-10-13,43.65,43.96,43.24,43.28,2421419,43.5325,0.47,92.08510638297874
2014-10-14,43.42,43.97,43.42,43.54,2681533,43.5875,0.47,92.63829787234043
2014-10-15,43.01,43.3,42.06,43.05,3774404,42.855,0.47,91.59574468085107
2014-10-16,42.51,43.29,42.32,43.09,2411800,42.8025,0.47,91.6808510638298
2014-10-17,43.42,43.87,43.1,43.5,2111832,43.4725,0.47,92.55319148936171
2014-10-20,43.4,43.77,43.33,43.75,1756966,43.5625,0.47,93.08510638297872
2014-10-21,43.91,44.75,43.61,44.68,2201937,44.2375,0.47,95.06382978723404
2014-10-22,44.88,45.06,44.66,44.71,2180200,44.8275,0.47,95.1276595744681
2014-10-23,45.25,45.46,44.97,45.01,1930014,45.1725,0.47,95.76595744680851
2014-10-24,45.21,45.56,45.01,45.49,1285100,45.3175,0.47,96.7872340425532
2014-10-27,45.51,45.94,45.34,45.77,1521000,45.64,0.47,97.38297872340426
2014-10-28,46.0,46.16,45.72,46.0,2542900,45.97,0.47,97.87234042553192
2014-10-29,46.03,46.22,45.56,46.0,1618200,45.9525,0.47,97.87234042553192
2014-10-30,45.47,46.33,45.44,46.15,2420900,45.8475,0.47,98.19148936170212
2014-10-31,46.93,46.99,46.58,46.94,3234658,46.86,0.47,99.87234042553192
2014-11-03,46.88,47.32,46.88,47.06,2257300,47.035,0.47,100.1276595744681
2014-11-04,47.16,47.62,47.02,47.25,3440200,47.2625,0.47,100.53191489361703
2014-11-05,47.57,47.89,47.38,47.77,2679200,47.6525,0.47,101.63829787234044
2014-11-06,47.79,48.2,47.53,47.57,3087500,47.7725,0.47,101.21276595744682
2014-11-07,47.53,47.65,47.13,47.33,3491600,47.41,0.47,100.70212765957447
2014-11-10,47.46,47.58,47.27,47.5,1721512,47.4525,0.47,101.06382978723404
2014-11-11,47.4,47.52,47.02,47.28,1358900,47.305,0.47,100.59574468085107
2014-11-12,47.21,47.54,47.05,47.49,1450416,47.3225,0.47,101.04255319148938
2014-11-13,47.65,47.77,47.33,47.43,1898025,47.545,0.47,100.91489361702128
2014-11-14,47.5,47.5,46.91,47.23,1139400,47.285,0.47,100.48936170212765
2014-11-17,47.16,47.35,47.08,47.23,1423849,47.205,0.47,100.48936170212765
2014-11-18,47.3,47.66,47.25,47.49,1931402,47.425,0.47,101.04255319148938
2014-11-19,47.49,47.5,47.0,47.36,2110500,47.3375,0.47,100.76595744680851
2014-11-20,47.36,47.48,47.06,47.33,1293200,47.3075,0.47,100.70212765957447
2014-11-21,47.59,47.6,47.22,47.32,2772034,47.4325,0.47,100.68085106382979
2014-11-24,47.55,47.59,47.34,47.43,1987000,47.4775,0.47,100.91489361702128
2014-11-25,47.5,47.66,47.19,47.39,2362100,47.435,0.47,100.82978723404256
2014-11-26,47.42,47.48,47.24,47.35,1788200,47.3725,0.47,100.74468085106383
2014-11-28,46.75,47.75,46.75,47.41,2162100,47.165,0.47,100.87234042553192
2014-12-01,47.39,47.53,47.11,47.3,2974504,47.3325,0.47,100.63829787234043
2014-12-02,47.5,47.68,47.29,47.41,2831223,47.47,0.47,100.87234042553192
2014-12-03,47.47,47.49,47.25,47.38,2155633,47.3975,0.47,100.80851063829789
2014-12-04,47.3,47.63,47.19,47.33,2231523,47.3625,0.47,100.70212765957447
2014-12-05,47.36,47.51,47.28,47.4,2813609,47.3875,0.47,100.85106382978724
2014-12-08,47.4,47.48,46.95,47.11,2648500,47.235,0.47,100.2340425531915
2014-12-09,46.69,46.95,46.25,46.71,3630196,46.65,0.47,99.38297872340426
2014-12-10,46.65,47.05,46.49,46.61,2465600,46.7,0.47,99.17021276595744
2014-12-11,46.86,47.46,46.72,46.87,2738613,46.9775,0.47,99.72340425531915
2014-12-12,46.61,46.78,46.1,46.1,3060253,46.3975,0.47,98.08510638297874
2014-12-15,46.19,46.76,46.1,46.51,3649016,46.39,0.47,98.95744680851064
2014-12-16,46.75,47.23,46.38,46.43,2834279,46.6975,0.47,98.7872340425532
2014-12-17,46.57,47.31,46.2,47.18,2794000,46.815,0.47,100.38297872340426
2014-12-18,47.4,47.75,47.13,47.75,4181800,47.5075,0.47,101.59574468085107
2014-12-19,47.27,47.68,46.11,46.3,6761100,46.84,0.48,96.45833333333333
2014-12-22,46.5,47.07,46.23,47.03,3182200,46.7075,0.48,97.97916666666667
2014-12-23,47.25,47.59,47.09,47.37,1695100,47.325,0.48,98.6875
2014-12-24,47.39,47.44,47.05,47.06,660605,47.235,0.48,98.04166666666667
2014-12-26,47.28,47.53,47.16,47.19,813000,47.29,0.48,98.3125
2014-12-29,47.03,47.19,47.01,47.05,1010628,47.07,0.48,98.02083333333333
2014-12-30,46.75,47.23,46.65,46.86,1654800,46.8725,0.48,97.625
2014-12-31,46.63,46.88,46.16,46.17,1902200,46.46,0.48,96.18750000000001
2015-01-02,46.36,46.76,45.82,46.24,2003348,46.295,0.48,96.33333333333334
2015-01-05,46.41,46.94,46.03,46.32,4600462,46.425,0.48,96.5
2015-01-06,46.31,46.63,45.75,45.99,3249100,46.17,0.48,95.81250000000001
2015-01-07,46.43,46.87,46.0,46.83,2262307,46.5325,0.48,97.5625
2015-01-08,47.12,47.62,46.88,47.56,1826500,47.295,0.48,99.08333333333334
2015-01-09,47.24,47.55,46.93,47.14,1942104,47.215,0.48,98.20833333333334
2015-01-12,47.26,47.44,45.07,47.08,1992546,46.7125,0.48,98.08333333333333
2015-01-13,47.5,48.05,46.74,47.08,2104800,47.3425,0.48,98.08333333333333
2015-01-14,46.73,47.17,46.4,47.14,2452526,46.86,0.48,98.20833333333334
2015-01-15,47.13,47.4,46.81,47.08,2277145,47.105,0.48,98.08333333333333
2015-01-16,47.01,47.33,46.86,47.3,2511315,47.125,0.48,98.54166666666667
2015-01-20,47.79,47.8,47.06,47.54,1577905,47.5475,0.48,99.04166666666667
2015-01-21,47.48,47.61,47.04,47.35,1799529,47.37,0.48,98.64583333333334
2015-01-22,47.5,48.04,47.02,47.96,1833000,47.63,0.48,99.91666666666667
2015-01-23,47.97,48.48,47.79,48.38,2061125,48.155,0.48,100.79166666666667
2015-01-26,48.31,48.4,47.71,48.18,1531784,48.15,0.48,100.375
2015-01-27,47.78,47.99,47.26,47.67,1740525,47.675,0.48,99.31250000000001
2015-01-28,47.95,48.06,46.81,46.88,2472182,47.425,0.48,97.66666666666667
2015-01-29,46.53,46.64,45.9,46.38,2919127,46.3625,0.48,96.62500000000001
2015-01-30,46.15,46.25,45.2,45.26,3166034,45.715,0.48,94.29166666666667
2015-02-02,45.44,46.02,44.52,45.96,3180818,45.485,0.48,95.75
2015-02-03,46.43,46.91,46.13,46.91,2921200,46.595,0.48,97.72916666666666
2015-02-04,46.81,47.29,46.8,47.07,2252900,46.9925,0.48,98.0625
2015-02-05,47.17,47.49,46.81,47.49,2387842,47.24,0.48,98.93750000000001
2015-02-06,47.54,48.05,47.5,47.73,2277500,47.705,0.48,99.4375
2015-02-09,47.65,47.87,47.26,47.44,1967672,47.555,0.48,98.83333333333333
2015-02-10,47.49,48.0,47.38,47.93,1426123,47.7,0.48,99.85416666666667
2015-02-11,47.92,48.24,47.83,48.16,1088321,48.0375,0.48,100.33333333333333
2015-02-12,48.2,48.43,48.09,48.41,1306838,48.2825,0.48,100.85416666666666
2015-02-13,48.46,48.84,48.26,48.76,1261101,48.58,0.48,101.58333333333333
2015-02-17,48.76,48.84,48.19,48.76,2100500,48.6375,0.48,101.58333333333333
2015-02-18,48.83,48.99,48.61,48.96,1341105,48.8475,0.48,102.0
2015-02-19,48.89,49.23,48.66,49.23,1135927,49.0025,0.48,102.5625
2015-02-20,49.15,49.63,48.96,49.56,2147052,49.325,0.48,103.25000000000001
2015-02-23,49.64,49.69,49.31,49.53,1140855,49.5425,0.48,103.1875
2015-02-24,49.53,49.97,49.23,49.97,2023400,49.675,0.48,104.10416666666667
2015-02-25,50.0,50.19,49.76,49.92,1744713,49.9675,0.48,104.00000000000001
2015-02-26,49.92,49.97,49.62,49.94,1822207,49.8625,0.48,104.04166666666667
2015-02-27,50.0,50.02,49.68,49.84,2040010,49.885,0.48,103.83333333333334
2015-03-02,49.96,50.41,49.8,50.4,1342116,50.1425,0.48,105.0
2015-03-03,50.01,50.4,48.86,49.33,4771386,49.65,0.48,102.77083333333333
2015-03-04,49.2,49.31,48.68,48.79,2123815,48.995,0.48,101.64583333333333
2015-03-05,48.75,49.19,48.64,49.18,1766100,48.94,0.48,102.45833333333334
2015-03-06,48.98,49.26,48.08,48.95,2084534,48.8175,0.48,101.97916666666667
2015-03-09,48.96,49.4,48.93,49.28,1476707,49.1425,0.48,102.66666666666667
2015-03-10,48.83,49.31,48.56,49.0,2671119,48.925,0.48,102.08333333333334
2015-03-11,49.01,49.17,48.81,48.99,2113214,48.995,0.48,102.06250000000001
2015-03-12,49.25,50.28,49.2,50.26,2371648,49.7475,0.48,104.70833333333333
2015-03-13,50.07,50.24,49.47,49.92,1816684,49.925,0.48,104.00000000000001
2015-03-16,50.27,51.05,50.08,51.01,1959900,50.6025,0.48,106.27083333333333
2015-03-17,50.82,51.04,50.66,51.01,1558503,50.8825,0.48,106.27083333333333
2015-03-18,51.0,51.58,50.37,51.3,2413900,51.0625,0.48,106.875
2015-03-19,51.34,51.5,51.02,51.24,1258500,51.275,0.48,106.75000000000001
2015-03-20,51.6,51.7,51.31,51.62,2278300,51.5575,0.48,107.54166666666667
2015-03-23,51.66,51.72,51.26,51.26,1717518,51.475,0.48,106.79166666666667
2015-03-24,51.31,51.52,51.1,51.3,2528100,51.3075,0.48,106.875
2015-03-25,50.81,50.95,49.18,49.2,3855600,50.035,0.47,104.6808510638298
2015-03-26,48.89,49.33,48.55,49.01,2489300,48.945,0.47,104.27659574468085
2015-03-27,48.88,49.65,48.75,49.55,2184841,49.2075,0.47,105.42553191489361
2015-03-30,49.72,50.13,49.67,50.01,1352506,49.8825,0.47,106.40425531914894
2015-03-31,49.91,50.06,49.61,49.62,1798900,49.8,0.47,105.57446808510639
2015-04-01,49.22,49.55,48.69,49.5,2334600,49.24,0.47,105.31914893617022
2015-04-02,49.81,49.81,49.11,49.25,1808800,49.495,0.47,104.7872340425532
2015-04-06,49.59,49.67,49.09,49.21,2222700,49.39,0.47,104.70212765957447
2015-04-07,49.18,49.4,49.13,49.14,1914800,49.2125,0.47,104.55319148936171
2015-04-08,49.13,49.55,48.92,49.34,2128888,49.235,0.47,104.97872340425533
2015-04-09,49.41,49.47,48.79,49.39,1141700,49.265,0.47,105.08510638297874
2015-04-10,49.6,49.61,49.21,49.28,1374899,49.425,0.47,104.85106382978724
2015-04-13,49.38,49.58,49.01,49.06,1217724,49.2575,0.47,104.38297872340426
2015-04-14,48.74,49.18,48.73,48.9,929149,48.8875,0.47,104.04255319148936
2015-04-15,48.96,49.17,48.8,48.98,1102246,48.9775,0.47,104.2127659574468
2015-04-16,48.8,49.19,48.61,49.04,1198800,48.91,0.47,104.3404255319149
2015-04-17,48.72,48.99,48.0,48.28,2139123,48.4975,0.47,102.72340425531915
2015-04-20,48.53,49.07,48.33,48.98,1397700,48.7275,0.47,104.2127659574468
2015-04-21,49.75,49.8,49.03,49.06,1509415,49.41,0.47,104.38297872340426
2015-04-22,49.25,49.43,48.79,49.28,1246949,49.1875,0.47,104.85106382978724
2015-04-23,49.1,49.71,49.01,49.52,1105400,49.335,0.47,105.36170212765958
2015-04-24,49.51,49.51,48.58,49.23,1320910,49.2075,0.47,104.74468085106383
2015-04-27,49.34,49.38,48.9,49.28,1673230,49.225,0.47,104.85106382978724
2015-04-28,49.14,49.33,48.78,49.27,1302638,49.13,0.47,104.82978723404257
2015-04-29,48.98,49.12,48.63,48.84,1376300,48.8925,0.47,103.91489361702129
2015-04-30,48.66,48.95,48.19,48.39,1728512,48.5475,0.47,102.95744680851064
2015-05-01,48.51,48.99,48.43,48.85,1837200,48.695,0.47,103.93617021276597
2015-05-04,48.95,49.54,48.87,49.39,3355527,49.1875,0.47,105.08510638297874
2015-05-05,49.35,49.35,48.66,49.09,2230100,49.1125,0.47,104.4468085106383
2015-05-06,49.08,49.32,48.62,49.0,2037500,49.005,0.47,104.25531914893618
2015-05-07,48.6,49.04,48.44,48.8,1581317,48.72,0.47,103.82978723404256
2015-05-08,49.15,49.56,49.03,49.13,1454133,49.2175,0.47,104.53191489361703
2015-05-11,49.0,49.36,48.91,49.07,1605500,49.085,0.47,104.40425531914894
2015-05-12,48.95,49.29,48.54,49.01,1823400,48.9475,0.47,104.27659574468085
2015-05-13,49.15,49.46,48.88,48.97,1114800,49.115,0.47,104.19148936170212
2015-05-14,49.26,49.96,49.23,49.93,1550600,49.595,0.47,106.2340425531915
2015-05-15,50.09,50.19,49.61,49.79,1235200,49.92,0.47,105.93617021276596
2015-05-18,49.66,50.26,49.66,50.12,1620141,49.925,0.47,106.63829787234043
2015-05-19,50.12,50.42,49.87,50.33,1119149,50.185,0.47,107.08510638297872
2015-05-20,50.37,50.68,50.15,50.28,1167000,50.37,0.47,106.97872340425533
2015-05-21,50.35,50.4,50.12,50.26,1010790,50.2825,0.47,106.93617021276596
2015-05-22,50.25,50.38,49.84,49.86,1351600,50.0825,0.47,106.08510638297872
2015-05-26,49.71,49.85,49.04,49.31,1402600,49.4775,0.47,104.91489361702129
2015-05-27,49.22,49.85,49.21,49.72,1317615,49.5,0.47,105.7872340425532
2015-05-28,49.66,49.79,49.41,49.58,1122808,49.61,0.47,105.48936170212767
2015-05-29,49.41,49.58,49.04,49.41,2042600,49.36,0.47,105.12765957446808
2015-06-01,49.58,49.79,49.09,49.41,1259332,49.4675,0.47,105.12765957446808
2015-06-02,49.21,49.47,48.8,49.16,3412931,49.16,0.47,104.59574468085107
2015-06-03,49.19,49.32,48.85,49.0,2852441,49.09,0.47,104.25531914893618
2015-06-04,48.98,49.14,48.19,48.19,2149600,48.625,0.47,102.53191489361703
2015-06-05,48.17,48.61,48.04,48.43,2455529,48.3125,0.47,103.04255319148936
2015-06-08,48.31,48.5,48.02,48.06,1207056,48.2225,0.47,102.25531914893618
2015-06-09,48.08,48.09,47.65,47.69,1965545,47.8775,0.47,101.46808510638299
2015-06-10,47.87,48.36,47.79,48.1,1816800,48.03,0.47,102.3404255319149
2015-06-11,48.09,48.43,47.79,48.25,2313748,48.14,0.47,102.65957446808511
2015-06-12,47.94,48.25,47.89,48.0,1587200,48.02,0.47,102.1276595744681
2015-06-15,47.74,47.79,47.18,47.49,1701100,47.55,0.47,101.04255319148938
2015-06-16,47.27,47.89,47.14,47.71,1062238,47.5025,0.47,101.51063829787235
2015-06-17,47.9,48.03,47.61,47.8,997022,47.835,0.47,101.70212765957447
2015-06-18,47.89,48.41,47.89,48.24,1803400,48.1075,0.47,102.63829787234043
2015-06-19,48.25,48.36,48.0,48.1,2446002,48.1775,0.47,102.3404255319149
2015-06-22,48.35,49.06,48.31,48.79,1814740,48.6275,0.47,103.80851063829788
2015-06-23,48.83,48.87,48.6,48.8,1240800,48.775,0.47,103.82978723404256
2015-06-24,48.64,48.75,48.08,48.15,1346637,48.405,0.47,102.4468085106383
2015-06-25,48.19,48.41,48.03,48.23,1744848,48.215,0.47,102.61702127659575
2015-06-26,48.34,48.51,47.79,47.99,1675225,48.1575,0.47,102.10638297872342
2015-06-29,47.55,47.76,46.75,46.8,2111304,47.215,0.47,99.57446808510639
2015-06-30,47.1,47.47,46.52,46.88,3013307,46.9925,0.47,99.74468085106385
2015-07-01,46.0,47.83,44.38,47.31,4253230,46.38,0.47,100.65957446808511
2015-07-02,47.8,48.19,47.28,47.65,3003525,47.73,0.47,101.38297872340426
2015-07-06,47.49,48.25,47.39,48.17,3088400,47.825,0.47,102.48936170212767
2015-07-07,48.25,48.45,47.28,48.01,2936802,47.9975,0.47,102.14893617021276
2015-07-08,47.66,47.91,47.29,47.32,2079424,47.545,0.47,100.68085106382979
2015-07-09,47.82,48.13,47.33,47.43,1923118,47.6775,0.47,100.91489361702128
2015-07-10,47.95,48.11,47.57,47.78,1371800,47.8525,0.47,101.65957446808511
2015-07-13,47.97,48.44,47.97,48.39,1553912,48.1925,0.47,102.95744680851064
2015-07-14,48.37,48.39,48.02,48.17,1271517,48.2375,0.47,102.48936170212767
2015-07-15,48.23,48.37,47.68,47.76,2484600,48.01,0.47,101.61702127659575
2015-07-16,47.68,47.95,47.35,47.91,2798216,47.7225,0.47,101.93617021276596
2015-07-17,47.82,47.82,47.24,47.45,2456018,47.5825,0.47,100.95744680851065
2015-07-20,47.61,47.63,47.14,47.3,2103200,47.42,0.47,100.63829787234043
2015-07-21,47.28,47.38,47.04,47.27,1677025,47.2425,0.44,107.43181818181819
2015-07-22,47.24,47.55,47.18,47.27,1234500,47.31,0.44,107.43181818181819
2015-07-23,47.23,47.25,46.59,46.65,1636506,46.93,0.44,106.02272727272727
2015-07-24,46.53,46.82,46.03,46.11,2246600,46.3725,0.44,104.79545454545455
2015-07-27,46.0,46.48,45.34,46.28,2188800,46.025,0.44,105.18181818181819
2015-07-28,46.48,46.63,46.16,46.61,1439400,46.47,0.44,105.93181818181819
2015-07-29,46.55,46.88,46.28,46.71,2281900,46.605,0.44,106.1590909090909
2015-07-30,46.23,46.57,45.71,46.23,2654008,46.185,0.44,105.06818181818181
2015-07-31,46.45,46.51,46.13,46.4,1961606,46.3725,0.44,105.45454545454545
2015-08-03,46.16,47.7,45.94,47.52,4018800,46.83,0.44,108.0
2015-08-04,47.64,48.4,46.3,47.69,3880413,47.5075,0.44,108.38636363636363
2015-08-05,48.0,48.66,47.85,48.27,2692193,48.195,0.44,109.70454545454547
2015-08-06,48.5,48.5,47.36,47.56,2189237,47.98,0.44,108.0909090909091
2015-08-07,47.3,47.68,47.22,47.62,1774444,47.455,0.44,108.22727272727272
2015-08-10,47.87,48.36,47.87,48.1,1388749,48.05,0.44,109.31818181818183
2015-08-11,47.83,48.28,47.56,47.88,2145930,47.8875,0.44,108.81818181818183
2015-08-12,47.3,47.97,47.2,47.81,1930822,47.57,0.44,108.65909090909092
2015-08-13,47.78,48.33,47.63,48.13,1807983,47.9675,0.44,109.38636363636364
2015-08-14,48.27,48.39,48.0,48.3,1259830,48.24,0.44,109.77272727272727
2015-08-17,48.13,48.41,47.74,48.37,1609300,48.1625,0.44,109.93181818181817
2015-08-18,48.23,48.63,48.22,48.45,1079325,48.3825,0.44,110.11363636363637
2015-08-19,48.15,48.45,47.67,48.01,1520198,48.07,0.44,109.11363636363636
2015-08-20,47.72,47.97,47.27,47.3,1545616,47.565,0.44,107.5
2015-08-21,47.0,47.23,45.68,45.69,2869900,46.4,0.44,103.84090909090908
2015-08-24,43.1,44.86,41.59,43.99,5152100,43.385,0.44,99.97727272727273
2015-08-25,44.95,44.95,42.92,42.92,5178835,43.935,0.44,97.54545454545455
2015-08-26,43.98,44.66,43.19,44.62,3443735,44.1125,0.44,101.4090909090909
2015-08-27,45.04,45.51,44.5,45.25,2642014,45.075,0.44,102.8409090909091
2015-08-28,44.95,45.37,44.7,44.95,2622308,44.9925,0.44,102.15909090909092
2015-08-31,44.8,45.06,44.59,44.66,2209500,44.7775,0.44,101.49999999999999
2015-09-01,43.81,44.27,43.19,43.46,2863900,43.6825,0.44,98.77272727272728
2015-09-02,44.22,44.49,43.72,44.49,2000400,44.23,0.44,101.11363636363637
2015-09-03,44.56,45.01,44.53,44.7,1501200,44.7,0.44,101.5909090909091
2015-09-04,43.83,44.55,43.83,44.31,1659014,44.13,0.44,100.70454545454545
2015-09-08,45.03,45.6,44.5,45.58,1866600,45.1775,0.44,103.5909090909091
2015-09-09,45.94,45.98,45.23,45.34,2292934,45.6225,0.44,103.04545454545455
2015-09-10,45.21,45.79,45.13,45.3,2434946,45.3575,0.44,102.95454545454545
2015-09-11,45.16,45.73,45.03,45.71,1567100,45.4075,0.44,103.88636363636364
2015-09-14,45.7,45.72,45.23,45.31,1567736,45.49,0.44,102.97727272727273
2015-09-15,45.48,46.16,45.28,45.97,1972115,45.7225,0.44,104.47727272727272
2015-09-16,45.88,46.52,45.72,46.28,1627482,46.1,0.44,105.18181818181819
2015-09-17,46.19,47.05,46.07,46.69,3175024,46.5,0.44,106.11363636363636
2015-09-18,46.14,47.06,46.03,46.53,4849700,46.44,0.44,105.75
2015-09-21,46.7,47.08,46.43,46.65,1969688,46.715,0.44,106.02272727272727
2015-09-22,46.03,46.39,45.71,46.03,2027301,46.04,0.44,104.61363636363636
2015-09-23,46.04,46.61,45.99,46.39,1501905,46.2575,0.44,105.43181818181819
2015-09-24,46.09,46.54,45.78,46.34,1994525,46.1875,0.44,105.31818181818183
2015-09-25,46.81,47.09,46.4,46.69,2796918,46.7475,0.44,106.11363636363636
2015-09-28,46.68,46.79,45.69,45.76,2615526,46.23,0.44,104.0
2015-09-29,45.67,46.07,45.55,46.01,2907171,45.825,0.44,104.56818181818181
2015-09-30,46.6,47.71,46.23,47.63,4411144,47.0425,0.58,82.12068965517243
2015-10-01,47.44,48.19,47.39,48.14,4031500,47.79,0.58,83.0
2015-10-02,47.38,47.85,46.39,47.77,6231500,47.3475,0.58,82.36206896551725
2015-10-05,48.39,48.77,47.9,48.68,3138700,48.435,0.58,83.93103448275862
2015-10-06,48.9,49.11,48.4,48.53,3371117,48.735,0.58,83.67241379310346
2015-10-07,48.88,49.47,48.78,49.47,2485200,49.15,0.58,85.29310344827587
2015-10-08,49.38,50.06,49.29,49.96,2123238,49.6725,0.58,86.13793103448276
2015-10-09,50.05,50.3,49.95,50.06,3197922,50.09,0.58,86.31034482758622
2015-10-12,50.14,50.44,49.92,50.31,1496549,50.2025,0.58,86.74137931034484
2015-10-13,50.11,50.2,49.63,49.78,2248746,49.93,0.58,85.82758620689656
2015-10-14,49.9,50.0,49.44,49.54,1479100,49.72,0.58,85.41379310344828
2015-10-15,49.07,49.87,49.07,49.87,1799600,49.47,0.58,85.98275862068965
2015-10-16,49.93,50.34,49.56,50.23,1862410,50.015,0.58,86.60344827586206
2015-10-19,50.24,50.72,50.01,50.46,1932367,50.3575,0.58,87.00000000000001
2015-10-20,50.26,50.71,50.01,50.41,1600113,50.3475,0.58,86.91379310344827
2015-10-21,50.67,50.94,50.17,50.31,1834809,50.5225,0.58,86.74137931034484
2015-10-22,50.53,51.79,50.52,51.6,3620900,51.11,0.58,88.96551724137932
2015-10-23,51.92,51.95,51.41,51.79,2424627,51.7675,0.58,89.29310344827587
2015-10-26,51.94,52.21,51.65,52.15,2247800,51.9875,0.58,89.91379310344828
2015-10-27,51.96,52.15,51.66,52.09,2272804,51.965,0.58,89.81034482758622
2015-10-28,52.16,52.38,51.6,52.24,2604600,52.095,0.58,90.0689655172414
2015-10-29,51.57,51.81,51.44,51.76,1551700,51.645,0.58,89.24137931034483
2015-10-30,51.78,52.06,51.47,51.58,2248431,51.7225,0.58,88.93103448275862
2015-11-02,51.71,51.97,51.56,51.91,1250740,51.7875,0.58,89.5
2015-11-03,51.7,51.97,51.47,51.74,2065227,51.72,0.58,89.20689655172414
2015-11-04,51.75,52.0,51.6,51.82,1537622,51.7925,0.58,89.3448275862069
2015-11-05,51.89,52.73,51.76,52.54,2885877,52.23,0.58,90.58620689655173
2015-11-06,52.41,52.97,52.24,52.8,2425036,52.605,0.58,91.0344827586207
2015-11-09,52.46,52.83,52.06,52.73,2085500,52.52,0.58,90.91379310344827
2015-11-10,52.73,53.14,52.66,53.11,1760007,52.91,0.58,91.56896551724138
2015-11-11,53.12,53.59,53.11,53.17,1795410,53.2475,0.58,91.67241379310346
2015-11-12,53.08,53.38,52.83,52.85,2004600,53.035,0.58,91.12068965517243
2015-11-13,52.83,53.1,52.27,52.36,2351809,52.64,0.58,90.27586206896552
2015-11-16,52.41,53.4,52.41,53.36,2270528,52.895,0.58,92.0
2015-11-17,53.19,53.46,52.6,53.33,2205600,53.145,0.58,91.94827586206897
2015-11-18,53.33,53.96,53.05,53.93,2027128,53.5675,0.58,92.98275862068967
2015-11-19,53.95,54.21,53.8,54.05,2103863,54.0025,0.58,93.1896551724138
2015-11-20,54.45,54.54,54.13,54.44,2333690,54.39,0.58,93.86206896551724
2015-11-23,54.44,54.52,54.04,54.31,1549603,54.3275,0.58,93.63793103448278
2015-11-24,54.11,54.33,53.47,54.18,2044099,54.0225,0.58,93.41379310344828
2015-11-25,54.25,54.48,54.08,54.4,1379415,54.3025,0.58,93.79310344827587
2015-11-27,54.32,54.44,54.02,54.06,937621,54.21,0.58,93.20689655172414
2015-11-30,54.15,54.4,53.98,54.25,2269000,54.195,0.58,93.5344827586207
2015-12-01,54.24,54.78,53.89,54.15,2096837,54.265,0.58,93.36206896551724
2015-12-02,53.91,54.39,53.76,53.91,2699475,53.9925,0.58,92.94827586206897
2015-12-03,53.97,53.99,52.5,52.65,3371227,53.2775,0.58,90.77586206896552
2015-12-04,52.9,53.77,52.74,53.71,2501414,53.28,0.58,92.60344827586208
2015-12-07,53.61,53.81,53.17,53.51,1295920,53.525,0.58,92.25862068965517
2015-12-08,53.21,53.63,52.97,53.48,1628022,53.3225,0.58,92.20689655172414
2015-12-09,53.24,53.83,52.78,52.99,1832635,53.21,0.58,91.36206896551725
2015-12-10,53.07,53.48,52.78,53.11,1697216,53.11,0.58,91.56896551724138
2015-12-11,53.43,53.43,52.08,52.25,2447108,52.7975,0.58,90.08620689655173
2015-12-14,52.5,53.0,52.28,52.78,1865034,52.64,0.58,91.00000000000001
2015-12-15,53.25,53.43,52.8,53.08,2550500,53.14,0.58,91.51724137931035
2015-12-16,53.5,54.17,53.21,54.06,2087100,53.735,0.58,93.20689655172414
2015-12-17,54.12,54.3,53.35,53.35,2235000,53.78,0.58,91.98275862068967
2015-12-18,53.25,53.25,52.38,52.45,5867000,52.8325,0.58,90.43103448275863
2015-12-21,52.89,53.0,52.12,52.6,3609500,52.6525,0.58,90.68965517241381
2015-12-22,52.99,53.0,51.11,52.71,3861600,52.4525,0.58,90.87931034482759
2015-12-23,52.81,54.08,52.78,53.95,2244149,53.405,0.52,103.75
2015-12-24,54.04,54.1,53.54,53.82,833600,53.875,0.52,103.5
2015-12-28,53.57,53.85,53.36,53.79,1273630,53.6425,0.52,103.4423076923077
2015-12-29,54.0,54.54,53.93,54.26,1622235,54.1825,0.52,104.34615384615384
2015-12-30,54.3,54.5,53.77,53.78,1346443,54.0875,0.52,103.42307692307692
2015-12-31,53.45,53.74,52.62,52.89,1984834,53.175,0.52,101.71153846153845
2016-01-04,52.0,52.11,51.03,51.55,3016018,51.6725,0.52,99.13461538461537
2016-01-05,51.88,52.02,51.25,51.51,2923013,51.665,0.52,99.0576923076923
2016-01-06,50.89,51.18,50.69,50.78,2524105,50.885,0.52,97.65384615384615
2016-01-07,48.44,49.36,47.77,48.43,7593833,48.5,0.52,93.13461538461539
2016-01-08,48.52,48.77,47.45,47.56,5431000,48.075,0.52,91.46153846153847
2016-01-11,47.67,47.92,46.93,47.42,5280700,47.485,0.52,91.1923076923077
2016-01-12,47.66,47.67,46.79,47.46,5207100,47.395,0.52,91.26923076923077
2016-01-13,47.73,47.74,46.34,46.38,3974800,47.0475,0.52,89.1923076923077
2016-01-14,46.66,47.68,46.48,47.32,2887902,47.035,0.52,91.0
2016-01-15,46.07,46.81,46.06,46.7,3381700,46.41,0.52,89.8076923076923
2016-01-19,47.39,47.64,46.98,47.5,4061515,47.3775,0.52,91.34615384615384
2016-01-20,46.88,47.23,45.76,46.65,4216901,46.63,0.52,89.71153846153845
2016-01-21,46.94,47.81,46.24,47.39,4442900,47.095,0.52,91.13461538461539
2016-01-22,48.19,48.84,47.86,48.19,4049831,48.27,0.52,92.67307692307692
2016-01-25,48.04,48.15,47.3,47.41,2094700,47.725,0.52,91.17307692307692
2016-01-26,47.73,48.01,47.43,47.71,1989075,47.72,0.52,91.75
2016-01-27,47.71,48.01,46.78,47.01,2579735,47.3775,0.52,90.40384615384615
2016-01-28,47.19,47.19,46.2,46.43,2836546,46.7525,0.52,89.28846153846153
2016-01-29,46.82,47.86,46.66,47.86,4151826,47.3,0.52,92.03846153846153
2016-02-01,47.73,48.45,47.41,48.35,3464808,47.985,0.52,92.98076923076923
2016-02-02,47.79,48.37,47.3,48.35,6965500,47.9525,0.52,92.98076923076923
2016-02-03,48.48,48.67,47.4,48.1,4934364,48.1625,0.52,92.5
2016-02-04,47.77,48.5,47.35,47.94,3019300,47.89,0.52,92.19230769230768
2016-02-05,47.97,48.17,46.73,47.04,3699406,47.4775,0.52,90.46153846153845
2016-02-08,46.33,46.94,45.83,46.81,3939000,46.4775,0.52,90.01923076923077
2016-02-09,46.38,47.13,46.35,46.66,3262000,46.63,0.52,89.73076923076923
2016-02-10,47.24,47.79,46.83,46.97,2651299,47.2075,0.52,90.32692307692307
2016-02-11,46.09,48.14,46.08,47.74,5241900,47.0125,0.52,91.8076923076923
2016-02-12,48.33,49.14,47.92,48.94,3150525,48.5825,0.52,94.11538461538461
2016-02-16,48.63,50.07,48.63,49.99,2847217,49.33,0.52,96.13461538461539
2016-02-17,50.05,50.75,50.05,50.61,2492616,50.365,0.52,97.32692307692307
2016-02-18,50.36,51.02,50.25,50.85,2522800,50.62,0.52,97.78846153846153
2016-02-19,50.67,51.3,50.45,51.25,2383500,50.9175,0.52,98.5576923076923
2016-02-22,51.56,51.94,51.35,51.92,2608214,51.6925,0.52,99.84615384615384
2016-02-23,51.52,52.06,51.36,51.42,1722200,51.59,0.52,98.88461538461539
2016-02-24,51.0,51.67,50.66,51.63,1601300,51.24,0.52,99.28846153846153
2016-02-25,51.7,52.16,51.39,52.14,1413000,51.8475,0.52,100.26923076923077
2016-02-26,52.49,52.5,51.56,51.68,1668088,52.0575,0.52,99.38461538461539
2016-02-29,51.64,52.08,51.37,51.39,2119236,51.62,0.52,98.82692307692308
2016-03-01,51.9,52.61,51.66,52.61,1975768,52.195,0.52,101.17307692307692
2016-03-02,52.41,52.47,51.93,52.21,2313492,52.255,0.52,100.40384615384615
2016-03-03,52.15,52.48,51.82,52.45,2068100,52.225,0.52,100.86538461538461
2016-03-04,52.53,52.8,52.02,52.58,1557800,52.4825,0.52,101.11538461538461
2016-03-07,52.25,52.81,52.0,52.59,1712803,52.4125,0.52,101.13461538461539
2016-03-08,51.9,52.48,51.85,52.04,1431905,52.0675,0.52,100.07692307692307
2016-03-09,52.31,52.38,51.95,52.12,1434352,52.19,0.52,100.23076923076923
2016-03-10,52.29,52.74,51.43,51.87,1550414,52.0825,0.52,99.74999999999999
2016-03-11,52.48,53.06,52.0,52.95,1792962,52.6225,0.52,101.82692307692308
2016-03-14,52.7,53.11,52.54,53.01,1309400,52.84,0.52,101.94230769230768
2016-03-15,52.61,53.21,52.4,53.13,1320731,52.8375,0.52,102.17307692307692
2016-03-16,52.78,53.38,52.76,53.3,1099900,53.055,0.52,102.49999999999999
2016-03-17,53.3,54.45,53.0,54.23,2179706,53.745,0.52,104.28846153846153
2016-03-18,54.47,54.47,53.76,53.99,2473400,54.1725,0.52,103.82692307692308
2016-03-21,53.94,54.31,53.57,54.25,1010933,54.0175,0.52,104.32692307692308
2016-03-22,53.91,54.14,53.43,54.05,1350400,53.8825,0.52,103.94230769230768
2016-03-23,54.07,54.24,53.83,53.95,1417400,54.0225,0.52,103.75
2016-03-24,53.8,54.09,53.56,53.99,1415321,53.86,0.52,103.82692307692308
2016-03-28,54.07,54.38,53.71,54.17,1799496,54.0825,0.52,104.17307692307692
2016-03-29,54.02,54.57,54.0,54.49,2132800,54.27,0.52,104.78846153846153
2016-03-30,53.6,53.65,52.32,53.29,4209325,53.215,0.5,106.58
2016-03-31,53.48,54.49,53.23,54.01,3154400,53.8025,0.5,108.02
2016-04-01,53.31,54.2,53.19,54.17,2031400,53.7175,0.5,108.34
2016-04-04,54.42,54.45,53.3,53.45,1898300,53.905,0.5,106.9
2016-04-05,54.51,54.51,53.05,53.11,2165704,53.795,0.5,106.22
2016-04-06,52.63,53.68,52.63,53.64,2041600,53.145,0.5,107.28
2016-04-07,53.21,53.46,52.67,52.87,2074200,53.0525,0.5,105.74
2016-04-08,53.23,53.43,52.87,53.04,1206809,53.1425,0.5,106.08
2016-04-11,53.25,53.57,52.6,52.68,1654812,53.025,0.5,105.36
2016-04-12,52.76,53.12,52.47,53.09,1992267,52.86,0.5,106.18
2016-04-13,53.35,53.35,52.64,53.06,2192705,53.1,0.5,106.12
2016-04-14,53.14,53.25,52.82,52.93,1255700,53.035,0.5,105.86
2016-04-15,52.79,52.97,52.49,52.87,1364710,52.78,0.5,105.74
2016-04-18,52.81,53.42,52.5,53.42,1106400,53.0375,0.5,106.84
2016-04-19,53.58,53.69,53.25,53.56,2087605,53.52,0.5,107.12
2016-04-20,53.78,53.82,53.29,53.39,1847000,53.57,0.5,106.78
2016-04-21,53.29,53.41,52.21,52.29,1979503,52.8,0.5,104.58
2016-04-22,52.28,52.67,52.08,52.27,1652300,52.325,0.5,104.54
2016-04-25,52.27,52.57,52.04,52.57,2266287,52.3625,0.5,105.14
2016-04-26,52.5,52.81,52.32,52.65,2261800,52.57,0.5,105.3
2016-04-27,52.67,53.24,52.5,53.12,1619352,52.8825,0.5,106.24
2016-04-28,52.64,53.29,52.29,52.82,1993524,52.76,0.5,105.64
2016-04-29,52.3,52.6,51.8,52.12,2286600,52.205,0.5,104.24
2016-05-02,52.23,52.66,52.12,52.6,1265681,52.4025,0.5,105.2
2016-05-03,52.28,52.65,52.11,52.4,1503512,52.36,0.5,104.8
2016-05-04,52.06,52.36,51.91,52.29,1369600,52.155,0.5,104.58
2016-05-05,51.96,52.08,51.13,51.19,2502200,51.59,0.5,102.38
2016-05-06,51.06,51.91,51.06,51.91,1972946,51.485,0.5,103.82
2016-05-09,51.98,52.21,51.77,51.99,1316749,51.9875,0.5,103.98
2016-05-10,52.2,52.93,52.02,52.89,1638347,52.51,0.5,105.78
2016-05-11,52.84,52.84,52.1,52.21,1629217,52.4975,0.5,104.42
2016-05-12,52.37,52.52,51.91,52.11,1891318,52.2275,0.5,104.22
2016-05-13,52.11,52.37,51.68,51.71,1270914,51.9675,0.5,103.42
2016-05-16,51.71,52.39,51.51,52.06,1590558,51.9175,0.5,104.12
2016-05-17,51.98,52.13,51.29,51.47,1442097,51.7175,0.5,102.94
2016-05-18,51.41,52.01,51.25,51.73,1405500,51.6,0.5,103.46
2016-05-19,51.42,51.8,51.09,51.71,1236801,51.505,0.5,103.42
2016-05-20,51.88,52.33,51.85,52.03,1573600,52.0225,0.5,104.06
2016-05-23,52.09,52.18,51.71,51.73,1200723,51.9275,0.5,103.46
2016-05-24,52.04,53.13,51.95,53.08,1886613,52.55,0.5,106.16
2016-05-25,53.23,53.71,53.2,53.67,1959397,53.4525,0.5,107.34
2016-05-26,53.56,54.05,53.49,53.97,2108320,53.7675,0.5,107.94
2016-05-27,54.07,54.33,53.85,54.33,1711963,54.145,0.5,108.66
2016-05-31,54.52,54.58,53.68,54.22,2442946,54.25,0.5,108.44
2016-06-01,54.11,54.49,53.97,54.46,1584900,54.2575,0.5,108.92
2016-06-02,54.42,54.95,54.18,54.94,2254450,54.6225,0.5,109.88
2016-06-03,54.65,54.82,54.2,54.71,1870207,54.595,0.5,109.42
2016-06-06,54.79,55.2,54.73,54.92,2177600,54.91,0.5,109.84
2016-06-07,54.96,55.44,54.92,55.11,2143972,55.1075,0.5,110.22
2016-06-08,55.06,55.17,54.82,55.12,1479500,55.0425,0.5,110.24
2016-06-09,54.98,55.33,54.87,55.21,964112,55.0975,0.5,110.42
2016-06-10,54.35,54.9,54.2,54.56,1594931,54.5025,0.5,109.12
2016-06-13,54.3,54.63,54.17,54.23,1774869,54.3325,0.5,108.46
2016-06-14,54.02,54.62,54.0,54.58,1588800,54.305,0.5,109.16
2016-06-15,54.61,54.99,54.34,54.52,1396500,54.615,0.5,109.04
2016-06-16,54.37,55.01,54.12,54.9,1099700,54.6,0.5,109.8
2016-06-17,54.87,54.89,54.25,54.59,2229260,54.65,0.5,109.18
2016-06-20,55.13,55.64,55.1,55.26,1548900,55.2825,0.5,110.52
2016-06-21,55.38,55.65,55.19,55.51,1555500,55.4325,0.5,111.02
2016-06-22,55.61,55.65,55.19,55.31,1344800,55.44,0.5,110.62
2016-06-23,55.65,56.3,55.6,56.29,1447492,55.96,0.5,112.58
2016-06-24,53.78,55.48,53.57,54.64,4584428,54.3675,0.5,109.28
2016-06-27,54.3,54.62,53.78,54.27,3696600,54.2425,0.5,108.54
2016-06-28,54.51,55.59,54.33,55.53,3701000,54.99,0.5,111.06
2016-06-29,55.84,56.27,55.72,56.14,3521774,55.9925,0.5,112.28
2016-06-30,56.48,59.55,56.07,59.5,7536334,57.9,0.5,119.0
2016-07-01,59.11,59.6,58.52,59.44,4418200,59.1675,0.5,118.88
2016-07-05,59.3,60.3,59.26,60.09,3608600,59.7375,0.5,120.18
2016-07-06,60.99,61.0,60.19,60.84,3998094,60.755,0.5,121.68
2016-07-07,60.96,61.27,60.46,60.59,3855911,60.82,0.5,121.18
2016-07-08,61.07,61.5,60.73,61.33,2690326,61.1575,0.5,122.66
2016-07-11,61.74,61.87,61.21,61.24,2719500,61.515,0.5,122.48
2016-07-12,61.4,61.69,60.92,61.01,2848798,61.255,0.5,122.02
2016-07-13,61.16,61.32,60.92,61.11,2003636,61.1275,0.5,122.22
2016-07-14,61.5,61.5,60.92,61.12,1635828,61.26,0.5,122.24
2016-07-15,61.38,61.41,60.82,60.92,1773101,61.1325,0.5,121.84
2016-07-18,60.79,61.13,60.65,60.76,1699139,60.8325,0.5,121.52
2016-07-19,60.8,61.0,60.48,60.7,1578500,60.745,0.5,121.4
2016-07-20,60.62,60.72,60.28,60.51,2618700,60.5325,0.5,121.02
2016-07-21,60.38,60.79,60.09,60.34,1802600,60.4,0.5,120.68
2016-07-22,60.67,60.94,60.29,60.74,1457777,60.66,0.49,123.9591836734694
2016-07-25,60.6,60.76,60.46,60.76,1424500,60.645,0.49,124.0
2016-07-26,60.74,61.27,60.66,61.21,2135009,60.97,0.49,124.91836734693878
2016-07-27,61.06,61.23,60.18,60.25,3031910,60.68,0.49,122.9591836734694
2016-07-28,59.68,59.72,58.93,59.2,2378200,59.3825,0.49,120.81632653061226
2016-07-29,59.16,59.31,58.61,59.28,3474522,59.09,0.49,120.9795918367347
2016-08-01,59.29,59.59,58.92,59.26,1859202,59.265,0.49,120.93877551020408
2016-08-02,59.17,59.26,58.84,58.88,2427828,59.0375,0.49,120.16326530612245
2016-08-03,58.77,59.15,58.26,58.51,2057829,58.6725,0.49,119.40816326530611
2016-08-04,58.4,58.72,58.23,58.64,1757221,58.4975,0.49,119.6734693877551
2016-08-05,59.02,59.42,58.85,59.36,1316611,59.1625,0.49,121.14285714285714
2016-08-08,59.33,59.35,58.96,59.08,1389500,59.18,0.49,120.57142857142857
2016-08-09,59.18,59.62,59.1,59.45,1543346,59.3375,0.49,121.32653061224491
2016-08-10,59.44,59.52,59.18,59.51,904648,59.4125,0.49,121.44897959183673
2016-08-11,59.49,59.93,59.41,59.9,1409789,59.6825,0.49,122.24489795918367
2016-08-12,59.67,60.08,59.67,60.03,1493300,59.8625,0.49,122.51020408163265
2016-08-15,60.02,60.25,59.9,60.1,1268200,60.0675,0.49,122.6530612244898
2016-08-16,59.76,59.97,59.29,59.29,1670100,59.5775,0.49,121.0
2016-08-17,59.37,59.57,59.1,59.47,1735820,59.3775,0.49,121.36734693877551
2016-08-18,59.43,59.86,59.3,59.83,1125519,59.605,0.49,122.10204081632654
2016-08-19,59.74,60.17,59.45,60.15,1974900,59.8775,0.49,122.75510204081633
2016-08-22,60.19,60.41,60.01,60.38,1092739,60.2475,0.49,123.22448979591837
2016-08-23,60.69,60.87,60.44,60.65,1171107,60.6625,0.49,123.77551020408163
2016-08-24,60.67,60.77,60.51,60.69,988604,60.66,0.49,123.85714285714286
2016-08-25,60.72,60.98,60.5,60.73,1290400,60.7325,0.49,123.93877551020408
2016-08-26,60.75,61.19,60.01,60.5,1633000,60.6125,0.49,123.46938775510205
2016-08-29,60.68,60.82,60.56,60.65,777524,60.6775,0.49,123.77551020408163
2016-08-30,60.7,60.78,60.5,60.76,841731,60.685,0.49,124.0
2016-08-31,60.61,60.8,60.4,60.67,1448141,60.62,0.49,123.81632653061224
2016-09-01,60.8,61.03,60.48,60.99,1214529,60.825,0.49,124.46938775510205
2016-09-02,61.36,61.49,60.85,61.12,1072300,61.205,0.49,124.73469387755102
2016-09-06,61.23,61.25,60.75,61.24,1289900,61.1175,0.49,124.9795918367347
2016-09-07,61.08,61.62,60.78,61.54,1302824,61.255,0.49,125.59183673469389
2016-09-08,61.25,61.47,60.83,61.07,1366334,61.155,0.49,124.63265306122449
2016-09-09,60.52,60.67,59.29,59.29,3284548,59.9425,0.49,121.0
2016-09-12,59.0,60.01,58.8,59.85,2921800,59.415,0.49,122.14285714285715
2016-09-13,59.59,59.65,58.22,58.51,3114300,58.9925,0.49,119.40816326530611
2016-09-14,58.49,58.79,58.21,58.38,1721870,58.4675,0.49,119.14285714285715
2016-09-15,58.23,59.11,57.81,59.01,1616800,58.54,0.49,120.42857142857143
2016-09-16,59.03,59.09,58.01,58.23,3858924,58.59,0.49,118.83673469387755
2016-09-19,58.53,58.99,58.4,58.61,1263800,58.6325,0.49,119.61224489795919
2016-09-20,58.96,59.52,58.77,59.22,1610500,59.1175,0.49,120.85714285714286
2016-09-21,59.25,59.8,59.02,59.68,1561022,59.4375,0.49,121.79591836734694
2016-09-22,60.01,60.48,59.93,60.37,2017700,60.1975,0.49,123.20408163265306
2016-09-23,60.33,60.7,59.91,59.91,1230700,60.2125,0.49,122.26530612244898
2016-09-26,59.64,59.96,59.59,59.68,1535200,59.7175,0.49,121.79591836734694
2016-09-27,59.79,60.36,59.7,60.27,2419108,60.03,0.49,123.00000000000001
2016-09-28,58.88,59.0,57.01,57.5,6409400,58.0975,0.49,117.34693877551021
2016-09-29,57.5,57.81,57.14,57.16,2489000,57.4025,0.49,116.65306122448979
2016-09-30,57.43,58.12,57.21,57.87,2444829,57.6575,0.6,96.45
2016-10-03,57.48,57.78,57.11,57.46,2315700,57.4575,0.6,95.76666666666667
2016-10-04,57.47,57.76,56.78,57.06,1791138,57.2675,0.6,95.10000000000001
2016-10-05,57.28,57.32,56.28,56.8,2463290,56.92,0.6,94.66666666666667
2016-10-06,56.68,56.9,56.4,56.74,1508600,56.68,0.6,94.56666666666668
2016-10-07,56.93,56.97,56.16,56.52,1724272,56.645,0.6,94.2
2016-10-10,56.65,57.08,56.52,56.67,1175040,56.73,0.6,94.45
2016-10-11,56.59,56.62,55.75,56.03,1636500,56.2475,0.6,93.38333333333334
2016-10-12,56.05,56.37,55.89,56.17,993782,56.12,0.6,93.61666666666667
2016-10-13,55.77,56.32,55.59,56.24,1500414,55.98,0.6,93.73333333333333
2016-10-14,56.47,56.79,56.2,56.2,1071355,56.415,0.6,93.66666666666667
2016-10-17,56.11,56.21,55.43,55.74,2147302,55.8725,0.6,92.9
2016-10-18,56.23,56.62,55.8,56.14,1794600,56.1975,0.6,93.56666666666668
2016-10-19,56.2,56.42,55.96,56.32,1482803,56.225,0.6,93.86666666666667
2016-10-20,56.28,56.56,55.88,56.24,1869220,56.24,0.6,93.73333333333333
2016-10-21,55.97,56.06,55.33,56.0,1861700,55.84,0.6,93.33333333333334
2016-10-24,56.27,56.52,56.01,56.17,1890947,56.2425,0.6,93.61666666666667
2016-10-25,56.22,56.5,55.8,55.84,2386100,56.09,0.6,93.06666666666668
2016-10-26,55.72,55.89,55.21,55.57,1805926,55.5975,0.6,92.61666666666667
2016-10-27,55.67,56.06,55.12,55.25,2319533,55.525,0.6,92.08333333333334
2016-10-28,54.92,55.42,54.75,55.05,2125248,55.035,0.6,91.75
2016-10-31,55.17,55.31,54.81,55.2,1611096,55.1225,0.6,92.00000000000001
2016-11-01,55.34,55.5,54.17,54.27,2838342,54.82,0.6,90.45
2016-11-02,54.38,54.8,54.27,54.34,2960214,54.4475,0.6,90.56666666666668
2016-11-03,54.34,54.48,53.47,53.83,2489841,54.03,0.6,89.71666666666667
2016-11-04,53.44,54.05,53.43,53.65,1839134,53.6425,0.6,89.41666666666667
2016-11-07,54.49,54.84,54.13,54.47,2563815,54.4825,0.6,90.78333333333333
2016-11-08,54.27,54.58,54.12,54.19,2265800,54.29,0.6,90.31666666666666
2016-11-09,52.9,55.24,52.78,55.18,4972739,54.025,0.6,91.96666666666667
2016-11-10,55.24,56.24,54.62,56.0,4049300,55.525,0.6,93.33333333333334
2016-11-11,55.78,56.77,55.67,56.68,3782196,56.225,0.6,94.46666666666667
2016-11-14,56.85,56.97,56.23,56.3,4103840,56.5875,0.6,93.83333333333333
2016-11-15,56.45,56.74,55.47,55.68,2392432,56.085,0.6,92.8
2016-11-16,55.61,55.87,55.37,55.76,2065800,55.6525,0.6,92.93333333333334
2016-11-17,55.8,56.1,55.42,55.92,3559123,55.81,0.6,93.2
2016-11-18,55.85,56.17,55.78,55.93,2180443,55.9325,0.6,93.21666666666667
2016-11-21,56.01,57.16,55.92,57.14,2889400,56.5575,0.6,95.23333333333333
2016-11-22,57.31,57.73,57.05,57.5,3144621,57.3975,0.6,95.83333333333334
2016-11-23,57.53,58.08,57.09,58.05,2112700,57.6875,0.6,96.75
2016-11-25,58.04,58.36,57.86,57.98,726500,58.06,0.6,96.63333333333333
2016-11-28,57.79,58.19,57.48,57.99,2081000,57.8625,0.6,96.65
2016-11-29,57.91,59.66,57.82,59.46,4045865,58.7125,0.6,99.10000000000001
2016-11-30,59.51,59.68,58.95,58.95,5055400,59.2725,0.6,98.25000000000001
2016-12-01,58.95,59.24,58.52,58.68,2409198,58.8475,0.6,97.8
2016-12-02,58.59,58.99,58.23,58.34,1944740,58.5375,0.6,97.23333333333335
2016-12-05,58.65,58.89,58.31,58.83,2711931,58.67,0.6,98.05
2016-12-06,58.98,59.02,58.3,58.67,1342626,58.7425,0.6,97.78333333333335
2016-12-07,58.7,60.45,58.58,60.24,1665800,59.4925,0.6,100.4
2016-12-08,60.29,60.45,59.84,60.27,1370752,60.2125,0.6,100.45
2016-12-09,60.02,60.47,59.8,60.16,1381310,60.1125,0.6,100.26666666666667
2016-12-12,59.97,60.33,59.86,60.19,1085329,60.0875,0.6,100.31666666666666
2016-12-13,60.14,60.66,60.03,60.25,1715733,60.27,0.6,100.41666666666667
2016-12-14,60.38,61.2,60.25,60.48,2762200,60.5775,0.6,100.8
2016-12-15,60.43,61.03,60.18,60.74,1704685,60.595,0.6,101.23333333333333
2016-12-16,61.76,61.97,61.01,61.24,3470900,61.495,0.6,102.06666666666668
2016-12-19,61.53,62.04,61.29,61.55,1815700,61.6025,0.6,102.58333333333333
2016-12-20,61.89,62.14,61.49,61.93,2487800,61.8625,0.6,103.21666666666667
2016-12-21,61.71,61.86,60.26,61.39,3353047,61.305,0.6,102.31666666666668
2016-12-22,61.35,61.55,60.85,61.5,1311387,61.3125,0.6,102.5
2016-12-23,61.52,61.88,61.43,61.73,994176,61.64,0.56,110.23214285714285
2016-12-27,61.83,62.18,61.61,61.65,944861,61.8175,0.56,110.08928571428571
2016-12-28,61.84,61.93,61.29,61.34,1286012,61.6,0.56,109.53571428571428
2016-12-29,61.47,61.95,61.24,61.4,989502,61.515,0.56,109.64285714285712
2016-12-30,61.26,61.26,60.44,60.88,1574977,60.96,0.56,108.71428571428571
2017-01-03,61.15,61.75,60.61,61.06,1922300,61.1425,0.56,109.03571428571428
2017-01-04,61.31,61.59,61.04,61.29,1610100,61.3075,0.56,109.44642857142856
2017-01-05,61.12,61.48,60.62,60.85,1646510,61.0175,0.56,108.66071428571428
2017-01-06,60.85,61.55,60.55,61.27,1271400,61.055,0.56,109.41071428571428
2017-01-09,61.23,61.4,60.9,61.02,1429824,61.1375,0.56,108.96428571428571
2017-01-10,61.08,61.29,60.69,60.81,1392941,60.9675,0.56,108.58928571428571
2017-01-11,61.11,61.38,60.8,61.15,1424600,61.11,0.56,109.19642857142856
2017-01-12,60.97,61.41,60.71,61.34,1070209,61.1075,0.56,109.53571428571428
2017-01-13,61.32,61.69,61.26,61.47,938987,61.435,0.56,109.76785714285712
2017-01-17,61.33,61.47,60.64,60.85,1357477,61.0725,0.56,108.66071428571428
2017-01-18,61.0,61.14,60.72,61.04,1145814,60.975,0.56,108.99999999999999
2017-01-19,61.04,61.11,60.79,60.9,1173448,60.96,0.56,108.74999999999999
2017-01-20,61.1,61.7,60.95,61.47,1517933,61.305,0.56,109.76785714285712
2017-01-23,61.36,61.49,60.98,61.11,1716900,61.235,0.56,109.12499999999999
2017-01-24,61.18,61.96,61.18,61.87,1472049,61.5475,0.56,110.48214285714285
2017-01-25,62.01,62.17,61.4,61.62,1529386,61.8,0.56,110.03571428571428
2017-01-26,61.54,61.61,61.25,61.45,1053615,61.4625,0.56,109.73214285714285
2017-01-27,61.55,61.56,60.98,61.17,1009834,61.315,0.56,109.23214285714285
2017-01-30,60.73,60.99,60.42,60.81,1272935,60.7375,0.56,108.58928571428571
2017-01-31,60.45,60.76,60.09,60.29,1684100,60.3975,0.56,107.66071428571428
2017-02-01,59.5,59.5,58.43,58.52,4522152,58.9875,0.56,104.5
2017-02-02,58.41,58.81,58.12,58.55,2649500,58.4725,0.56,104.55357142857142
2017-02-03,58.9,59.17,57.71,57.97,4003329,58.4375,0.56,103.51785714285712
2017-02-06,58.02,58.4,57.35,57.62,4610225,57.8475,0.56,102.89285714285712
2017-02-07,57.65,57.99,57.07,57.57,2810300,57.57,0.56,102.80357142857142
2017-02-08,57.48,57.83,57.17,57.65,1671210,57.5325,0.56,102.94642857142856
2017-02-09,57.69,58.67,57.66,58.49,2017717,58.1275,0.56,104.44642857142857
2017-02-10,58.62,58.99,58.42,58.46,1303100,58.6225,0.56,104.39285714285714
2017-02-13,58.75,59.23,58.71,59.04,1471217,58.9325,0.56,105.42857142857142
2017-02-14,58.88,59.33,58.83,59.27,1113730,59.0775,0.56,105.83928571428571
2017-02-15,59.33,59.53,58.85,59.38,1526344,59.2725,0.56,106.03571428571428
2017-02-16,59.47,59.59,59.09,59.49,1276209,59.41,0.56,106.23214285714285
2017-02-17,59.46,59.46,58.74,59.13,1708140,59.1975,0.56,105.58928571428571
2017-02-21,59.23,59.35,58.75,59.1,2218900,59.1075,0.56,105.53571428571428
2017-02-22,58.95,59.63,58.95,59.6,1507651,59.2825,0.56,106.42857142857142
2017-02-23,59.85,60.54,59.56,60.41,1894701,60.09,0.56,107.87499999999999
2017-02-24,60.44,61.94,60.2,61.81,3372648,61.0975,0.56,110.375
2017-02-27,61.58,62.13,61.24,61.53,2122795,61.62,0.56,109.87499999999999
2017-02-28,61.58,61.81,61.21,61.42,1618247,61.505,0.56,109.67857142857142
2017-03-01,61.71,63.01,61.65,62.81,2817000,62.295,0.56,112.16071428571428
2017-03-02,62.56,62.59,62.21,62.36,1383000,62.43,0.56,111.35714285714285
2017-03-03,62.18,62.55,61.85,62.5,1779000,62.27,0.56,111.60714285714285
2017-03-06,62.24,62.59,62.07,62.41,1244800,62.3275,0.56,111.44642857142856
2017-03-07,62.14,62.58,62.07,62.16,1097400,62.2375,0.56,110.99999999999999
2017-03-08,62.15,62.6,62.01,62.32,1178930,62.27,0.56,111.28571428571428
2017-03-09,62.25,62.48,61.81,62.12,969600,62.165,0.56,110.92857142857142
2017-03-10,62.22,62.54,61.79,62.38,893300,62.2325,0.56,111.39285714285714
2017-03-13,62.33,62.63,62.1,62.56,1969214,62.405,0.56,111.71428571428571
2017-03-14,62.51,62.55,62.08,62.31,888548,62.3625,0.56,111.26785714285714
2017-03-15,62.54,63.03,62.31,62.86,1406210,62.685,0.56,112.24999999999999
2017-03-16,62.85,63.03,62.34,62.63,1115913,62.7125,0.56,111.83928571428571
2017-03-17,62.78,63.03,62.63,62.84,2026617,62.82,0.56,112.21428571428571
2017-03-20,62.87,62.95,62.05,62.31,1352715,62.545,0.56,111.26785714285714
2017-03-21,62.48,62.6,61.53,61.67,1845845,62.07,0.56,110.12499999999999
2017-03-22,61.75,62.1,61.49,62.0,1248306,61.835,0.56,110.71428571428571
2017-03-23,61.77,61.97,61.45,61.52,1885500,61.6775,0.56,109.85714285714285
2017-03-24,61.79,62.04,61.31,61.62,1296500,61.69,0.56,110.03571428571428
2017-03-27,61.22,61.46,60.7,60.89,2748394,61.0675,0.56,108.73214285714285
2017-03-28,60.7,61.05,60.51,60.58,4956400,60.71,0.56,108.17857142857142
2017-03-29,60.51,61.0,58.58,59.06,5436800,59.7875,0.56,105.46428571428571
2017-03-30,58.94,59.33,58.75,59.13,2874074,59.0375,0.56,105.58928571428571
2017-03-31,59.1,59.26,58.84,58.9,2537800,59.025,0.56,105.17857142857142
2017-04-03,58.75,58.89,58.1,58.44,2322500,58.545,0.56,104.35714285714285
2017-04-04,58.31,58.35,57.95,58.06,1543271,58.1675,0.56,103.67857142857142
2017-04-05,58.33,58.88,58.04,58.3,2301020,58.3875,0.56,104.10714285714285
2017-04-06,58.29,58.34,57.86,58.15,1458737,58.16,0.56,103.83928571428571
2017-04-07,58.17,58.34,58.02,58.19,1583405,58.18,0.56,103.91071428571428
2017-04-10,58.16,58.53,58.05,58.24,1323500,58.245,0.56,104.0
2017-04-11,58.26,58.72,58.01,58.72,2070701,58.4275,0.56,104.85714285714285
2017-04-12,58.36,58.65,58.22,58.45,2093500,58.42,0.56,104.375
2017-04-13,58.47,58.52,57.89,57.89,1661609,58.1925,0.56,103.37499999999999
2017-04-17,58.02,58.15,57.68,58.06,1488800,57.9775,0.56,103.67857142857142
2017-04-18,57.76,58.26,57.76,58.22,1420447,58.0,0.56,103.96428571428571
2017-04-19,58.21,58.76,57.97,58.08,2048028,58.255,0.56,103.71428571428571
2017-04-20,58.39,58.73,58.18,58.65,1707234,58.4875,0.56,104.73214285714285
2017-04-21,58.77,59.23,58.68,59.14,1939400,58.955,0.56,105.60714285714285
2017-04-24,59.67,59.88,59.03,59.42,1950108,59.5,0.56,106.10714285714285
2017-04-25,59.66,60.07,59.55,59.55,2090400,59.7075,0.56,106.3392857142857
2017-04-26,59.62,59.74,59.25,59.7,1682800,59.5775,0.56,106.60714285714285
2017-04-27,59.72,60.06,59.5,59.84,1338500,59.78,0.56,106.85714285714285
2017-04-28,59.94,59.94,59.11,59.28,1543000,59.5675,0.56,105.85714285714285
2017-05-01,59.33,59.48,58.96,59.16,1109437,59.2325,0.56,105.64285714285712
2017-05-02,59.22,59.5,59.0,59.25,942174,59.2425,0.56,105.80357142857142
2017-05-03,58.5,58.52,57.4,57.9,2777600,58.08,0.56,103.39285714285712
2017-05-04,57.91,58.73,57.79,58.68,1357316,58.2775,0.56,104.78571428571428
2017-05-05,58.89,58.89,58.48,58.87,1524200,58.7825,0.56,105.12499999999999
2017-05-08,58.46,58.72,57.86,58.06,1980336,58.275,0.56,103.67857142857142
2017-05-09,58.05,58.24,57.65,58.02,1603300,57.99,0.56,103.60714285714285
2017-05-10,57.95,58.1,57.45,57.54,1879479,57.76,0.56,102.74999999999999
2017-05-11,57.38,57.44,56.94,57.19,1956100,57.2375,0.56,102.12499999999999
2017-05-12,57.23,57.25,56.93,57.13,1667300,57.135,0.56,102.01785714285714
2017-05-15,57.16,57.78,57.16,57.61,2343912,57.4275,0.56,102.87499999999999
2017-05-16,57.61,57.81,56.97,57.16,2066158,57.3875,0.56,102.07142857142856
2017-05-17,56.83,57.28,56.57,56.94,2695608,56.905,0.56,101.67857142857142
2017-05-18,57.0,57.68,56.77,57.43,1849072,57.22,0.56,102.55357142857142
2017-05-19,57.5,57.7,57.23,57.51,1939135,57.485,0.56,102.69642857142856
2017-05-22,57.74,58.04,57.61,57.82,1518000,57.8025,0.56,103.24999999999999
2017-05-23,58.1,58.26,57.8,58.05,1288400,58.0525,0.56,103.66071428571428
2017-05-24,58.23,58.59,58.01,58.4,1305548,58.3075,0.56,104.28571428571428
2017-05-25,58.68,59.27,58.45,59.11,1454169,58.8775,0.56,105.55357142857142
2017-05-26,59.22,59.33,58.76,59.28,1345764,59.1475,0.56,105.85714285714285
2017-05-30,59.28,59.28,58.69,59.11,1087625,59.09,0.56,105.55357142857142
2017-05-31,59.31,59.45,59.02,59.23,4670200,59.2525,0.56,105.76785714285712
2017-06-01,59.49,59.68,59.1,59.67,1369923,59.485,0.56,106.55357142857142
2017-06-02,59.57,59.57,58.32,59.27,2820900,59.1825,0.56,105.83928571428571
2017-06-05,59.32,59.9,59.13,59.6,1662300,59.4875,0.56,106.42857142857142
2017-06-06,59.42,59.58,59.03,59.06,1179532,59.2725,0.56,105.46428571428571
2017-06-07,59.27,59.4,59.03,59.31,1144946,59.2525,0.56,105.91071428571428
2017-06-08,59.26,59.35,58.66,58.91,1202345,59.045,0.56,105.19642857142856
2017-06-09,58.98,59.25,58.43,58.56,1880041,58.805,0.56,104.57142857142857
2017-06-12,58.44,59.98,58.23,59.64,2695131,59.0725,0.56,106.49999999999999
2017-06-13,59.5,60.57,59.5,60.51,2071800,60.02,0.56,108.05357142857142
2017-06-14,60.47,60.71,59.89,60.09,2107936,60.29,0.56,107.30357142857143
2017-06-15,59.92,60.8,59.82,60.73,1771129,60.3175,0.56,108.44642857142856
2017-06-16,60.76,61.12,60.21,61.1,3323116,60.7975,0.56,109.10714285714285
2017-06-19,61.57,61.57,60.91,61.13,2052406,61.295,0.56,109.16071428571428
2017-06-20,60.32,60.59,59.91,60.01,2023927,60.2075,0.56,107.16071428571428
2017-06-21,59.96,60.2,59.73,59.93,1305733,59.955,0.56,107.01785714285714
2017-06-22,59.87,60.03,59.11,59.4,1660200,59.6025,0.56,106.07142857142856
2017-06-23,59.26,59.47,59.1,59.24,2941100,59.2675,0.56,105.78571428571428
2017-06-26,59.65,59.65,59.11,59.24,2480200,59.4125,0.56,105.78571428571428
2017-06-27,59.19,59.35,58.5,58.62,3594500,58.915,0.56,104.67857142857142
2017-06-28,57.5,58.0,56.56,57.65,5608784,57.4275,0.56,102.94642857142856
2017-06-29,57.5,57.66,56.51,56.69,3229800,57.09,0.56,101.23214285714285
2017-06-30,57.31,57.33,56.63,56.94,3362010,57.0525,0.56,101.67857142857142
2017-07-03,56.4,57.13,56.37,56.53,1459303,56.6075,0.56,100.94642857142857
2017-07-05,56.77,57.57,56.35,57.49,2792229,57.045,0.56,102.66071428571428
2017-07-06,57.31,57.31,56.68,56.97,2176400,57.0675,0.56,101.73214285714285
2017-07-07,57.16,57.7,56.89,57.42,1655417,57.2925,0.56,102.53571428571428
2017-07-10,57.42,57.96,57.32,57.84,1950017,57.635,0.56,103.28571428571428
2017-07-11,57.67,57.68,56.57,56.6,2917700,57.13,0.56,101.07142857142857
2017-07-12,56.83,57.37,56.83,57.24,1849958,57.0675,0.56,102.21428571428571
2017-07-13,57.38,57.49,57.0,57.2,1743300,57.2675,0.56,102.14285714285714
2017-07-14,57.35,57.44,57.09,57.1,1383348,57.245,0.56,101.96428571428571
2017-07-17,57.11,57.25,56.75,56.88,1586500,56.9975,0.56,101.57142857142857
2017-07-18,56.76,57.05,56.63,56.78,1617200,56.805,0.56,101.39285714285714
2017-07-19,56.75,56.98,56.55,56.86,2151416,56.785,0.56,101.53571428571428
2017-07-20,56.86,57.34,56.82,57.19,1748000,57.0525,0.56,102.12499999999999
2017-07-21,56.78,57.37,56.78,57.2,1937649,57.0325,0.54,105.92592592592592
2017-07-24,57.14,57.23,56.84,56.94,1241529,57.0375,0.54,105.44444444444443
2017-07-25,57.05,57.66,57.0,57.43,1791500,57.285,0.54,106.35185185185185
2017-07-26,57.52,58.25,57.46,58.11,2005148,57.835,0.54,107.6111111111111
2017-07-27,58.03,61.37,57.87,60.14,6295594,59.3525,0.54,111.37037037037037
2017-07-28,59.49,60.13,57.71,57.76,4069135,58.7725,0.54,106.96296296296295
2017-07-31,57.81,58.35,57.71,57.85,5038400,57.93,0.54,107.12962962962962
2017-08-01,57.9,57.96,56.66,56.82,2749447,57.335,0.54,105.22222222222221
2017-08-02,56.53,56.88,56.16,56.58,2503861,56.5375,0.54,104.77777777777777
2017-08-03,56.58,56.67,55.78,56.15,2440800,56.295,0.54,103.98148148148147
2017-08-04,56.37,56.41,55.87,56.09,1953000,56.185,0.54,103.87037037037037
2017-08-07,56.01,56.14,55.74,55.94,1429800,55.9575,0.54,103.59259259259258
2017-08-08,55.9,56.58,54.72,55.04,3396122,55.56,0.54,101.92592592592592
2017-08-09,54.84,55.07,54.43,54.91,1717400,54.8125,0.54,101.68518518518518
2017-08-10,54.61,55.05,54.53,54.78,2166945,54.7425,0.54,101.44444444444444
2017-08-11,54.9,54.92,54.2,54.24,1789522,54.565,0.54,100.44444444444444
2017-08-14,54.77,55.07,54.43,54.92,2014800,54.7975,0.54,101.7037037037037
2017-08-15,55.05,55.78,54.82,55.59,2710626,55.31,0.54,102.94444444444444
2017-08-16,55.69,56.88,55.63,56.24,2650233,56.11,0.54,104.14814814814814
2017-08-17,56.17,56.36,54.93,54.98,2473620,55.61,0.54,101.8148148148148
2017-08-18,54.99,55.21,54.76,54.99,2041400,54.9875,0.54,101.83333333333333
2017-08-21,54.98,55.81,54.86,55.77,2433321,55.355,0.54,103.27777777777777
2017-08-22,56.08,56.59,55.77,56.11,2818114,56.1375,0.54,103.9074074074074
2017-08-23,55.95,56.08,55.63,55.77,1303012,55.8575,0.54,103.27777777777777
2017-08-24,55.83,55.9,55.46,55.54,1313617,55.6825,0.54,102.85185185185185
2017-08-25,55.77,56.45,55.61,56.22,1065322,56.0125,0.54,104.1111111111111
2017-08-28,56.38,56.52,56.04,56.49,1812600,56.3575,0.54,104.61111111111111
2017-08-29,56.26,56.63,56.08,56.59,1198200,56.39,0.54,104.79629629629629
2017-08-30,56.59,56.85,56.12,56.62,1298246,56.545,0.54,104.85185185185183
2017-08-31,56.81,57.1,56.56,57.03,1421000,56.875,0.54,105.6111111111111
2017-09-01,57.04,57.24,56.62,57.07,1099540,56.9925,0.54,105.68518518518518
2017-09-05,56.92,57.07,56.43,56.71,1257872,56.7825,0.54,105.01851851851852
2017-09-06,56.97,57.27,56.59,57.2,1600300,57.0075,0.54,105.92592592592592
2017-09-07,57.09,57.27,56.9,57.01,1140519,57.0675,0.54,105.57407407407406
2017-09-08,56.93,57.23,56.82,56.9,1315469,56.97,0.54,105.37037037037037
2017-09-11,57.14,57.5,57.09,57.33,1379000,57.265,0.54,106.16666666666666
2017-09-12,57.55,58.79,57.53,58.16,2236322,58.0075,0.54,107.7037037037037
2017-09-13,58.08,58.36,57.83,58.04,1397668,58.0775,0.54,107.48148148148147
2017-09-14,57.72,57.85,57.23,57.51,1809900,57.5775,0.54,106.49999999999999
2017-09-15,57.53,57.95,57.36,57.85,2076300,57.6725,0.54,107.12962962962962
2017-09-18,57.86,58.13,57.66,58.08,806300,57.9325,0.54,107.55555555555554
2017-09-19,58.13,58.29,57.91,58.07,1190400,58.1,0.54,107.53703703703702
2017-09-20,58.0,58.65,58.0,58.51,1662170,58.29,0.54,108.35185185185185
2017-09-21,58.58,58.7,58.09,58.19,1562942,58.39,0.54,107.75925925925925
2017-09-22,58.22,59.84,58.22,59.75,2709833,59.0075,0.54,110.64814814814814
2017-09-25,59.52,60.05,59.5,60.03,2368314,59.775,0.54,111.16666666666666
2017-09-26,60.26,60.29,59.77,59.94,1882705,60.065,0.54,110.99999999999999
2017-09-27,60.17,60.5,60.0,60.35,1595000,60.255,0.54,111.75925925925925
2017-09-28,59.82,60.41,59.82,60.26,1437238,60.0775,0.54,111.59259259259258
2017-09-29,60.17,60.65,59.86,59.96,2265600,60.16,0.54,111.03703703703704
2017-10-02,59.95,60.16,59.34,59.81,4561015,59.815,0.54,110.75925925925925
2017-10-03,62.0,62.92,61.02,61.99,7620108,61.9825,0.54,114.79629629629629
2017-10-04,62.08,63.06,61.95,62.61,3108300,62.425,0.54,115.94444444444444
2017-10-05,63.04,63.31,62.4,63.25,2401918,63.0,0.63,100.39682539682539
2017-10-06,63.15,63.68,62.9,63.62,3306287,63.3375,0.63,100.98412698412697
2017-10-09,63.64,64.0,63.52,63.65,2952991,63.7025,0.63,101.03174603174602
2017-10-10,63.84,64.08,63.34,63.71,2561500,63.7425,0.63,101.12698412698413
2017-10-11,63.72,63.74,63.26,63.48,2913124,63.55,0.63,100.76190476190476
2017-10-12,63.45,64.44,63.35,64.42,2055148,63.915,0.63,102.25396825396825
2017-10-13,64.39,64.75,63.74,63.75,2083678,64.1575,0.63,101.19047619047619
2017-10-16,63.71,63.89,63.22,63.45,1142926,63.5675,0.63,100.71428571428572
2017-10-17,63.54,63.63,62.86,62.9,1589200,63.2325,0.63,99.84126984126983
2017-10-18,62.95,63.37,62.94,63.03,1034982,63.0725,0.63,100.04761904761905
2017-10-19,62.85,63.6,62.79,63.51,1493500,63.1875,0.63,100.80952380952381
2017-10-20,63.54,64.11,63.48,64.04,1399401,63.7925,0.63,101.65079365079366
2017-10-23,64.09,64.58,64.06,64.34,1677747,64.2675,0.63,102.12698412698413
2017-10-24,64.6,64.66,63.78,63.88,1824300,64.23,0.63,101.3968253968254
2017-10-25,63.73,64.11,63.32,64.08,2334600,63.81,0.63,101.71428571428571
2017-10-26,64.42,64.84,64.23,64.59,1374508,64.52,0.63,102.52380952380953
2017-10-27,64.55,65.62,64.23,65.4,2998500,64.95,0.63,103.80952380952382
2017-10-30,65.4,65.54,64.36,64.47,2540847,64.9425,0.63,102.33333333333333
2017-10-31,64.01,64.11,63.51,63.79,1461324,63.855,0.63,101.25396825396825
2017-11-01,63.87,64.28,63.56,64.14,1637049,63.9625,0.63,101.80952380952381
2017-11-02,64.32,64.67,63.54,64.54,1996300,64.2675,0.63,102.44444444444446
2017-11-03,64.42,64.43,63.93,63.99,1567100,64.1925,0.63,101.57142857142857
2017-11-06,63.7,64.07,63.48,64.0,1397210,63.8125,0.63,101.58730158730158
2017-11-07,64.13,64.38,63.82,64.27,1703800,64.15,0.63,102.01587301587301
2017-11-08,64.15,64.6,64.09,64.55,1097236,64.3475,0.63,102.46031746031746
2017-11-09,64.12,64.9,64.12,64.76,1772638,64.475,0.63,102.7936507936508
2017-11-10,64.61,64.67,64.35,64.57,1332700,64.55,0.63,102.49206349206348
2017-11-13,64.54,65.25,64.34,65.1,1775127,64.8075,0.63,103.33333333333333
2017-11-14,64.71,65.54,64.42,65.37,1576315,65.01,0.63,103.76190476190477
2017-11-15,65.34,65.81,64.46,64.58,1839218,65.0475,0.63,102.5079365079365
2017-11-16,64.87,66.31,64.78,65.64,1755941,65.4,0.63,104.19047619047619
2017-11-17,65.43,65.49,64.65,64.92,1741600,65.1225,0.63,103.04761904761905
2017-11-20,64.98,65.28,64.75,65.18,1326216,65.0475,0.63,103.46031746031747
2017-11-21,65.28,65.39,65.0,65.12,1529019,65.1975,0.63,103.36507936507937
2017-11-22,65.21,65.31,64.63,64.68,927428,64.9575,0.63,102.66666666666667
2017-11-24,64.6,64.89,64.42,64.69,538900,64.65,0.63,102.68253968253968
2017-11-27,64.64,64.86,64.29,64.68,1241500,64.6175,0.63,102.66666666666667
2017-11-28,64.85,65.8,64.8,65.8,1569300,65.3125,0.63,104.44444444444444
2017-11-29,65.78,66.93,65.39,66.58,3210600,66.17,0.63,105.68253968253968
2017-11-30,66.65,67.88,66.43,67.31,3748120,67.0675,0.63,106.84126984126985
2017-12-01,66.9,67.26,65.89,66.87,2489536,66.73,0.63,106.14285714285715
2017-12-04,67.6,68.56,67.38,67.61,2604423,67.7875,0.63,107.31746031746032
2017-12-05,67.71,68.52,67.62,67.94,2878026,67.9475,0.63,107.84126984126983
2017-12-06,68.02,68.67,67.85,68.41,1834719,68.2375,0.63,108.58730158730158
2017-12-07,68.28,68.75,68.22,68.53,2034830,68.445,0.63,108.77777777777779
2017-12-08,68.94,69.14,68.44,69.01,1464100,68.8825,0.63,109.53968253968254
2017-12-11,68.85,69.26,68.74,69.02,2354600,68.9675,0.63,109.55555555555554
2017-12-12,68.9,69.13,68.63,68.71,1087600,68.8425,0.63,109.06349206349205
2017-12-13,68.9,69.12,68.48,68.82,1887600,68.83,0.63,109.23809523809523
2017-12-14,68.9,68.99,68.31,68.33,1534900,68.6325,0.63,108.46031746031746
2017-12-15,68.89,70.17,68.51,69.77,3548846,69.335,0.63,110.74603174603173
2017-12-18,70.09,70.3,69.65,70.25,1756876,70.0725,0.63,111.5079365079365
2017-12-19,70.35,70.39,69.25,69.26,1637000,69.8125,0.63,109.93650793650795
2017-12-20,70.0,70.0,69.04,69.2,1680500,69.56,0.63,109.84126984126985
2017-12-21,67.38,68.75,66.92,68.64,4202002,67.9225,0.55,124.8
2017-12-22,68.78,69.74,68.16,68.27,3022100,68.7375,0.55,124.12727272727271
2017-12-26,68.24,68.92,68.06,68.85,1625795,68.5175,0.55,125.18181818181816
2017-12-27,69.06,69.06,68.35,68.4,1153800,68.7175,0.55,124.36363636363636
2017-12-28,68.71,68.73,67.98,68.34,1103149,68.44,0.55,124.25454545454545
2017-12-29,67.9,68.45,67.9,68.08,1211070,68.0825,0.55,123.78181818181817
2018-01-02,68.34,68.34,67.16,67.31,2289346,67.7875,0.55,122.38181818181818
2018-01-03,67.45,68.68,67.23,68.28,2189800,67.91,0.55,124.14545454545454
2018-01-04,68.35,69.12,68.35,68.92,1636900,68.685,0.55,125.3090909090909
2018-01-05,69.21,69.26,68.42,68.71,1743955,68.9,0.55,124.92727272727271
2018-01-08,68.5,68.57,68.0,68.28,2256746,68.3375,0.55,124.14545454545454
2018-01-09,67.7,68.6,67.51,67.82,2850059,67.9075,0.55,123.30909090909088
2018-01-10,67.66,67.92,67.12,67.54,1883800,67.56,0.55,122.8
2018-01-11,67.51,67.51,66.29,66.86,2199611,67.0425,0.55,121.56363636363635
2018-01-12,66.99,67.89,66.62,67.66,2017295,67.29,0.55,123.0181818181818
2018-01-16,67.92,68.48,67.75,68.26,3478209,68.1025,0.55,124.10909090909091
2018-01-17,68.71,69.85,68.41,69.64,2620863,69.1525,0.55,126.61818181818181
2018-01-18,69.61,69.92,68.65,68.91,1662864,69.2725,0.55,125.29090909090907
2018-01-19,68.89,69.7,68.75,69.49,2559512,69.2075,0.55,126.34545454545453
2018-01-22,69.62,70.15,69.23,69.7,1682000,69.675,0.55,126.72727272727272
2018-01-23,69.69,73.1,69.1,69.99,6875500,70.47,0.55,127.25454545454544
2018-01-24,70.11,70.15,67.95,68.02,3229726,69.0575,0.55,123.67272727272726
2018-01-25,68.22,68.7,67.63,68.63,1880601,68.295,0.55,124.78181818181817
2018-01-26,68.93,70.24,68.6,70.01,1720320,69.445,0.55,127.2909090909091
2018-01-29,69.81,69.88,68.74,68.83,1263100,69.315,0.55,125.14545454545453
2018-01-30,68.67,69.27,68.14,68.56,1415100,68.66,0.55,124.65454545454544
2018-01-31,68.6,68.8,67.79,68.25,2135700,68.36,0.55,124.09090909090908
2018-02-01,68.09,68.49,66.77,67.03,2737906,67.595,0.55,121.87272727272726
2018-02-02,66.65,67.45,66.51,66.6,3252947,66.8025,0.55,121.09090909090907
2018-02-05,66.42,67.36,64.5,64.52,3601300,65.7,0.55,117.3090909090909
2018-02-06,63.3,64.49,62.57,64.23,3489708,63.6475,0.55,116.78181818181818
2018-02-07,63.9,65.95,63.68,64.74,2691333,64.5675,0.55,117.70909090909089
2018-02-08,64.6,64.6,61.8,61.86,3128600,63.215,0.55,112.47272727272727
2018-02-09,62.59,64.61,62.03,64.16,3338805,63.3475,0.55,116.65454545454544
2018-02-12,64.58,65.05,64.21,64.69,2113000,64.6325,0.55,117.61818181818181
2018-02-13,64.3,64.89,64.0,64.63,1562026,64.455,0.55,117.50909090909089
2018-02-14,64.33,65.53,63.93,65.37,1469700,64.79,0.55,118.85454545454546
2018-02-15,65.92,66.47,65.31,66.47,2146018,66.0425,0.55,120.85454545454544
2018-02-16,66.48,67.4,66.48,66.81,3203800,66.7925,0.55,121.47272727272727
2018-02-20,66.67,66.9,65.3,65.41,2239208,66.07,0.55,118.92727272727271
2018-02-21,65.64,66.24,65.08,65.08,1536346,65.51,0.55,118.32727272727271
2018-02-22,65.32,65.83,64.88,65.05,1181700,65.27,0.55,118.27272727272725
2018-02-23,65.53,66.49,65.21,66.47,1246900,65.925,0.55,120.85454545454544
2018-02-26,66.52,66.92,66.41,66.83,1711580,66.67,0.55,121.5090909090909
2018-02-27,67.03,67.87,65.92,65.92,2121700,66.685,0.55,119.85454545454544
2018-02-28,66.4,66.72,65.11,65.13,2474509,65.84,0.55,118.41818181818181
2018-03-01,63.65,65.73,63.09,63.55,2770000,64.005,0.55,115.54545454545453
2018-03-02,63.24,63.95,63.0,63.79,1549700,63.495,0.55,115.98181818181817
2018-03-05,63.33,65.23,63.33,65.04,1773000,64.2325,0.55,118.25454545454545
2018-03-06,65.24,65.24,64.36,65.09,1631000,64.9825,0.55,118.34545454545454
2018-03-07,64.68,65.09,64.34,64.82,1603000,64.7325,0.55,117.85454545454543
2018-03-08,65.06,65.82,64.97,65.39,2175121,65.31,0.55,118.89090909090908
2018-03-09,65.5,66.7,65.47,66.52,1452131,66.0475,0.55,120.94545454545452
2018-03-12,66.67,66.93,66.31,66.5,1261430,66.6025,0.55,120.90909090909089
2018-03-13,66.96,67.46,66.34,66.72,1639100,66.87,0.55,121.3090909090909
2018-03-14,66.99,66.99,65.57,65.89,1504405,66.36,0.55,119.8
2018-03-15,65.97,66.74,65.71,66.4,1408737,66.205,0.55,120.72727272727273
2018-03-16,66.5,66.67,65.94,66.15,3152803,66.315,0.55,120.27272727272727
2018-03-19,65.77,66.26,64.73,65.33,1814232,65.5225,0.55,118.78181818181817
2018-03-20,65.69,65.95,65.35,65.51,1547412,65.625,0.55,119.10909090909091
2018-03-21,65.51,66.29,65.26,65.55,2717933,65.6525,0.55,119.18181818181817
2018-03-22,65.11,65.25,63.45,63.49,2420093,64.325,0.55,115.43636363636364
2018-03-23,63.51,63.87,61.57,61.73,4116309,62.67,0.55,112.23636363636362
2018-03-26,63.4,64.58,59.95,61.22,7059125,62.2875,0.55,111.3090909090909
2018-03-27,61.21,61.54,59.36,59.84,4353600,60.4875,0.55,108.8
2018-03-28,59.92,60.91,59.4,60.6,3365255,60.2075,0.72,84.16666666666667
2018-03-29,60.88,62.15,60.57,61.59,3104900,61.2975,0.72,85.54166666666667
2018-04-02,61.5,61.69,59.65,60.32,3210600,60.79,0.72,83.77777777777779
2018-04-03,60.74,61.14,60.07,61.02,1967700,60.7425,0.72,84.75000000000001
2018-04-04,60.44,62.02,60.07,61.81,2206045,61.085,0.72,85.84722222222223
2018-04-05,62.25,62.45,61.77,62.14,1232000,62.1525,0.72,86.30555555555556
2018-04-06,61.72,61.98,60.27,60.72,1778810,61.1725,0.72,84.33333333333333
2018-04-09,61.05,62.02,60.75,60.94,1483151,61.19,0.72,84.63888888888889
2018-04-10,61.82,62.49,61.57,61.97,1554577,61.9625,0.72,86.06944444444444
2018-04-11,61.36,61.97,61.11,61.67,1414404,61.5275,0.72,85.65277777777779
2018-04-12,61.93,61.98,61.4,61.65,1920047,61.74,0.72,85.625
2018-04-13,62.0,62.18,61.26,61.49,1126534,61.7325,0.72,85.40277777777779
2018-04-16,61.93,62.48,61.68,62.24,1039900,62.0825,0.72,86.44444444444446
2018-04-17,60.33,61.7,60.33,61.13,5171300,60.8725,0.72,84.90277777777779
2018-04-18,61.29,61.41,60.93,61.03,3609772,61.165,0.72,84.7638888888889
2018-04-19,61.01,61.26,60.66,60.93,2841268,60.965,0.72,84.625
2018-04-20,60.88,61.07,60.23,60.34,2980213,60.63,0.72,83.80555555555556
2018-04-23,60.5,60.63,59.56,59.85,2631630,60.135,0.72,83.125
2018-04-24,60.27,60.56,59.64,59.95,3630845,60.105,0.72,83.2638888888889
2018-04-25,60.03,60.21,59.55,60.0,2741600,59.9475,0.72,83.33333333333334
2018-04-26,60.29,60.91,60.03,60.75,1459200,60.495,0.72,84.375
2018-04-27,60.82,61.92,60.75,61.58,2023818,61.2675,0.72,85.52777777777779
2018-04-30,61.89,61.92,60.56,60.57,2070600,61.235,0.72,84.125
2018-05-01,60.59,61.32,60.13,61.22,1609100,60.815,0.72,85.02777777777779
2018-05-02,61.45,62.09,60.71,60.82,4351532,61.2675,0.72,84.47222222222223
2018-05-03,60.38,62.01,60.38,61.67,2779500,61.11,0.72,85.65277777777779
2018-05-04,61.36,62.61,61.16,62.41,1472324,61.885,0.72,86.68055555555556
2018-05-07,62.39,62.81,61.76,62.56,1925605,62.38,0.72,86.8888888888889
2018-05-08,61.58,61.92,61.29,61.59,1428838,61.595,0.72,85.54166666666667
2018-05-09,61.75,62.37,61.51,62.21,1509218,61.96,0.72,86.40277777777779
2018-05-10,62.39,63.14,61.92,62.99,1467325,62.61,0.72,87.48611111111111
2018-05-11,62.93,63.51,62.74,63.34,1568100,63.13,0.72,87.97222222222223
2018-05-14,63.21,64.0,63.09,63.53,2777100,63.4575,0.72,88.23611111111111
2018-05-15,63.31,64.32,62.98,64.27,2924533,63.72,0.72,89.26388888888889
2018-05-16,64.35,65.29,64.15,64.96,2057540,64.6875,0.72,90.22222222222221
2018-05-17,64.82,65.13,64.19,64.42,2197900,64.64,0.72,89.47222222222223
2018-05-18,64.49,65.12,64.13,64.82,1700600,64.64,0.72,90.02777777777777
2018-05-21,65.13,65.32,64.81,65.12,1632500,65.095,0.72,90.44444444444446
2018-05-22,65.3,65.63,64.89,65.42,2235500,65.31,0.72,90.86111111111111
2018-05-23,64.96,65.58,64.58,65.57,1678000,65.1725,0.72,91.06944444444444
2018-05-24,65.64,65.9,65.04,65.87,2127221,65.6125,0.72,91.48611111111111
2018-05-25,65.95,66.36,65.8,65.9,1458910,66.0025,0.72,91.52777777777779
2018-05-29,65.48,66.01,65.1,65.61,1385300,65.55,0.72,91.125
2018-05-30,65.95,66.34,65.38,65.96,2300227,65.9075,0.72,91.6111111111111
2018-05-31,65.91,66.15,65.41,65.58,1976442,65.7625,0.72,91.08333333333333
2018-06-01,65.98,66.59,65.93,66.48,1385483,66.245,0.72,92.33333333333334
2018-06-04,66.46,67.03,66.46,66.83,1874700,66.695,0.72,92.81944444444444
2018-06-05,66.83,67.25,66.69,67.1,1360096,66.9675,0.72,93.19444444444444
2018-06-06,67.08,68.09,67.03,68.07,1727206,67.5675,0.72,94.54166666666666
2018-06-07,67.96,68.11,67.2,67.63,2242010,67.725,0.72,93.93055555555556
2018-06-08,67.42,68.25,67.19,68.17,2740921,67.7575,0.72,94.68055555555556
2018-06-11,68.15,68.44,68.0,68.14,1247736,68.1825,0.72,94.6388888888889
2018-06-12,68.09,69.59,68.01,69.45,1851300,68.785,0.72,96.45833333333334
2018-06-13,69.41,69.83,68.86,69.5,2087725,69.4,0.72,96.52777777777779
2018-06-14,69.81,69.98,69.18,69.34,1819300,69.5775,0.72,96.30555555555556
2018-06-15,69.26,69.9,68.61,69.78,3071730,69.3875,0.72,96.91666666666667
2018-06-18,69.24,69.52,68.78,69.45,1343556,69.2475,0.72,96.45833333333334
2018-06-19,68.89,69.48,68.85,69.45,1616831,69.1675,0.72,96.45833333333334
2018-06-20,69.45,70.06,69.29,69.92,2311700,69.68,0.72,97.11111111111111
2018-06-21,69.76,70.16,69.49,69.71,1784611,69.78,0.72,96.81944444444444
2018-06-22,69.87,70.38,69.65,70.22,2270809,70.03,0.72,97.52777777777779
2018-06-25,69.83,70.11,68.68,69.68,2224934,69.575,0.72,96.77777777777779
2018-06-26,70.0,70.01,68.9,69.0,2559741,69.4775,0.72,95.83333333333334
2018-06-27,69.26,69.26,66.65,66.89,4439227,68.015,0.72,92.90277777777779
2018-06-28,67.37,68.4,67.37,67.96,4872600,67.775,0.72,94.38888888888889
2018-06-29,67.74,69.15,67.31,68.35,4190023,68.1375,0.72,94.93055555555556
2018-07-02,67.8,68.65,67.24,68.04,3214107,67.9325,0.72,94.50000000000001
2018-07-03,68.18,68.84,67.62,67.78,1620535,68.105,0.72,94.1388888888889
2018-07-05,67.74,69.14,67.67,69.08,2502200,68.4075,0.72,95.94444444444444
2018-07-06,69.0,69.84,68.98,69.79,2722240,69.4025,0.72,96.93055555555557
2018-07-09,70.33,70.33,69.65,69.98,2448915,70.0725,0.72,97.19444444444446
2018-07-10,69.92,70.1,69.44,69.69,1276804,69.7875,0.72,96.79166666666667
2018-07-11,68.06,69.79,68.06,69.54,1571100,68.8625,0.72,96.58333333333334
2018-07-12,70.13,70.42,69.86,70.37,1850008,70.195,0.72,97.73611111111111
2018-07-13,70.28,70.62,70.08,70.54,2170224,70.38,0.72,97.97222222222223
2018-07-16,70.86,70.99,69.83,69.98,2509268,70.415,0.72,97.19444444444446
2018-07-17,69.74,70.57,69.74,70.46,1759354,70.1275,0.72,97.8611111111111
2018-07-18,70.46,70.46,69.6,69.9,1617000,70.105,0.72,97.08333333333334
2018-07-19,69.82,70.65,69.72,70.49,1391300,70.17,0.72,97.90277777777777
2018-07-20,70.44,70.92,70.13,70.55,1438064,70.51,0.64,110.234375
2018-07-23,70.48,70.98,70.42,70.86,2173100,70.685,0.64,110.71875
2018-07-24,71.15,71.25,70.72,71.22,1886200,71.085,0.64,111.28125
2018-07-25,71.2,72.07,71.2,72.0,2329800,71.6175,0.64,112.5
2018-07-26,72.21,72.51,71.43,71.69,1875900,71.96,0.64,112.015625
2018-07-27,71.75,71.85,70.46,70.93,2097545,71.2475,0.64,110.82812500000001
2018-07-30,70.94,71.01,68.98,69.18,1993732,70.0275,0.64,108.09375000000001
2018-07-31,68.98,69.08,68.37,69.02,3456319,68.8625,0.64,107.84374999999999
2018-08-01,68.97,69.13,68.1,68.67,1717500,68.7175,0.64,107.296875
2018-08-02,68.49,69.47,68.2,69.31,1561111,68.8675,0.64,108.296875
2018-08-03,69.44,69.74,69.13,69.74,1204400,69.5125,0.64,108.96874999999999
2018-08-06,69.83,70.42,69.6,70.4,1348000,70.0625,0.64,110.0
2018-08-07,70.41,71.27,70.35,71.19,1667537,70.805,0.64,111.234375
2018-08-08,71.03,71.23,70.89,71.1,1241206,71.0625,0.64,111.09374999999999
2018-08-09,71.23,71.67,71.12,71.25,1027129,71.3175,0.64,111.328125
2018-08-10,70.9,71.44,70.86,71.02,1118900,71.055,0.64,110.96874999999999
2018-08-13,71.25,71.7,70.91,71.16,1530500,71.255,0.64,111.18749999999999
2018-08-14,69.86,71.24,69.81,70.93,1958100,70.46,0.64,110.82812500000001
2018-08-15,70.51,71.23,70.31,71.14,1601800,70.7975,0.64,111.15625
2018-08-16,71.55,71.98,71.18,71.89,1191012,71.65,0.64,112.328125
2018-08-17,71.77,72.42,71.56,72.32,2977604,72.0175,0.64,112.99999999999999
2018-08-20,72.5,72.69,71.74,72.34,1527300,72.3175,0.64,113.03125
2018-08-21,72.66,72.99,72.36,72.51,1984547,72.63,0.64,113.296875
2018-08-22,72.27,72.7,72.02,72.59,1071100,72.395,0.64,113.421875
2018-08-23,72.56,72.92,72.43,72.74,1401740,72.6625,0.64,113.65624999999999
2018-08-24,72.99,73.04,72.32,72.99,1121300,72.835,0.64,114.04687499999999
2018-08-27,73.25,73.4,72.51,72.63,1300600,72.9475,0.64,113.48437499999999
2018-08-28,70.83,72.83,70.83,72.39,1075600,71.72,0.64,113.109375
2018-08-29,72.29,72.97,72.16,72.9,1103519,72.58,0.64,113.90625
2018-08-30,72.53,73.13,72.53,72.87,1098000,72.765,0.64,113.859375
2018-08-31,71.86,73.36,71.86,73.25,1548300,72.5825,0.64,114.453125
2018-09-04,73.16,73.22,72.29,73.08,1531200,72.9375,0.64,114.1875
2018-09-05,73.07,73.9,72.79,73.82,2105147,73.395,0.64,115.34374999999999
2018-09-06,73.63,74.74,73.35,74.61,1807124,74.0825,0.64,116.578125
2018-09-07,74.36,74.67,73.92,74.04,1522300,74.2475,0.64,115.68750000000001
2018-09-10,74.92,74.92,73.94,74.21,1294100,74.4975,0.64,115.95312499999999
2018-09-11,74.1,74.61,74.0,74.55,1027000,74.315,0.64,116.484375
2018-09-12,74.48,74.51,73.73,74.12,1362400,74.21,0.64,115.8125
2018-09-13,74.66,74.81,74.38,74.64,1440317,74.6225,0.64,116.625
2018-09-14,74.83,74.83,74.29,74.38,1111536,74.5825,0.64,116.21874999999999
2018-09-17,74.38,74.54,74.02,74.23,1221726,74.2925,0.64,115.984375
2018-09-18,74.36,74.85,74.34,74.63,1237800,74.545,0.64,116.60937499999999
2018-09-19,74.64,74.78,73.63,73.99,1296652,74.26,0.64,115.60937499999999
2018-09-20,74.05,74.8,74.03,74.76,953200,74.41,0.64,116.8125
2018-09-21,75.05,75.57,74.7,75.25,4077100,75.1425,0.64,117.578125
2018-09-24,74.71,74.98,74.23,74.54,1548258,74.615,0.64,116.46875000000001
2018-09-25,74.81,75.73,72.79,73.72,5429745,74.2625,0.64,115.1875
2018-09-26,73.87,74.23,73.31,73.59,1977700,73.75,0.64,114.984375
2018-09-27,73.6,74.35,73.37,73.45,1465339,73.6925,0.64,114.765625
2018-09-28,73.52,73.81,73.41,73.65,2089742,73.5975,0.64,115.078125
2018-10-01,74.01,74.45,73.45,73.72,2281519,73.9075,0.64,115.1875
2018-10-02,73.51,76.02,72.3,74.78,5882003,74.1525,0.64,116.84375
2018-10-03,75.01,75.02,72.92,73.2,3067227,74.0375,0.64,114.375
2018-10-04,72.92,73.0,71.68,72.39,2455949,72.4975,0.64,113.109375
2018-10-05,72.47,73.29,72.02,72.94,1978074,72.68,0.68,107.26470588235293
2018-10-08,72.61,72.96,71.82,72.36,2030500,72.4375,0.68,106.41176470588235
2018-10-09,72.55,73.49,72.21,72.5,1522205,72.6875,0.68,106.61764705882352
2018-10-10,72.49,72.49,69.45,69.51,2680930,70.985,0.68,102.22058823529412
2018-10-11,69.5,69.9,67.13,67.53,4025545,68.515,0.68,99.30882352941175
2018-10-12,68.5,69.15,67.37,68.26,2926508,68.32,0.68,100.38235294117646
2018-10-15,68.19,68.67,67.75,68.02,2240115,68.1575,0.68,100.02941176470587
2018-10-16,68.56,69.13,68.21,68.89,2996507,68.6975,0.68,101.30882352941175
2018-10-17,69.01,69.9,68.18,68.89,3770308,68.995,0.68,101.30882352941175
2018-10-18,68.95,69.63,67.96,68.03,2850868,68.6425,0.68,100.04411764705881
2018-10-19,68.51,69.09,67.87,67.94,2365006,68.3525,0.68,99.91176470588235
2018-10-22,68.25,68.44,67.53,67.57,1988834,67.9475,0.68,99.36764705882351
2018-10-23,67.36,67.36,65.39,66.15,3260220,66.565,0.68,97.27941176470588
2018-10-24,66.1,66.33,64.02,64.16,3454445,65.1525,0.68,94.35294117647058
2018-10-25,64.86,65.26,63.94,64.92,3217933,64.745,0.68,95.47058823529412
2018-10-26,63.51,64.74,63.01,64.01,2862538,63.8175,0.68,94.13235294117648
2018-10-29,64.8,65.22,62.89,63.92,2096132,64.2075,0.68,94.0
2018-10-30,64.01,64.71,63.69,64.63,2598086,64.26,0.68,95.04411764705881
2018-10-31,64.79,66.3,64.75,65.49,3504615,65.3325,0.68,96.30882352941175
2018-11-01,65.43,65.69,64.74,64.99,2138149,65.2125,0.68,95.5735294117647
2018-11-02,65.13,65.64,64.58,65.49,2659930,65.21,0.68,96.30882352941175
2018-11-05,65.54,66.57,65.33,66.28,2471443,65.93,0.68,97.47058823529412
2018-11-06,66.29,67.23,66.29,67.18,1828383,66.7475,0.68,98.79411764705883
2018-11-07,67.73,68.53,67.49,68.48,1792889,68.0575,0.68,100.70588235294117
2018-11-08,68.58,69.27,68.39,69.0,1854513,68.81,0.68,101.47058823529412
2018-11-09,68.67,69.19,68.29,69.02,1370200,68.7925,0.68,101.49999999999999
2018-11-12,68.84,69.04,67.86,67.96,1689109,68.425,0.68,99.94117647058822
2018-11-13,69.41,69.41,67.37,67.75,1729448,68.485,0.68,99.63235294117646
2018-11-14,67.89,68.87,66.6,66.72,2812336,67.52,0.68,98.11764705882352
2018-11-15,66.19,68.1,65.89,67.94,2798400,67.03,0.68,99.91176470588235
2018-11-16,67.81,69.03,67.33,68.85,2016334,68.255,0.68,101.24999999999999
2018-11-19,68.69,69.08,67.58,68.41,2236300,68.44,0.68,100.60294117647058
2018-11-20,68.09,68.25,66.95,67.3,1893000,67.6475,0.68,98.9705882352941
2018-11-21,67.67,67.95,66.76,67.33,2046500,67.4275,0.68,99.01470588235293
2018-11-23,66.74,67.91,66.51,67.26,892042,67.105,0.68,98.91176470588235
2018-11-26,68.29,68.46,67.36,68.41,2630700,68.13,0.68,100.60294117647058
2018-11-27,68.13,69.18,67.85,69.16,1590600,68.58,0.68,101.70588235294116
2018-11-28,69.22,70.86,69.1,70.85,2343436,70.0075,0.68,104.19117647058822
2018-11-29,70.32,70.61,69.84,69.92,2250746,70.1725,0.68,102.8235294117647
2018-11-30,70.15,70.99,69.8,70.76,3417500,70.425,0.68,104.05882352941177
2018-12-03,71.55,71.75,69.84,71.01,2103600,71.0375,0.68,104.42647058823529
2018-12-04,70.91,71.27,69.11,69.3,2588017,70.1475,0.68,101.91176470588235
2018-12-06,68.1,69.3,67.24,69.17,2514991,68.4525,0.68,101.72058823529412
2018-12-07,68.85,69.33,66.4,67.68,2168700,68.065,0.68,99.52941176470588
2018-12-10,67.7,68.44,66.79,68.12,2114600,67.7625,0.68,100.17647058823529
2018-12-11,68.73,69.94,67.55,68.14,1852200,68.59,0.68,100.20588235294117
2018-12-12,69.22,69.41,68.08,68.12,1619526,68.7075,0.68,100.17647058823529
2018-12-13,68.49,68.51,66.74,67.38,2225800,67.78,0.68,99.08823529411764
2018-12-14,66.9,67.12,65.7,65.9,1981609,66.405,0.68,96.91176470588235
2018-12-17,66.01,66.58,64.53,64.95,3204900,65.5175,0.68,95.51470588235294
2018-12-18,65.25,65.77,63.95,64.32,3114000,64.8225,0.68,94.58823529411762
2018-12-19,64.76,66.64,63.63,64.76,3787860,64.9475,0.68,95.23529411764706
2018-12-20,64.52,65.71,63.53,64.96,4426501,64.68,0.68,95.52941176470587
2018-12-21,65.63,66.86,63.67,63.84,4957838,65.0,0.66,96.72727272727273
2018-12-24,63.48,63.7,61.61,61.64,1626100,62.6075,0.66,93.39393939393939
2018-12-26,62.04,64.37,61.32,64.32,2474446,63.0125,0.66,97.45454545454544
2018-12-27,63.44,65.22,62.86,65.2,1743600,64.18,0.66,98.78787878787878
2018-12-28,65.41,65.83,64.44,64.67,1731300,65.0875,0.66,97.98484848484848
2018-12-31,65.18,65.41,64.51,65.15,1599831,65.0625,0.66,98.71212121212122
2019-01-02,64.08,65.28,63.33,65.07,2589408,64.44,0.66,98.59090909090908
2019-01-03,64.39,65.07,63.88,63.97,2231010,64.3275,0.66,96.92424242424242
2019-01-04,65.14,66.42,64.86,66.2,2137200,65.655,0.66,100.3030303030303
2019-01-07,66.0,66.57,65.64,65.85,1708117,66.015,0.66,99.77272727272727
2019-01-08,66.71,66.85,65.49,66.35,1746803,66.35,0.66,100.53030303030302
2019-01-09,66.34,66.67,65.94,66.31,1665029,66.315,0.66,100.46969696969697
2019-01-10,66.2,67.45,66.01,67.41,1567703,66.7675,0.66,102.13636363636363
2019-01-11,67.15,67.45,66.6,67.29,1606900,67.1225,0.66,101.95454545454545
2019-01-14,66.86,67.41,66.71,67.23,1245900,67.0525,0.66,101.86363636363636
2019-01-15,67.5,68.37,67.3,68.14,1759400,67.8275,0.66,103.24242424242424
2019-01-16,68.26,68.69,67.97,68.48,2000900,68.35,0.66,103.75757575757576
2019-01-17,68.3,69.05,68.25,68.75,1614200,68.5875,0.66,104.16666666666666
2019-01-18,69.52,70.07,68.89,69.9,2190100,69.595,0.66,105.9090909090909
2019-01-22,69.39,69.8,68.82,69.4,1539100,69.3525,0.66,105.15151515151516
2019-01-23,69.64,69.9,68.98,69.84,1756832,69.59,0.66,105.81818181818181
2019-01-24,69.94,69.99,69.38,69.62,1939200,69.7325,0.66,105.48484848484848
2019-01-25,70.28,70.51,69.75,70.39,1884000,70.2325,0.66,106.65151515151514
2019-01-28,69.86,70.17,69.64,70.0,1734500,69.9175,0.66,106.06060606060606
2019-01-29,70.16,70.22,69.4,69.73,1362500,69.8775,0.66,105.65151515151516
2019-01-30,70.0,71.17,69.8,71.14,2508879,70.5275,0.66,107.78787878787878
2019-01-31,70.58,70.96,70.13,70.8,2959516,70.6175,0.66,107.27272727272727
2019-02-01,70.94,71.91,70.94,71.88,1960726,71.4175,0.66,108.90909090909089
2019-02-04,72.01,72.57,71.33,72.47,3455900,72.095,0.66,109.8030303030303
2019-02-05,72.85,73.76,72.47,73.74,2909510,73.205,0.66,111.72727272727272
2019-02-06,73.59,73.8,73.26,73.7,2249903,73.5875,0.66,111.66666666666667
2019-02-07,72.96,73.79,72.85,73.76,2392700,73.34,0.66,111.75757575757576
2019-02-08,73.25,74.28,72.94,74.26,1490724,73.6825,0.66,112.51515151515152
2019-02-11,74.41,74.5,73.86,74.05,2058300,74.205,0.66,112.19696969696969
2019-02-12,74.99,75.02,74.47,74.83,2496000,74.8275,0.66,113.37878787878788
2019-02-13,75.06,75.29,74.84,75.25,2511344,75.11,0.66,114.01515151515152
2019-02-14,74.9,75.49,74.66,75.17,1507500,75.055,0.66,113.89393939393939
2019-02-15,75.73,76.01,75.57,75.78,2838100,75.7725,0.66,114.81818181818181
2019-02-19,75.55,75.67,75.1,75.13,1651500,75.3625,0.66,113.83333333333331
2019-02-20,74.89,75.33,74.6,75.32,1974700,75.035,0.66,114.12121212121211
2019-02-21,75.2,75.6,74.79,75.35,1605723,75.235,0.66,114.16666666666666
2019-02-22,75.63,76.07,75.28,75.89,1731142,75.7175,0.66,114.98484848484848
2019-02-25,76.41,76.49,75.62,75.84,1748000,76.09,0.66,114.9090909090909
2019-02-26,75.74,76.31,75.7,76.08,1218919,75.9575,0.66,115.27272727272727
2019-02-27,75.8,76.55,75.59,76.52,1276600,76.115,0.66,115.93939393939392
2019-02-28,76.41,77.05,76.3,77.02,1924200,76.695,0.66,116.69696969696969
2019-03-01,77.36,77.57,77.04,77.43,1952400,77.35,0.66,117.31818181818183
2019-03-04,77.77,78.0,75.67,76.5,2658300,76.985,0.66,115.9090909090909
2019-03-05,76.63,77.25,76.45,77.01,1659423,76.835,0.66,116.68181818181819
2019-03-06,77.11,77.21,76.58,76.82,1710925,76.93,0.66,116.39393939393938
2019-03-07,76.71,76.93,76.02,76.2,2599200,76.465,0.66,115.45454545454545
2019-03-08,75.83,76.4,75.1,76.34,1580100,75.9175,0.66,115.66666666666667
2019-03-11,76.61,77.58,76.52,77.52,1727400,77.0575,0.66,117.45454545454544
2019-03-12,77.79,78.36,77.57,77.74,1922646,77.865,0.66,117.78787878787877
2019-03-13,78.07,78.87,77.94,78.27,1844624,78.2875,0.66,118.59090909090908
2019-03-14,78.44,79.0,78.13,78.99,1567100,78.64,0.66,119.68181818181817
2019-03-15,78.98,79.54,78.84,79.23,2567600,79.1475,0.66,120.04545454545455
2019-03-18,79.28,79.56,78.66,79.32,1242700,79.205,0.66,120.18181818181817
2019-03-19,79.66,79.67,78.72,79.11,1541745,79.29,0.66,119.86363636363636
2019-03-20,78.94,79.15,78.15,78.43,1795830,78.6675,0.66,118.83333333333334
2019-03-21,78.17,79.79,78.08,79.52,1655900,78.89,0.66,120.48484848484847
2019-03-22,79.29,79.51,78.4,78.44,2462900,78.91,0.66,118.84848484848484
2019-03-25,78.14,78.81,77.89,78.74,1613900,78.395,0.66,119.30303030303028
2019-03-26,79.3,80.17,79.15,80.1,2510029,79.68,0.66,121.36363636363635
2019-03-27,79.27,80.74,77.72,79.26,4368400,79.2475,0.66,120.0909090909091
2019-03-28,79.41,79.78,78.6,79.05,2184300,79.21,0.66,119.77272727272727
2019-03-29,79.65,80.37,79.16,80.2,2738939,79.845,0.9,89.11111111111111
2019-04-01,80.75,81.03,80.08,80.93,1723538,80.6975,0.9,89.92222222222223
2019-04-02,80.89,81.08,80.39,81.02,2425200,80.845,0.9,90.02222222222221
2019-04-03,81.43,81.59,80.62,81.08,2948308,81.18,0.9,90.08888888888889
2019-04-04,81.26,81.29,80.05,80.4,1872300,80.75,0.9,89.33333333333334
2019-04-05,80.67,80.94,80.32,80.74,2021742,80.6675,0.9,89.71111111111111
2019-04-08,80.73,80.93,79.97,80.82,1468735,80.6125,0.9,89.8
2019-04-09,80.53,81.05,80.1,80.75,1348800,80.6075,0.9,89.72222222222221
2019-04-10,80.68,81.29,80.67,81.14,976143,80.945,0.9,90.15555555555555
2019-04-11,81.39,81.49,81.0,81.35,1422800,81.3075,0.9,90.38888888888889
2019-04-12,81.64,82.21,81.26,82.16,1009833,81.8175,0.9,91.28888888888888
2019-04-15,82.17,82.48,81.93,82.37,896100,82.2375,0.9,91.52222222222223
2019-04-16,82.64,82.64,81.36,81.59,1262500,82.0575,0.9,90.65555555555555
2019-04-17,81.79,82.02,81.51,81.56,1189635,81.72,0.9,90.62222222222222
2019-04-18,82.12,82.12,81.1,81.59,1224800,81.7325,0.9,90.65555555555555
2019-04-22,81.32,81.69,81.19,81.61,1080635,81.4525,0.9,90.67777777777778
2019-04-23,81.41,83.61,81.33,83.58,1913000,82.4825,0.9,92.86666666666666
2019-04-24,83.65,84.02,83.3,83.48,1415500,83.6125,0.9,92.75555555555556
2019-04-25,83.44,83.5,82.49,83.23,1569100,83.165,0.9,92.47777777777777
2019-04-26,83.56,83.83,82.98,83.79,1017311,83.54,0.9,93.10000000000001
2019-04-29,83.73,84.09,83.5,83.61,1497500,83.7325,0.9,92.89999999999999
2019-04-30,83.71,84.39,82.84,84.31,2182200,83.8125,0.9,93.67777777777778
2019-05-01,84.5,84.5,81.92,81.97,2232200,83.2225,0.9,91.07777777777777
2019-05-02,81.98,83.11,81.83,82.78,2358812,82.425,0.9,91.97777777777777
2019-05-03,83.23,84.82,83.07,84.61,1610913,83.9325,0.9,94.0111111111111
2019-05-06,83.12,84.85,82.69,84.67,1300739,83.8325,0.9,94.07777777777778
2019-05-07,83.75,84.45,82.86,83.48,2364805,83.635,0.9,92.75555555555556
2019-05-08,83.4,84.49,83.15,84.19,1268000,83.8075,0.9,93.54444444444444
2019-05-09,83.37,84.44,83.25,84.31,2119436,83.8425,0.9,93.67777777777778
2019-05-10,84.04,85.17,83.06,85.08,1591543,84.3375,0.9,94.53333333333333
2019-05-13,83.33,84.19,83.08,83.56,2468775,83.54,0.9,92.84444444444445
2019-05-14,82.98,84.83,82.94,84.19,2116000,83.735,0.9,93.54444444444444
2019-05-15,83.76,85.18,83.75,85.05,1447204,84.435,0.9,94.5
2019-05-16,85.16,86.98,85.05,86.64,1672800,85.9575,0.9,96.26666666666667
2019-05-17,86.12,86.85,85.78,86.27,1673000,86.255,0.9,95.85555555555555
2019-05-20,85.64,86.64,84.91,86.16,1130500,85.8375,0.9,95.73333333333333
2019-05-21,86.7,87.27,86.16,87.11,1265300,86.81,0.9,96.78888888888889
2019-05-22,86.96,87.75,86.88,87.15,1168700,87.185,0.9,96.83333333333334
2019-05-23,86.37,86.59,85.57,86.06,1948400,86.1475,0.9,95.62222222222222
2019-05-24,86.49,86.96,85.95,86.17,1377815,86.3925,0.9,95.74444444444444
2019-05-28,86.52,87.15,85.97,86.17,2608700,86.4525,0.9,95.74444444444444
2019-05-29,85.79,85.99,85.07,85.68,1774427,85.6325,0.9,95.2
2019-05-30,85.65,86.39,85.15,86.24,1749442,85.8575,0.9,95.82222222222221
2019-05-31,85.81,86.06,85.16,85.79,1596600,85.705,0.9,95.32222222222222
2019-06-03,85.95,86.47,83.97,84.43,2154500,85.205,0.9,93.81111111111112
2019-06-04,85.31,85.46,84.52,85.36,2546429,85.1625,0.9,94.84444444444445
2019-06-05,86.12,86.52,85.68,86.43,2554548,86.1875,0.9,96.03333333333333
2019-06-06,86.66,87.16,85.7,87.09,1393600,86.6525,0.9,96.76666666666667
2019-06-07,87.52,88.29,87.39,87.6,1516722,87.7,0.9,97.33333333333333
2019-06-10,87.87,88.38,87.65,87.8,1121729,87.925,0.9,97.55555555555554
2019-06-11,88.43,88.43,86.72,87.05,1460600,87.6575,0.9,96.72222222222221
2019-06-12,87.1,87.44,86.99,87.27,1172900,87.2,0.9,96.96666666666665
2019-06-13,87.65,87.79,86.69,86.93,1448300,87.265,0.9,96.58888888888889
2019-06-14,86.95,87.05,86.55,86.68,1251436,86.8075,0.9,96.31111111111112
2019-06-17,87.52,87.52,86.22,86.28,1326900,86.885,0.9,95.86666666666666
2019-06-18,86.98,87.47,86.59,86.86,1936200,86.975,0.9,96.5111111111111
2019-06-19,87.03,87.39,86.01,87.14,1633123,86.8925,0.9,96.82222222222222
2019-06-20,87.74,88.15,87.26,87.56,1938289,87.6775,0.9,97.28888888888889
2019-06-21,87.52,87.73,86.42,86.52,2904690,87.0475,0.9,96.13333333333333
2019-06-24,86.67,86.88,86.15,86.18,1392200,86.47,0.9,95.75555555555556
2019-06-25,86.01,86.12,84.74,84.8,2581400,85.4175,0.9,94.22222222222221
2019-06-26,84.02,84.27,81.27,81.77,5978705,82.8325,0.9,90.85555555555555
2019-06-27,81.92,82.29,81.42,82.1,3631100,81.9325,0.9,91.22222222222221
2019-06-28,82.06,82.34,81.6,82.29,4047523,82.0725,0.9,91.43333333333334
2019-07-01,83.31,83.66,82.37,83.51,3786930,83.2125,0.9,92.78888888888889
2019-07-02,83.0,85.03,81.7,83.63,4224510,83.34,0.9,92.92222222222222
2019-07-03,83.65,84.74,83.64,84.6,1442500,84.1575,0.9,93.99999999999999
2019-07-05,84.05,85.42,83.56,85.31,2182046,84.585,0.9,94.78888888888889
2019-07-08,85.03,85.32,84.69,84.85,1783000,84.9725,0.9,94.27777777777777
2019-07-09,84.57,85.32,83.85,85.21,1948125,84.7375,0.9,94.67777777777776
2019-07-10,85.34,85.96,85.3,85.46,2213518,85.515,0.9,94.95555555555555
2019-07-11,85.54,85.67,84.93,85.33,1759200,85.3675,0.9,94.8111111111111
2019-07-12,85.66,85.79,85.0,85.72,1747240,85.5425,0.9,95.24444444444444
2019-07-15,85.91,85.99,85.37,85.73,1525700,85.75,0.9,95.25555555555556
2019-07-16,85.72,86.05,85.31,85.66,1119076,85.685,0.9,95.17777777777778
2019-07-17,85.84,85.95,85.2,85.23,1142842,85.555,0.9,94.7
2019-07-18,85.07,85.7,84.49,85.59,1373993,85.2125,0.9,95.10000000000001
2019-07-19,85.9,86.15,84.53,84.56,1508300,85.285,0.9,93.95555555555556
2019-07-22,84.65,85.05,84.06,84.09,1733642,84.4625,0.9,93.43333333333334
2019-07-23,84.44,84.96,83.65,84.62,2005100,84.4175,0.9,94.02222222222223
2019-07-24,84.5,85.08,83.75,85.05,1621433,84.595,0.64,132.890625
2019-07-25,85.1,85.58,84.56,85.42,1726900,85.165,0.64,133.46875
2019-07-26,85.81,86.65,85.59,86.58,1113300,86.1575,0.64,135.28125
2019-07-29,86.6,86.73,86.18,86.23,1309607,86.435,0.64,134.734375
2019-07-30,85.83,86.74,85.75,86.14,2182589,86.115,0.64,134.59375
2019-07-31,86.01,86.29,82.3,83.05,2844217,84.4125,0.64,129.765625
2019-08-01,83.12,84.47,82.8,83.88,2216800,83.5675,0.64,131.0625
2019-08-02,83.36,84.47,83.0,83.93,1869932,83.69,0.64,131.140625
2019-08-05,82.73,83.06,80.36,80.88,2561505,81.7575,0.64,126.37499999999999
2019-08-06,81.05,82.6,80.64,82.27,2222441,81.64,0.64,128.546875
2019-08-07,81.23,82.59,80.66,82.25,2307300,81.6825,0.64,128.515625
2019-08-08,82.61,84.41,81.24,84.41,1460900,83.1675,0.64,131.890625
2019-08-09,84.21,84.28,82.71,83.55,1353118,83.6875,0.64,130.546875
2019-08-12,83.41,83.59,82.34,82.8,1109221,83.035,0.64,129.375
2019-08-13,82.9,83.88,82.58,83.73,1331357,83.2725,0.64,130.828125
2019-08-14,82.68,82.95,80.97,81.06,1685700,81.915,0.64,126.65625
2019-08-15,79.78,80.86,79.65,80.09,2072328,80.095,0.64,125.140625
2019-08-16,80.82,81.67,80.6,81.47,1732100,81.14,0.64,127.296875
2019-08-19,82.46,82.52,81.89,82.29,1036719,82.29,0.64,128.578125
2019-08-20,82.34,82.67,81.79,81.95,790800,82.1875,0.64,128.046875
2019-08-21,82.37,82.78,82.2,82.52,998049,82.4675,0.64,128.9375
2019-08-22,82.92,82.92,81.25,82.24,1254521,82.3325,0.64,128.5
2019-08-23,82.1,82.43,79.37,79.72,1708700,80.905,0.64,124.5625
2019-08-26,80.58,80.75,79.66,80.45,1314548,80.36,0.64,125.703125
2019-08-27,80.92,81.22,80.46,80.66,947927,80.815,0.64,126.03124999999999
2019-08-28,80.27,81.14,79.95,81.03,974000,80.5975,0.64,126.609375
2019-08-29,81.96,82.31,81.61,81.86,794952,81.935,0.64,127.90625
2019-08-30,82.38,82.41,81.28,81.7,1271800,81.9425,0.64,127.65625
2019-09-03,81.09,82.05,80.7,81.0,1452200,81.21,0.64,126.5625
2019-09-04,81.75,82.49,81.67,82.39,1368500,82.075,0.64,128.734375
2019-09-05,83.21,83.91,82.9,83.8,1793723,83.455,0.64,130.9375
2019-09-06,83.88,84.49,83.85,84.07,1261946,84.0725,0.64,131.359375
2019-09-09,84.3,84.47,81.13,81.81,1820500,82.9275,0.64,127.828125
2019-09-10,81.21,81.5,78.81,80.74,3050240,80.565,0.64,126.15624999999999
2019-09-11,80.74,81.44,80.1,81.25,1876635,80.8825,0.64,126.953125
2019-09-12,81.72,82.72,81.54,81.69,1804623,81.9175,0.64,127.640625
2019-09-13,81.7,82.58,81.27,81.62,2430241,81.7925,0.64,127.53125
2019-09-16,81.41,81.99,80.87,81.06,1468900,81.3325,0.64,126.65625
2019-09-17,81.51,82.57,81.5,82.55,1313237,82.0325,0.64,128.984375
2019-09-18,82.56,82.87,81.56,82.77,1348157,82.44,0.64,129.328125
2019-09-19,82.85,83.63,82.37,82.5,1128767,82.8375,0.64,128.90625
2019-09-20,82.58,83.49,82.46,82.54,2503745,82.7675,0.64,128.96875
2019-09-23,82.66,82.86,82.07,82.2,1401889,82.4475,0.64,128.4375
2019-09-24,82.45,83.26,81.45,81.67,1575139,82.2075,0.64,127.609375
2019-09-25,81.71,82.68,80.66,82.26,1403283,81.8275,0.64,128.53125
2019-09-26,82.32,82.87,81.99,82.57,938415,82.4375,0.64,129.015625
2019-09-27,83.0,83.5,80.95,81.52,1541100,82.2425,0.64,127.37499999999999
2019-09-30,81.95,82.89,81.55,82.77,1652139,82.29,0.64,129.328125
2019-10-01,83.15,83.6,81.65,81.89,1850871,82.5725,0.64,127.953125
2019-10-02,82.8,83.9,81.33,83.35,3868085,82.845,0.64,130.234375
2019-10-03,83.14,83.35,80.0,82.56,2206275,82.2625,0.64,129.0
2019-10-04,83.01,84.49,82.68,84.35,1801899,83.6325,0.74,113.98648648648648
2019-10-07,83.84,84.08,82.89,82.93,1489164,83.435,0.74,112.06756756756758
2019-10-08,82.62,83.08,81.79,82.08,1350028,82.3925,0.74,110.91891891891892
2019-10-09,82.17,83.43,82.17,83.1,1333807,82.7175,0.74,112.29729729729729
2019-10-10,82.99,84.22,82.81,83.94,1074968,83.49,0.74,113.43243243243244
2019-10-11,84.89,85.42,84.56,84.63,1367359,84.875,0.74,114.36486486486486
2019-10-14,84.56,85.0,84.51,84.7,1134669,84.6925,0.74,114.45945945945947
2019-10-15,84.72,85.0,84.32,84.86,1019121,84.725,0.74,114.67567567567568
2019-10-16,84.28,84.85,84.0,84.75,1160800,84.47,0.74,114.52702702702703
2019-10-17,84.85,85.41,84.51,84.73,1092600,84.875,0.74,114.5
2019-10-18,84.99,85.4,84.0,84.25,1570315,84.66,0.74,113.85135135135135
2019-10-21,84.81,84.81,83.83,84.68,1162694,84.5325,0.74,114.43243243243245
2019-10-22,84.81,85.26,83.18,83.27,1125207,84.13,0.74,112.52702702702702
2019-10-23,83.17,84.09,83.07,84.07,1507629,83.6,0.74,113.6081081081081
2019-10-24,84.09,84.81,83.69,84.7,1003383,84.3225,0.74,114.45945945945947
2019-10-25,84.29,84.97,84.09,84.53,923409,84.47,0.74,114.22972972972973
2019-10-28,85.03,85.08,84.05,84.42,1033743,84.645,0.74,114.08108108108108
2019-10-29,84.61,85.12,84.38,84.55,1155300,84.665,0.74,114.25675675675676
2019-10-30,84.63,84.75,83.5,84.65,1138600,84.3825,0.74,114.3918918918919
2019-10-31,84.0,84.29,83.29,83.64,1174400,83.805,0.74,113.02702702702703
2019-11-01,84.16,84.54,83.47,83.89,983500,84.015,0.74,113.36486486486487
2019-11-04,84.38,84.48,83.24,83.46,994811,83.89,0.74,112.78378378378378
2019-11-05,83.38,83.97,81.89,82.59,1735002,82.9575,0.74,111.60810810810811
2019-11-06,82.86,83.23,82.1,82.66,1478226,82.7125,0.74,111.7027027027027
2019-11-07,83.2,83.45,82.54,82.88,1381124,83.0175,0.74,112.0
2019-11-08,82.99,83.28,82.42,83.25,1718510,82.985,0.74,112.5
2019-11-11,82.97,83.48,82.56,82.83,1014949,82.96,0.74,111.93243243243244
2019-11-12,82.8,83.29,82.64,83.04,1194800,82.9425,0.74,112.21621621621622
2019-11-13,82.86,83.68,82.79,83.53,1874005,83.215,0.74,112.87837837837839
2019-11-14,83.27,84.53,83.21,84.47,1077518,83.87,0.74,114.14864864864865
2019-11-15,84.81,84.83,84.14,84.7,1319100,84.62,0.74,114.45945945945947
2019-11-18,84.7,85.34,84.56,85.06,1172131,84.915,0.74,114.94594594594595
2019-11-19,85.39,86.13,85.01,85.79,1062600,85.58,0.74,115.93243243243245
2019-11-20,85.55,86.07,85.28,85.75,1151800,85.6625,0.74,115.87837837837839
2019-11-21,85.98,85.98,84.59,84.96,1130100,85.3775,0.74,114.8108108108108
2019-11-22,85.04,85.47,84.21,84.64,1024800,84.84,0.74,114.37837837837839
2019-11-25,84.97,85.3,84.49,84.86,1028800,84.905,0.74,114.67567567567568
2019-11-26,85.04,86.16,85.0,86.12,3269754,85.58,0.74,116.37837837837839
2019-11-27,86.43,86.49,85.74,86.49,1249909,86.2875,0.74,116.87837837837837
2019-11-29,86.45,86.77,85.93,86.12,578642,86.3175,0.74,116.37837837837839
2019-12-02,86.02,86.02,84.31,84.7,1282132,85.2625,0.74,114.45945945945947
2019-12-03,84.21,84.51,83.75,84.48,1288911,84.2375,0.74,114.16216216216218
2019-12-04,84.44,85.08,84.14,84.56,1122400,84.555,0.74,114.27027027027027
2019-12-05,84.62,84.79,84.18,84.42,1173431,84.5025,0.74,114.08108108108108
2019-12-06,84.99,85.4,84.76,85.13,942500,85.07,0.74,115.04054054054053
2019-12-09,85.22,85.22,84.43,84.69,1028505,84.89,0.74,114.44594594594595
2019-12-10,84.56,84.94,84.3,84.51,916740,84.5775,0.74,114.20270270270271
2019-12-11,84.57,84.78,83.61,84.27,1315013,84.3075,0.74,113.87837837837837
2019-12-12,84.15,85.08,83.75,84.74,1844400,84.43,0.74,114.5135135135135
2019-12-13,84.67,85.23,84.08,85.08,1255647,84.765,0.74,114.97297297297297
2019-12-16,85.43,85.86,84.88,84.91,1991010,85.27,0.74,114.74324324324324
2019-12-17,85.38,85.68,84.82,85.21,2189534,85.2725,0.74,115.14864864864865
2019-12-18,87.12,87.84,83.71,84.77,3043514,85.86,0.74,114.55405405405405
2019-12-19,84.96,85.27,83.93,85.0,2192955,84.79,0.74,114.86486486486487
2019-12-20,85.54,85.94,84.77,85.53,3741268,85.445,0.72,118.79166666666667
2019-12-23,85.59,85.83,84.73,84.91,1998874,85.265,0.72,117.93055555555556
2019-12-24,84.93,85.06,84.57,84.65,422500,84.8025,0.72,117.56944444444446
2019-12-26,84.61,85.04,84.42,84.71,821000,84.695,0.72,117.65277777777777
2019-12-27,84.87,85.18,84.42,85.12,958300,84.8975,0.72,118.22222222222223
2019-12-30,85.05,85.07,84.31,84.89,970918,84.83,0.72,117.90277777777779
2019-12-31,84.5,85.19,84.39,85.06,1034200,84.785,0.72,118.1388888888889
2020-01-02,85.5,85.63,84.71,85.11,1307000,85.2375,0.72,118.20833333333334
2020-01-03,84.71,85.04,84.4,84.82,964700,84.7425,0.72,117.80555555555556
2020-01-06,84.48,84.85,84.37,84.81,1196725,84.6275,0.72,117.79166666666667
2020-01-07,84.49,84.62,84.11,84.34,1362956,84.39,0.72,117.1388888888889
2020-01-08,84.43,85.49,84.28,85.17,1500533,84.8425,0.72,118.29166666666667
2020-01-09,85.39,86.2,85.2,85.75,1245634,85.635,0.72,119.09722222222223
2020-01-10,86.19,86.3,85.17,85.27,1048500,85.7325,0.72,118.43055555555556
2020-01-13,85.61,86.37,85.51,86.26,1183200,85.9375,0.72,119.80555555555557
2020-01-14,86.72,87.46,86.21,86.62,1518429,86.7525,0.72,120.30555555555557
2020-01-15,86.79,87.83,86.79,87.37,2091036,87.195,0.72,121.34722222222223
2020-01-16,88.09,88.23,87.41,87.97,1478200,87.925,0.72,122.18055555555556
2020-01-17,88.2,88.28,87.88,88.24,1585600,88.15,0.72,122.55555555555556
2020-01-21,88.01,88.92,87.98,88.65,1796400,88.39,0.72,123.12500000000001
2020-01-22,89.21,89.95,88.94,89.6,1381400,89.425,0.72,124.44444444444444
2020-01-23,89.68,89.78,89.07,89.65,1259300,89.545,0.72,124.5138888888889
2020-01-24,89.95,89.96,88.52,88.91,1005132,89.335,0.72,123.48611111111111
2020-01-27,88.02,88.57,87.59,87.71,1512435,87.9725,0.72,121.81944444444444
2020-01-28,87.77,89.06,87.77,88.66,1057300,88.315,0.72,123.13888888888889
2020-01-29,88.96,88.96,87.31,87.4,1416483,88.1575,0.72,121.3888888888889
2020-01-30,86.72,88.04,86.38,87.96,1368600,87.275,0.72,122.16666666666666
2020-01-31,87.19,87.31,85.4,85.77,1718400,86.4175,0.72,119.125
2020-02-03,86.45,87.42,86.42,86.56,1406234,86.7125,0.72,120.22222222222223
2020-02-04,87.53,88.85,87.26,88.28,1239000,87.98,0.72,122.61111111111111
2020-02-05,88.82,88.92,87.78,88.03,1570600,88.3875,0.72,122.2638888888889
2020-02-06,88.6,88.86,88.01,88.45,855000,88.48,0.72,122.84722222222223
2020-02-07,87.99,88.29,87.51,87.98,886913,87.9425,0.72,122.19444444444446
2020-02-10,87.85,88.59,87.84,88.49,855017,88.1925,0.72,122.90277777777777
2020-02-11,88.75,88.75,87.71,87.8,847300,88.2525,0.72,121.94444444444444
2020-02-12,88.24,88.38,87.33,87.97,1019800,87.98,0.72,122.18055555555556
2020-02-13,87.7,88.88,87.6,88.6,782700,88.195,0.72,123.05555555555556
2020-02-14,88.51,89.22,88.4,89.21,949121,88.835,0.72,123.90277777777777
2020-02-18,89.35,89.7,89.08,89.36,1117700,89.3725,0.72,124.11111111111111
2020-02-19,89.72,90.35,89.5,90.11,1417349,89.92,0.72,125.15277777777779
2020-02-20,90.29,90.54,89.05,90.23,2253619,90.0275,0.72,125.31944444444446
2020-02-21,89.95,90.04,88.72,89.05,1838100,89.44,0.72,123.68055555555556
2020-02-24,87.15,88.7,86.53,87.21,1768217,87.3975,0.72,121.125
2020-02-25,87.5,87.86,83.47,83.61,2164359,85.61,0.72,116.125
2020-02-26,84.56,85.32,82.23,82.28,2276617,83.5975,0.72,114.27777777777779
2020-02-27,81.1,82.57,78.87,78.9,2689881,80.36,0.72,109.58333333333334
2020-02-28,76.71,78.12,75.35,77.48,4052781,76.915,0.72,107.61111111111111
2020-03-02,77.61,82.23,76.88,82.08,3501057,79.7,0.72,114.0
2020-03-03,81.27,82.8,78.57,79.06,2944600,80.425,0.72,109.80555555555556
2020-03-04,80.54,82.62,79.7,82.38,1913125,81.31,0.72,114.41666666666667
2020-03-05,80.31,80.82,78.52,79.32,2360844,79.7425,0.72,110.16666666666666
2020-03-06,76.44,77.92,75.22,77.5,2592039,76.77,0.72,107.6388888888889
2020-03-09,72.36,75.13,69.52,72.46,3281985,72.3675,0.72,100.63888888888889
2020-03-10,74.71,76.72,72.39,76.71,2699388,75.1325,0.72,106.54166666666666
2020-03-11,74.15,75.98,73.05,74.68,4562913,74.465,0.72,103.72222222222223
2020-03-12,69.66,71.58,64.61,66.46,5742900,68.0775,0.72,92.30555555555556
2020-03-13,69.73,71.56,65.11,71.56,4951100,69.49,0.72,99.3888888888889
2020-03-16,63.61,64.43,57.62,57.62,5565300,60.82,0.72,80.02777777777777
2020-03-17,58.47,61.27,54.48,60.79,7262431,58.7525,0.72,84.43055555555556
2020-03-18,55.93,63.88,47.87,63.3,5556901,57.745,0.72,87.91666666666667
2020-03-19,62.16,62.5,54.47,58.03,5592540,59.29,0.72,80.59722222222223
2020-03-20,58.28,58.43,51.37,51.97,5751200,55.0125,0.72,72.18055555555556
2020-03-23,51.69,52.5,48.5,50.39,5166845,50.77,0.72,69.98611111111111
2020-03-24,52.78,61.87,52.76,59.56,4925300,56.7425,0.72,82.72222222222223
2020-03-25,59.0,65.67,54.34,60.08,5912520,59.7725,0.72,83.44444444444444
2020-03-26,60.17,66.14,60.02,65.66,3445726,62.9975,0.72,91.19444444444444
2020-03-27,62.55,63.99,59.68,60.17,4114317,61.5975,0.99,60.77777777777778
2020-03-30,60.68,64.95,60.28,64.42,3754828,62.5825,0.99,65.07070707070707
2020-03-31,63.9,64.85,61.41,62.92,5369586,63.27,0.99,63.55555555555556
2020-04-01,59.42,62.15,59.12,60.61,5451539,60.325,0.99,61.22222222222222
2020-04-02,59.92,61.63,59.79,61.03,3716200,60.5925,0.99,61.64646464646465
2020-04-03,60.91,61.51,58.85,59.55,6192903,60.205,0.99,60.15151515151515
2020-04-06,62.7,65.73,62.18,65.29,3475714,63.975,0.99,65.94949494949496
2020-04-07,68.28,68.79,64.64,64.82,4136400,66.6325,0.99,65.47474747474747
2020-04-08,65.33,66.41,63.94,65.06,3171849,65.185,0.99,65.71717171717172
2020-04-09,66.23,67.69,65.74,66.54,2877400,66.55,0.99,67.21212121212122
2020-04-13,65.56,65.75,63.49,64.15,1985100,64.7375,0.99,64.7979797979798
2020-04-14,65.33,66.25,64.38,66.14,3233342,65.525,0.99,66.8080808080808
2020-04-15,64.79,65.14,63.94,64.89,2366100,64.69,0.99,65.54545454545455
2020-04-16,65.01,65.22,63.31,63.77,2105459,64.3275,0.99,64.41414141414141
2020-04-17,65.98,67.55,65.7,67.5,2764604,66.6825,0.99,68.18181818181819
2020-04-20,66.11,67.67,65.85,66.46,2372407,66.5225,0.99,67.13131313131312
2020-04-21,64.97,65.55,63.77,64.02,2776962,64.5775,0.99,64.66666666666666
2020-04-22,65.54,67.7,65.29,66.82,2394208,66.3375,0.99,67.4949494949495
2020-04-23,67.23,68.19,66.56,66.91,2477000,67.2225,0.99,67.58585858585859
2020-04-24,67.63,68.68,66.74,68.09,3032785,67.785,0.99,68.77777777777779
2020-04-27,68.7,68.99,67.97,68.56,1849726,68.555,0.99,69.25252525252526
2020-04-28,69.6,70.69,68.47,68.66,2096369,69.355,0.99,69.35353535353535
2020-04-29,70.27,70.86,68.16,69.86,2300213,69.7875,0.99,70.56565656565657
2020-04-30,69.63,69.69,67.5,68.52,2463968,68.835,0.99,69.2121212121212
2020-05-01,67.14,67.7,65.95,66.6,2162839,66.8475,0.99,67.27272727272727
2020-05-04,65.93,67.3,65.17,67.17,1704650,66.3925,0.99,67.84848484848484
2020-05-05,68.02,68.84,67.51,67.68,1466609,68.0125,0.99,68.36363636363637
2020-05-06,68.3,68.42,66.95,67.12,1549500,67.6975,0.99,67.7979797979798
2020-05-07,68.13,68.43,67.53,68.07,2120100,68.04,0.99,68.75757575757575
2020-05-08,68.66,68.81,66.9,67.11,2181300,67.87,0.99,67.78787878787878
2020-05-11,66.32,66.8,65.71,66.31,2235858,66.285,0.99,66.97979797979798
2020-05-12,66.43,66.88,63.89,64.03,2329012,65.3075,0.99,64.67676767676768
2020-05-13,63.94,64.36,61.34,61.91,3206095,62.8875,0.99,62.53535353535353
2020-05-14,61.08,63.17,60.15,63.13,3048700,61.8825,0.99,63.76767676767677
2020-05-15,60.35,63.47,60.0,63.43,4548800,61.8125,0.99,64.07070707070707
2020-05-18,65.29,66.62,64.98,66.33,3259100,65.805,0.99,67.0
2020-05-19,65.9,68.34,65.27,65.6,3509900,66.2775,0.99,66.26262626262626
2020-05-20,66.62,67.91,65.99,67.81,2158409,67.0825,0.99,68.4949494949495
2020-05-21,67.4,67.83,66.77,67.4,1977100,67.35,0.99,68.08080808080808
2020-05-22,67.21,67.74,66.74,67.58,1387434,67.3175,0.99,68.26262626262626
2020-05-26,69.27,69.62,68.39,69.33,3085900,69.1525,0.99,70.03030303030303
2020-05-27,69.98,71.09,69.16,71.06,2217885,70.3225,0.99,71.77777777777779
2020-05-28,71.75,73.0,71.27,72.08,2998160,72.025,0.99,72.8080808080808
2020-05-29,71.87,72.6,70.73,72.28,3310113,71.87,0.99,73.01010101010101
2020-06-01,72.09,72.85,71.82,71.95,1628030,72.1775,0.99,72.67676767676768
2020-06-02,72.13,73.23,71.66,73.22,1577139,72.56,0.99,73.95959595959596
2020-06-03,73.68,75.0,73.26,74.79,1523200,74.1825,0.99,75.54545454545455
2020-06-04,74.26,74.5,73.36,74.19,1973600,74.0775,0.99,74.93939393939394
2020-06-05,76.37,80.64,76.37,80.05,3389600,78.3575,0.99,80.85858585858585
2020-06-08,80.11,80.63,79.26,80.32,1848600,80.08,0.99,81.13131313131312
2020-06-09,79.46,79.6,77.7,77.83,1604100,78.6475,0.99,78.61616161616162
2020-06-10,78.28,78.28,76.67,77.29,1704257,77.63,0.99,78.07070707070707
2020-06-11,76.26,76.55,72.51,72.56,2141106,74.47,0.99,73.2929292929293
2020-06-12,74.23,74.96,72.21,73.76,1856544,73.79,0.99,74.5050505050505
2020-06-15,71.82,75.56,71.68,75.05,1834294,73.5275,0.99,75.8080808080808
2020-06-16,77.1,78.07,75.44,76.46,1960847,76.7675,0.99,77.23232323232322
2020-06-17,76.87,76.93,75.77,75.95,1250000,76.38,0.99,76.71717171717172
2020-06-18,75.18,76.52,74.92,75.53,2533400,75.5375,0.99,76.2929292929293
2020-06-19,76.53,77.18,73.42,73.97,6158347,75.275,0.99,74.71717171717172
2020-06-22,73.26,74.63,72.96,74.25,1211700,73.775,0.99,75.0
2020-06-23,75.13,75.13,74.04,74.18,1613909,74.62,0.99,74.92929292929294
2020-06-24,73.55,73.86,71.13,71.46,1767000,72.5,0.99,72.18181818181817
2020-06-25,71.15,73.35,71.04,73.05,1732101,72.1475,0.99,73.78787878787878
2020-06-26,72.62,73.32,71.36,71.79,3689599,72.2725,0.99,72.51515151515152
2020-06-29,72.63,73.91,72.03,73.72,2668808,73.0725,0.99,74.46464646464646
2020-06-30,73.6,76.27,73.3,75.75,2867900,74.73,0.99,76.51515151515152
2020-07-01,75.78,76.71,75.49,76.3,2169444,76.07,0.99,77.07070707070707
2020-07-02,77.18,77.58,76.13,76.59,1734000,76.87,0.99,77.36363636363637
2020-07-06,78.74,78.78,77.56,77.78,3007900,78.215,0.99,78.56565656565657
2020-07-07,77.23,77.5,73.87,73.94,4185845,75.635,0.99,74.68686868686869
2020-07-08,74.55,75.74,74.01,74.55,2625100,74.7125,0.99,75.3030303030303
2020-07-09,74.64,74.97,72.01,72.88,1923600,73.625,0.99,73.6161616161616
2020-07-10,72.96,73.42,72.22,73.3,1373455,72.975,0.99,74.04040404040404
2020-07-13,73.67,73.84,71.45,71.63,2057856,72.6475,0.99,72.35353535353535
2020-07-14,69.99,71.98,69.96,71.87,2195722,70.95,0.99,72.5959595959596
2020-07-15,72.27,73.75,72.27,73.53,1994326,72.955,0.99,74.27272727272728
2020-07-16,73.17,73.48,72.17,72.74,1391305,72.89,0.99,73.47474747474747
2020-07-17,73.22,73.67,72.47,73.49,1520245,73.2125,0.62,118.53225806451613
2020-07-20,73.11,73.73,72.51,73.36,1384314,73.1775,0.62,118.3225806451613
2020-07-21,73.68,74.24,72.95,73.33,1359500,73.55,0.62,118.27419354838709
2020-07-22,73.38,74.14,73.24,73.83,1388300,73.6475,0.62,119.08064516129032
2020-07-23,73.66,74.47,72.87,73.17,1437363,73.5425,0.62,118.01612903225806
2020-07-24,73.11,73.36,71.56,72.19,1744825,72.555,0.62,116.43548387096774
2020-07-27,71.91,72.69,71.78,72.59,1885500,72.2425,0.62,117.08064516129033
2020-07-28,72.6,73.52,72.38,73.14,1994319,72.91,0.62,117.96774193548387
2020-07-29,72.78,73.6,72.13,73.55,2300977,73.015,0.62,118.62903225806451
2020-07-30,72.6,72.68,71.71,72.35,2005949,72.335,0.62,116.69354838709677
2020-07-31,71.56,71.93,70.38,71.92,2925439,71.4475,0.62,116.0
2020-08-03,71.87,73.05,71.47,72.76,1902689,72.2875,0.62,117.35483870967742
2020-08-04,72.44,73.07,72.34,72.61,1974927,72.615,0.62,117.11290322580645
2020-08-05,72.94,73.57,72.56,72.72,1453640,72.9475,0.62,117.29032258064517
2020-08-06,72.47,72.94,71.97,72.59,1866818,72.4925,0.62,117.08064516129033
2020-08-07,72.53,73.66,72.37,73.45,1469942,73.0025,0.62,118.46774193548387
2020-08-10,73.2,74.43,73.06,74.39,1572154,73.77,0.62,119.98387096774194
2020-08-11,74.91,75.75,73.76,73.95,1979331,74.5925,0.62,119.2741935483871
2020-08-12,74.43,74.7,73.83,74.13,1641099,74.2725,0.62,119.56451612903226
2020-08-13,74.06,75.05,73.87,74.47,1057000,74.3625,0.62,120.11290322580645
2020-08-14,74.23,74.71,73.9,74.31,817131,74.2875,0.62,119.85483870967742
2020-08-17,74.44,75.46,74.05,74.45,1035200,74.6,0.62,120.08064516129033
2020-08-18,74.51,75.0,74.03,74.5,1036018,74.51,0.62,120.16129032258064
2020-08-19,74.72,74.93,74.01,74.14,1168300,74.45,0.62,119.58064516129032
2020-08-20,73.81,74.31,73.6,74.04,1068949,73.94,0.62,119.4193548387097
2020-08-21,73.96,73.98,73.13,73.91,1214300,73.745,0.62,119.20967741935483
2020-08-24,74.24,75.57,73.92,75.52,1108988,74.8125,0.62,121.80645161290322
2020-08-25,75.68,76.19,75.45,75.85,1379428,75.7925,0.62,122.33870967741935
2020-08-26,75.55,76.23,75.06,75.84,1448657,75.67,0.62,122.3225806451613
2020-08-27,76.48,77.0,75.97,76.54,1337300,76.4975,0.62,123.45161290322582
2020-08-28,76.71,77.42,76.13,77.31,1115202,76.8925,0.62,124.69354838709678
2020-08-31,76.76,77.15,76.16,76.47,1524507,76.635,0.62,123.33870967741936
2020-09-01,76.24,76.35,75.52,76.26,1268536,76.0925,0.62,123.00000000000001
2020-09-02,76.67,78.28,76.5,78.01,1423329,77.365,0.62,125.8225806451613
2020-09-03,78.16,78.28,75.71,76.34,2279734,77.1225,0.62,123.12903225806453
2020-09-04,76.56,77.19,75.15,76.06,1823000,76.24,0.62,122.67741935483872
2020-09-08,74.55,75.32,74.1,74.29,2667652,74.565,0.62,119.8225806451613
2020-09-09,74.78,76.49,74.16,75.78,1455453,75.3025,0.62,122.22580645161291
2020-09-10,75.89,76.88,75.03,75.3,2209618,75.775,0.62,121.45161290322581
2020-09-11,75.59,75.99,74.5,74.99,1566900,75.2675,0.62,120.9516129032258
2020-09-14,75.89,77.97,75.6,77.62,2085600,76.77,0.62,125.19354838709678
2020-09-15,77.88,79.38,77.86,78.91,1599000,78.5075,0.62,127.27419354838709
2020-09-16,79.23,80.52,79.14,79.75,2082817,79.66,0.62,128.6290322580645
2020-09-17,78.07,79.77,78.0,79.52,2068248,78.84,0.62,128.25806451612902
2020-09-18,79.77,79.93,77.91,78.59,2650424,79.05,0.62,126.75806451612904
2020-09-21,77.57,77.77,75.61,76.75,1617740,76.925,0.62,123.79032258064517
2020-09-22,77.18,77.77,76.54,77.6,1235300,77.2725,0.62,125.16129032258064
2020-09-23,77.92,78.07,75.69,76.07,1974383,76.9375,0.62,122.69354838709677
2020-09-24,75.73,76.85,75.08,75.91,1356226,75.8925,0.62,122.43548387096774
2020-09-25,75.49,77.95,75.32,77.7,1328424,76.615,0.62,125.3225806451613
2020-09-28,78.77,79.83,78.77,79.58,1580295,79.2375,0.62,128.3548387096774
2020-09-29,79.54,80.03,78.9,79.17,1695797,79.41,0.62,127.69354838709678
2020-09-30,79.26,80.44,79.03,79.77,2044295,79.625,0.62,128.66129032258064
2020-10-01,80.11,80.95,78.7,79.35,1509700,79.7775,0.62,127.98387096774192
2020-10-02,78.01,79.99,78.0,79.43,1613300,78.8575,0.62,128.11290322580646
2020-10-05,80.14,81.79,79.97,81.45,2556400,80.8375,0.62,131.3709677419355
2020-10-06,80.68,82.85,79.07,79.43,3443304,80.5075,0.62,128.11290322580646
2020-10-07,80.43,81.16,80.17,80.52,1941211,80.57,0.62,129.8709677419355
2020-10-08,82.0,83.5,81.56,82.07,1855727,82.2825,0.62,132.3709677419355
2020-10-09,82.54,82.98,81.58,82.4,1359551,82.375,0.59,139.66101694915255
2020-10-12,83.22,83.65,82.41,83.01,1799400,83.0725,0.59,140.69491525423732
2020-10-13,83.34,83.67,82.58,83.0,1559467,83.1475,0.59,140.67796610169492
2020-10-14,83.27,84.74,83.08,84.34,1808200,83.8575,0.59,142.9491525423729
2020-10-15,83.46,83.97,82.58,83.28,1315240,83.3225,0.59,141.15254237288136
2020-10-16,83.76,84.65,83.39,83.73,1346100,83.8825,0.59,141.91525423728814
2020-10-19,83.81,84.31,81.63,81.93,1401900,82.92,0.59,138.86440677966104
2020-10-20,82.41,83.35,81.66,82.28,991326,82.425,0.59,139.45762711864407
2020-10-21,82.34,83.18,82.0,82.62,1187348,82.535,0.59,140.03389830508476
2020-10-22,82.7,84.2,82.26,83.99,1168244,83.2875,0.59,142.35593220338984
2020-10-23,84.56,85.12,84.06,85.03,1203800,84.6925,0.59,144.11864406779662
2020-10-26,83.55,84.01,81.8,82.48,1389600,82.96,0.59,139.79661016949154
2020-10-27,82.63,83.18,81.77,81.93,957700,82.3775,0.59,138.86440677966104
2020-10-28,80.58,81.76,79.95,80.15,1598300,80.61,0.59,135.84745762711867
2020-10-29,79.86,83.21,79.63,82.45,1477046,81.2875,0.59,139.74576271186442
2020-10-30,81.12,82.34,81.04,82.25,1864900,81.6875,0.59,139.40677966101697
2020-11-02,83.19,84.12,82.41,83.3,1446645,83.255,0.59,141.18644067796612
2020-11-03,83.99,87.08,83.99,86.54,1623600,85.4,0.59,146.67796610169492
2020-11-04,89.32,89.48,85.32,85.49,2410876,87.4025,0.59,144.89830508474577
2020-11-05,87.12,87.84,86.11,86.6,1477600,86.9175,0.59,146.77966101694915
2020-11-06,86.84,88.38,86.54,88.02,1146108,87.445,0.59,149.1864406779661
2020-11-09,93.26,94.95,90.55,90.59,2402746,92.3375,0.59,153.54237288135596
2020-11-10,89.44,92.69,89.44,91.29,1596775,90.715,0.59,154.72881355932205
2020-11-11,91.79,92.16,90.85,91.55,1073900,91.5875,0.59,155.16949152542372
2020-11-12,91.65,91.97,89.86,90.39,1205217,90.9675,0.59,153.20338983050848
2020-11-13,91.11,91.99,90.44,91.87,905005,91.3525,0.59,155.71186440677968
2020-11-16,92.46,93.32,91.98,93.13,1378200,92.7225,0.59,157.84745762711864
2020-11-17,92.09,92.64,91.52,92.5,1584500,92.1875,0.59,156.77966101694915
2020-11-18,92.38,93.09,91.82,91.9,1593917,92.2975,0.59,155.7627118644068
2020-11-19,91.69,92.22,90.9,92.08,1166607,91.7225,0.59,156.0677966101695
2020-11-20,92.07,92.07,90.59,90.64,1230500,91.3425,0.59,153.6271186440678
2020-11-23,91.52,92.14,90.89,91.97,1697514,91.63,0.59,155.8813559322034
2020-11-24,92.38,93.81,91.62,93.73,1716980,92.885,0.59,158.86440677966104
2020-11-25,94.0,94.0,92.59,93.12,921803,93.4275,0.59,157.83050847457628
2020-11-27,93.06,93.6,92.75,93.37,557019,93.195,0.59,158.2542372881356
2020-11-30,93.01,93.37,91.7,93.15,1847829,92.8075,0.59,157.8813559322034
2020-12-01,93.74,93.96,93.01,93.58,1369000,93.5725,0.59,158.61016949152543
2020-12-02,93.53,93.62,92.28,92.82,1417200,93.0625,0.59,157.32203389830508
2020-12-03,92.35,93.76,92.35,93.3,953200,92.94,0.59,158.135593220339
2020-12-04,93.58,94.55,92.98,94.47,1663700,93.895,0.59,160.11864406779662
2020-12-07,93.93,94.23,93.14,93.55,1458800,93.7125,0.59,158.5593220338983
2020-12-08,93.72,93.77,92.72,93.33,1003600,93.385,0.59,158.18644067796612
2020-12-09,93.31,93.62,92.55,93.22,1519020,93.175,0.59,158.0
2020-12-10,92.43,92.59,91.2,91.34,1888136,91.89,0.59,154.8135593220339
2020-12-11,91.1,91.89,90.73,91.82,1738800,91.385,0.59,155.6271186440678
2020-12-14,92.47,93.18,91.29,91.33,1397088,92.0675,0.59,154.79661016949154
2020-12-15,91.61,93.55,91.01,93.53,2300500,92.425,0.59,158.52542372881356
2020-12-16,93.43,94.84,92.44,94.47,2836846,93.795,0.59,160.11864406779662
2020-12-17,94.84,95.75,94.33,95.65,1484400,95.1425,0.59,162.11864406779662
2020-12-18,96.13,97.13,95.77,96.92,3192197,96.4875,0.59,164.27118644067798
2020-12-21,95.64,97.17,94.96,96.59,2159800,96.09,0.59,163.71186440677968
2020-12-22,96.42,97.19,96.36,96.63,2148231,96.65,0.59,163.77966101694915
2020-12-23,99.5,99.95,94.32,94.4,3367641,97.0425,0.76,124.21052631578948
2020-12-24,94.9,95.01,93.38,94.71,842232,94.5,0.76,124.61842105263158
2020-12-28,95.63,95.79,93.75,94.3,1192600,94.8675,0.76,124.07894736842104
2020-12-29,94.99,94.99,92.91,93.14,923904,94.0075,0.76,122.55263157894737
2020-12-30,93.33,94.02,91.69,92.14,1702621,92.795,0.76,121.23684210526315
2020-12-31,92.3,93.42,91.76,93.18,1343810,92.665,0.76,122.60526315789474
2021-01-04,93.21,93.52,89.24,90.36,2200617,91.5825,0.76,118.89473684210526
2021-01-05,90.44,90.73,89.51,90.02,1258836,90.175,0.76,118.44736842105263
2021-01-06,89.99,92.04,89.55,91.15,1849825,90.6825,0.76,119.9342105263158
2021-01-07,90.99,91.89,90.52,91.53,1649842,91.2325,0.76,120.4342105263158
2021-01-08,91.47,92.5,91.24,92.02,1236308,91.8075,0.76,121.07894736842104
2021-01-11,91.54,91.94,90.58,91.0,1184588,91.265,0.76,119.73684210526315
2021-01-12,90.78,91.08,89.52,90.72,1135324,90.525,0.76,119.36842105263158
2021-01-13,90.28,90.46,89.37,89.56,2240000,89.9175,0.76,117.84210526315789
2021-01-14,89.66,89.8,87.9,88.07,1657872,88.8575,0.76,115.88157894736841
2021-01-15,87.56,88.51,86.95,88.37,1658416,87.8475,0.76,116.27631578947368
2021-01-19,88.69,89.19,88.05,88.34,1722343,88.5675,0.76,116.23684210526316
2021-01-20,87.8,89.63,87.8,89.32,1633300,88.6375,0.76,117.52631578947367
2021-01-21,89.02,89.37,87.25,87.55,1469318,88.2975,0.76,115.19736842105263
2021-01-22,87.23,87.49,86.37,86.87,1730300,86.99,0.76,114.30263157894737
2021-01-25,86.6,87.3,85.6,86.96,2440700,86.615,0.76,114.42105263157893
2021-01-26,87.26,88.03,86.56,87.33,1663646,87.295,0.76,114.9078947368421
2021-01-27,86.19,88.17,85.3,87.28,3793367,86.735,0.76,114.84210526315789
2021-01-28,88.03,90.13,87.9,89.09,3323747,88.7875,0.76,117.22368421052632
2021-01-29,87.99,87.99,86.24,87.32,2248604,87.385,0.76,114.89473684210525
2021-02-01,87.77,90.01,86.89,89.3,1861537,88.4925,0.76,117.5
2021-02-02,89.82,91.04,88.9,90.53,1686844,90.0725,0.76,119.11842105263158
2021-02-03,90.54,90.54,89.12,89.95,1516600,90.0375,0.76,118.35526315789474
2021-02-04,90.3,91.61,89.94,91.58,1181862,90.8575,0.76,120.5
2021-02-05,92.0,92.2,91.35,91.63,1217100,91.795,0.76,120.5657894736842
2021-02-08,90.63,91.89,90.53,91.71,1106515,91.19,0.76,120.67105263157893
2021-02-09,91.66,91.68,90.78,90.89,1394922,91.2525,0.76,119.59210526315789
2021-02-10,91.51,91.51,90.4,90.45,971741,90.9675,0.76,119.01315789473685
2021-02-11,90.81,91.1,90.02,90.29,1177025,90.555,0.76,118.80263157894737
2021-02-12,90.24,90.24,88.81,89.4,1482600,89.6725,0.76,117.63157894736842
2021-02-16,89.34,89.61,88.25,88.8,2311103,89.0,0.76,116.84210526315789
2021-02-17,88.2,89.38,87.67,89.18,2448423,88.6075,0.76,117.3421052631579
2021-02-18,88.88,92.09,88.71,91.28,2238400,90.24,0.76,120.10526315789474
2021-02-19,90.68,91.55,89.86,90.25,1746900,90.585,0.76,118.75
2021-02-22,89.94,91.33,89.12,90.39,2037100,90.195,0.76,118.9342105263158
2021-02-23,90.14,91.71,89.48,90.88,2198500,90.5525,0.76,119.57894736842104
2021-02-24,90.04,93.7,89.41,93.36,2070570,91.6275,0.76,122.84210526315789
2021-02-25,93.01,93.8,91.01,91.41,2125033,92.3075,0.76,120.27631578947368
2021-02-26,91.11,92.0,90.32,91.07,2407300,91.125,0.76,119.82894736842104
2021-03-01,92.0,93.7,91.21,92.75,1571516,92.415,0.76,122.03947368421052
2021-03-02,92.69,93.2,91.65,92.14,1515400,92.42,0.76,121.23684210526315
2021-03-03,91.53,91.95,90.35,90.48,1512531,91.0775,0.76,119.05263157894737
2021-03-04,90.43,91.48,88.69,89.31,2246847,89.9775,0.76,117.51315789473685
2021-03-05,90.27,92.47,89.28,92.12,2375000,91.035,0.76,121.21052631578948
2021-03-08,91.29,94.5,90.17,93.2,2017829,92.29,0.76,122.63157894736842
2021-03-09,94.4,95.53,93.64,94.55,2071000,94.53,0.76,124.4078947368421
2021-03-10,94.62,95.37,94.25,94.7,2162643,94.735,0.76,124.60526315789474
2021-03-11,95.18,96.34,94.95,95.16,1438200,95.4075,0.76,125.21052631578947
2021-03-12,94.74,95.34,94.28,95.25,1527439,94.9025,0.76,125.32894736842105
2021-03-15,95.18,97.82,95.18,97.75,1431243,96.4825,0.76,128.6184210526316
2021-03-16,97.88,98.52,97.34,98.04,2034600,97.945,0.76,129.0
2021-03-17,97.51,98.64,96.76,97.98,2018112,97.7225,0.76,128.92105263157896
2021-03-18,96.9,98.35,95.91,97.29,1761406,97.1125,0.76,128.01315789473685
2021-03-19,97.57,97.75,95.76,95.84,7898731,96.73,0.76,126.10526315789474
2021-03-22,95.57,96.76,95.39,96.58,1696800,96.075,0.76,127.07894736842105
2021-03-23,96.59,97.06,95.61,96.15,1486700,96.3525,0.76,126.51315789473685
2021-03-24,96.29,98.53,95.84,96.96,1984700,96.905,0.76,127.57894736842104
2021-03-25,97.11,98.55,96.56,98.31,1701561,97.6325,0.76,129.35526315789474
2021-03-26,98.12,101.01,97.86,100.82,1904116,99.4525,0.76,132.65789473684208
2021-03-29,100.59,100.9,99.09,100.28,1538802,100.215,0.76,131.94736842105263
2021-03-30,100.03,100.48,98.27,99.23,1548100,99.5025,0.76,130.56578947368422
2021-03-31,99.23,99.82,97.84,98.02,2176100,98.7275,0.76,128.9736842105263
2021-04-01,97.44,99.03,97.44,98.76,2235047,98.1675,0.76,129.94736842105263
2021-04-05,99.65,101.15,99.46,100.36,2382807,100.155,0.76,132.05263157894737
2021-04-06,95.01,95.79,92.74,95.42,4126500,94.74,0.76,125.55263157894737
2021-04-07,95.37,96.83,94.54,94.81,2520240,95.3875,0.97,97.74226804123712
2021-04-08,95.63,96.46,95.0,96.04,2178100,95.7825,0.97,99.01030927835052
2021-04-09,96.12,96.53,95.17,96.36,1454749,96.045,0.97,99.34020618556701
2021-04-12,96.57,96.69,95.26,95.85,1752096,96.0925,0.97,98.81443298969072
2021-04-13,95.75,96.56,95.01,96.28,1767918,95.9,0.97,99.25773195876289
2021-04-14,96.18,97.25,95.36,96.75,1411620,96.385,0.97,99.74226804123711
2021-04-15,97.14,97.39,96.08,96.31,1747600,96.73,0.97,99.28865979381443
2021-04-16,96.6,97.6,96.17,97.5,1782000,96.9675,0.97,100.51546391752578
2021-04-19,97.22,97.31,95.91,96.43,1998010,96.7175,0.97,99.41237113402063
2021-04-20,96.86,97.69,96.5,97.51,1301600,97.14,0.97,100.5257731958763
2021-04-21,97.87,98.46,97.22,98.22,1222932,97.9425,0.97,101.25773195876289
2021-04-22,97.8,98.95,97.6,98.28,1627841,98.1575,0.97,101.31958762886599
2021-04-23,98.44,99.65,97.98,99.23,1277107,98.825,0.97,102.29896907216495
2021-04-26,99.07,99.78,98.54,98.85,1026821,99.06,0.97,101.90721649484536
2021-04-27,98.51,99.22,98.13,99.12,1191603,98.745,0.97,102.18556701030928
2021-04-28,99.13,99.14,97.45,97.85,1759450,98.3925,0.97,100.87628865979381
2021-04-29,98.4,99.76,97.8,99.35,1590300,98.8275,0.97,102.42268041237114
2021-04-30,98.91,99.2,97.24,97.49,2380234,98.21,0.97,100.50515463917526
2021-05-03,98.44,99.54,97.83,99.06,1265800,98.7175,0.97,102.12371134020619
2021-05-04,98.65,100.85,98.33,100.78,2181400,99.6525,0.97,103.89690721649485
2021-05-05,101.03,101.05,99.5,100.38,1651900,100.49,0.97,103.48453608247422
2021-05-06,100.78,101.65,100.21,101.59,1518100,101.0575,0.97,104.7319587628866
2021-05-07,101.64,101.71,99.89,101.01,1406040,101.0625,0.97,104.1340206185567
2021-05-10,101.15,102.61,100.4,100.44,2349005,101.15,0.97,103.54639175257732
2021-05-11,99.32,99.78,98.12,99.03,1450424,99.0625,0.97,102.09278350515464
2021-05-12,97.87,98.5,96.12,96.34,1769824,97.2075,0.97,99.31958762886599
2021-05-13,96.8,99.03,96.5,98.53,1261205,97.715,0.97,101.57731958762886
2021-05-14,99.2,100.44,98.78,100.11,1027019,99.6325,0.97,103.20618556701031
2021-05-17,99.78,100.11,99.23,99.85,971099,99.7425,0.97,102.9381443298969
2021-05-18,99.95,99.97,99.04,99.1,1468922,99.515,0.97,102.16494845360825
2021-05-19,98.41,98.95,97.23,98.89,1738642,98.37,0.97,101.94845360824742
2021-05-20,98.65,101.1,98.41,100.62,1609822,99.695,0.97,103.7319587628866
2021-05-21,101.05,101.79,100.37,100.75,2646540,100.99,0.97,103.8659793814433
2021-05-24,101.49,102.19,101.12,101.89,1993200,101.6725,0.97,105.04123711340206
2021-05-25,102.07,102.07,100.88,101.09,1134213,101.5275,0.97,104.21649484536083
2021-05-26,100.74,101.27,100.17,100.59,1433414,100.6925,0.97,103.70103092783506
2021-05-27,100.73,101.35,100.3,100.88,1223200,100.815,0.97,104.0
2021-05-28,100.86,101.7,100.86,101.14,1041160,101.14,0.97,104.26804123711341
2021-06-01,101.26,102.13,100.48,100.99,924400,101.215,0.97,104.11340206185567
2021-06-02,100.18,102.39,99.88,101.88,1262839,101.0825,0.97,105.03092783505154
2021-06-03,101.06,102.18,100.69,101.86,925126,101.4475,0.97,105.01030927835052
2021-06-04,102.66,102.85,101.99,102.56,1069000,102.515,0.97,105.7319587628866
2021-06-07,102.62,102.99,101.38,101.75,1205800,102.185,0.97,104.89690721649485
2021-06-08,102.0,103.32,101.93,103.03,933335,102.57,0.97,106.21649484536083
2021-06-09,103.49,104.23,103.12,103.58,811534,103.605,0.97,106.78350515463917
2021-06-10,103.7,105.12,103.46,104.79,2655211,104.2675,0.97,108.03092783505156
2021-06-11,104.82,105.17,104.43,105.0,901100,104.855,0.97,108.24742268041237
2021-06-14,104.83,104.98,103.03,104.49,1037241,104.3325,0.97,107.72164948453609
2021-06-15,104.66,104.67,103.76,104.34,1378945,104.3575,0.97,107.56701030927836
2021-06-16,104.61,104.75,103.07,103.82,1007300,104.0625,0.97,107.03092783505154
2021-06-17,103.71,104.82,103.48,104.24,881247,104.0625,0.97,107.4639175257732
2021-06-18,102.99,103.6,101.73,102.02,2246760,102.585,0.97,105.17525773195877
2021-06-21,102.6,103.9,102.05,103.66,988700,103.0525,0.97,106.8659793814433
2021-06-22,103.43,104.14,102.87,103.63,1810900,103.5175,0.97,106.83505154639175
2021-06-23,103.66,103.74,102.58,103.45,1484402,103.3575,0.97,106.64948453608248
2021-06-24,104.18,104.55,103.34,104.28,1465900,104.0875,0.97,107.50515463917526
2021-06-25,105.27,106.21,104.01,105.61,3146100,105.275,0.97,108.87628865979381
2021-06-28,106.02,107.28,105.55,106.91,2161829,106.44,0.97,110.21649484536083
2021-06-29,106.77,108.23,106.71,107.54,1481900,107.3125,0.97,110.86597938144331
2021-06-30,107.64,108.08,106.83,107.3,2102277,107.4625,0.97,110.61855670103093
2021-07-01,106.98,108.63,106.98,108.47,1387745,107.765,0.97,111.82474226804123
2021-07-02,109.18,109.29,107.65,108.73,1660536,108.7125,0.97,112.09278350515464
2021-07-06,109.37,109.37,107.43,108.57,1509829,108.685,0.97,111.92783505154638
2021-07-07,108.89,109.98,108.74,109.81,1879300,109.355,0.97,113.20618556701031
2021-07-08,110.91,111.49,108.89,110.22,2370331,110.3775,0.97,113.62886597938144
2021-07-09,109.6,112.13,109.6,111.9,1562650,110.8075,0.97,115.36082474226805
2021-07-12,111.9,112.26,111.05,111.67,1452018,111.72,0.97,115.12371134020619
2021-07-13,111.93,112.38,111.2,111.63,1292200,111.785,0.97,115.08247422680412
2021-07-14,111.93,112.57,111.59,112.33,1092010,112.105,0.97,115.80412371134021
2021-07-15,112.38,112.95,112.09,112.67,1982300,112.5225,0.97,116.15463917525774
2021-07-16,112.99,113.11,111.76,111.85,4006137,112.4275,0.73,153.21917808219177
2021-07-19,111.05,111.65,108.73,109.41,2167900,110.21,0.73,149.87671232876713
2021-07-20,109.9,111.39,109.53,110.46,2460406,110.32,0.73,151.31506849315068
2021-07-21,110.66,111.47,109.76,111.39,1947800,110.82,0.73,152.58904109589042
2021-07-22,111.46,111.76,110.09,110.94,1020508,111.0625,0.73,151.97260273972603
2021-07-23,111.12,112.5,110.86,112.25,1271800,111.6825,0.73,153.76712328767124
2021-07-26,112.24,112.72,111.69,112.68,1328907,112.3325,0.73,154.35616438356166
2021-07-27,112.84,113.91,112.15,113.22,1231919,113.03,0.73,155.0958904109589
2021-07-28,112.84,113.16,112.13,112.77,1130200,112.725,0.73,154.4794520547945
2021-07-29,113.25,114.15,112.99,113.63,922169,113.505,0.73,155.65753424657535
2021-07-30,112.68,114.01,112.68,113.82,1290000,113.2975,0.73,155.91780821917808
2021-08-02,114.14,114.88,113.15,113.24,1140125,113.8525,0.73,155.12328767123287
2021-08-03,113.37,114.96,112.29,114.8,1131009,113.855,0.73,157.26027397260273
2021-08-04,114.59,114.86,113.64,114.26,1081400,114.3375,0.73,156.5205479452055
2021-08-05,114.75,115.45,114.14,115.3,1036400,114.91,0.73,157.94520547945206
2021-08-06,115.0,115.66,114.66,115.41,1036525,115.1825,0.73,158.0958904109589
2021-08-09,114.94,115.95,114.42,115.18,953211,115.1225,0.73,157.78082191780823
2021-08-10,115.17,115.94,114.73,115.87,972545,115.4275,0.73,158.72602739726028
2021-08-11,116.11,117.11,115.8,116.76,992146,116.445,0.73,159.94520547945206
2021-08-12,116.53,116.87,116.24,116.51,797800,116.5375,0.73,159.6027397260274
2021-08-13,116.49,117.38,116.31,117.17,822900,116.8375,0.73,160.5068493150685
2021-08-16,116.98,118.22,116.45,118.19,950600,117.46,0.73,161.9041095890411
2021-08-17,117.66,117.85,116.45,117.04,1023894,117.25,0.73,160.3287671232877
2021-08-18,116.74,117.32,114.55,114.71,1072032,115.83,0.73,157.13698630136986
2021-08-19,114.24,115.57,114.03,115.26,1338036,114.775,0.73,157.8904109589041
2021-08-20,115.32,115.64,114.75,115.42,1567819,115.2825,0.73,158.1095890410959
2021-08-23,115.72,116.13,115.11,115.47,1531905,115.6075,0.73,158.17808219178082
2021-08-24,115.48,115.69,114.18,114.29,1168300,114.91,0.73,156.56164383561645
2021-08-25,114.05,114.96,113.96,114.23,993100,114.3,0.73,156.47945205479454
2021-08-26,114.36,114.67,113.05,113.39,1754104,113.8675,0.73,155.32876712328766
2021-08-27,113.52,114.69,113.43,114.37,1264900,114.0025,0.73,156.67123287671234
2021-08-30,114.5,115.12,114.29,114.52,734195,114.6075,0.73,156.87671232876713
2021-08-31,114.9,114.94,113.81,114.47,1440700,114.53,0.73,156.8082191780822
2021-09-01,114.69,114.72,112.58,113.62,1554700,113.9025,0.73,155.64383561643837
2021-09-02,113.89,114.16,113.29,113.72,1089100,113.765,0.73,155.78082191780823
2021-09-03,113.31,113.96,113.02,113.6,740460,113.4725,0.73,155.61643835616437
2021-09-07,113.38,113.38,111.11,111.29,963355,112.29,0.73,152.45205479452056
2021-09-08,111.16,112.13,111.05,112.09,1214982,111.6075,0.73,153.54794520547946
2021-09-09,112.4,112.82,111.26,111.32,853714,111.95,0.73,152.4931506849315
2021-09-10,111.39,111.71,110.19,110.3,1257600,110.8975,0.73,151.0958904109589
2021-09-13,111.11,111.7,108.88,109.45,1442639,110.285,0.73,149.93150684931507
2021-09-14,110.08,110.68,109.49,109.66,1518300,109.9775,0.73,150.21917808219177
2021-09-15,109.66,110.41,109.26,109.71,1285044,109.76,0.73,150.2876712328767
2021-09-16,109.65,109.99,109.12,109.37,1134147,109.5325,0.73,149.82191780821918
2021-09-17,109.53,109.53,107.92,108.78,3614539,108.94,0.73,149.013698630137
2021-09-20,107.6,108.71,107.35,108.38,1947200,108.01,0.73,148.46575342465752
2021-09-21,108.9,108.9,107.73,108.5,1420288,108.5075,0.73,148.63013698630138
2021-09-22,108.5,109.75,108.06,109.37,1610620,108.92,0.73,149.82191780821918
2021-09-23,109.48,110.74,109.36,110.31,1072300,109.9725,0.73,151.1095890410959
2021-09-24,109.88,110.35,109.38,109.98,1055546,109.8975,0.73,150.65753424657535
2021-09-27,109.56,109.84,108.64,108.77,1273400,109.2025,0.73,149.0
2021-09-28,107.77,108.17,106.55,106.73,1443000,107.305,0.73,146.20547945205482
2021-09-29,106.75,108.68,106.61,107.85,1714967,107.4725,0.73,147.73972602739727
2021-09-30,113.99,114.65,111.1,112.45,4219622,113.0475,0.73,154.04109589041096
2021-10-01,113.34,115.55,111.35,115.15,2182300,113.8475,0.93,123.81720430107526
2021-10-04,114.81,116.28,114.15,115.01,2270324,115.0625,0.93,123.66666666666667
2021-10-05,113.5,117.31,113.37,116.83,1848400,115.2525,0.93,125.62365591397848
2021-10-06,116.34,118.16,116.05,118.04,1516820,117.1475,0.93,126.9247311827957
2021-10-07,119.26,119.38,117.86,118.64,1397300,118.785,0.93,127.56989247311827
2021-10-08,119.0,119.23,118.07,118.67,1099800,118.7425,0.93,127.6021505376344
2021-10-11,118.56,118.56,117.32,117.34,1059500,117.945,0.93,126.17204301075269
2021-10-12,117.08,118.46,117.05,117.33,1010600,117.48,0.93,126.16129032258064
2021-10-13,117.8,118.07,116.1,117.46,1146000,117.3575,0.93,126.30107526881719
2021-10-14,118.64,119.04,118.14,118.75,1307745,118.6425,0.93,127.68817204301075
2021-10-15,118.93,119.48,118.56,119.15,1778929,119.03,0.93,128.11827956989248
2021-10-18,118.81,120.21,118.18,120.11,1305904,119.3275,0.93,129.1505376344086
2021-10-19,120.35,121.84,120.05,121.81,1401338,121.0125,0.93,130.9784946236559
2021-10-20,122.0,122.24,121.29,121.89,901208,121.855,0.93,131.06451612903226
2021-10-21,121.77,122.51,121.25,122.38,1067893,121.9775,0.93,131.59139784946237
2021-10-22,122.5,124.21,122.43,123.77,1197823,123.2275,0.93,133.08602150537632
2021-10-25,123.35,124.06,123.01,123.18,910603,123.4,0.93,132.4516129032258
2021-10-26,123.45,123.98,122.82,123.53,998833,123.445,0.93,132.8279569892473
2021-10-27,123.39,123.96,121.72,122.48,1231600,122.8875,0.93,131.69892473118279
2021-10-28,122.46,123.59,122.15,123.36,1256912,122.89,0.93,132.64516129032256
2021-10-29,123.21,123.85,122.63,123.28,1280300,123.2425,0.93,132.55913978494624
2021-11-01,123.28,123.28,120.93,121.6,1196621,122.2725,0.93,130.752688172043
2021-11-02,122.18,123.45,121.75,123.43,1424875,122.7025,0.93,132.72043010752688
2021-11-03,123.59,123.86,121.61,123.45,945948,123.1275,0.93,132.74193548387098
2021-11-04,123.29,124.25,122.78,123.74,952241,123.515,0.93,133.0537634408602
2021-11-05,124.71,125.81,124.28,124.63,1149900,124.8575,0.93,134.01075268817203
2021-11-08,124.91,125.3,122.41,123.19,1039064,123.9525,0.93,132.46236559139783
2021-11-09,123.19,123.3,121.73,122.97,1164644,122.7975,0.93,132.2258064516129
2021-11-10,123.0,124.01,122.59,123.11,923100,123.1775,0.93,132.3763440860215
2021-11-11,123.21,123.81,122.74,123.4,671720,123.29,0.93,132.68817204301075
2021-11-12,123.71,125.11,123.41,124.6,729908,124.2075,0.93,133.9784946236559
2021-11-15,124.71,124.95,123.35,124.48,953013,124.3725,0.93,133.8494623655914
2021-11-16,124.43,125.91,124.43,125.05,1124432,124.955,0.93,134.46236559139783
2021-11-17,124.54,125.99,124.33,125.85,777962,125.1775,0.93,135.32258064516128
2021-11-18,125.82,125.95,124.72,125.51,773788,125.5,0.93,134.95698924731184
2021-11-19,126.17,126.2,124.86,124.99,1145500,125.555,0.93,134.39784946236557
2021-11-22,124.86,126.82,124.02,124.38,1424342,125.02,0.93,133.74193548387095
2021-11-23,124.07,125.62,123.73,125.47,1511009,124.7225,0.93,134.91397849462365
2021-11-24,124.89,125.65,124.56,125.08,1421702,125.045,0.93,134.49462365591398
2021-11-26,124.32,125.18,122.18,122.45,886339,123.5325,0.93,131.66666666666666
2021-11-29,123.71,124.44,122.92,123.73,1824600,123.7,0.93,133.04301075268816
2021-11-30,123.79,124.0,118.29,119.2,3420367,121.32,0.93,128.17204301075267
2021-12-01,120.74,121.48,117.76,117.8,1956735,119.445,0.93,126.66666666666666
2021-12-02,118.48,121.35,118.38,120.65,1396800,119.715,0.93,129.7311827956989
2021-12-03,120.74,121.29,118.7,119.8,1285376,120.1325,0.93,128.81720430107526
2021-12-06,120.92,122.25,120.55,121.93,1529703,121.4125,0.93,131.10752688172042
2021-12-07,122.63,123.99,122.63,123.13,1214603,123.095,0.93,132.39784946236557
2021-12-08,123.51,124.18,122.4,123.04,1357763,123.2825,0.93,132.30107526881721
2021-12-09,123.04,123.46,122.08,122.32,1106839,122.725,0.93,131.52688172043008
2021-12-10,122.76,124.29,122.41,124.25,1168627,123.4275,0.93,133.6021505376344
2021-12-13,124.32,124.96,123.07,124.4,1404949,124.1875,0.93,133.76344086021504
2021-12-14,123.47,124.23,121.26,122.43,1778307,122.8475,0.93,131.6451612903226
2021-12-15,122.67,125.52,122.5,125.28,1472200,123.9925,0.93,134.70967741935485
2021-12-16,125.85,126.43,124.02,124.65,1512530,125.2375,0.93,134.03225806451613
2021-12-17,124.14,125.55,123.55,123.89,3259159,124.2825,0.93,133.21505376344086
2021-12-20,122.18,123.87,121.55,123.8,1586100,122.85,0.93,133.11827956989245
2021-12-21,124.69,126.75,124.18,126.43,2583433,125.5125,0.93,135.94623655913978
2021-12-22,129.83,135.46,127.0,133.41,4604240,131.425,0.92,145.01086956521738
2021-12-23,134.0,137.2,133.92,134.24,2841722,134.84,0.92,145.91304347826087
2021-12-27,134.65,135.85,133.39,135.64,1990235,134.8825,0.92,147.43478260869563
2021-12-28,136.02,136.9,135.19,135.85,1079146,135.99,0.92,147.66304347826085
2021-12-29,135.67,138.09,135.67,137.38,1311800,136.7025,0.92,149.32608695652172
2021-12-30,137.59,138.97,136.27,136.45,1063482,137.32,0.92,148.31521739130432
2021-12-31,136.52,137.29,135.84,136.5,1004384,136.5375,0.92,148.3695652173913
2022-01-03,136.01,136.85,133.03,134.51,2448358,135.1,0.92,146.2065217391304
2022-01-04,134.32,135.88,133.41,134.25,1873400,134.465,0.92,145.92391304347825
2022-01-05,133.92,134.71,131.61,131.69,1796262,132.9825,0.92,143.14130434782606
2022-01-06,131.69,132.5,130.3,130.8,2453339,131.3225,0.92,142.17391304347828
2022-01-07,130.76,131.39,128.74,128.84,1555529,129.9325,0.92,140.04347826086956
2022-01-10,127.9,127.9,125.36,126.58,2127616,126.935,0.92,137.58695652173913
2022-01-11,128.05,129.0,125.91,128.77,1847935,127.9325,0.92,139.96739130434784
2022-01-12,129.99,129.99,127.43,128.28,1213901,128.9225,0.92,139.43478260869566
2022-01-13,128.45,128.93,126.39,126.63,1459300,127.6,0.92,137.64130434782606
2022-01-14,125.58,126.72,124.15,125.0,1602300,125.3625,0.92,135.8695652173913
2022-01-18,122.88,124.08,122.1,123.03,1887909,123.0225,0.92,133.72826086956522
2022-01-19,123.45,124.45,121.16,121.27,1714346,122.5825,0.92,131.81521739130434
2022-01-20,120.92,124.03,120.66,120.99,1898144,121.65,0.92,131.51086956521738
2022-01-21,121.3,122.02,118.63,118.67,2268003,120.155,0.92,128.9891304347826
2022-01-24,118.16,120.21,115.3,120.09,3432704,118.44,0.92,130.53260869565216
2022-01-25,118.82,120.48,117.0,118.77,2318100,118.7675,0.92,129.0978260869565
2022-01-26,119.61,119.88,112.77,113.57,3430500,116.4575,0.92,123.44565217391303
2022-01-27,114.35,115.06,110.55,111.6,2967270,112.89,0.92,121.30434782608694
2022-01-28,111.01,115.35,109.87,115.33,2813738,112.89,0.92,125.3586956521739
2022-01-31,114.43,118.13,113.86,117.76,2127734,116.045,0.92,128.0
2022-02-01,117.08,118.39,116.51,118.1,2017610,117.52,0.92,128.36956521739128
2022-02-02,117.44,120.44,117.44,120.11,2065100,118.8575,0.92,130.55434782608694
2022-02-03,118.95,120.07,118.54,118.86,2009900,119.105,0.92,129.19565217391303
2022-02-04,118.26,120.4,117.15,119.91,1892500,118.93,0.92,130.33695652173913
2022-02-07,120.0,120.71,119.07,119.97,1386600,119.9375,0.92,130.40217391304347
2022-02-08,119.76,121.28,119.12,121.02,1569644,120.295,0.92,131.54347826086956
2022-02-09,122.41,124.3,121.84,124.12,2164300,123.1675,0.92,134.91304347826087
2022-02-10,121.42,122.94,119.85,120.37,2448926,121.145,0.92,130.83695652173913
2022-02-11,119.58,121.22,118.66,118.91,2084839,119.5925,0.92,129.25
2022-02-14,118.96,119.34,117.3,118.48,2687400,118.52,0.92,128.7826086956522
2022-02-15,119.66,120.15,118.83,120.11,1774646,119.6875,0.92,130.55434782608694
2022-02-16,119.73,120.66,118.25,120.02,2175200,119.665,0.92,130.45652173913044
2022-02-17,119.1,119.43,116.15,116.35,1898053,117.7575,0.92,126.46739130434781
2022-02-18,115.94,117.08,115.27,115.84,1453012,116.0325,0.92,125.91304347826087
2022-02-22,115.31,116.78,114.65,115.59,1746889,115.5825,0.92,125.64130434782608
2022-02-23,116.17,116.77,113.34,113.61,1743025,114.9725,0.92,123.48913043478261
2022-02-24,111.64,115.99,111.39,115.79,2456749,113.7025,0.92,125.85869565217392
2022-02-25,115.96,118.69,115.53,118.64,1259702,117.205,0.92,128.95652173913044
2022-02-28,117.25,119.37,116.85,119.06,1689300,118.1325,0.92,129.41304347826087
2022-03-01,118.88,119.55,116.84,117.55,1468508,118.205,0.92,127.77173913043477
2022-03-02,118.2,120.89,117.99,120.38,1332761,119.365,0.92,130.8478260869565
2022-03-03,121.54,121.98,119.99,120.42,1433624,120.9825,0.92,130.8913043478261
2022-03-04,119.76,123.97,118.55,123.58,1967800,121.465,0.92,134.32608695652172
2022-03-07,123.55,124.83,121.92,122.41,2234138,123.1775,0.92,133.05434782608694
2022-03-08,121.68,123.67,118.25,118.43,1958040,120.5075,0.92,128.72826086956522
2022-03-09,120.67,122.72,119.5,122.3,1679600,121.2975,0.92,132.93478260869566
2022-03-10,120.39,122.53,118.56,122.19,1317611,120.9175,0.92,132.81521739130434
2022-03-11,123.11,124.47,120.46,120.59,1071014,122.1575,0.92,131.07608695652175
2022-03-14,120.78,121.72,119.13,119.89,1116439,120.38,0.92,130.31521739130434
2022-03-15,120.93,121.91,118.93,121.82,1321844,120.8975,0.92,132.41304347826085
2022-03-16,122.39,124.67,121.28,124.55,1450010,123.2225,0.92,135.3804347826087
2022-03-17,124.37,125.7,123.54,125.62,1414100,124.8075,0.92,136.54347826086956
2022-03-18,125.69,128.6,124.77,128.13,3561630,126.7975,0.92,139.27173913043478
2022-03-21,127.45,127.91,125.1,126.66,1605300,126.78,0.92,137.67391304347825
2022-03-22,126.72,128.02,126.22,127.45,1398400,127.1025,0.92,138.53260869565216
2022-03-23,126.84,126.84,125.28,125.38,1562800,126.085,0.92,136.28260869565216
2022-03-24,126.3,127.77,125.31,127.74,1125900,126.78,0.92,138.8478260869565
2022-03-25,127.95,128.95,126.72,128.71,1213424,128.0825,0.92,139.90217391304347
2022-03-28,128.64,130.24,128.06,129.87,1812700,129.2025,0.92,141.16304347826087
2022-03-29,130.76,132.76,130.15,132.53,2631200,131.55,0.92,144.05434782608694
2022-03-30,132.0,137.56,128.5,136.89,2875100,133.7375,0.92,148.79347826086953
2022-03-31,137.91,140.67,136.41,136.47,3185600,137.865,1.19,114.68067226890757
2022-04-01,136.77,138.92,135.35,138.87,2305814,137.4775,1.19,116.69747899159665
2022-04-04,139.26,139.61,137.2,139.31,2742180,138.845,1.19,117.06722689075632
2022-04-05,139.56,141.92,138.52,139.25,2723927,139.8125,1.19,117.01680672268908
2022-04-06,138.98,141.92,138.13,141.23,2751556,140.065,1.19,118.68067226890756
2022-04-07,140.37,141.59,139.3,139.84,3452100,140.275,1.19,117.51260504201682
2022-04-08,139.01,140.9,138.41,139.29,2396688,139.4025,1.19,117.05042016806722
2022-04-11,139.7,139.87,136.64,136.84,1575625,138.2625,1.19,114.99159663865547
2022-04-12,138.03,138.88,136.12,136.59,1359652,137.405,1.19,114.78151260504202
2022-04-13,137.15,138.27,136.0,137.89,1394136,137.3275,1.19,115.87394957983193
2022-04-14,137.89,138.51,136.43,136.69,1574919,137.38,1.19,114.8655462184874
2022-04-18,135.91,137.19,134.93,135.75,1457900,135.945,1.19,114.07563025210085
2022-04-19,135.94,137.85,134.85,137.46,2158800,136.525,1.19,115.51260504201682
2022-04-20,138.51,140.18,138.33,139.63,1829846,139.1625,1.19,117.33613445378151
2022-04-21,140.12,141.27,137.9,138.32,1650807,139.4025,1.19,116.23529411764706
2022-04-22,137.72,137.84,131.14,131.35,2375629,134.5125,1.19,110.3781512605042
2022-04-25,131.51,132.3,128.35,132.25,2766200,131.1025,1.19,111.1344537815126
2022-04-26,131.46,132.31,129.5,129.51,2248914,130.695,1.19,108.83193277310924
2022-04-27,130.69,132.89,130.19,130.69,1777700,131.115,1.19,109.82352941176471
2022-04-28,131.87,133.19,130.46,132.4,1469420,131.98,1.19,111.26050420168069
2022-04-29,131.99,132.0,126.45,126.73,1981541,129.2925,1.19,106.49579831932773
2022-05-02,126.89,128.91,125.15,127.65,1985968,127.15,1.19,107.26890756302522
2022-05-03,128.24,129.04,127.28,128.55,1492200,128.2775,1.19,108.02521008403363
2022-05-04,128.59,132.9,127.73,132.47,1916500,130.4225,1.19,111.31932773109244
2022-05-05,131.38,131.69,123.39,124.59,2353500,127.7625,1.19,104.69747899159664
2022-05-06,123.57,124.92,122.41,124.16,1873355,123.765,1.19,104.33613445378151
2022-05-09,123.16,123.16,119.67,120.27,2423651,121.565,1.19,101.0672268907563
2022-05-10,122.33,123.05,118.85,120.13,2248900,121.09,1.19,100.94957983193278
2022-05-11,118.08,119.66,117.62,118.22,2805912,118.395,1.19,99.34453781512606
2022-05-12,117.45,118.29,115.66,117.93,2213900,117.3325,1.19,99.10084033613447
2022-05-13,118.91,120.63,118.49,119.69,1336900,119.43,1.19,100.57983193277312
2022-05-16,119.24,121.0,118.58,120.06,1152900,119.72,1.19,100.89075630252101
2022-05-17,121.77,122.27,120.94,121.62,1328536,121.65,1.19,102.20168067226892
2022-05-18,120.39,120.44,117.15,117.44,1606800,118.855,1.19,98.6890756302521
2022-05-19,116.7,117.43,115.24,115.84,2290329,116.3025,1.19,97.34453781512606
2022-05-20,117.37,117.89,114.1,117.33,2266546,116.6725,1.19,98.59663865546219
2022-05-23,118.15,118.91,116.19,118.21,1801544,117.865,1.19,99.33613445378151
2022-05-24,117.51,118.06,115.7,117.84,1625400,117.2775,1.19,99.02521008403362
2022-05-25,117.08,118.94,116.57,117.99,1413948,117.645,1.19,99.15126050420169
2022-05-26,118.69,121.94,118.2,121.2,1537403,120.0075,1.19,101.84873949579833
2022-05-27,122.47,124.1,122.15,124.08,1560600,123.2,1.19,104.26890756302521
2022-05-31,123.53,124.75,122.14,123.83,2523538,123.5625,1.19,104.05882352941177
2022-06-01,124.2,124.82,121.53,122.26,1483900,123.2025,1.19,102.73949579831934
2022-06-02,122.78,126.07,122.09,125.95,1551416,124.2225,1.19,105.84033613445379
2022-06-03,125.43,126.34,124.81,125.81,1355400,125.5975,1.19,105.72268907563026
2022-06-06,127.04,127.45,125.21,125.93,1210716,126.4075,1.19,105.82352941176471
2022-06-07,124.62,127.0,123.67,126.75,1238537,125.51,1.19,106.51260504201682
2022-06-08,125.99,126.42,124.7,125.6,1187400,125.6775,1.19,105.54621848739495
2022-06-09,125.16,125.54,122.58,122.6,1066200,123.97,1.19,103.02521008403362
2022-06-10,120.96,122.0,119.64,120.63,1360100,120.8075,1.19,101.36974789915966
2022-06-13,118.12,118.89,116.6,117.21,1701000,117.705,1.19,98.49579831932773
2022-06-14,118.04,118.05,116.19,117.47,1509700,117.4375,1.19,98.71428571428572
2022-06-15,118.08,119.73,116.32,117.95,1380400,118.02,1.19,99.11764705882354
2022-06-16,115.69,116.11,112.86,113.81,2236537,114.6175,1.19,95.63865546218489
2022-06-17,113.8,114.85,110.47,113.0,4520656,113.03,1.19,94.95798319327731
2022-06-21,114.21,116.54,114.08,116.28,1992800,115.2775,1.19,97.71428571428572
2022-06-22,114.89,117.09,114.0,115.63,1760300,115.4025,1.19,97.16806722689076
2022-06-23,116.73,117.66,115.53,117.31,1785543,116.8075,1.19,98.57983193277312
2022-06-24,118.3,122.44,117.95,122.43,2321663,120.28,1.19,102.88235294117648
2022-06-27,122.33,124.73,122.18,122.66,2906718,122.975,1.19,103.07563025210084
2022-06-28,122.68,124.0,119.62,119.88,2431957,121.545,1.19,100.73949579831933
2022-06-29,116.2,118.29,112.65,114.85,3477800,115.4975,1.19,96.5126050420168
2022-06-30,113.33,116.63,113.19,113.87,2692264,114.255,1.19,95.6890756302521
2022-07-01,114.22,116.63,113.51,116.36,1693019,115.18,1.19,97.78151260504202
2022-07-05,115.43,115.58,111.72,115.57,1427800,114.575,1.19,97.11764705882352
2022-07-06,116.17,117.92,115.16,116.97,1910144,116.555,1.19,98.29411764705883
2022-07-07,116.42,117.21,115.66,116.52,1548236,116.4525,1.19,97.91596638655463
2022-07-08,115.7,117.08,114.68,116.8,1294508,116.065,1.19,98.15126050420169
2022-07-11,116.17,116.84,115.26,116.22,1113005,116.1225,1.19,97.66386554621849
2022-07-12,116.4,117.42,114.31,114.85,1266806,115.745,1.19,96.5126050420168
2022-07-13,112.32,114.49,112.2,113.34,1350200,113.0875,1.19,95.2436974789916
2022-07-14,112.24,113.62,111.17,113.14,1240424,112.5425,1.19,95.07563025210085
2022-07-15,114.66,115.24,114.06,115.0,1613338,114.74,0.82,140.2439024390244
2022-07-18,115.76,116.8,114.01,114.59,1377800,115.29,0.82,139.7439024390244
2022-07-19,116.18,119.5,115.68,119.17,1703000,117.6325,0.82,145.32926829268294
2022-07-20,119.52,121.08,118.88,120.3,2138539,119.945,0.82,146.70731707317074
2022-07-21,120.48,122.29,119.78,122.05,1429799,121.15,0.82,148.84146341463415
2022-07-22,122.68,124.12,121.63,122.44,1483100,122.7175,0.82,149.3170731707317
2022-07-25,122.31,122.7,121.0,121.52,1499900,121.8825,0.82,148.1951219512195
2022-07-26,121.82,122.55,120.75,121.23,1633600,121.5875,0.82,147.84146341463415
2022-07-27,121.86,126.04,121.51,125.41,2095000,123.705,0.82,152.9390243902439
2022-07-28,126.0,128.7,125.48,128.27,1234112,127.1125,0.82,156.4268292682927
2022-07-29,128.33,129.0,127.49,128.28,1525913,128.275,0.82,156.4390243902439
2022-08-01,127.24,128.24,126.0,126.58,1472724,127.015,0.82,154.3658536585366
2022-08-02,126.34,127.21,125.31,126.36,1416346,126.305,0.82,154.09756097560975
2022-08-03,127.23,129.52,126.56,128.97,1154558,128.07,0.82,157.28048780487805
2022-08-04,129.0,129.06,127.81,128.57,764800,128.61,0.82,156.79268292682926
2022-08-05,127.03,129.8,126.99,129.55,979400,128.3425,0.82,157.9878048780488
2022-08-08,130.54,131.54,129.54,130.9,1310026,130.63,0.82,159.63414634146343
2022-08-09,131.17,131.93,130.44,130.9,978100,131.11,0.82,159.63414634146343
2022-08-10,133.01,133.47,131.81,132.84,1171400,132.7825,0.82,162.0
2022-08-11,133.81,134.02,131.92,132.07,1280004,132.955,0.82,161.0609756097561
2022-08-12,132.96,135.62,132.73,135.61,1824633,134.23,0.82,165.37804878048783
2022-08-15,135.28,138.23,134.66,138.15,1501812,136.58,0.82,168.47560975609758
2022-08-16,137.38,138.5,136.88,138.31,1092900,137.7675,0.82,168.6707317073171
2022-08-17,137.29,138.74,137.04,138.62,1445600,137.9225,0.82,169.0487804878049
2022-08-18,138.77,139.47,137.97,139.16,1068900,138.8425,0.82,169.70731707317074
2022-08-19,138.24,138.95,137.48,138.49,2748317,138.29,0.82,168.89024390243904
2022-08-22,137.73,137.73,135.42,135.94,1314500,136.705,0.82,165.78048780487805
2022-08-23,135.99,136.37,134.83,135.0,1024800,135.5475,0.82,164.63414634146343
2022-08-24,134.91,135.92,134.64,135.08,1142168,135.1375,0.82,164.7317073170732
2022-08-25,135.5,135.66,133.46,134.06,1522747,134.67,0.82,163.4878048780488
2022-08-26,134.32,134.43,128.56,128.8,1966656,131.5275,0.82,157.07317073170734
2022-08-29,128.3,128.46,126.96,127.11,1430000,127.7075,0.82,155.01219512195124
2022-08-30,127.3,127.3,123.92,124.23,1559400,125.6875,0.82,151.5
2022-08-31,125.51,125.51,123.04,123.34,1598842,124.35,0.82,150.41463414634148
2022-09-01,123.08,124.39,122.25,124.25,1359913,123.4925,0.82,151.52439024390245
2022-09-02,124.47,125.53,120.29,120.9,1759800,122.7975,0.82,147.43902439024393
2022-09-06,121.07,122.62,120.03,121.61,1352400,121.3325,0.82,148.3048780487805
2022-09-07,121.83,124.31,121.63,123.9,1359000,122.9175,0.82,151.09756097560978
2022-09-08,123.4,125.41,122.36,125.23,1392900,124.1,0.82,152.71951219512198
2022-09-09,125.54,127.24,125.07,126.83,1524606,126.17,0.82,154.6707317073171
2022-09-12,127.28,128.37,126.86,127.33,1109227,127.46,0.82,155.28048780487805
2022-09-13,124.93,125.41,121.81,122.08,1979800,123.5575,0.82,148.8780487804878
2022-09-14,122.64,122.93,119.94,121.15,2067004,121.665,0.82,147.7439024390244
2022-09-15,120.94,121.37,118.44,118.96,1285400,119.9275,0.82,145.0731707317073
2022-09-16,118.16,120.61,117.24,120.13,2133041,119.035,0.82,146.5
2022-09-19,119.44,121.54,118.91,121.49,1067045,120.345,0.82,148.15853658536585
2022-09-20,120.73,120.99,119.17,120.04,1312106,120.2325,0.82,146.39024390243904
2022-09-21,121.48,121.92,117.88,117.91,1948200,119.7975,0.82,143.7926829268293
2022-09-22,117.64,118.91,116.35,117.61,2137200,117.6275,0.82,143.4268292682927
2022-09-23,116.85,117.1,113.44,115.02,2098637,115.6025,0.82,140.26829268292684
2022-09-26,115.02,115.97,113.55,114.04,1855123,114.645,0.82,139.07317073170734
2022-09-27,114.85,115.74,112.12,113.32,1981700,114.0075,0.82,138.1951219512195
2022-09-28,116.63,119.21,112.39,117.38,3301817,116.4025,0.82,143.14634146341464
2022-09-29,116.46,116.73,111.87,113.39,2699300,114.6125,1.05,107.99047619047619
2022-09-30,114.15,115.61,112.1,112.21,2524400,113.5175,1.05,106.86666666666666
2022-10-03,113.27,115.51,112.31,114.86,1837100,113.9875,1.05,109.39047619047618
2022-10-04,116.61,117.63,114.99,115.39,2203000,116.155,1.05,109.89523809523808
2022-10-05,114.66,115.88,112.6,114.59,2169804,114.4325,1.05,109.13333333333333
2022-10-06,114.64,114.87,111.46,111.69,2327925,113.165,1.05,106.37142857142857
2022-10-07,110.58,110.91,108.97,109.59,2133537,110.0125,1.05,104.37142857142857
2022-10-10,110.17,110.47,108.55,109.88,1469733,109.7675,1.05,104.64761904761905
2022-10-11,109.69,110.29,107.5,108.34,1700818,108.955,1.05,103.18095238095238
2022-10-12,108.52,109.03,107.81,108.0,1429211,108.34,1.05,102.85714285714285
2022-10-13,105.79,110.97,105.66,110.27,1892533,108.1725,1.05,105.01904761904761
2022-10-14,111.41,111.81,108.8,109.19,1790754,110.3025,1.05,103.99047619047619
2022-10-17,111.57,112.74,111.0,111.95,1631100,111.815,1.05,106.61904761904762
2022-10-18,113.73,115.19,112.45,113.38,1811100,113.6875,1.05,107.98095238095237
2022-10-19,111.97,112.75,110.19,111.45,1289741,111.59,1.05,106.14285714285714
2022-10-20,111.86,113.0,110.38,111.06,1233446,111.575,1.05,105.77142857142857
2022-10-21,110.88,112.54,109.69,112.16,1264000,111.3175,1.05,106.81904761904761
2022-10-24,113.68,114.3,112.11,114.15,1308844,113.56,1.05,108.71428571428571
2022-10-25,114.3,116.64,114.3,116.48,2035600,115.43,1.05,110.93333333333334
2022-10-26,116.62,118.09,114.79,115.39,1587400,116.2225,1.05,109.89523809523808
2022-10-27,115.94,116.93,115.19,115.76,1258012,115.955,1.05,110.24761904761905
2022-10-28,116.24,120.51,116.11,119.79,1953917,118.1625,1.05,114.08571428571429
2022-10-31,118.75,119.36,117.73,118.31,1693700,118.5375,1.05,112.67619047619047
2022-11-01,119.06,119.52,116.94,118.06,1072010,118.395,1.05,112.43809523809523
2022-11-02,117.91,119.35,114.47,114.5,1501222,116.5575,1.05,109.04761904761904
2022-11-03,112.91,114.42,111.92,113.04,1593400,113.0725,1.05,107.65714285714286
2022-11-04,114.1,114.81,111.26,113.76,1784432,113.4825,1.05,108.34285714285714
2022-11-07,114.38,115.91,113.56,115.38,1354413,114.8075,1.05,109.88571428571427
2022-11-08,115.2,118.71,114.77,117.05,1342800,116.4325,1.05,111.47619047619047
2022-11-09,116.79,117.13,115.08,115.24,1216570,116.06,1.05,109.75238095238095
2022-11-10,120.41,121.82,118.32,121.38,2058210,120.4825,1.05,115.6
2022-11-11,121.62,122.05,119.17,121.01,2098004,120.9625,1.05,115.24761904761905
2022-11-14,120.76,123.24,120.25,121.19,1818900,121.36,1.05,115.41904761904762
2022-11-15,123.66,123.66,120.21,121.67,1521718,122.3,1.05,115.87619047619047
2022-11-16,121.99,122.43,120.05,120.49,1827100,121.24,1.05,114.75238095238095
2022-11-17,119.3,120.84,118.1,120.22,1442736,119.615,1.05,114.4952380952381
2022-11-18,121.09,121.86,119.49,120.83,1164002,120.8175,1.05,115.07619047619048
2022-11-21,120.91,122.28,120.35,121.55,919118,121.2725,1.05,115.76190476190476
2022-11-22,122.3,122.95,120.61,122.78,1117900,122.16,1.05,116.93333333333332
2022-11-23,122.85,123.67,122.41,123.16,1194958,123.0225,1.05,117.29523809523809
2022-11-25,123.22,123.72,122.67,123.21,599600,123.205,1.05,117.34285714285713
2022-11-28,122.0,122.62,120.09,120.47,1524334,121.295,1.05,114.73333333333333
2022-11-29,120.24,121.03,118.72,120.15,1217800,120.035,1.05,114.42857142857143
2022-11-30,120.14,124.19,119.64,124.03,2628900,122.0,1.05,118.12380952380953
2022-12-01,124.45,126.33,123.71,125.9,1466310,125.0975,1.05,119.90476190476191
2022-12-02,123.78,126.3,123.68,125.98,1291144,124.935,1.05,119.98095238095237
2022-12-05,124.58,125.08,122.59,123.19,1415800,123.86,1.05,117.32380952380952
2022-12-06,123.49,123.49,119.95,120.63,1198300,121.89,1.05,114.88571428571427
2022-12-07,120.97,121.36,119.74,120.44,932019,120.6275,1.05,114.7047619047619
2022-12-08,120.72,122.01,119.87,120.16,1489900,120.69,1.05,114.43809523809523
2022-12-09,119.73,120.25,119.17,119.51,1563746,119.665,1.05,113.81904761904762
2022-12-12,120.0,123.08,119.51,122.97,1271200,121.39,1.05,117.11428571428571
2022-12-13,127.39,127.89,122.68,123.32,1255300,125.32,1.05,117.44761904761904
2022-12-14,122.79,125.15,121.59,122.67,2155500,123.05,1.05,116.82857142857142
2022-12-15,121.22,121.51,116.79,117.08,2076317,119.15,1.05,111.50476190476189
2022-12-16,115.71,116.53,115.05,115.96,2859878,115.8125,1.05,110.43809523809523
2022-12-19,116.15,116.69,114.94,115.52,1810100,115.825,1.05,110.01904761904761
2022-12-20,114.99,115.76,113.53,114.26,1501400,114.635,1.05,108.81904761904762
2022-12-21,114.87,115.86,113.9,114.77,2282607,114.85,1.05,109.30476190476189
2022-12-22,111.0,112.22,108.0,112.18,4401045,110.85,1.0,112.18
2022-12-23,112.74,116.24,112.42,116.01,2503109,114.3525,1.0,116.01
2022-12-27,115.86,116.04,114.27,115.13,1494913,115.325,1.0,115.13
2022-12-28,115.08,116.2,114.38,114.43,1590000,115.0225,1.0,114.43
2022-12-29,114.85,117.07,114.54,116.46,1372402,115.73,1.0,116.46
2022-12-30,115.82,116.11,113.97,115.56,1060900,115.365,1.0,115.56
2023-01-03,116.64,116.82,114.88,115.81,1792600,116.0375,1.0,115.81
2023-01-04,116.95,118.19,115.78,117.07,1475251,116.9975,1.0,117.07
2023-01-05,116.39,116.44,113.7,114.36,1352300,115.2225,1.0,114.36
2023-01-06,115.59,117.98,114.98,117.45,1257902,116.5,1.0,117.45
2023-01-09,117.35,119.04,117.13,117.41,1484221,117.7325,1.0,117.41
2023-01-10,117.23,117.95,115.86,117.31,1112471,117.0875,1.0,117.31
2023-01-11,118.08,119.78,117.17,119.68,1579200,118.6775,1.0,119.68
2023-01-12,119.49,120.09,118.75,119.85,1373095,119.545,1.0,119.85
2023-01-13,119.66,120.69,119.28,120.31,1237713,119.985,1.0,120.31
2023-01-17,118.89,120.11,117.94,118.42,2157357,118.84,1.0,118.42
2023-01-18,118.64,119.27,117.17,117.23,1809850,118.0775,1.0,117.23
2023-01-19,116.91,117.2,115.41,115.52,1122005,116.26,1.0,115.52
2023-01-20,115.67,118.53,114.71,117.93,1987600,116.71,1.0,117.93
2023-01-23,117.78,120.96,117.07,119.99,1599300,118.95,1.0,119.99
2023-01-24,119.9,120.14,117.93,118.62,1332524,119.1475,1.0,118.62
2023-01-25,116.44,116.47,112.38,115.62,2335300,115.2275,1.0,115.62
2023-01-26,116.19,116.5,114.74,115.1,1679281,115.6325,1.0,115.1
2023-01-27,114.18,114.7,112.65,113.03,2257706,113.64,1.0,113.03
2023-01-30,112.76,115.52,112.63,114.69,2798233,113.9,1.0,114.69
2023-01-31,115.15,115.87,113.81,115.86,1564900,115.1725,1.0,115.86
2023-02-01,115.64,118.49,115.01,117.71,1535700,116.7125,1.0,117.71
2023-02-02,118.6,120.92,117.78,120.6,2475844,119.475,1.0,120.6
2023-02-03,118.85,120.14,116.92,118.58,1791713,118.6225,1.0,118.58
2023-02-06,117.37,118.29,116.45,116.66,1102100,117.1925,1.0,116.66
2023-02-07,116.02,118.39,115.54,117.87,1128432,116.955,1.0,117.87
2023-02-08,116.02,116.82,114.64,114.93,2081110,115.6025,1.0,114.93
2023-02-09,116.14,116.23,113.37,113.75,1890200,114.8725,1.0,113.75
2023-02-10,113.0,114.72,113.0,114.22,1571800,113.735,1.0,114.22
2023-02-13,114.3,115.58,114.18,115.51,1295700,114.8925,1.0,115.51
2023-02-14,115.18,115.75,113.0,113.94,1246235,114.4675,1.0,113.94
2023-02-15,113.63,115.33,113.05,115.23,1415926,114.31,1.0,115.23
2023-02-16,113.72,115.51,113.44,114.66,1263564,114.3325,1.0,114.66
2023-02-17,114.25,115.28,113.89,114.75,1220300,114.5425,1.0,114.75
2023-02-21,113.43,113.78,111.43,111.52,1775508,112.54,1.0,111.52
2023-02-22,111.67,112.33,110.56,110.68,1219200,111.31,1.0,110.68
2023-02-23,111.04,111.82,110.33,111.32,1266900,111.1275,1.0,111.32
2023-02-24,109.91,111.26,109.45,110.98,1569927,110.4,1.0,110.98
2023-02-27,111.8,112.3,110.58,110.99,1164831,111.4175,1.0,110.99
2023-02-28,110.66,111.67,110.35,110.4,1691930,110.77,1.0,110.4
2023-03-01,110.24,110.84,108.97,110.7,1925600,110.1875,1.0,110.7
2023-03-02,110.02,112.35,110.02,112.1,1427600,111.1225,1.0,112.1
2023-03-03,112.29,113.01,111.59,112.73,1694900,112.405,1.0,112.73
2023-03-06,112.89,113.63,112.62,113.13,1212600,113.0675,1.0,113.13
2023-03-07,113.08,113.25,111.58,112.09,2161400,112.5,1.0,112.09
2023-03-08,112.0,113.12,111.53,112.69,1128046,112.335,1.0,112.69
2023-03-09,113.27,113.36,110.96,111.05,1279132,112.16,1.0,111.05
2023-03-10,110.57,110.85,107.6,107.83,1901200,109.2125,1.0,107.83
2023-03-13,107.28,110.54,106.78,108.33,1906630,108.2325,1.0,108.33
2023-03-14,109.5,110.19,106.85,108.24,1885300,108.695,1.0,108.24
2023-03-15,107.31,107.8,106.29,107.0,1992911,107.1,1.0,107.0
2023-03-16,106.81,108.91,106.17,108.67,1583019,107.64,1.0,108.67
2023-03-17,108.67,109.31,107.3,107.53,7237503,108.2025,1.0,107.53
2023-03-20,108.21,109.88,107.84,109.7,2174400,108.9075,1.0,109.7
2023-03-21,110.2,110.71,109.08,110.29,1901527,110.07,1.0,110.29
2023-03-22,110.29,110.66,106.98,107.07,1930623,108.75,1.0,107.07
2023-03-23,107.14,109.76,106.76,107.88,1984840,107.885,1.0,107.88
2023-03-24,107.88,109.13,107.15,108.84,1655000,108.25,1.0,108.84
2023-03-27,109.43,109.66,108.6,109.08,2284431,109.1925,1.0,109.08
2023-03-28,108.75,110.61,108.49,108.98,2643520,109.2075,1.0,108.98
2023-03-29,110.51,116.86,109.23,116.03,5048100,113.1575,1.0,116.03
2023-03-30,117.93,117.93,113.29,113.54,2497511,115.6725,1.3,87.33846153846154
2023-03-31,114.37,115.12,113.71,114.59,3092615,114.4475,1.3,88.14615384615385
2023-04-03,112.66,112.76,110.31,111.33,3514600,111.765,1.3,85.63846153846153
2023-04-04,111.57,112.32,108.69,109.9,2958401,110.62,1.3,84.53846153846153
2023-04-05,109.72,110.29,108.02,108.83,2333881,109.215,1.3,83.71538461538461
2023-04-06,108.62,109.59,108.09,109.04,2090100,108.835,1.3,83.87692307692308
2023-04-10,107.81,109.3,107.53,109.3,2573437,108.485,1.3,84.07692307692307
2023-04-11,109.3,109.6,108.47,109.38,2325246,109.1875,1.3,84.13846153846153
2023-04-12,110.34,110.57,108.28,108.41,1932300,109.4,1.3,83.39230769230768
2023-04-13,108.72,109.33,108.04,109.25,1749665,108.835,1.3,84.03846153846153
2023-04-14,109.08,109.95,107.21,107.92,1561277,108.54,1.3,83.01538461538462
2023-04-17,108.45,109.57,108.05,109.57,1777900,108.91,1.3,84.28461538461538
2023-04-18,109.73,110.27,108.54,109.3,1370100,109.46,1.3,84.07692307692307
2023-04-19,109.41,110.22,108.87,109.77,1268879,109.5675,1.3,84.43846153846154
2023-04-20,108.93,109.66,108.25,109.07,1464043,108.9775,1.3,83.89999999999999
2023-04-21,109.49,109.63,108.67,109.52,1343117,109.3275,1.3,84.24615384615385
2023-04-24,109.71,111.01,109.53,110.89,1995600,110.285,1.3,85.3
2023-04-25,110.19,110.19,107.55,107.95,1888600,108.97,1.3,83.03846153846153
2023-04-26,105.77,107.09,104.78,105.37,2350037,105.7525,1.3,81.05384615384615
2023-04-27,105.83,108.06,105.69,107.84,1688400,106.855,1.3,82.95384615384616
2023-04-28,108.56,110.02,108.07,109.86,1854200,109.1275,1.3,84.50769230769231
2023-05-01,109.52,110.72,109.37,110.07,1438134,109.92,1.3,84.66923076923077
2023-05-02,109.98,110.2,107.02,107.6,1394000,108.7,1.3,82.76923076923076
2023-05-03,108.34,109.15,107.58,107.67,1510500,108.185,1.3,82.82307692307693
2023-05-04,107.42,107.87,106.85,107.2,1584700,107.335,1.3,82.46153846153847
2023-05-05,108.0,108.78,106.62,107.83,1539300,107.8075,1.3,82.94615384615385
2023-05-08,108.04,108.04,106.27,106.33,1205100,107.17,1.3,81.79230769230769
2023-05-09,106.5,107.66,105.98,107.25,2051300,106.8475,1.3,82.5
2023-05-10,107.72,108.67,106.7,108.62,2249300,107.9275,1.3,83.55384615384615
2023-05-11,107.83,108.06,106.31,106.61,1919400,107.2025,1.3,82.00769230769231
2023-05-12,107.17,107.47,105.92,106.89,1010900,106.8625,1.3,82.22307692307692
2023-05-15,106.89,108.44,106.55,108.17,1551600,107.5125,1.3,83.20769230769231
2023-05-16,107.86,107.93,105.89,106.06,2064013,106.935,1.3,81.58461538461539
2023-05-17,106.67,107.68,105.93,107.31,1667100,106.8975,1.3,82.54615384615384
2023-05-18,107.18,108.81,106.91,108.76,1053100,107.915,1.3,83.66153846153846
2023-05-19,109.1,109.29,107.59,108.11,1480612,108.5225,1.3,83.16153846153846
2023-05-22,108.8,110.28,107.89,109.99,1419251,109.24,1.3,84.6076923076923
2023-05-23,109.96,109.98,108.53,108.85,2351112,109.33,1.3,83.73076923076923
2023-05-24,109.07,109.46,108.06,108.33,1723318,108.73,1.3,83.33076923076922
2023-05-25,107.65,108.09,106.07,107.88,2619709,107.4225,1.3,82.98461538461538
2023-05-26,108.19,109.42,107.1,108.17,2188900,108.22,1.3,83.20769230769231
2023-05-30,108.55,108.55,105.2,107.34,2164173,107.41,1.3,82.56923076923077
2023-05-31,107.52,107.58,104.09,104.93,16804951,106.03,1.3,80.71538461538462
2023-06-01,105.89,107.26,105.07,107.2,3044403,106.355,1.3,82.46153846153847
2023-06-02,107.42,110.37,106.94,110.25,2892700,108.745,1.3,84.8076923076923
2023-06-05,110.69,112.03,110.31,111.65,2547651,111.17,1.3,85.88461538461539
2023-06-06,111.75,111.77,110.24,111.41,1581624,111.2925,1.3,85.69999999999999
2023-06-07,111.75,112.45,110.56,111.91,1849725,111.6675,1.3,86.08461538461538
2023-06-08,111.59,111.87,110.58,110.96,1513700,111.25,1.3,85.35384615384615
2023-06-09,110.67,112.23,110.38,111.69,1545100,111.2425,1.3,85.91538461538461
2023-06-12,112.18,113.35,111.7,113.09,1768000,112.58,1.3,86.99230769230769
2023-06-13,113.52,113.91,113.03,113.51,1381803,113.4925,1.3,87.31538461538462
2023-06-14,114.09,114.51,111.07,111.54,1615951,112.8025,1.3,85.8
2023-06-15,111.47,113.6,111.23,113.31,1366944,112.4025,1.3,87.16153846153846
2023-06-16,113.81,114.63,113.14,113.59,3843800,113.7925,1.3,87.37692307692308
2023-06-20,113.0,113.3,111.8,112.24,1520132,112.585,1.3,86.33846153846153
2023-06-21,112.03,113.79,111.12,112.86,2018216,112.45,1.3,86.81538461538462
2023-06-22,112.64,113.0,110.7,111.27,1417713,111.9025,1.3,85.59230769230768
2023-06-23,110.5,110.51,108.05,108.38,2821223,109.36,1.3,83.36923076923077
2023-06-26,108.11,110.84,108.06,110.65,1924200,109.415,1.3,85.11538461538461
2023-06-27,111.04,111.83,110.65,111.07,1769221,111.1475,1.3,85.43846153846152
2023-06-28,111.2,111.48,109.63,110.71,2266916,110.755,1.3,85.16153846153846
2023-06-29,114.32,114.77,108.84,109.33,2886700,111.815,1.3,84.1
2023-06-30,111.16,113.39,110.22,111.87,2943603,111.66,1.3,86.05384615384615
2023-07-03,111.43,111.82,110.53,111.47,1132000,111.3125,1.3,85.74615384615385
2023-07-05,111.13,113.52,110.58,112.88,2577336,112.0275,1.3,86.83076923076922
2023-07-06,111.6,113.94,111.07,113.72,3527300,112.5825,1.3,87.47692307692307
2023-07-07,112.92,115.25,112.56,113.44,2165004,113.5425,1.3,87.26153846153845
2023-07-10,113.84,117.06,113.79,116.48,3161147,115.2925,1.3,89.6
2023-07-11,116.62,118.63,116.62,118.14,2799826,117.5025,1.3,90.87692307692308
2023-07-12,119.47,119.55,117.28,118.56,2837940,118.715,1.3,91.2
2023-07-13,118.56,120.7,118.31,120.53,2545924,119.525,1.3,92.71538461538461
2023-07-14,120.13,121.27,119.73,120.86,2406000,120.4975,0.97,124.5979381443299
2023-07-17,120.19,122.05,120.0,121.03,1839019,120.8175,0.97,124.77319587628867
2023-07-18,120.93,122.73,120.7,122.19,1675800,121.6375,0.97,125.96907216494846
2023-07-19,122.35,123.55,122.22,123.31,1479000,122.8575,0.97,127.12371134020619
2023-07-20,123.11,124.12,122.35,123.85,1599247,123.3575,0.97,127.68041237113403
2023-07-21,124.66,124.89,123.41,123.41,5885845,124.0925,0.97,127.22680412371135
2023-07-24,123.61,125.31,123.41,125.25,1646100,124.395,0.97,129.1237113402062
2023-07-25,124.98,125.3,124.37,125.02,1329508,124.9175,0.97,128.88659793814432
2023-07-26,124.93,129.03,124.93,127.75,2452311,126.66,0.97,131.70103092783506
2023-07-27,128.05,129.7,126.37,127.05,2217130,127.7925,0.97,130.97938144329896
2023-07-28,128.01,128.34,125.54,126.52,1909700,127.1025,0.97,130.43298969072166
2023-07-31,126.3,126.44,124.3,125.47,1508412,125.6275,0.97,129.35051546391753
2023-08-01,125.24,126.13,124.2,125.81,1550553,125.345,0.97,129.70103092783506
2023-08-02,124.53,124.99,123.76,124.39,1490218,124.4175,0.97,128.23711340206185
2023-08-03,124.52,125.28,123.7,124.67,1012400,124.5425,0.97,128.5257731958763
2023-08-04,125.03,125.03,122.71,122.99,1268802,123.94,0.97,126.79381443298969
2023-08-07,123.44,125.2,123.27,125.07,1056900,124.245,0.97,128.93814432989691
2023-08-08,124.46,124.46,122.7,123.9,1533200,123.88,0.97,127.7319587628866
2023-08-09,122.83,124.32,122.83,124.03,1044329,123.5025,0.97,127.86597938144331
2023-08-10,124.31,125.32,123.78,124.31,1002125,124.43,0.97,128.15463917525773
2023-08-11,123.96,125.67,123.45,125.48,1419120,124.64,0.97,129.36082474226805
2023-08-14,125.25,126.2,124.75,124.99,968093,125.2975,0.97,128.8556701030928
2023-08-15,124.06,124.67,123.55,123.59,1824500,123.9675,0.97,127.41237113402063
2023-08-16,123.59,123.94,122.43,122.5,1385215,123.115,0.97,126.28865979381443
2023-08-17,122.83,123.59,120.77,121.0,1836801,122.0475,0.97,124.74226804123711
2023-08-18,120.46,121.37,120.26,120.48,1480919,120.6425,0.97,124.20618556701032
2023-08-21,120.34,120.79,119.56,120.57,1404024,120.315,0.97,124.29896907216495
2023-08-22,120.92,121.32,119.36,119.45,1394119,120.2625,0.97,123.14432989690722
2023-08-23,119.94,121.92,119.5,121.62,1164300,120.745,0.97,125.38144329896907
2023-08-24,122.3,122.86,120.66,120.76,1146000,121.645,0.97,124.49484536082475
2023-08-25,120.94,122.35,120.85,121.87,1452714,121.5025,0.97,125.63917525773196
2023-08-28,122.46,122.74,121.81,122.2,1460600,122.3025,0.97,125.97938144329898
2023-08-29,122.2,122.37,120.71,121.98,1695032,121.815,0.97,125.75257731958763
2023-08-30,122.16,122.88,121.83,122.53,1171248,122.35,0.97,126.31958762886599
2023-08-31,122.27,122.6,121.61,122.23,1930979,122.1775,0.97,126.01030927835052
2023-09-01,122.69,123.21,121.08,122.4,1219800,122.345,0.97,126.18556701030928
2023-09-05,121.38,122.24,120.73,121.37,1977700,121.43,0.97,125.1237113402062
2023-09-06,120.54,121.08,119.9,120.37,1149400,120.4725,0.97,124.09278350515464
2023-09-07,120.44,121.09,119.99,120.19,1056400,120.4275,0.97,123.90721649484536
2023-09-08,120.76,120.93,120.24,120.54,989600,120.6175,0.97,124.26804123711341
2023-09-11,120.54,120.72,119.26,119.89,1063100,120.1025,0.97,123.5979381443299
2023-09-12,119.89,120.12,119.39,119.76,968300,119.79,0.97,123.4639175257732
2023-09-13,119.49,119.88,118.82,119.3,872800,119.3725,0.97,122.98969072164948
2023-09-14,119.69,119.84,118.77,118.94,1479638,119.31,0.97,122.61855670103093
2023-09-15,119.0,119.0,115.73,115.97,3431500,117.425,0.97,119.55670103092784
2023-09-18,115.97,117.15,115.97,116.31,1857917,116.35,0.97,119.90721649484537
2023-09-19,115.98,116.42,115.22,116.15,1514400,115.9425,0.97,119.74226804123712
2023-09-20,116.63,116.95,115.6,115.65,1612428,116.2075,0.97,119.22680412371135
2023-09-21,115.08,115.38,113.11,113.31,1872400,114.22,0.97,116.81443298969073
2023-09-22,112.88,114.17,112.88,112.95,1285300,113.22,0.97,116.44329896907217
2023-09-25,112.97,114.39,112.85,114.35,1667102,113.64,0.97,117.88659793814433
2023-09-26,113.96,114.33,112.39,112.72,3140600,113.35,0.97,116.20618556701031
2023-09-27,112.5,118.08,110.42,116.51,3391800,114.3775,0.97,120.11340206185568
2023-09-28,117.15,118.65,116.39,117.12,2402500,117.3275,1.16,100.96551724137932
2023-09-29,117.72,118.07,114.8,115.33,1691500,116.48,1.16,99.42241379310346
2023-10-02,114.83,115.07,113.41,113.78,2220230,114.2725,1.16,98.08620689655173
2023-10-03,113.93,115.34,113.49,114.24,1680672,114.25,1.16,98.48275862068965
2023-10-04,114.79,115.64,113.82,115.28,1702638,114.8825,1.16,99.37931034482759
2023-10-05,115.61,115.73,113.97,114.87,1103900,115.045,1.16,99.02586206896552
2023-10-06,114.08,117.68,113.62,117.4,2219700,115.695,1.16,101.20689655172416
2023-10-09,117.08,119.41,117.07,119.16,1259100,118.18,1.16,102.72413793103449
2023-10-10,119.12,120.16,118.03,118.43,2029700,118.935,1.16,102.0948275862069
2023-10-11,119.03,119.18,117.48,118.66,1380300,118.5875,1.16,102.29310344827587
2023-10-12,119.14,119.32,117.96,118.56,1332511,118.745,1.16,102.20689655172414
2023-10-13,119.14,119.4,116.97,117.98,932626,118.3725,1.16,101.70689655172414
2023-10-16,119.03,119.19,117.62,118.73,1292100,118.6425,1.16,102.35344827586208
2023-10-17,118.81,119.55,118.45,119.14,1110731,118.9875,1.16,102.70689655172414
2023-10-18,119.08,119.23,117.8,118.27,1373132,118.595,1.16,101.95689655172414
2023-10-19,118.51,119.63,117.53,118.19,1622631,118.465,1.16,101.88793103448276
2023-10-20,118.19,118.38,115.9,116.0,2038937,117.1175,1.16,100.0
2023-10-23,116.08,117.95,115.67,116.63,1540135,116.5825,1.16,100.54310344827587
2023-10-24,117.24,117.65,115.57,117.12,1229343,116.895,1.16,100.96551724137932
2023-10-25,115.94,115.94,111.36,112.19,3904916,113.8575,1.16,96.71551724137932
2023-10-26,112.25,113.28,111.65,111.75,2315017,112.2325,1.16,96.33620689655173
2023-10-27,111.57,111.57,109.02,109.57,1739100,110.4325,1.16,94.45689655172414
2023-10-30,110.56,111.02,109.24,110.57,1290500,110.3475,1.16,95.31896551724138
2023-10-31,110.68,111.31,110.0,111.05,1369800,110.76,1.16,95.73275862068967
2023-11-01,109.36,109.36,106.27,108.86,3094388,108.4625,1.16,93.8448275862069
2023-11-02,109.65,112.53,109.5,112.47,1562621,111.0375,1.16,96.95689655172414
2023-11-03,113.49,114.1,108.58,110.46,2878300,111.6575,1.16,95.22413793103448
2023-11-06,110.77,111.54,109.98,111.49,1745500,110.945,1.16,96.11206896551724
2023-11-07,111.62,112.68,110.82,112.53,1910800,111.9125,1.16,97.00862068965517
2023-11-08,113.06,114.42,112.34,114.05,1502710,113.4675,1.16,98.31896551724138
2023-11-09,114.65,115.16,113.7,114.02,1897000,114.3825,1.16,98.29310344827587
2023-11-10,114.9,115.83,114.26,115.43,1537186,115.105,1.16,99.50862068965519
2023-11-13,114.16,114.87,113.87,114.48,1275400,114.345,1.16,98.68965517241381
2023-11-14,116.3,116.93,115.34,116.26,1737825,116.2075,1.16,100.22413793103449
2023-11-15,116.69,117.88,116.6,117.14,2240507,117.0775,1.16,100.98275862068967
2023-11-16,118.31,118.88,115.43,116.49,1316400,117.2775,1.16,100.42241379310344
2023-11-17,117.19,117.68,116.56,117.52,1275500,117.2375,1.16,101.3103448275862
2023-11-20,117.07,119.03,117.07,118.77,1502327,117.985,1.16,102.38793103448276
2023-11-21,118.8,119.06,118.13,118.36,1861908,118.5875,1.16,102.0344827586207
2023-11-22,119.35,119.89,118.25,118.95,2495315,119.11,1.16,102.54310344827587
2023-11-24,119.31,119.32,118.23,118.5,548200,118.84,1.16,102.15517241379311
2023-11-27,118.19,119.1,117.74,118.95,1659805,118.495,1.16,102.54310344827587
2023-11-28,119.14,119.69,118.6,119.58,1903100,119.2525,1.16,103.08620689655173
2023-11-29,120.0,121.91,119.67,121.15,1991100,120.6825,1.16,104.43965517241381
2023-11-30,121.59,122.17,120.82,121.97,2678400,121.6375,1.16,105.14655172413794
2023-12-01,121.96,124.14,121.64,123.92,1625900,122.915,1.16,106.82758620689656
2023-12-04,122.5,124.4,122.48,124.18,1610639,123.39,1.16,107.05172413793105
2023-12-05,124.01,124.27,122.53,123.04,1732000,123.4625,1.16,106.0689655172414
2023-12-06,123.64,124.56,123.0,124.42,1841600,123.905,1.16,107.25862068965517
2023-12-07,124.85,125.34,123.55,124.83,1753254,124.6425,1.16,107.61206896551725
2023-12-08,124.44,125.16,123.84,124.02,1707821,124.365,1.16,106.91379310344828
2023-12-11,124.79,126.13,124.73,125.2,2264853,125.2125,1.16,107.93103448275863
2023-12-12,125.75,126.66,124.61,126.56,1406500,125.895,1.16,109.10344827586208
2023-12-13,126.89,128.19,125.73,128.12,2907720,127.2325,1.16,110.44827586206898
2023-12-14,128.71,128.86,126.54,126.83,3489724,127.735,1.16,109.33620689655173
2023-12-15,126.54,127.84,126.33,126.84,3827355,126.8875,1.16,109.3448275862069
2023-12-18,127.83,128.0,126.81,127.74,1751129,127.595,1.16,110.12068965517241
2023-12-19,127.9,129.37,127.02,128.79,2755408,128.27,1.16,111.02586206896552
2023-12-20,128.23,129.66,127.78,127.86,2761536,128.3825,1.16,110.22413793103449
2023-12-21,122.25,122.25,118.59,118.9,5820000,120.4975,1.09,109.08256880733944
2023-12-22,118.7,121.1,118.58,119.86,2654401,119.56,1.09,109.96330275229357
2023-12-26,119.32,120.6,119.12,120.18,1388325,119.805,1.09,110.25688073394495
2023-12-27,120.11,120.11,118.9,119.07,1394919,119.5475,1.09,109.23853211009173
2023-12-28,119.36,120.07,119.06,119.5,2203009,119.4975,1.09,109.63302752293578
2023-12-29,119.13,119.55,118.33,119.11,1241833,119.03,1.09,109.27522935779815
2024-01-02,118.84,119.09,117.32,117.87,1982100,118.28,1.09,108.13761467889908
2024-01-03,118.46,118.69,116.77,116.84,1595000,117.69,1.09,107.19266055045871
2024-01-04,117.42,118.46,117.15,117.85,1525400,117.72,1.09,108.11926605504586
2024-01-05,117.49,118.65,117.43,117.98,1299400,117.8875,1.09,108.23853211009174
2024-01-08,117.96,119.58,117.44,119.47,2047509,118.6125,1.09,109.60550458715595
2024-01-09,118.55,118.85,117.5,118.67,1252800,118.3925,1.09,108.87155963302752
2024-01-10,118.7,119.26,118.16,118.89,1011400,118.7525,1.09,109.07339449541284
2024-01-11,118.97,119.23,117.78,119.14,1711700,118.78,1.09,109.30275229357797
2024-01-12,119.98,120.37,118.79,119.72,1033813,119.715,1.09,109.83486238532109
2024-01-16,119.36,119.85,118.64,119.81,1967400,119.415,1.09,109.91743119266054
2024-01-17,119.36,120.37,119.36,120.11,1385100,119.8,1.09,110.19266055045871
2024-01-18,120.2,120.51,118.9,120.37,1884800,119.995,1.09,110.43119266055045
2024-01-19,121.03,122.75,119.79,122.09,2256426,121.415,1.09,112.0091743119266
2024-01-22,121.99,123.09,121.8,122.79,1151221,122.4175,1.09,112.65137614678899
2024-01-23,122.64,123.5,122.51,122.82,2017714,122.8675,1.09,112.67889908256879
2024-01-24,123.55,124.39,121.5,121.89,2591301,122.8325,1.09,111.82568807339449
2024-01-25,121.84,123.2,120.49,121.01,1563800,121.635,1.09,111.01834862385321
2024-01-26,121.25,121.42,120.35,120.94,1166743,120.99,1.09,110.95412844036696
2024-01-29,120.57,121.53,120.46,121.36,1490248,120.98,1.09,111.3394495412844
2024-01-30,120.39,122.54,120.24,122.42,1445652,121.3975,1.09,112.31192660550458
2024-01-31,123.04,123.82,121.47,121.73,2351300,122.515,1.09,111.6788990825688
2024-02-01,121.78,122.01,119.23,121.1,2086813,121.03,1.09,111.10091743119264
2024-02-02,121.19,122.09,120.19,121.77,1946200,121.31,1.09,111.71559633027522
2024-02-05,121.32,121.34,119.42,119.89,1663622,120.4925,1.09,109.99082568807339
2024-02-06,120.35,122.61,119.96,122.19,2238545,121.2775,1.09,112.10091743119266
2024-02-07,122.95,123.19,121.65,122.1,1411125,122.4725,1.09,112.0183486238532
2024-02-08,122.0,122.81,121.1,122.75,1084544,122.165,1.09,112.61467889908256
2024-02-09,123.01,123.25,121.84,123.03,1714800,122.7825,1.09,112.87155963302752
2024-02-12,122.12,122.54,121.56,122.1,2257088,122.08,1.09,112.0183486238532
2024-02-13,121.65,121.84,120.36,121.39,1932748,121.31,1.09,111.36697247706421
2024-02-14,121.8,122.79,121.27,122.22,1792141,122.02,1.09,112.12844036697247
2024-02-15,122.6,123.2,122.41,122.79,1435401,122.75,1.09,112.65137614678899
2024-02-16,122.65,123.82,122.01,123.38,1100300,122.965,1.09,113.1926605504587
2024-02-20,123.38,124.51,123.27,124.49,1415525,123.9125,1.09,114.21100917431191
2024-02-21,124.71,124.85,122.77,123.43,1100755,123.94,1.09,113.23853211009174
2024-02-22,123.78,125.01,123.24,124.71,1467200,124.185,1.09,114.41284403669724
2024-02-23,125.0,125.26,124.58,124.64,1077026,124.87,1.09,114.348623853211
2024-02-26,124.62,124.83,123.28,123.37,1192525,124.025,1.09,113.18348623853211
2024-02-27,123.05,123.75,122.3,122.9,1052100,123.0,1.09,112.75229357798165
2024-02-28,122.9,123.41,122.3,122.41,898500,122.755,1.09,112.30275229357797
2024-02-29,123.14,123.14,122.16,122.62,1954942,122.765,1.09,112.4954128440367
2024-03-01,122.11,122.65,121.38,122.23,1017723,122.0925,1.09,112.13761467889908
2024-03-04,122.95,124.36,122.3,122.34,2728600,122.9875,1.09,112.23853211009174
2024-03-05,122.38,122.5,119.67,120.23,1691309,121.195,1.09,110.30275229357798
2024-03-06,120.12,121.38,119.61,120.73,1800107,120.46,1.09,110.76146788990825
2024-03-07,121.53,122.06,120.13,121.13,2036100,121.2125,1.09,111.12844036697247
2024-03-08,120.84,121.89,120.25,120.82,1344903,120.95,1.09,110.84403669724769
2024-03-11,121.24,121.78,119.84,121.64,1280410,121.125,1.09,111.59633027522935
2024-03-12,121.16,122.94,120.98,122.65,1551829,121.9325,1.09,112.5229357798165
2024-03-13,122.65,123.34,121.96,122.13,1637700,122.52,1.09,112.04587155963301
2024-03-14,122.21,122.52,120.92,121.57,1674400,121.805,1.09,111.5321100917431
2024-03-15,121.33,121.9,119.79,120.28,5841100,120.825,1.09,110.348623853211
2024-03-18,121.08,121.6,120.48,120.54,1214900,120.925,1.09,110.58715596330275
2024-03-19,120.44,121.16,120.02,121.04,1111400,120.665,1.09,111.04587155963303
2024-03-20,121.53,123.54,120.96,123.0,1500089,122.2575,1.09,112.8440366972477
2024-03-21,123.34,123.68,122.3,122.33,2191106,122.9125,1.09,112.22935779816513
2024-03-22,122.84,122.84,120.69,120.84,1426408,121.8025,1.09,110.86238532110092
2024-03-25,120.57,120.76,118.41,118.96,1892854,119.675,1.09,109.13761467889907
2024-03-26,118.58,119.8,118.4,119.58,1723300,119.09,1.09,109.70642201834862
2024-03-27,120.71,121.83,120.14,121.53,1526433,121.0525,1.09,111.4954128440367
2024-03-28,122.0,122.97,121.85,122.8,1618308,122.405,1.09,112.66055045871559
2024-04-01,123.0,123.09,121.25,121.62,2815200,122.24,1.09,111.57798165137615
2024-04-02,116.57,122.58,114.72,122.08,5003900,118.9875,1.39,87.82733812949641
2024-04-03,122.02,122.05,119.23,120.26,2484970,120.89,1.39,86.5179856115108
2024-04-04,121.29,121.81,119.39,119.99,2029119,120.62,1.39,86.32374100719424
2024-04-05,120.01,122.4,119.87,122.38,2056100,121.165,1.39,88.0431654676259
2024-04-08,121.7,124.11,121.57,123.85,2647248,122.8075,1.39,89.10071942446044
2024-04-09,124.81,126.71,124.33,126.59,2227800,125.61,1.39,91.07194244604318
2024-04-10,126.0,126.2,123.41,124.52,1914200,125.0325,1.39,89.58273381294964
2024-04-11,124.78,125.86,122.83,124.24,1712424,124.4275,1.39,89.38129496402878
2024-04-12,123.67,124.1,122.25,123.0,2004438,123.255,1.39,88.48920863309353
2024-04-15,124.17,124.68,122.25,122.45,2138100,123.3875,1.39,88.09352517985613
2024-04-16,122.49,122.76,121.0,121.14,2000700,121.8475,1.39,87.15107913669065
2024-04-17,121.49,121.49,119.07,119.14,2281310,120.2975,1.39,85.71223021582735
2024-04-18,119.78,119.78,117.74,117.79,2297830,118.7725,1.39,84.74100719424462
2024-04-19,117.79,119.85,117.79,119.52,2643302,118.7375,1.39,85.98561151079137
2024-04-22,120.0,122.02,119.84,121.23,1912000,120.7725,1.39,87.2158273381295
2024-04-23,121.23,122.09,120.71,121.62,1223741,121.4125,1.39,87.49640287769785
2024-04-24,120.8,122.68,120.42,122.52,1806800,121.605,1.39,88.14388489208633
2024-04-25,123.41,123.97,121.27,121.97,1204346,122.655,1.39,87.74820143884892
2024-04-26,121.23,122.19,119.85,119.97,2400533,120.81,1.39,86.30935251798562
2024-04-29,120.28,121.03,120.09,120.81,1925934,120.5525,1.39,86.9136690647482
2024-04-30,120.35,120.47,118.7,118.81,1687600,119.5825,1.39,85.4748201438849
2024-05-01,118.87,122.11,118.87,119.41,1470964,119.815,1.39,85.90647482014388
2024-05-02,119.54,119.61,117.15,118.45,1478927,118.6875,1.39,85.2158273381295
2024-05-03,119.27,120.21,118.87,120.1,1540545,119.6125,1.39,86.40287769784173
2024-05-06,120.31,120.7,119.63,120.63,837900,120.3175,1.39,86.7841726618705
2024-05-07,120.94,122.02,120.64,121.79,1070114,121.3475,1.39,87.61870503597123
2024-05-08,121.99,122.1,120.24,121.19,875700,121.38,1.39,87.18705035971223
2024-05-09,120.45,121.38,120.09,121.3,1460031,120.805,1.39,87.26618705035972
2024-05-10,121.79,122.62,121.32,122.55,1063041,122.07,1.39,88.16546762589928
2024-05-13,122.97,124.88,122.94,124.77,1685939,123.89,1.39,89.76258992805755
2024-05-14,125.0,126.21,123.07,123.71,2451352,124.4975,1.39,89.0
2024-05-15,124.31,125.29,124.05,124.37,1266445,124.505,1.39,89.4748201438849
2024-05-16,124.37,125.63,123.56,125.19,1455300,124.6875,1.39,90.06474820143886
2024-05-17,125.1,125.83,124.14,125.65,2414700,125.18,1.39,90.39568345323742
2024-05-20,125.8,125.81,124.85,125.57,896500,125.5075,1.39,90.33812949640289
2024-05-21,126.03,126.03,124.77,125.9,943837,125.6825,1.39,90.57553956834533
2024-05-22,125.75,127.48,125.2,126.98,1736701,126.3525,1.39,91.35251798561151
2024-05-23,126.7,126.7,125.5,125.66,2120647,126.14,1.39,90.40287769784173
2024-05-24,125.88,126.85,124.01,124.23,1354400,125.2425,1.39,89.37410071942448
2024-05-28,123.79,123.89,119.48,120.27,2484813,121.8575,1.39,86.52517985611512
2024-05-29,119.31,120.64,118.69,118.75,1327689,119.3475,1.39,85.431654676259
2024-05-30,119.0,119.43,118.13,118.41,1429200,118.7425,1.39,85.18705035971223
2024-05-31,118.41,120.61,118.25,120.16,4177945,119.3575,1.39,86.44604316546763
2024-06-03,120.14,120.3,118.72,120.15,1978400,119.8275,1.39,86.43884892086332
2024-06-04,119.77,122.26,119.31,121.57,1266000,120.7275,1.39,87.46043165467626
2024-06-05,121.71,121.99,120.1,121.64,1166421,121.36,1.39,87.51079136690647
2024-06-06,121.86,122.81,121.49,121.83,1177300,121.9975,1.39,87.6474820143885
2024-06-07,121.3,124.16,121.3,122.58,1975900,122.335,1.39,88.18705035971223
2024-06-10,122.12,122.48,120.75,121.94,2717800,121.8225,1.39,87.72661870503597
2024-06-11,121.81,124.13,121.62,123.93,2435615,122.8725,1.39,89.15827338129498
2024-06-12,124.25,124.51,122.69,122.82,1889300,123.5675,1.39,88.35971223021583
2024-06-13,122.12,122.85,121.25,122.67,1528200,122.2225,1.39,88.25179856115109
2024-06-14,122.6,122.85,121.46,121.99,1144904,122.225,1.39,87.76258992805755
2024-06-17,121.52,124.89,120.8,124.71,1478000,122.98,1.39,89.71942446043165
2024-06-18,124.93,125.56,124.03,125.46,1181740,124.995,1.39,90.2589928057554
2024-06-20,125.29,126.2,124.84,125.08,2256800,125.3525,1.39,89.98561151079137
2024-06-21,125.61,126.19,125.16,125.96,2889819,125.73,1.39,90.61870503597123
2024-06-24,126.22,127.75,125.59,126.08,1735946,126.41,1.39,90.70503597122303
2024-06-25,126.13,126.48,124.77,125.03,2510507,125.6025,1.39,89.9496402877698
2024-06-26,125.0,125.0,117.31,117.39,5176211,121.175,1.39,84.45323741007195
2024-06-27,117.21,118.19,115.54,117.84,2610010,117.195,1.39,84.77697841726619
2024-06-28,117.57,119.83,117.52,118.56,6556909,118.37,1.39,85.29496402877699
2024-07-01,118.97,120.14,116.36,117.0,1727812,118.1175,1.39,84.1726618705036
2024-07-02,116.77,118.43,116.23,118.38,1717800,117.4525,1.39,85.16546762589928
2024-07-03,118.2,118.38,117.38,117.43,1072413,117.8475,1.39,84.48201438848922
2024-07-05,117.73,117.73,116.33,117.54,1585817,117.3325,1.39,84.5611510791367
2024-07-08,117.48,118.0,115.77,116.17,1601599,116.855,1.39,83.57553956834533
2024-07-09,116.01,117.22,115.8,117.02,1802171,116.5125,1.39,84.18705035971223
2024-07-10,117.08,117.08,115.4,116.97,2368121,116.6325,1.39,84.15107913669065
2024-07-11,116.84,118.52,116.57,117.06,1609300,117.2475,1.06,110.43396226415094
2024-07-12,117.82,118.85,117.43,118.3,1453515,118.1,1.06,111.60377358490565
2024-07-15,118.58,121.86,118.58,121.63,1979812,120.1625,1.06,114.74528301886791
2024-07-16,121.54,124.31,121.49,124.28,1791507,122.905,1.06,117.24528301886792
2024-07-17,124.58,126.92,124.57,126.81,3488813,125.72,1.06,119.63207547169812
2024-07-18,125.55,128.18,123.8,124.24,2757400,125.4425,1.06,117.2075471698113
2024-07-19,124.48,124.89,122.31,122.68,1822258,123.59,1.06,115.73584905660377
2024-07-22,123.07,123.64,121.33,122.98,1586026,122.755,1.06,116.0188679245283
2024-07-23,122.38,124.23,122.13,123.71,1809400,123.1125,1.06,116.7075471698113
2024-07-24,124.0,124.09,122.68,123.24,2784300,123.5025,1.06,116.26415094339622
2024-07-25,124.1,127.4,123.77,123.98,1829046,124.8125,1.06,116.9622641509434
2024-07-26,124.45,126.19,124.26,125.75,1371622,125.1625,1.06,118.6320754716981
2024-07-29,126.01,127.11,125.24,126.77,971604,126.2825,1.06,119.5943396226415
2024-07-30,127.18,128.42,127.07,127.92,1657900,127.6475,1.06,120.67924528301886
2024-07-31,128.96,129.92,127.93,128.02,2494383,128.7075,1.06,120.77358490566039
2024-08-01,127.4,128.68,125.61,126.49,2112503,127.045,1.06,119.33018867924527
2024-08-02,126.42,127.52,124.65,127.28,2415604,126.4675,1.06,120.0754716981132
2024-08-05,127.81,128.0,124.29,124.7,2256901,126.2,1.06,117.64150943396226
2024-08-06,124.7,126.82,124.07,125.22,1547500,125.2025,1.06,118.1320754716981
2024-08-07,125.01,127.19,123.08,123.22,1880300,124.625,1.06,116.24528301886792
2024-08-08,122.66,124.95,122.07,124.37,2028041,123.5125,1.06,117.33018867924528
2024-08-09,124.17,124.72,123.0,124.46,1210000,124.0875,1.06,117.41509433962263
2024-08-12,124.4,124.68,123.13,123.75,1751620,123.99,1.06,116.74528301886792
2024-08-13,123.68,125.75,123.35,125.41,1284100,124.5475,1.06,118.31132075471697
2024-08-14,125.36,125.65,124.48,125.1,1637910,125.1475,1.06,118.0188679245283
2024-08-15,125.29,126.29,125.29,125.82,1250158,125.6725,1.06,118.69811320754715
2024-08-16,125.76,125.76,124.9,125.2,1171508,125.405,1.06,118.11320754716981
2024-08-19,125.2,126.21,124.69,125.21,1562500,125.3275,1.06,118.12264150943395
2024-08-20,125.09,125.73,124.64,125.25,975232,125.1775,1.06,118.16037735849056
2024-08-21,126.0,127.1,125.45,127.03,1616316,126.395,1.06,119.83962264150944
2024-08-22,127.58,127.93,126.78,127.89,1391044,127.545,1.06,120.65094339622641
2024-08-23,128.39,130.15,127.76,130.0,2120698,129.075,1.06,122.64150943396226
2024-08-26,130.87,131.49,130.11,130.19,1817575,130.665,1.06,122.82075471698113
2024-08-27,129.14,130.54,129.14,130.1,2022174,129.73,1.06,122.73584905660377
2024-08-28,130.65,132.13,129.56,129.98,1392427,130.58,1.06,122.62264150943395
2024-08-29,130.69,131.43,129.04,129.55,1135932,130.1775,1.06,122.21698113207547
2024-08-30,129.92,131.39,129.2,131.2,1798939,130.4275,1.06,123.77358490566036
2024-09-03,131.07,133.12,130.48,131.93,1604700,131.65,1.06,124.4622641509434
2024-09-04,132.05,133.0,131.08,132.04,988783,132.0425,1.06,124.56603773584904
2024-09-05,132.1,132.3,129.34,130.07,1207236,130.9525,1.06,122.7075471698113
2024-09-06,130.1,131.09,128.92,129.38,1359690,129.8725,1.06,122.0566037735849
2024-09-09,130.07,132.32,129.39,132.22,1199512,131.0,1.06,124.73584905660377
2024-09-10,132.7,134.27,131.94,134.12,1226014,133.2575,1.06,126.52830188679245
2024-09-11,133.14,133.59,129.2,132.99,2324708,132.23,1.06,125.4622641509434
2024-09-12,133.77,134.47,132.36,134.19,1567984,133.6975,1.06,126.5943396226415
2024-09-13,134.09,136.4,133.97,135.09,1499746,134.8875,1.06,127.44339622641509
2024-09-16,135.42,137.4,134.75,135.19,1244345,135.69,1.06,127.53773584905659
2024-09-17,135.03,136.41,134.75,134.93,1263400,135.28,1.06,127.29245283018868
2024-09-18,134.98,135.46,132.36,132.5,1444723,133.825,1.06,125.0
2024-09-19,134.35,134.35,132.26,133.17,1252626,133.5325,1.06,125.6320754716981
2024-09-20,133.17,134.46,131.83,133.26,2411813,133.18,1.06,125.71698113207546
2024-09-23,133.86,134.92,132.89,134.06,1346537,133.9325,1.06,126.47169811320754
2024-09-24,134.06,134.06,132.69,133.63,1693432,133.61,1.06,126.06603773584905
2024-09-25,134.04,134.26,132.38,132.46,1810190,133.285,1.06,124.9622641509434
2024-09-26,133.07,133.69,132.14,132.99,1544848,132.9725,1.06,125.4622641509434
2024-09-27,133.43,134.15,132.72,132.99,1670700,133.3225,1.06,125.4622641509434
2024-09-30,133.04,134.82,132.92,134.19,2813851,133.7425,1.06,126.5943396226415
2024-10-01,137.69,141.59,132.18,140.79,5197900,138.0625,1.19,118.3109243697479
2024-10-02,139.38,142.04,138.54,140.76,3208300,140.18,1.19,118.28571428571428
2024-10-03,139.96,141.0,138.77,139.36,2884972,139.7725,1.19,117.109243697479
2024-10-04,140.62,140.67,138.32,138.65,1776714,139.565,1.19,116.51260504201682
2024-10-07,137.88,138.62,136.97,137.44,1148013,137.7275,1.19,115.49579831932773
2024-10-08,138.0,138.57,137.27,138.16,1079839,138.0,1.19,116.10084033613445
2024-10-09,138.23,139.91,137.95,139.84,1159122,138.9825,1.19,117.51260504201682
2024-10-10,139.39,139.86,138.64,139.29,892800,139.295,1.19,117.05042016806722
2024-10-11,139.99,140.08,138.77,138.89,1498100,139.4325,1.19,116.71428571428571
2024-10-14,139.1,142.73,138.58,142.35,1430300,140.69,1.19,119.6218487394958
2024-10-15,142.35,144.17,141.79,142.3,1499951,142.6525,1.19,119.57983193277312
2024-10-16,142.0,142.5,140.82,142.28,1170500,141.9,1.19,119.56302521008404
2024-10-17,143.02,143.22,141.42,142.32,1279819,142.495,1.19,119.59663865546219
2024-10-18,142.34,142.49,141.18,141.53,1359706,141.885,1.19,118.9327731092437
2024-10-21,141.68,141.91,140.34,141.09,834022,141.255,1.19,118.56302521008404
2024-10-22,140.47,141.64,139.55,141.34,1305251,140.75,1.19,118.77310924369749
2024-10-23,140.47,141.91,140.01,141.43,1062216,140.955,1.19,118.84873949579833
2024-10-24,142.0,142.47,140.78,141.68,1171917,141.7325,1.19,119.05882352941178
2024-10-25,142.35,142.76,140.19,140.33,1237610,141.4075,1.19,117.92436974789918
2024-10-28,140.09,140.62,139.35,140.27,1514337,140.0825,1.19,117.87394957983194
2024-10-29,140.03,142.42,139.27,141.87,2044500,140.8975,1.19,119.21848739495799
2024-10-30,141.5,142.47,139.93,141.39,1436038,141.3225,1.19,118.81512605042016
2024-10-31,141.53,142.01,139.3,139.33,1594200,140.5425,1.19,117.0840336134454
2024-11-01,139.14,140.14,138.02,139.09,1182400,139.0975,1.19,116.88235294117648
2024-11-04,140.17,140.44,138.92,139.68,1037600,139.8025,1.19,117.37815126050421
2024-11-05,140.07,140.4,139.32,139.76,2108339,139.8875,1.19,117.4453781512605
2024-11-06,143.34,149.26,142.15,148.59,3512345,145.835,1.19,124.86554621848741
2024-11-07,147.36,147.52,145.7,146.56,1593243,146.785,1.19,123.15966386554622
2024-11-08,147.38,149.24,146.24,148.57,2022200,147.8575,1.19,124.84873949579831
2024-11-11,149.12,150.71,148.6,148.73,1325006,149.29,1.19,124.98319327731092
2024-11-12,148.43,149.78,147.94,148.0,2322955,148.5375,1.19,124.36974789915966
2024-11-13,147.73,148.2,146.21,146.53,2653226,147.1675,1.19,123.1344537815126
2024-11-14,146.03,146.4,145.32,145.84,1455222,145.8975,1.19,122.5546218487395
2024-11-15,145.81,145.81,142.73,142.96,1631200,144.3275,1.19,120.13445378151262
2024-11-18,143.35,143.62,141.61,141.76,1122547,142.585,1.19,119.12605042016807
2024-11-19,141.26,141.83,140.37,140.66,1353600,141.03,1.19,118.2016806722689
2024-11-20,140.16,142.05,139.7,141.83,1349036,140.935,1.19,119.18487394957985
2024-11-21,142.89,144.19,141.7,144.09,1089607,143.2175,1.19,121.08403361344538
2024-11-22,144.43,145.51,143.7,144.46,1249651,144.525,1.19,121.3949579831933
2024-11-25,145.11,145.87,143.82,145.26,2018872,145.015,1.19,122.0672268907563
2024-11-26,146.0,146.32,144.97,146.19,1366818,145.87,1.19,122.84873949579833
2024-11-27,146.23,147.42,145.51,145.71,1018000,146.2175,1.19,122.44537815126051
2024-11-29,145.49,146.62,145.37,146.27,730617,145.9375,1.19,122.91596638655463
2024-12-02,146.37,146.49,144.62,145.45,1265700,145.7325,1.19,122.22689075630252
2024-12-03,145.59,145.74,144.0,144.49,1453400,144.955,1.19,121.42016806722691
2024-12-04,145.18,145.24,143.55,143.98,1421302,144.4875,1.19,120.99159663865547
2024-12-05,144.17,144.51,141.24,142.4,1414700,143.08,1.19,119.6638655462185
2024-12-06,142.92,143.92,142.66,142.86,2243202,143.09,1.19,120.05042016806725
2024-12-09,142.86,143.19,139.81,140.95,1692300,141.7025,1.19,118.4453781512605
2024-12-10,140.85,142.69,139.81,142.39,2385244,141.435,1.19,119.65546218487394
2024-12-11,142.42,143.16,140.97,141.24,2179172,141.9475,1.19,118.68907563025212
2024-12-12,141.34,142.16,139.56,141.19,1810600,141.0625,1.19,118.64705882352942
2024-12-13,141.48,141.87,140.41,140.98,2138150,141.185,1.19,118.47058823529412
2024-12-16,141.99,142.25,140.74,141.2,2512455,141.545,1.19,118.65546218487394
2024-12-17,140.71,142.29,139.46,140.28,3513200,140.685,1.19,117.88235294117648
2024-12-18,139.36,141.7,135.84,135.86,4054003,138.19,1.19,114.16806722689077
2024-12-19,140.94,142.68,137.09,137.81,4200107,139.63,1.15,119.83478260869566
2024-12-20,136.58,140.11,136.58,139.54,4925600,138.2025,1.15,121.33913043478262
2024-12-23,139.17,139.59,137.98,139.34,1514828,139.02,1.15,121.16521739130437
2024-12-24,139.35,141.7,139.1,141.39,885800,140.385,1.15,122.94782608695652
2024-12-26,141.07,142.87,140.8,142.64,2364222,141.845,1.15,124.03478260869565
2024-12-27,142.1,142.98,140.61,141.27,2032100,141.74,1.15,122.84347826086959
2024-12-30,140.66,140.71,138.31,139.96,1639200,139.91,1.15,121.70434782608697
2024-12-31,140.46,140.97,139.86,140.22,1265638,140.3775,1.15,121.9304347826087
2025-01-02,141.39,141.63,138.21,138.5,1601861,139.9325,1.15,120.43478260869566
2025-01-03,138.89,140.12,138.31,139.67,1284600,139.2475,1.15,121.45217391304348
2025-01-06,137.53,139.35,135.02,136.06,2629120,136.99,1.15,118.31304347826088
2025-01-07,137.17,140.24,137.0,139.26,2279084,138.4175,1.15,121.09565217391304
2025-01-08,139.95,140.46,138.14,140.25,2080000,139.7,1.15,121.95652173913044
2025-01-10,140.77,141.03,138.72,139.06,1904011,139.895,1.15,120.92173913043479
2025-01-13,138.73,140.97,138.33,140.53,1430540,139.64,1.15,122.20000000000002
2025-01-14,140.64,142.3,139.85,141.71,1729400,141.125,1.15,123.22608695652175
2025-01-15,143.0,145.42,142.03,144.27,3787309,143.68,1.15,125.4521739130435
2025-01-16,144.27,147.25,143.49,146.84,2263000,145.4625,1.15,127.68695652173915
2025-01-17,149.46,149.46,146.19,146.29,2116028,147.85,1.15,127.20869565217392
2025-01-21,146.36,147.22,145.06,145.66,1483800,146.075,1.15,126.6608695652174
2025-01-22,145.62,146.43,144.67,144.78,1654200,145.375,1.15,125.89565217391305
2025-01-23,144.52,145.37,144.09,144.75,1331311,144.6825,1.15,125.86956521739131
2025-01-24,144.16,146.35,144.16,146.11,1425400,145.195,1.15,127.0521739130435
2025-01-27,145.46,148.58,144.98,148.04,2446414,146.765,1.15,128.7304347826087
2025-01-28,148.17,150.41,147.38,147.48,1580342,148.36,1.15,128.24347826086958
2025-01-29,148.0,148.55,146.3,146.89,1801900,147.435,1.15,127.7304347826087
2025-01-30,147.21,149.87,147.21,148.05,1472896,148.085,1.15,128.73913043478262
2025-01-31,147.62,148.97,147.17,147.67,1766442,147.8575,1.15,128.40869565217392
2025-02-03,147.27,149.21,146.29,148.62,1589553,147.8475,1.15,129.23478260869567
2025-02-04,148.14,149.9,147.45,149.51,1664362,148.75,1.15,130.0086956521739
2025-02-05,149.96,151.01,148.66,150.87,1538377,150.125,1.15,131.1913043478261
2025-02-06,151.38,151.72,149.86,150.01,1536714,150.7425,1.15,130.44347826086957
2025-02-07,149.16,149.93,146.55,146.74,1803425,148.095,1.15,127.60000000000002
2025-02-10,147.98,147.98,146.54,147.01,1331800,147.3775,1.15,127.83478260869565
2025-02-11,146.31,146.69,145.46,146.1,1404155,146.14,1.15,127.04347826086958
2025-02-12,144.13,147.33,144.07,146.95,1377700,145.62,1.15,127.78260869565217
2025-02-13,146.94,148.78,146.49,148.63,1252228,147.71,1.15,129.24347826086958
2025-02-14,148.96,149.28,147.09,147.25,1052400,148.145,1.15,128.04347826086956
2025-02-18,147.66,149.24,147.2,148.4,1931009,148.125,1.15,129.0434782608696
2025-02-19,148.65,150.17,147.78,150.04,1094600,149.16,1.15,130.4695652173913
2025-02-20,149.65,150.66,149.35,150.26,1356200,149.98,1.15,130.66086956521738
2025-02-21,150.07,150.15,147.59,148.51,1674300,149.08,1.15,129.1391304347826
2025-02-24,148.61,150.96,148.31,149.89,2651187,149.4425,1.15,130.33913043478262
2025-02-25,150.19,151.86,150.07,151.0,1769509,150.78,1.15,131.30434782608697
2025-02-26,150.43,151.66,149.03,149.26,1211771,150.095,1.15,129.7913043478261
2025-02-27,149.35,150.61,148.3,148.76,1678300,149.255,1.15,129.35652173913044
2025-02-28,150.06,151.82,149.38,151.67,2485504,150.7325,1.15,131.88695652173914
2025-03-03,151.76,154.48,151.76,153.37,1790420,152.8425,1.15,133.36521739130436
2025-03-04,154.43,154.98,151.79,152.0,3820041,153.3,1.15,132.17391304347828
2025-03-05,150.91,153.26,150.6,152.1,1867549,151.7175,1.15,132.2608695652174
2025-03-06,151.26,151.88,147.86,149.89,2577147,150.2225,1.15,130.33913043478262
2025-03-07,149.36,154.05,148.95,153.48,2253837,151.46,1.15,133.4608695652174
2025-03-10,153.48,158.37,153.34,154.52,3967519,154.9275,1.15,134.36521739130436
2025-03-11,154.11,154.43,146.39,146.5,2955342,150.3575,1.15,127.3913043478261
2025-03-12,145.55,147.04,143.83,145.01,2780788,145.3575,1.15,126.09565217391305
2025-03-13,144.98,145.84,142.88,143.56,1977300,144.315,1.15,124.83478260869566
2025-03-14,143.36,145.85,143.26,145.44,1591344,144.4775,1.15,126.4695652173913
2025-03-17,144.91,148.44,144.48,147.99,1897010,146.455,1.15,128.68695652173915
2025-03-18,146.47,147.53,145.62,146.99,1351132,146.6525,1.15,127.81739130434785
2025-03-19,147.01,147.9,146.15,147.53,1722335,147.1475,1.15,128.28695652173914
2025-03-20,146.74,147.44,145.03,145.23,1464068,146.11,1.15,126.28695652173913
2025-03-21,144.12,144.54,142.01,143.02,4764681,143.4225,1.15,124.36521739130437
2025-03-24,143.63,145.17,143.33,144.83,2153500,144.24,1.15,125.93913043478263
2025-03-25,144.78,145.79,143.23,144.13,3388000,144.4825,1.15,125.3304347826087
2025-03-26,148.81,153.12,144.52,150.19,4430461,149.16,1.44,104.29861111111111
2025-03-27,149.48,152.13,147.59,151.83,2640533,150.2575,1.44,105.43750000000001
2025-03-28,152.32,152.88,150.1,151.03,2419752,151.5825,1.44,104.88194444444444
2025-03-31,151.4,154.71,151.4,154.28,2910733,152.9475,1.44,107.1388888888889
2025-04-01,154.07,155.16,152.96,154.59,1941092,154.195,1.44,107.35416666666667
2025-04-02,154.38,155.26,153.15,154.94,1422500,154.4325,1.44,107.59722222222223
2025-04-03,154.91,155.58,152.48,153.53,2623769,154.125,1.44,106.61805555555556
2025-04-04,152.84,153.05,143.24,143.32,3049825,148.1125,1.44,99.52777777777777
2025-04-07,140.8,145.54,136.82,140.49,4652014,140.9125,1.44,97.56250000000001
2025-04-08,141.51,142.58,135.26,137.01,4456238,139.09,1.44,95.14583333333333
2025-04-09,135.44,146.5,135.0,146.15,5285600,140.7725,1.44,101.49305555555556
2025-04-10,145.32,146.48,140.2,144.41,3099900,144.1025,1.44,100.28472222222223
2025-04-11,144.48,147.83,141.51,146.75,1918200,145.1425,1.44,101.90972222222223
2025-04-14,146.88,149.54,146.04,149.07,1720053,147.8825,1.44,103.52083333333333
2025-04-15,148.82,149.84,147.44,147.62,1154300,148.43,1.44,102.5138888888889
2025-04-16,147.54,148.23,144.54,145.57,1559013,146.47,1.44,101.09027777777777
2025-04-17,146.3,146.81,144.59,144.9,2148200,145.65,1.44,100.62500000000001
2025-04-21,144.06,144.51,138.17,140.39,2653710,141.7825,1.44,97.49305555555554
2025-04-22,142.01,143.88,141.45,143.29,1903453,142.6575,1.44,99.50694444444444
2025-04-23,143.87,145.59,142.71,143.22,2870752,143.8475,1.44,99.45833333333334
2025-04-24,143.0,144.47,140.58,144.21,1602823,143.065,1.44,100.14583333333334
2025-04-25,143.96,143.96,141.93,143.21,1395000,143.265,1.44,99.4513888888889
2025-04-28,143.21,144.52,142.32,144.16,2228957,143.5525,1.44,100.11111111111111
2025-04-29,144.16,147.21,143.25,146.41,2131000,145.2575,1.44,101.67361111111111
2025-04-30,144.73,147.32,141.93,147.12,2500114,145.275,1.44,102.16666666666667
2025-05-01,146.34,147.53,144.3,146.61,1785017,146.195,1.44,101.81250000000001
2025-05-02,148.25,150.55,147.5,149.81,1460429,149.0275,1.44,104.03472222222223
2025-05-05,149.81,150.79,148.87,149.45,1345614,149.73,1.44,103.78472222222221
2025-05-06,148.85,149.4,147.74,149.02,1291788,148.7525,1.44,103.48611111111113
2025-05-07,149.51,151.09,149.05,150.32,1610354,149.9925,1.44,104.38888888888889
2025-05-08,151.53,152.8,150.53,151.33,1295307,151.5475,1.44,105.09027777777779
2025-05-09,151.17,152.05,150.79,151.65,1120300,151.415,1.44,105.31250000000001
2025-05-12,153.28,153.28,150.1,151.69,2435100,152.0875,1.44,105.34027777777779
2025-05-13,151.82,152.5,151.18,151.26,1456500,151.69,1.44,105.04166666666666
2025-05-14,150.46,152.29,149.47,152.01,1823500,151.0575,1.44,105.5625
2025-05-15,152.56,154.51,152.43,154.43,1549931,153.4825,1.44,107.24305555555557
2025-05-16,154.19,156.27,153.67,155.98,1415547,155.0275,1.44,108.31944444444444
2025-05-19,155.19,158.25,154.91,158.19,1628389,156.635,1.44,109.85416666666667
