Date,Open,High,Low,Close,Volume,VWAP,EPS,PE
1997-02-04,11.0,11.0,10.3125,10.5625,26677600,10.63,,
1997-02-05,10.625,10.75,10.125,10.125,6762800,10.33,,
1997-02-06,10.1875,10.375,10.125,10.3125,2238200,10.27,,
1997-02-07,10.25,10.3125,10.25,10.25,1405800,10.27,,
1997-02-10,10.25,10.625,10.25,10.5,1666800,10.46,,
1997-02-11,10.5,10.625,10.4375,10.5,1444200,10.52,,
1997-02-12,10.5,10.5625,10.3125,10.375,780000,10.42,,
1997-02-13,10.4375,10.4375,10.0,10.0,1518600,10.15,,
1997-02-14,10.0625,10.125,10.0,10.0,511600,10.04,,
1997-02-18,10.0625,10.0625,10.0,10.0625,746000,10.04,,
1997-02-19,10.0,10.0625,10.0,10.0,1593000,10.02,,
1997-02-20,10.0,10.0625,10.0,10.0,614000,10.02,,
1997-02-21,10.0,10.0625,10.0,10.0,756400,10.02,,
1997-02-24,10.0,10.0625,10.0,10.0,244400,10.02,,
1997-02-25,10.0,10.0625,10.0,10.0,836800,10.02,,
1997-02-26,10.0,10.1875,10.0,10.125,2607200,10.1,,
1997-02-27,10.125,10.125,10.0,10.0,2115000,10.04,,
1997-02-28,10.0,10.0625,10.0,10.0625,188400,10.04,,
1997-03-03,10.0625,10.0625,10.0,10.0,2307000,10.02,,
1997-03-04,10.0,10.0625,9.375,9.5,1624600,9.65,,
1997-03-05,9.5,9.625,9.4375,9.5625,795800,9.54,,
1997-03-06,9.5625,9.6875,9.5625,9.6875,1049000,9.65,,
1997-03-07,9.625,9.8125,9.5625,9.8125,417000,9.73,,
1997-03-10,9.8125,10.0,9.75,9.8125,567000,9.85,,
1997-03-11,9.8125,9.8125,9.5625,9.625,438800,9.67,,
1997-03-12,9.6875,9.6875,9.5,9.5,72200,9.56,,
1997-03-13,9.5,9.5,8.75,8.8125,269200,9.02,,
1997-03-14,8.875,8.875,8.375,8.4375,322200,8.56,,
1997-03-17,8.5,8.5,8.3125,8.4375,445800,8.42,,
1997-03-18,8.4375,8.5,8.3125,8.3125,397200,8.38,,
1997-03-19,8.3125,8.4375,8.25,8.25,215800,8.31,,
1997-03-20,8.25,8.4375,8.25,8.4375,182600,8.38,,
1997-03-21,8.4375,8.4375,8.3125,8.3125,65400,8.35,,
1997-03-24,8.25,8.25,7.6875,8.125,825200,8.02,,
1997-03-25,8.0625,8.0625,7.6875,7.75,499600,7.83,,
1997-03-26,7.6875,7.9375,7.6875,7.8125,248200,7.81,,
1997-03-27,7.8125,7.8125,7.625,7.625,692000,7.69,,
1997-03-31,7.625,7.625,7.3125,7.5,745800,7.48,,
1997-04-01,7.5,7.5,7.1875,7.3125,1067800,7.33,,
1997-04-02,7.3125,7.3125,7.1875,7.3125,344000,7.27,,
1997-04-03,7.3125,7.4375,7.1875,7.4375,1059000,7.35,,
1997-04-04,7.375,7.5,7.25,7.5,338000,7.42,,
1997-04-07,7.5625,8.5,7.5625,8.0,750800,8.02,,
1997-04-08,7.6875,7.8125,7.5625,7.625,201000,7.67,,
1997-04-09,7.6875,7.6875,7.59375,7.625,219400,7.64,,
1997-04-10,7.625,7.6875,7.5625,7.625,74600,7.63,,
1997-04-11,7.625,7.625,7.5,7.5,301000,7.54,,
1997-04-14,7.5,7.5,7.3125,7.5,577000,7.44,,
1997-04-15,7.5,7.5625,7.3125,7.375,290200,7.42,,
1997-04-16,7.375,7.4375,7.375,7.4375,272000,7.42,,
1997-04-17,7.4375,7.5,7.375,7.5,432200,7.46,,
1997-04-18,7.5,7.5,7.25,7.25,337400,7.33,,
1997-04-21,7.1875,7.25,7.0,7.0625,482600,7.1,,
1997-04-22,7.0,7.0625,6.9375,7.0,246000,7.0,,
1997-04-23,7.0625,7.25,7.0625,7.0625,89000,7.13,,
1997-04-24,7.0,7.0625,6.9375,6.9375,71800,6.98,,
1997-04-25,7.0,7.0,6.875,6.875,67600,6.92,,
1997-04-28,6.875,6.875,6.75,6.75,398200,6.79,,
1997-04-29,6.8125,7.0,6.75,7.0,154800,6.92,,
1997-04-30,7.0,7.75,7.0,7.5,191200,7.42,,
1997-05-01,7.5,7.5625,7.4375,7.5625,95400,7.52,,
1997-05-02,7.5625,7.5625,7.375,7.375,134800,7.44,,
1997-05-05,7.4375,7.5,7.3125,7.5,140400,7.44,,
1997-05-06,7.5,7.6875,7.375,7.5,161400,7.52,,
1997-05-07,7.5625,8.0,7.5625,7.9375,38800,7.83,,
1997-05-08,7.75,7.8125,7.625,7.625,135600,7.69,,
1997-05-09,7.625,7.875,7.625,7.8125,88600,7.77,,
1997-05-12,7.8125,8.5625,7.8125,8.3125,95400,8.23,,
1997-05-13,8.3125,8.3125,8.125,8.1875,83200,8.21,,
1997-05-14,8.1875,8.1875,7.8125,7.8125,163200,7.94,,
1997-05-15,7.8125,7.8125,7.6875,7.6875,18200,7.73,,
1997-05-16,7.6875,7.6875,7.5625,7.5625,77600,7.6,,
1997-05-19,7.5625,7.625,7.3125,7.375,69600,7.44,,
1997-05-20,7.3125,7.625,7.3125,7.375,201000,7.44,,
1997-05-21,7.375,7.4375,7.3125,7.4375,108200,7.4,,
1997-05-22,7.4375,7.5,7.375,7.4375,104000,7.44,,
1997-05-23,7.5,7.5,7.4375,7.5,13800,7.48,,
1997-05-27,7.5,7.5,7.4375,7.4375,20400,7.46,,
1997-05-28,7.4375,7.4375,7.25,7.25,67000,7.31,,
1997-05-29,7.3125,7.375,7.25,7.3125,79200,7.31,,
1997-05-30,7.1875,7.25,7.1875,7.25,56600,7.23,,
1997-06-02,7.25,7.375,7.25,7.375,54800,7.33,-0.0274,-269.1605839416058
1997-06-03,7.4375,7.4375,7.25,7.3125,140600,7.33,-0.0274,-266.8795620437956
1997-06-04,7.3125,7.3125,7.1875,7.1875,31400,7.23,-0.0274,-262.3175182481752
1997-06-05,7.25,7.3125,7.1875,7.25,92800,7.25,-0.0274,-264.5985401459854
1997-06-06,7.25,7.5,7.0625,7.5,262200,7.35,-0.0274,-273.7226277372263
1997-06-09,7.3125,7.6875,7.3125,7.625,137400,7.54,-0.0274,-278.2846715328467
1997-06-10,7.6875,7.6875,7.375,7.4375,53800,7.5,-0.0274,-271.44160583941607
1997-06-11,7.375,7.375,7.1875,7.25,58400,7.27,-0.0274,-264.5985401459854
1997-06-12,7.25,7.3125,7.25,7.3125,23600,7.29,-0.0274,-266.8795620437956
1997-06-13,7.3125,7.3125,7.125,7.25,86200,7.23,-0.0274,-264.5985401459854
1997-06-16,7.3125,7.375,6.9375,6.9375,599800,7.08,-0.0274,-253.1934306569343
1997-06-17,7.0,7.0625,6.9375,7.0,270200,7.0,-0.0274,-255.47445255474452
1997-06-18,7.0,7.3125,6.9375,7.1875,1090800,7.15,-0.0274,-262.3175182481752
1997-06-19,7.25,7.4375,7.125,7.1875,315000,7.25,-0.0274,-262.3175182481752
1997-06-20,7.25,7.4375,7.1875,7.4375,440000,7.35,-0.0274,-271.44160583941607
1997-06-23,7.4375,7.4375,7.375,7.375,526600,7.4,-0.0274,-269.1605839416058
1997-06-24,7.4375,7.4375,7.03125,7.125,318200,7.2,-0.0274,-260.036496350365
1997-06-25,7.1875,7.1875,7.03125,7.0625,188400,7.09,-0.0274,-257.7554744525547
1997-06-26,7.0625,7.125,7.0,7.03125,137600,7.05,-0.0274,-256.6149635036496
1997-06-27,7.125,7.3125,7.0,7.03125,156200,7.11,-0.0274,-256.6149635036496
1997-06-30,7.125,7.28125,7.0625,7.15625,345800,7.17,-0.0274,-261.1770072992701
1997-07-01,7.15625,7.15625,6.84375,7.03125,148000,7.01,-0.0274,-256.6149635036496
1997-07-02,7.03125,7.21875,7.03125,7.21875,456600,7.16,-0.0274,-263.4580291970803
1997-07-03,7.15625,7.375,7.15625,7.28125,65600,7.27,-0.0274,-265.7390510948905
1997-07-07,7.3125,7.3125,7.125,7.1875,119800,7.21,-0.0274,-262.3175182481752
1997-07-08,7.25,7.25,6.9375,7.0,96400,7.06,-0.0274,-255.47445255474452
1997-07-09,7.0625,7.21875,6.9375,7.09375,97600,7.08,-0.0274,-258.8959854014598
1997-07-10,7.125,7.1875,7.0625,7.125,108600,7.13,-0.0274,-260.036496350365
1997-07-11,7.21875,7.21875,7.0,7.0,995200,7.07,-0.0274,-255.47445255474452
1997-07-14,7.0625,7.0625,6.96875,6.96875,90400,7.0,-0.0274,-254.3339416058394
1997-07-15,7.03125,7.0625,6.90625,7.0,230600,6.99,-0.0274,-255.47445255474452
1997-07-16,7.0,7.0,6.84375,6.875,61800,6.91,-0.0274,-250.91240875912408
1997-07-17,6.875,7.0,6.75,7.0,232200,6.92,-0.0274,-255.47445255474452
1997-07-18,7.0,7.0,6.90625,6.9375,253200,6.95,-0.0274,-253.1934306569343
1997-07-21,6.9375,6.9375,6.75,6.75,140400,6.81,-0.0274,-246.35036496350364
1997-07-22,6.78125,7.0,6.78125,7.0,319400,6.93,-0.0274,-255.47445255474452
1997-07-23,7.0,7.0,6.9375,6.9375,69800,6.96,-0.0274,-253.1934306569343
1997-07-24,6.96875,6.96875,6.5,6.6875,3916000,6.72,-0.0274,-244.06934306569343
1997-07-25,6.6875,6.78125,6.6875,6.78125,285000,6.75,-0.0274,-247.49087591240874
1997-07-28,6.8125,6.9375,6.75,6.90625,1006400,6.86,-0.0274,-252.05291970802918
1997-07-29,6.90625,7.25,6.90625,7.25,143400,7.14,-0.0274,-264.5985401459854
1997-07-30,7.25,7.375,7.0,7.0,178000,7.13,-0.0274,-255.47445255474452
1997-07-31,7.03125,7.53125,7.03125,7.09375,176400,7.22,-0.0274,-258.8959854014598
1997-08-01,7.0625,7.25,6.9375,7.25,56600,7.15,-0.0274,-264.5985401459854
1997-08-04,7.21875,7.21875,7.0625,7.0625,103600,7.11,-0.0274,-257.7554744525547
1997-08-05,7.0625,7.09375,7.0,7.09375,70600,7.06,-0.0274,-258.8959854014598
1997-08-06,7.09375,7.59375,7.09375,7.375,339000,7.35,-0.0274,-269.1605839416058
1997-08-07,7.40625,7.5,7.1875,7.21875,165400,7.3,-0.0274,-263.4580291970803
1997-08-08,7.1875,7.21875,7.0,7.0,94400,7.07,-0.0274,-255.47445255474452
1997-08-11,7.03125,7.0625,6.5625,6.78125,117800,6.8,-0.0274,-247.49087591240874
1997-08-12,6.75,6.875,6.6875,6.75,72400,6.77,-0.0274,-246.35036496350364
1997-08-13,6.625,6.6875,6.5,6.59375,1109600,6.59,-0.0274,-240.6478102189781
1997-08-14,6.625,6.875,6.625,6.84375,52200,6.78,-0.0274,-249.77189781021897
1997-08-15,6.84375,6.84375,6.5,6.6875,162400,6.68,-0.0274,-244.06934306569343
1997-08-18,6.71875,6.71875,6.59375,6.59375,63000,6.64,-0.0274,-240.6478102189781
1997-08-19,6.59375,6.625,6.3125,6.46875,165000,6.47,-0.0274,-236.08576642335765
1997-08-20,6.46875,6.625,6.4375,6.53125,77800,6.53,-0.0274,-238.3667883211679
1997-08-21,6.53125,6.65625,6.53125,6.5625,347600,6.58,-0.0274,-239.507299270073
1997-08-22,6.5625,6.625,6.5625,6.59375,282000,6.59,-0.0274,-240.6478102189781
1997-08-25,6.65625,6.65625,6.53125,6.59375,60400,6.59,-0.0274,-240.6478102189781
1997-08-26,6.59375,6.625,6.53125,6.59375,99800,6.58,-0.0274,-240.6478102189781
1997-08-27,6.625,6.625,6.53125,6.625,161800,6.59,-0.0274,-241.7883211678832
1997-08-28,6.625,6.75,6.5625,6.75,154800,6.69,-0.0274,-246.35036496350364
1997-08-29,6.8125,6.90625,6.59375,6.875,162000,6.79,-0.0274,-250.91240875912408
1997-09-02,6.90625,6.9375,6.84375,6.875,189400,6.89,-0.0387,-177.6485788113695
1997-09-03,6.84375,6.96875,6.8125,6.90625,73200,6.9,-0.0387,-178.4560723514212
1997-09-04,7.1875,7.46875,7.1875,7.25,680200,7.3,-0.0387,-187.33850129198967
1997-09-05,7.5,7.59375,7.34375,7.375,549000,7.44,-0.0387,-190.5684754521964
1997-09-08,7.4375,7.5,7.4375,7.4375,222600,7.46,-0.0387,-192.18346253229976
1997-09-09,7.4375,7.4375,7.3125,7.34375,191800,7.36,-0.0387,-189.7609819121447
1997-09-10,7.375,7.4375,7.34375,7.40625,201000,7.4,-0.0387,-191.37596899224806
1997-09-11,7.40625,7.4375,7.34375,7.34375,101600,7.38,-0.0387,-189.7609819121447
1997-09-12,7.375,7.375,7.0,7.0625,131400,7.15,-0.0387,-182.4935400516796
1997-09-15,7.0625,7.0625,6.5,6.5,337800,6.69,-0.0387,-167.95865633074936
1997-09-16,6.59375,6.9375,6.59375,6.90625,285400,6.81,-0.0387,-178.4560723514212
1997-09-17,6.96875,7.25,6.96875,7.21875,146600,7.15,-0.0387,-186.531007751938
1997-09-18,7.21875,7.5,7.21875,7.40625,313800,7.38,-0.0387,-191.37596899224806
1997-09-19,7.34375,7.9375,7.34375,7.75,389200,7.68,-0.0387,-200.25839793281654
1997-09-22,7.71875,7.8125,7.6875,7.71875,212400,7.74,-0.0387,-199.45090439276487
1997-09-23,7.71875,7.75,7.59375,7.71875,139800,7.69,-0.0387,-199.45090439276487
1997-09-24,7.75,8.1875,7.6875,8.125,655000,8.0,-0.0387,-209.9483204134367
1997-09-25,8.0,8.125,8.0,8.125,188200,8.08,-0.0387,-209.9483204134367
1997-09-26,8.09375,8.25,7.9375,7.96875,71400,8.05,-0.0387,-205.91085271317831
1997-09-29,7.96875,7.96875,7.71875,7.71875,132000,7.8,-0.0387,-199.45090439276487
1997-09-30,7.78125,8.28125,7.75,8.28125,1359400,8.1,-0.0387,-213.9857881136951
1997-10-01,8.21875,8.5,8.21875,8.5,460000,8.41,-0.0387,-219.63824289405684
1997-10-02,8.5,9.0625,8.5,9.0625,541200,8.88,-0.0387,-234.1731266149871
1997-10-03,9.21875,9.25,8.75,8.84375,374400,8.95,-0.0387,-228.52067183462535
1997-10-06,8.78125,8.8125,8.5625,8.5625,261200,8.65,-0.0387,-221.2532299741602
1997-10-07,8.5625,8.625,8.25,8.34375,313400,8.41,-0.0387,-215.60077519379846
1997-10-08,8.375,8.40625,8.28125,8.34375,108600,8.34,-0.0387,-215.60077519379846
1997-10-09,8.34375,8.34375,8.125,8.25,223400,8.24,-0.0387,-213.17829457364343
1997-10-10,8.1875,8.21875,8.03125,8.21875,82600,8.16,-0.0387,-212.37080103359173
1997-10-13,8.25,8.28125,8.1875,8.1875,67200,8.22,-0.0387,-211.56330749354007
1997-10-14,8.21875,8.21875,8.15625,8.15625,171000,8.18,-0.0387,-210.75581395348837
1997-10-15,8.125,8.15625,8.0625,8.09375,150600,8.1,-0.0387,-209.140826873385
1997-10-16,8.09375,8.09375,7.875,7.875,701800,7.95,-0.0387,-203.48837209302326
1997-10-17,7.84375,7.84375,7.46875,7.78125,656000,7.7,-0.0387,-201.06589147286823
1997-10-20,7.71875,7.71875,7.21875,7.25,1684400,7.4,-0.0387,-187.33850129198967
1997-10-21,7.28125,7.59375,7.25,7.5625,150600,7.47,-0.0387,-195.41343669250648
1997-10-22,7.59375,7.625,7.5,7.625,194800,7.58,-0.0387,-197.02842377260984
1997-10-23,7.5,7.59375,7.4375,7.53125,251600,7.52,-0.0387,-194.60594315245478
1997-10-24,7.5625,7.59375,7.5,7.53125,167800,7.54,-0.0387,-194.60594315245478
1997-10-27,7.375,7.375,6.96875,7.03125,233800,7.13,-0.0387,-181.68604651162792
1997-10-28,6.78125,7.0,6.75,7.0,346600,6.92,-0.0387,-180.87855297157623
1997-10-29,7.03125,7.46875,7.0,7.3125,170200,7.26,-0.0387,-188.95348837209303
1997-10-30,7.125,7.1875,6.875,6.90625,69000,6.99,-0.0387,-178.4560723514212
1997-10-31,6.90625,6.9375,6.75,6.9375,681800,6.88,-0.0387,-179.26356589147287
1997-11-03,7.0625,7.125,7.0,7.09375,92400,7.07,-0.0387,-183.30103359173128
1997-11-04,7.03125,7.125,7.0,7.125,46200,7.08,-0.0387,-184.10852713178295
1997-11-05,7.125,7.125,6.65625,6.6875,271600,6.82,-0.0387,-172.80361757105945
1997-11-06,6.6875,7.0,6.65625,6.9375,589400,6.86,-0.0387,-179.26356589147287
1997-11-07,6.875,7.03125,6.625,7.0,426800,6.89,-0.0387,-180.87855297157623
1997-11-10,7.0,7.0625,6.9375,7.0,88800,7.0,-0.0387,-180.87855297157623
1997-11-11,7.0,7.0,6.75,6.90625,537000,6.89,-0.0387,-178.4560723514212
1997-11-12,6.90625,6.90625,6.59375,6.59375,67200,6.7,-0.0387,-170.3811369509044
1997-11-13,6.625,6.65625,6.34375,6.375,161800,6.46,-0.0387,-164.72868217054264
1997-11-14,6.375,6.4375,6.25,6.3125,203000,6.33,-0.0387,-163.11369509043928
1997-11-17,6.5625,6.6875,6.5,6.59375,272400,6.59,-0.0387,-170.3811369509044
1997-11-18,6.59375,6.625,6.53125,6.5625,27000,6.57,-0.0387,-169.57364341085272
1997-11-19,6.5,6.53125,6.3125,6.4375,203800,6.43,-0.0387,-166.343669250646
1997-11-20,6.4375,6.65625,6.40625,6.625,82200,6.56,-0.0387,-171.1886304909561
1997-11-21,6.46875,6.5,6.375,6.4375,68800,6.44,-0.0387,-166.343669250646
1997-11-24,6.3125,6.34375,6.09375,6.125,168400,6.19,-0.0387,-158.2687338501292
1997-11-25,6.0625,6.09375,5.78125,5.875,161200,5.92,-0.0387,-151.80878552971578
1997-11-26,5.75,5.90625,5.6875,5.71875,210800,5.77,-0.0387,-147.77131782945736
1997-11-28,5.8125,5.96875,5.78125,5.96875,36000,5.91,-0.0387,-154.2312661498708
1997-12-01,5.96875,6.03125,5.9375,6.0,71000,5.99,-0.21,-28.571428571428573
1997-12-02,6.0,6.0,5.875,5.875,24800,5.92,-0.21,-27.976190476190478
1997-12-03,5.875,5.875,5.59375,5.59375,140800,5.69,-0.21,-26.636904761904763
1997-12-04,5.59375,5.71875,5.25,5.3125,333800,5.43,-0.21,-25.297619047619047
1997-12-05,5.28125,5.28125,4.625,4.96875,370400,4.96,-0.21,-23.66071428571429
1997-12-08,5.0,5.0625,4.625,4.75,506200,4.81,-0.21,-22.61904761904762
1997-12-09,4.78125,4.78125,4.375,4.53125,370600,4.56,-0.21,-21.577380952380953
1997-12-10,4.59375,4.625,4.3125,4.46875,379800,4.47,-0.21,-21.279761904761905
1997-12-11,4.46875,4.625,4.375,4.5625,279200,4.52,-0.21,-21.726190476190478
1997-12-12,4.5,5.0,4.5,4.9375,286400,4.81,-0.21,-23.511904761904763
1997-12-15,4.9375,4.9375,4.65625,4.71875,114600,4.77,-0.21,-22.470238095238095
1997-12-16,4.65625,4.875,4.625,4.78125,223600,4.76,-0.21,-22.767857142857142
1997-12-17,4.75,4.75,4.59375,4.625,370000,4.66,-0.21,-22.023809523809526
1997-12-18,4.5625,4.59375,4.4375,4.5,446600,4.51,-0.21,-21.42857142857143
1997-12-19,4.5,4.5,4.40625,4.4375,166000,4.45,-0.21,-21.130952380952383
1997-12-22,4.46875,4.71875,4.46875,4.625,535600,4.6,-0.21,-22.023809523809526
1997-12-23,4.625,4.75,4.46875,4.5,166000,4.57,-0.21,-21.42857142857143
1997-12-24,4.4375,4.53125,4.375,4.5,53600,4.47,-0.21,-21.42857142857143
1997-12-26,4.5,4.5,4.40625,4.4375,71400,4.45,-0.21,-21.130952380952383
1997-12-29,4.40625,4.5,4.375,4.40625,197800,4.43,-0.21,-20.982142857142858
1997-12-30,4.40625,4.59375,4.375,4.53125,268800,4.5,-0.21,-21.577380952380953
1997-12-31,4.59375,4.71875,4.375,4.5,404000,4.53,-0.21,-21.42857142857143
1998-01-02,4.53125,4.78125,4.4375,4.78125,341200,4.67,-0.21,-22.767857142857142
1998-01-05,4.90625,4.90625,4.625,4.6875,183000,4.74,-0.21,-22.321428571428573
1998-01-06,4.6875,4.71875,4.59375,4.625,113000,4.65,-0.21,-22.023809523809526
1998-01-07,4.5,4.5,4.03125,4.25,360200,4.26,-0.21,-20.238095238095237
1998-01-08,4.21875,4.21875,3.875,3.90625,402200,4.0,-0.21,-18.601190476190478
1998-01-09,3.9375,3.96875,3.65625,3.78125,304200,3.8,-0.21,-18.005952380952383
1998-01-12,3.84375,4.0,3.8125,3.96875,191400,3.93,-0.21,-18.898809523809526
1998-01-13,4.0,4.0,3.8125,3.875,177400,3.9,-0.21,-18.452380952380953
1998-01-14,3.9375,4.0,3.75,3.84375,292400,3.86,-0.21,-18.30357142857143
1998-01-15,3.875,3.875,3.65625,3.6875,341200,3.74,-0.21,-17.55952380952381
1998-01-16,3.75,3.75,3.6875,3.75,651800,3.73,-0.21,-17.857142857142858
1998-01-20,3.75,3.78125,3.6875,3.6875,246200,3.72,-0.21,-17.55952380952381
1998-01-21,3.6875,3.71875,3.5625,3.5625,130800,3.61,-0.21,-16.964285714285715
1998-01-22,3.53125,3.5625,3.375,3.46875,293200,3.47,-0.21,-16.517857142857142
1998-01-23,3.40625,3.5,3.25,3.40625,1835400,3.39,-0.21,-16.220238095238095
1998-01-26,3.46875,3.625,3.3125,3.5,199400,3.48,-0.21,-16.666666666666668
1998-01-27,3.5,3.90625,3.4375,3.875,252000,3.74,-0.21,-18.452380952380953
1998-01-28,3.90625,4.125,3.84375,4.0,422000,3.99,-0.21,-19.047619047619047
1998-01-29,4.0625,4.09375,3.96875,3.96875,425800,4.01,-0.21,-18.898809523809526
1998-01-30,4.03125,4.0625,3.75,3.84375,362800,3.89,-0.21,-18.30357142857143
1998-02-02,4.0625,4.09375,3.875,3.9375,287000,3.97,-0.21,-18.75
1998-02-03,3.96875,4.125,3.90625,4.0,490400,4.01,-0.21,-19.047619047619047
1998-02-04,4.0,4.03125,3.96875,4.0,846200,4.0,-0.21,-19.047619047619047
1998-02-05,4.375,4.96875,4.25,4.5625,920000,4.59,-0.21,-21.726190476190478
1998-02-06,4.625,4.8125,4.40625,4.40625,348000,4.54,-0.21,-20.982142857142858
1998-02-09,4.625,4.875,4.59375,4.8125,391200,4.76,-0.21,-22.916666666666668
1998-02-10,4.875,5.0,4.875,4.90625,468400,4.93,-0.21,-23.363095238095237
1998-02-11,4.90625,4.90625,4.65625,4.6875,406600,4.75,-0.21,-22.321428571428573
1998-02-12,4.6875,4.78125,4.59375,4.78125,144200,4.72,-0.21,-22.767857142857142
1998-02-13,4.78125,4.78125,4.65625,4.6875,115600,4.71,-0.21,-22.321428571428573
1998-02-17,4.6875,4.6875,4.5625,4.59375,84800,4.61,-0.21,-21.875
1998-02-18,4.59375,4.625,4.5,4.5,110800,4.54,-0.21,-21.42857142857143
1998-02-19,4.5,4.59375,4.5,4.5625,142800,4.55,-0.21,-21.726190476190478
1998-02-20,4.5,4.71875,4.5,4.59375,125200,4.6,-0.21,-21.875
1998-02-23,4.59375,4.65625,4.5,4.5,74800,4.55,-0.21,-21.42857142857143
1998-02-24,4.53125,4.59375,4.4375,4.5625,76400,4.53,-0.21,-21.726190476190478
1998-02-25,4.6875,4.71875,4.53125,4.5625,164800,4.6,-0.21,-21.726190476190478
1998-02-26,4.59375,4.65625,4.5,4.5625,190000,4.57,-0.21,-21.726190476190478
1998-02-27,4.5,4.625,4.5,4.625,96200,4.58,-0.21,-22.023809523809526
1998-03-02,4.875,5.0,4.875,5.0,982800,4.96,-0.5,-10.0
1998-03-03,4.9375,5.0,4.875,4.9375,180800,4.94,-0.5,-9.875
1998-03-04,4.96875,5.40625,4.9375,5.1875,930000,5.18,-0.5,-10.375
1998-03-05,5.1875,5.1875,4.96875,4.96875,319400,5.04,-0.5,-9.9375
1998-03-06,5.0,5.03125,4.96875,5.03125,286200,5.01,-0.5,-10.0625
1998-03-09,4.96875,5.0,4.875,5.0,295200,4.96,-0.5,-10.0
1998-03-10,5.0625,5.46875,5.0625,5.4375,621800,5.32,-0.5,-10.875
1998-03-11,5.4375,5.4375,5.28125,5.375,475000,5.36,-0.5,-10.75
1998-03-12,5.46875,5.46875,5.3125,5.40625,292200,5.4,-0.5,-10.8125
1998-03-13,5.4375,5.5625,5.375,5.5625,2022200,5.5,-0.5,-11.125
1998-03-16,5.75,5.8125,5.6875,5.75,398400,5.75,-0.5,-11.5
1998-03-17,5.78125,5.9375,5.6875,5.84375,490000,5.82,-0.5,-11.6875
1998-03-18,6.03125,6.0625,5.8125,5.8125,601200,5.9,-0.5,-11.625
1998-03-19,5.875,5.90625,5.75,5.875,110600,5.84,-0.5,-11.75
1998-03-20,5.90625,5.90625,5.78125,5.78125,105200,5.82,-0.5,-11.5625
1998-03-23,5.84375,5.96875,5.75,5.90625,321000,5.88,-0.5,-11.8125
1998-03-24,5.9375,5.9375,5.8125,5.8125,285000,5.85,-0.5,-11.625
1998-03-25,5.8125,5.84375,5.75,5.84375,279400,5.81,-0.5,-11.6875
1998-03-26,5.75,5.875,5.75,5.78125,990600,5.8,-0.5,-11.5625
1998-03-27,5.78125,5.8125,5.6875,5.6875,373200,5.73,-0.5,-11.375
1998-03-30,5.625,5.75,5.625,5.6875,222200,5.69,-0.5,-11.375
1998-03-31,5.78125,5.9375,5.71875,5.8125,246400,5.82,-0.5,-11.625
1998-04-01,5.8125,5.96875,5.75,5.96875,230200,5.9,-0.5,-11.9375
1998-04-02,6.1875,6.1875,5.96875,6.03125,523000,6.06,-0.5,-12.0625
1998-04-03,6.1875,6.1875,6.03125,6.125,193800,6.11,-0.5,-12.25
1998-04-06,6.25,6.4375,6.0,6.125,490400,6.19,-0.5,-12.25
1998-04-07,6.1875,6.25,6.0625,6.1875,243800,6.17,-0.5,-12.375
1998-04-08,6.1875,6.3125,6.125,6.25,185800,6.23,-0.5,-12.5
1998-04-09,6.3125,6.375,6.25,6.3125,124600,6.31,-0.5,-12.625
1998-04-13,6.34375,6.4375,6.3125,6.34375,108800,6.36,-0.5,-12.6875
1998-04-14,6.40625,6.46875,6.3125,6.40625,186400,6.4,-0.5,-12.8125
1998-04-15,6.40625,6.53125,6.3125,6.40625,126000,6.42,-0.5,-12.8125
1998-04-16,6.40625,6.5,6.21875,6.28125,107000,6.33,-0.5,-12.5625
1998-04-17,6.28125,6.4375,6.1875,6.375,82600,6.33,-0.5,-12.75
1998-04-20,6.40625,6.40625,6.1875,6.3125,93600,6.3,-0.5,-12.625
1998-04-21,6.34375,6.46875,6.1875,6.46875,204400,6.38,-0.5,-12.9375
1998-04-22,6.46875,6.75,6.46875,6.6875,178200,6.64,-0.5,-13.375
1998-04-23,6.71875,6.71875,6.4375,6.4375,119600,6.53,-0.5,-12.875
1998-04-24,6.5,6.59375,6.1875,6.25,88600,6.34,-0.5,-12.5
1998-04-27,6.0,6.0625,5.90625,5.9375,358200,5.97,-0.5,-11.875
1998-04-28,6.0,6.3125,6.0,6.125,215600,6.15,-0.5,-12.25
1998-04-29,6.1875,6.3125,6.15625,6.3125,66800,6.26,-0.5,-12.625
1998-04-30,6.375,6.4375,6.28125,6.375,126400,6.36,-0.5,-12.75
1998-05-01,6.40625,6.40625,6.25,6.34375,61800,6.33,-0.5,-12.6875
1998-05-04,6.28125,6.34375,6.15625,6.25,56600,6.25,-0.5,-12.5
1998-05-05,6.28125,6.375,6.1875,6.34375,78200,6.3,-0.5,-12.6875
1998-05-06,6.1875,6.21875,5.625,6.03125,455600,5.96,-0.5,-12.0625
1998-05-07,6.09375,6.09375,5.8125,5.8125,302200,5.91,-0.5,-11.625
1998-05-08,5.8125,5.875,5.40625,5.5,326600,5.59,-0.5,-11.0
1998-05-11,5.5625,5.75,5.46875,5.5,82000,5.57,-0.5,-11.0
1998-05-12,5.625,5.6875,5.375,5.4375,95400,5.5,-0.5,-10.875
1998-05-13,5.46875,5.5,5.34375,5.40625,63800,5.42,-0.5,-10.8125
1998-05-14,5.46875,5.46875,5.03125,5.1875,220600,5.23,-0.5,-10.375
1998-05-15,5.1875,5.1875,5.0,5.03125,101000,5.07,-0.5,-10.0625
1998-05-18,4.96875,5.0,4.875,4.96875,112800,4.95,-0.5,-9.9375
1998-05-19,5.03125,5.125,4.96875,5.0,143000,5.03,-0.5,-10.0
1998-05-20,4.96875,5.0,4.875,4.9375,176000,4.94,-0.5,-9.875
1998-05-21,4.875,4.875,4.3125,4.75,322400,4.65,-0.5,-9.5
1998-05-22,4.6875,4.71875,4.375,4.59375,103200,4.56,-0.5,-9.1875
1998-05-26,4.65625,4.78125,4.59375,4.625,142600,4.67,-0.5,-9.25
1998-05-27,4.6875,4.71875,4.625,4.71875,52600,4.69,-0.5,-9.4375
1998-05-28,4.75,4.8125,4.625,4.78125,50400,4.74,-0.5,-9.5625
1998-05-29,4.8125,5.0625,4.8125,4.84375,975000,4.91,-0.5,-9.6875
1998-06-01,4.8125,4.8125,4.625,4.65625,253600,4.7,-0.0708,-65.76624293785311
1998-06-02,4.65625,4.65625,4.5,4.53125,40800,4.56,-0.0708,-64.00070621468926
1998-06-03,4.53125,4.53125,4.375,4.4375,99000,4.45,-0.0708,-62.67655367231638
1998-06-04,4.34375,4.34375,4.25,4.3125,193600,4.3,-0.0708,-60.91101694915254
1998-06-05,4.3125,5.0,4.3125,4.8125,107600,4.71,-0.0708,-67.9731638418079
1998-06-08,4.875,5.0,4.75,4.8125,116800,4.85,-0.0708,-67.9731638418079
1998-06-09,4.75,4.75,4.59375,4.6875,57600,4.68,-0.0708,-66.20762711864407
1998-06-10,4.625,4.65625,4.28125,4.40625,333800,4.45,-0.0708,-62.235169491525426
1998-06-11,4.375,4.625,4.1875,4.46875,108200,4.43,-0.0708,-63.11793785310734
1998-06-12,4.53125,4.6875,4.40625,4.40625,154200,4.5,-0.0708,-62.235169491525426
1998-06-15,4.4375,4.46875,4.28125,4.40625,146600,4.39,-0.0708,-62.235169491525426
1998-06-16,4.4375,4.4375,4.3125,4.40625,56600,4.39,-0.0708,-62.235169491525426
1998-06-17,4.34375,4.6875,4.34375,4.59375,96400,4.54,-0.0708,-64.88347457627118
1998-06-18,4.59375,4.59375,4.25,4.25,132200,4.36,-0.0708,-60.02824858757062
1998-06-19,4.1875,4.25,4.09375,4.1875,474200,4.18,-0.0708,-59.1454802259887
1998-06-22,4.1875,4.21875,4.125,4.21875,100400,4.19,-0.0708,-59.58686440677966
1998-06-23,4.15625,4.21875,4.0625,4.125,140200,4.14,-0.0708,-58.262711864406775
1998-06-24,4.1875,4.25,4.15625,4.1875,46800,4.2,-0.0708,-59.1454802259887
1998-06-25,4.25,4.46875,4.25,4.40625,381200,4.38,-0.0708,-62.235169491525426
1998-06-26,4.40625,4.40625,4.25,4.28125,59200,4.31,-0.0708,-60.46963276836158
1998-06-29,4.25,4.65625,4.09375,4.625,498600,4.46,-0.0708,-65.32485875706215
1998-06-30,4.5625,5.09375,4.5625,5.09375,706800,4.92,-0.0708,-71.94562146892655
1998-07-01,5.15625,5.5,5.15625,5.25,186800,5.3,-0.0708,-74.15254237288136
1998-07-02,5.25,5.34375,5.25,5.3125,46400,5.3,-0.0708,-75.03531073446328
1998-07-06,5.375,5.4375,5.125,5.375,144000,5.31,-0.0708,-75.91807909604519
1998-07-07,5.375,5.40625,5.25,5.3125,142800,5.32,-0.0708,-75.03531073446328
1998-07-08,5.3125,5.34375,5.15625,5.1875,62800,5.23,-0.0708,-73.26977401129943
1998-07-09,5.15625,5.1875,4.65625,4.8125,84200,4.89,-0.0708,-67.9731638418079
1998-07-10,4.875,4.90625,4.65625,4.65625,39600,4.74,-0.0708,-65.76624293785311
1998-07-13,4.6875,4.71875,4.53125,4.5625,44200,4.6,-0.0708,-64.44209039548022
1998-07-14,4.625,4.625,4.53125,4.53125,77600,4.56,-0.0708,-64.00070621468926
1998-07-15,4.59375,4.71875,4.5625,4.59375,156800,4.63,-0.0708,-64.88347457627118
1998-07-16,4.5625,4.625,4.4375,4.46875,108200,4.51,-0.0708,-63.11793785310734
1998-07-17,4.53125,4.5625,4.3125,4.34375,128800,4.41,-0.0708,-61.3524011299435
1998-07-20,4.40625,4.4375,4.125,4.28125,459400,4.28,-0.0708,-60.46963276836158
1998-07-21,4.28125,4.5,4.25,4.5,194800,4.42,-0.0708,-63.559322033898304
1998-07-22,4.5,4.59375,4.5,4.5625,152800,4.55,-0.0708,-64.44209039548022
1998-07-23,4.5,4.5,4.3125,4.4375,97200,4.42,-0.0708,-62.67655367231638
1998-07-24,4.375,4.46875,4.375,4.46875,53200,4.44,-0.0708,-63.11793785310734
1998-07-27,4.28125,4.40625,4.25,4.3125,84000,4.32,-0.0708,-60.91101694915254
1998-07-28,4.3125,4.4375,4.25,4.375,50000,4.35,-0.0708,-61.793785310734464
1998-07-29,4.40625,4.40625,4.25,4.34375,101600,4.33,-0.0708,-61.3524011299435
1998-07-30,4.375,4.40625,4.28125,4.3125,60200,4.33,-0.0708,-60.91101694915254
1998-07-31,4.3125,4.34375,4.3125,4.3125,75800,4.32,-0.0708,-60.91101694915254
1998-08-03,4.3125,4.375,4.3125,4.34375,84200,4.34,-0.0708,-61.3524011299435
1998-08-04,4.34375,4.4375,4.3125,4.34375,105800,4.36,-0.0708,-61.3524011299435
1998-08-05,4.34375,4.375,4.25,4.3125,160400,4.31,-0.0708,-60.91101694915254
1998-08-06,4.28125,4.28125,4.15625,4.21875,121000,4.22,-0.0708,-59.58686440677966
1998-08-07,4.15625,4.28125,4.125,4.21875,85400,4.21,-0.0708,-59.58686440677966
1998-08-10,4.15625,4.25,4.125,4.1875,64200,4.19,-0.0708,-59.1454802259887
1998-08-11,4.15625,4.15625,4.03125,4.09375,129600,4.09,-0.0708,-57.82132768361582
1998-08-12,4.03125,4.125,4.0,4.0625,130400,4.06,-0.0708,-57.37994350282486
1998-08-13,4.0,4.0,3.84375,3.875,74800,3.91,-0.0708,-54.73163841807909
1998-08-14,3.90625,3.90625,3.5,3.65625,89000,3.69,-0.0708,-51.641949152542374
1998-08-17,3.59375,3.78125,3.5625,3.59375,64000,3.65,-0.0708,-50.75918079096045
1998-08-18,3.53125,3.71875,3.4375,3.625,91600,3.59,-0.0708,-51.20056497175141
1998-08-19,3.625,3.625,3.5,3.5,47800,3.54,-0.0708,-49.43502824858757
1998-08-20,3.5625,3.65625,3.4375,3.46875,89800,3.52,-0.0708,-48.99364406779661
1998-08-21,3.46875,3.53125,3.375,3.4375,78400,3.45,-0.0708,-48.55225988700565
1998-08-24,3.5,3.59375,3.46875,3.5,48800,3.52,-0.0708,-49.43502824858757
1998-08-25,3.4375,3.59375,3.4375,3.5,60600,3.51,-0.0708,-49.43502824858757
1998-08-26,3.5,3.5625,3.4375,3.5,73800,3.5,-0.0708,-49.43502824858757
1998-08-27,3.4375,3.4375,3.25,3.25,87400,3.31,-0.0708,-45.90395480225989
1998-08-28,3.3125,3.53125,3.15625,3.28125,126200,3.32,-0.0708,-46.345338983050844
1998-08-31,3.34375,3.40625,2.78125,2.84375,112400,3.01,-0.0658,-43.21808510638298
1998-09-01,2.78125,3.8125,2.71875,3.75,396200,3.43,-0.0658,-56.99088145896657
1998-09-02,3.75,3.8125,3.65625,3.65625,181200,3.71,-0.0658,-55.5661094224924
1998-09-03,3.59375,3.65625,3.4375,3.65625,69400,3.58,-0.0658,-55.5661094224924
1998-09-04,3.71875,3.84375,3.71875,3.75,130200,3.77,-0.0658,-56.99088145896657
1998-09-08,3.75,3.96875,3.75,3.96875,172000,3.9,-0.0658,-60.31534954407295
1998-09-09,4.0,4.0,3.90625,3.96875,81800,3.96,-0.0658,-60.31534954407295
1998-09-10,3.90625,3.96875,3.875,3.9375,298200,3.93,-0.0658,-59.840425531914896
1998-09-11,3.90625,3.9375,3.84375,3.875,14200,3.89,-0.0658,-58.890577507598785
1998-09-14,3.84375,3.84375,3.4375,3.5625,85000,3.61,-0.0658,-54.141337386018236
1998-09-15,3.5,3.53125,3.40625,3.40625,40000,3.45,-0.0658,-51.766717325227965
1998-09-16,3.375,3.46875,3.375,3.375,31800,3.41,-0.0658,-51.29179331306991
1998-09-17,3.3125,3.34375,3.25,3.25,83800,3.28,-0.0658,-49.392097264437695
1998-09-18,3.25,3.375,3.25,3.28125,32800,3.3,-0.0658,-49.86702127659575
1998-09-21,3.25,3.25,3.03125,3.03125,58200,3.1,-0.0658,-46.067629179331306
1998-09-22,3.03125,3.21875,2.875,3.0,199800,3.03,-0.0658,-45.59270516717326
1998-09-23,3.0625,3.09375,2.96875,2.96875,81200,3.01,-0.0658,-45.1177811550152
1998-09-24,3.0,3.0,2.9375,3.0,139600,2.98,-0.0658,-45.59270516717326
1998-09-25,2.96875,3.0,2.875,2.96875,102600,2.95,-0.0658,-45.1177811550152
1998-09-28,3.0,3.0,2.9375,2.9375,154400,2.96,-0.0658,-44.642857142857146
1998-09-29,2.96875,3.0,2.9375,3.0,40200,2.98,-0.0658,-45.59270516717326
1998-09-30,2.96875,2.96875,2.875,2.9375,158000,2.93,-0.0658,-44.642857142857146
1998-10-01,2.90625,2.90625,2.75,2.75,105600,2.8,-0.0658,-41.79331306990882
1998-10-02,2.78125,2.78125,2.625,2.65625,61800,2.69,-0.0658,-40.36854103343465
1998-10-05,2.59375,2.625,2.5,2.53125,68400,2.55,-0.0658,-38.46884498480243
1998-10-06,2.5,2.625,2.375,2.375,82800,2.46,-0.0658,-36.09422492401216
1998-10-07,2.34375,2.34375,2.15625,2.1875,96600,2.23,-0.0658,-33.24468085106383
1998-10-08,2.1875,2.25,2.0625,2.15625,133600,2.16,-0.0658,-32.76975683890578
1998-10-09,2.125,2.15625,2.0625,2.09375,43400,2.1,-0.0658,-31.819908814589667
1998-10-12,2.0625,2.125,1.9375,1.96875,133800,2.01,-0.0658,-29.920212765957448
1998-10-13,1.9375,2.0,1.9375,2.0,104400,1.98,-0.0658,-30.395136778115504
1998-10-14,2.0,2.0,1.9375,1.96875,128800,1.97,-0.0658,-29.920212765957448
1998-10-15,1.9375,2.0,1.9375,2.0,196600,1.98,-0.0658,-30.395136778115504
1998-10-16,2.03125,2.03125,1.8125,1.84375,490000,1.9,-0.0658,-28.02051671732523
1998-10-19,1.84375,1.96875,1.8125,1.9375,388600,1.91,-0.0658,-29.445288753799392
1998-10-20,1.9375,2.4375,1.9375,2.21875,1379000,2.2,-0.0658,-33.71960486322189
1998-10-21,2.1875,2.375,2.1875,2.3125,201600,2.29,-0.0658,-35.14437689969605
1998-10-22,2.375,2.71875,2.375,2.71875,204600,2.6,-0.0658,-41.318389057750764
1998-10-23,2.78125,2.875,2.75,2.8125,137400,2.81,-0.0658,-42.743161094224924
1998-10-26,2.875,3.375,2.875,3.28125,298200,3.18,-0.0658,-49.86702127659575
1998-10-27,3.4375,3.75,3.125,3.21875,362600,3.36,-0.0658,-48.91717325227964
1998-10-28,3.15625,3.1875,2.96875,3.125,167800,3.09,-0.0658,-47.49240121580547
1998-10-29,3.125,3.1875,3.0,3.03125,43200,3.07,-0.0658,-46.067629179331306
1998-10-30,3.09375,3.125,3.03125,3.0625,50600,3.07,-0.0658,-46.54255319148936
1998-11-02,3.125,3.15625,3.0,3.0,106400,3.05,-0.0658,-45.59270516717326
1998-11-03,2.90625,2.90625,2.5,2.625,401400,2.68,-0.0658,-39.8936170212766
1998-11-04,2.71875,2.71875,2.5625,2.625,287200,2.64,-0.0658,-39.8936170212766
1998-11-05,2.53125,2.625,2.375,2.5625,290400,2.52,-0.0658,-38.943768996960486
1998-11-06,2.5,2.65625,2.40625,2.625,279000,2.56,-0.0658,-39.8936170212766
1998-11-09,2.5625,2.6875,2.5,2.65625,138400,2.61,-0.0658,-40.36854103343465
1998-11-10,2.625,2.875,2.59375,2.84375,277600,2.77,-0.0658,-43.21808510638298
1998-11-11,2.875,2.875,2.71875,2.71875,83600,2.77,-0.0658,-41.318389057750764
1998-11-12,2.71875,2.90625,2.71875,2.875,308200,2.83,-0.0658,-43.693009118541035
1998-11-13,2.90625,2.90625,2.78125,2.78125,59000,2.82,-0.0658,-42.26823708206687
1998-11-16,2.78125,2.96875,2.75,2.90625,181800,2.88,-0.0658,-44.16793313069909
1998-11-17,2.84375,2.875,2.78125,2.8125,48400,2.82,-0.0658,-42.743161094224924
1998-11-18,2.84375,2.875,2.78125,2.78125,49200,2.81,-0.0658,-42.26823708206687
1998-11-19,2.78125,2.90625,2.75,2.84375,126200,2.83,-0.0658,-43.21808510638298
1998-11-20,2.84375,2.84375,2.78125,2.8125,62800,2.81,-0.0658,-42.743161094224924
1998-11-23,2.8125,2.84375,2.75,2.8125,124800,2.8,-0.0658,-42.743161094224924
1998-11-24,2.84375,2.84375,2.78125,2.78125,121200,2.8,-0.0658,-42.26823708206687
1998-11-25,2.78125,2.84375,2.75,2.84375,75400,2.81,-0.0658,-43.21808510638298
1998-11-27,2.8125,2.84375,2.8125,2.8125,35800,2.82,-0.0658,-42.743161094224924
1998-11-30,2.75,2.8125,2.65625,2.6875,98800,2.72,-0.16,-16.796875
1998-12-01,2.6875,2.71875,2.65625,2.6875,86000,2.69,-0.16,-16.796875
1998-12-02,2.6875,2.75,2.6875,2.71875,68000,2.72,-0.16,-16.9921875
1998-12-03,2.71875,2.84375,2.6875,2.8125,101800,2.78,-0.16,-17.578125
1998-12-04,2.84375,2.875,2.65625,2.78125,332000,2.77,-0.16,-17.3828125
1998-12-07,2.75,2.78125,2.6875,2.71875,170400,2.73,-0.16,-16.9921875
1998-12-08,2.6875,2.6875,2.46875,2.5,246400,2.55,-0.16,-15.625
1998-12-09,2.53125,2.53125,2.25,2.46875,245400,2.42,-0.16,-15.4296875
1998-12-10,2.34375,2.40625,2.28125,2.34375,142400,2.34,-0.16,-14.6484375
1998-12-11,2.28125,2.4375,2.25,2.40625,153800,2.36,-0.16,-15.0390625
1998-12-14,2.375,2.4375,2.21875,2.21875,207400,2.29,-0.16,-13.8671875
1998-12-15,2.1875,2.21875,2.03125,2.0625,372400,2.1,-0.16,-12.890625
1998-12-16,2.0625,2.09375,2.0,2.0625,252000,2.05,-0.16,-12.890625
1998-12-17,2.0,2.1875,2.0,2.15625,111000,2.11,-0.16,-13.4765625
1998-12-18,2.15625,2.28125,2.15625,2.25,153200,2.23,-0.16,-14.0625
1998-12-21,2.3125,2.3125,2.125,2.15625,222600,2.2,-0.16,-13.4765625
1998-12-22,2.125,2.125,2.0625,2.0625,162800,2.08,-0.16,-12.890625
1998-12-23,2.0625,2.28125,2.03125,2.25,156400,2.19,-0.16,-14.0625
1998-12-24,2.25,2.625,2.25,2.625,406600,2.5,-0.16,-16.40625
1998-12-28,2.625,2.65625,2.46875,2.5,288600,2.54,-0.16,-15.625
1998-12-29,2.4375,2.46875,2.3125,2.34375,206200,2.38,-0.16,-14.6484375
1998-12-30,2.3125,2.375,2.25,2.3125,366400,2.31,-0.16,-14.453125
1998-12-31,2.3125,2.78125,2.3125,2.6875,505800,2.59,-0.16,-16.796875
1999-01-04,2.75,2.84375,2.75,2.75,205600,2.78,-0.16,-17.1875
1999-01-05,2.78125,2.8125,2.75,2.78125,99000,2.78,-0.16,-17.3828125
1999-01-06,2.78125,2.8125,2.71875,2.75,108600,2.76,-0.16,-17.1875
1999-01-07,2.78125,2.78125,2.625,2.65625,77400,2.69,-0.16,-16.6015625
1999-01-08,2.65625,2.6875,2.53125,2.625,108000,2.61,-0.16,-16.40625
1999-01-11,2.65625,2.65625,2.5,2.53125,65800,2.56,-0.16,-15.8203125
1999-01-12,2.46875,2.5625,2.375,2.4375,119600,2.46,-0.16,-15.234375
1999-01-13,2.3125,2.46875,2.3125,2.40625,203000,2.4,-0.16,-15.0390625
1999-01-14,2.375,2.4375,2.34375,2.40625,53200,2.4,-0.16,-15.0390625
1999-01-15,2.375,2.46875,2.34375,2.46875,77800,2.43,-0.16,-15.4296875
1999-01-19,2.40625,2.53125,2.375,2.53125,180000,2.48,-0.16,-15.8203125
1999-01-20,2.5,2.53125,2.4375,2.4375,65000,2.47,-0.16,-15.234375
1999-01-21,2.46875,2.46875,2.375,2.40625,50600,2.42,-0.16,-15.0390625
1999-01-22,2.375,2.46875,2.375,2.4375,65800,2.43,-0.16,-15.234375
1999-01-25,2.4375,2.46875,2.375,2.375,51800,2.41,-0.16,-14.84375
1999-01-26,2.4375,2.4375,2.375,2.40625,26600,2.41,-0.16,-15.0390625
1999-01-27,2.40625,2.4375,2.375,2.4375,61800,2.42,-0.16,-15.234375
1999-01-28,2.40625,2.5,2.375,2.46875,80200,2.45,-0.16,-15.4296875
1999-01-29,2.4375,2.5,2.4375,2.4375,98800,2.46,-0.16,-15.234375
1999-02-01,2.46875,2.46875,2.125,2.21875,1627400,2.27,-0.16,-13.8671875
1999-02-02,2.21875,2.25,2.1875,2.21875,62600,2.22,-0.16,-13.8671875
1999-02-03,2.21875,2.25,2.1875,2.25,55200,2.23,-0.16,-14.0625
1999-02-04,2.25,2.375,2.25,2.34375,226000,2.32,-0.16,-14.6484375
1999-02-05,2.375,2.5,2.34375,2.40625,82200,2.42,-0.16,-15.0390625
1999-02-08,2.40625,2.4375,2.40625,2.4375,77200,2.43,-0.16,-15.234375
1999-02-09,2.4375,2.46875,2.40625,2.4375,49000,2.44,-0.16,-15.234375
1999-02-10,2.375,2.375,2.28125,2.28125,38000,2.31,-0.16,-14.2578125
1999-02-11,2.3125,2.3125,2.25,2.3125,42000,2.29,-0.16,-14.453125
1999-02-12,2.28125,2.28125,2.21875,2.21875,80800,2.24,-0.16,-13.8671875
1999-02-16,2.1875,2.21875,2.09375,2.15625,125600,2.16,-0.16,-13.4765625
1999-02-17,2.125,2.15625,2.0625,2.09375,41000,2.1,-0.16,-13.0859375
1999-02-18,2.0625,2.125,1.96875,2.0,271600,2.03,-0.16,-12.5
1999-02-19,2.0625,2.15625,1.96875,2.125,184000,2.08,-0.16,-13.28125
1999-02-22,2.1875,2.25,2.15625,2.1875,27000,2.2,-0.16,-13.671875
1999-02-23,2.25,2.3125,2.15625,2.21875,193800,2.23,-0.16,-13.8671875
1999-02-24,2.21875,2.28125,2.21875,2.25,75400,2.25,-0.16,-14.0625
1999-02-25,2.25,2.28125,2.1875,2.21875,32800,2.23,-0.16,-13.8671875
1999-02-26,2.25,2.25,2.1875,2.25,25000,2.23,-0.16,-14.0625
1999-03-01,2.25,2.25,2.1875,2.21875,13200,2.22,-0.22,-10.085227272727273
1999-03-02,2.21875,2.25,2.1875,2.21875,36800,2.22,-0.22,-10.085227272727273
1999-03-03,2.21875,2.21875,2.125,2.125,53600,2.16,-0.22,-9.659090909090908
1999-03-04,2.125,2.21875,2.125,2.1875,54400,2.18,-0.22,-9.943181818181818
1999-03-05,2.21875,2.28125,2.125,2.25,112400,2.22,-0.22,-10.227272727272727
1999-03-08,2.21875,2.21875,2.125,2.15625,85200,2.17,-0.22,-9.801136363636363
1999-03-09,2.15625,2.1875,2.03125,2.09375,92600,2.1,-0.22,-9.517045454545455
1999-03-10,2.0625,2.09375,2.03125,2.03125,75400,2.05,-0.22,-9.232954545454545
1999-03-11,1.96875,2.0625,1.96875,2.0,164200,2.01,-0.22,-9.090909090909092
1999-03-12,2.0,2.0625,2.0,2.03125,91600,2.03,-0.22,-9.232954545454545
1999-03-15,2.09375,2.125,2.0625,2.125,95000,2.1,-0.22,-9.659090909090908
1999-03-16,2.0625,2.15625,2.0625,2.125,66800,2.11,-0.22,-9.659090909090908
1999-03-17,2.125,2.15625,2.09375,2.09375,22800,2.11,-0.22,-9.517045454545455
1999-03-18,2.09375,2.09375,2.03125,2.0625,52600,2.06,-0.22,-9.375
1999-03-19,2.0625,2.0625,2.0,2.0,92800,2.02,-0.22,-9.090909090909092
1999-03-22,2.03125,2.0625,1.96875,2.03125,75600,2.02,-0.22,-9.232954545454545
1999-03-23,1.96875,2.0,1.90625,1.90625,77600,1.94,-0.22,-8.664772727272727
1999-03-24,1.9375,2.0625,1.90625,1.96875,103600,1.98,-0.22,-8.948863636363637
1999-03-25,1.96875,2.03125,1.96875,1.96875,49200,1.99,-0.22,-8.948863636363637
1999-03-26,1.96875,2.0,1.9375,1.96875,45800,1.97,-0.22,-8.948863636363637
1999-03-29,1.9375,2.0,1.875,1.9375,51000,1.94,-0.22,-8.806818181818182
1999-03-30,1.96875,1.96875,1.90625,1.9375,50400,1.94,-0.22,-8.806818181818182
1999-03-31,1.9375,2.0,1.9375,1.96875,37600,1.97,-0.22,-8.948863636363637
1999-04-01,1.9375,2.0,1.9375,1.96875,61800,1.97,-0.22,-8.948863636363637
1999-04-05,1.96875,2.0,1.9375,1.9375,48800,1.96,-0.22,-8.806818181818182
1999-04-06,2.0,2.03125,1.96875,1.96875,115600,1.99,-0.22,-8.948863636363637
1999-04-07,1.9375,1.96875,1.875,1.90625,77000,1.92,-0.22,-8.664772727272727
1999-04-08,1.875,1.90625,1.84375,1.875,107400,1.88,-0.22,-8.522727272727273
1999-04-09,1.875,2.09375,1.875,2.03125,211200,2.0,-0.22,-9.232954545454545
1999-04-12,2.0,2.03125,1.90625,1.9375,68400,1.96,-0.22,-8.806818181818182
1999-04-13,1.90625,1.9375,1.875,1.90625,52400,1.91,-0.22,-8.664772727272727
1999-04-14,1.9375,2.03125,1.90625,1.96875,61400,1.97,-0.22,-8.948863636363637
1999-04-15,1.9375,2.0625,1.90625,2.03125,63200,2.0,-0.22,-9.232954545454545
1999-04-16,2.09375,2.125,2.03125,2.03125,86000,2.06,-0.22,-9.232954545454545
1999-04-19,2.09375,2.125,2.03125,2.0625,44400,2.07,-0.22,-9.375
1999-04-20,2.03125,2.03125,1.96875,1.96875,50200,1.99,-0.22,-8.948863636363637
1999-04-21,1.96875,2.03125,1.96875,2.0,48000,2.0,-0.22,-9.090909090909092
1999-04-22,1.9375,1.96875,1.9375,1.96875,75800,1.96,-0.22,-8.948863636363637
1999-04-23,2.0,2.0,1.84375,1.9375,131200,1.93,-0.22,-8.806818181818182
1999-04-26,1.90625,1.96875,1.90625,1.9375,36800,1.94,-0.22,-8.806818181818182
1999-04-27,1.96875,2.125,1.9375,2.03125,185200,2.03,-0.22,-9.232954545454545
1999-04-28,2.0625,2.21875,2.03125,2.1875,103000,2.15,-0.22,-9.943181818181818
1999-04-29,2.25,2.40625,2.21875,2.34375,278200,2.32,-0.22,-10.653409090909092
1999-04-30,2.28125,2.28125,2.21875,2.25,52400,2.25,-0.22,-10.227272727272727
1999-05-03,2.25,2.3125,2.25,2.3125,19000,2.29,-0.22,-10.511363636363637
1999-05-04,2.34375,2.46875,2.34375,2.46875,123400,2.43,-0.22,-11.221590909090908
1999-05-05,2.46875,2.46875,2.375,2.46875,42400,2.44,-0.22,-11.221590909090908
1999-05-06,2.5,2.5,2.4375,2.4375,131000,2.46,-0.22,-11.079545454545455
1999-05-07,2.4375,2.4375,2.15625,2.25,107600,2.28,-0.22,-10.227272727272727
1999-05-10,2.5,2.59375,2.46875,2.5,716600,2.52,-0.22,-11.363636363636363
1999-05-11,2.5,2.5,2.4375,2.5,117400,2.48,-0.22,-11.363636363636363
1999-05-12,2.5,2.53125,2.46875,2.5,62400,2.5,-0.22,-11.363636363636363
1999-05-13,2.5,2.5,2.46875,2.5,71000,2.49,-0.22,-11.363636363636363
1999-05-14,2.5,2.5,2.4375,2.46875,181800,2.47,-0.22,-11.221590909090908
1999-05-17,2.40625,2.53125,2.40625,2.5,195600,2.48,-0.22,-11.363636363636363
1999-05-18,2.5,2.75,2.5,2.65625,234400,2.64,-0.22,-12.073863636363637
1999-05-19,2.625,2.6875,2.5625,2.59375,154800,2.61,-0.22,-11.789772727272727
1999-05-20,2.625,2.6875,2.59375,2.625,64800,2.64,-0.22,-11.931818181818182
1999-05-21,2.625,2.6875,2.625,2.625,14000,2.65,-0.22,-11.931818181818182
1999-05-24,2.53125,2.625,2.5,2.53125,115000,2.55,-0.22,-11.505681818181818
1999-05-25,2.34375,2.40625,2.34375,2.34375,78000,2.36,-0.22,-10.653409090909092
1999-05-26,2.375,2.40625,2.34375,2.40625,27800,2.39,-0.22,-10.9375
1999-05-27,2.34375,2.4375,2.34375,2.40625,22000,2.4,-0.22,-10.9375
1999-05-28,2.375,2.5,2.3125,2.5,97600,2.44,-0.22,-11.363636363636363
1999-06-01,2.40625,2.5,2.375,2.4375,53800,2.44,0.015,162.5
1999-06-02,2.4375,2.53125,2.375,2.53125,65400,2.48,0.015,168.75
1999-06-03,2.53125,2.6875,2.5,2.6875,114000,2.63,0.015,179.16666666666669
1999-06-04,2.6875,2.9375,2.6875,2.78125,334800,2.8,0.015,185.41666666666669
1999-06-07,2.84375,2.96875,2.8125,2.9375,774800,2.91,0.015,195.83333333333334
1999-06-08,3.0,3.15625,3.0,3.125,1505400,3.09,0.015,208.33333333333334
1999-06-09,3.125,3.5625,3.125,3.28125,469000,3.32,0.015,218.75
1999-06-10,3.28125,3.34375,3.0,3.03125,187200,3.13,0.015,202.08333333333334
1999-06-11,3.0625,3.0625,2.96875,3.03125,54400,3.02,0.015,202.08333333333334
1999-06-14,3.09375,3.09375,2.8125,3.0,103000,2.97,0.015,200.0
1999-06-15,2.96875,3.09375,2.96875,3.09375,84600,3.05,0.015,206.25
1999-06-16,3.03125,3.1875,3.03125,3.03125,94200,3.08,0.015,202.08333333333334
1999-06-17,3.0625,3.09375,3.0,3.03125,98200,3.04,0.015,202.08333333333334
1999-06-18,3.03125,3.03125,2.84375,2.90625,132200,2.93,0.015,193.75
1999-06-21,2.9375,2.96875,2.875,2.90625,54800,2.92,0.015,193.75
1999-06-22,2.90625,3.0,2.90625,2.9375,52800,2.95,0.015,195.83333333333334
1999-06-23,2.9375,3.0,2.9375,2.9375,40600,2.96,0.015,195.83333333333334
1999-06-24,2.96875,3.0,2.875,2.90625,64000,2.93,0.015,193.75
1999-06-25,2.875,2.875,2.8125,2.875,45800,2.85,0.015,191.66666666666669
1999-06-28,2.8125,2.8125,2.53125,2.53125,143400,2.63,0.015,168.75
1999-06-29,2.5,2.6875,2.5,2.6875,275200,2.63,0.015,179.16666666666669
1999-06-30,2.59375,2.6875,2.59375,2.6875,31800,2.66,0.015,179.16666666666669
1999-07-01,2.625,2.71875,2.59375,2.65625,93200,2.66,0.015,177.08333333333334
1999-07-02,2.71875,2.71875,2.5625,2.65625,93200,2.65,0.015,177.08333333333334
1999-07-06,2.625,2.6875,2.59375,2.65625,53400,2.65,0.015,177.08333333333334
1999-07-07,2.59375,2.59375,2.46875,2.5,149800,2.52,0.015,166.66666666666669
1999-07-08,2.5,2.5,2.375,2.46875,142200,2.45,0.015,164.58333333333334
1999-07-09,2.4375,2.4375,2.125,2.21875,399200,2.26,0.015,147.91666666666669
1999-07-12,2.21875,2.25,2.125,2.15625,381400,2.18,0.015,143.75
1999-07-13,2.15625,2.21875,2.0625,2.125,168000,2.14,0.015,141.66666666666669
1999-07-14,2.125,2.1875,2.125,2.15625,104800,2.16,0.015,143.75
1999-07-15,2.1875,2.5,2.125,2.3125,1021600,2.31,0.015,154.16666666666669
1999-07-16,2.375,2.40625,2.25,2.25,216000,2.3,0.015,150.0
1999-07-19,2.28125,2.34375,2.1875,2.1875,82000,2.24,0.015,145.83333333333334
1999-07-20,2.25,2.28125,2.21875,2.21875,52400,2.24,0.015,147.91666666666669
1999-07-21,2.25,2.25,2.0625,2.09375,1126600,2.14,0.015,139.58333333333334
1999-07-22,2.09375,2.09375,2.0,2.0,350800,2.03,0.015,133.33333333333334
1999-07-23,2.0625,2.0625,1.96875,2.0,246600,2.01,0.015,133.33333333333334
1999-07-26,2.0,2.0625,1.96875,2.0,145600,2.01,0.015,133.33333333333334
1999-07-27,2.0,2.03125,1.96875,2.03125,115800,2.01,0.015,135.41666666666669
1999-07-28,2.03125,2.03125,1.96875,2.03125,156200,2.01,0.015,135.41666666666669
1999-07-29,2.03125,2.03125,2.0,2.0,49600,2.01,0.015,133.33333333333334
1999-07-30,2.03125,2.0625,1.75,2.0,1901600,1.94,0.015,133.33333333333334
1999-08-02,2.0,2.03125,1.96875,1.96875,39400,1.99,0.015,131.25
1999-08-03,1.96875,2.0,1.9375,1.96875,37800,1.97,0.015,131.25
1999-08-04,1.96875,1.96875,1.875,1.9375,101200,1.93,0.015,129.16666666666669
1999-08-05,1.9375,1.96875,1.90625,1.90625,47800,1.93,0.015,127.08333333333334
1999-08-06,1.90625,1.96875,1.875,1.90625,55200,1.92,0.015,127.08333333333334
1999-08-09,1.90625,1.90625,1.75,1.8125,166600,1.82,0.015,120.83333333333334
1999-08-10,1.8125,1.84375,1.8125,1.8125,42000,1.82,0.015,120.83333333333334
1999-08-11,1.8125,1.875,1.78125,1.78125,65800,1.81,0.015,118.75
1999-08-12,1.84375,1.875,1.78125,1.84375,38200,1.83,0.015,122.91666666666667
1999-08-13,1.875,1.875,1.8125,1.8125,25800,1.83,0.015,120.83333333333334
1999-08-16,1.84375,1.84375,1.8125,1.8125,55200,1.82,0.015,120.83333333333334
1999-08-17,1.84375,1.875,1.8125,1.84375,41400,1.84,0.015,122.91666666666667
1999-08-18,1.84375,1.875,1.8125,1.84375,43200,1.84,0.015,122.91666666666667
1999-08-19,1.875,1.875,1.8125,1.84375,81400,1.84,0.015,122.91666666666667
1999-08-20,1.875,1.90625,1.8125,1.84375,140200,1.85,0.015,122.91666666666667
1999-08-23,1.875,1.875,1.8125,1.84375,73200,1.84,0.015,122.91666666666667
1999-08-24,1.875,1.875,1.8125,1.84375,67800,1.84,0.015,122.91666666666667
1999-08-25,1.84375,1.84375,1.75,1.75,646800,1.78,0.015,116.66666666666667
1999-08-26,1.75,1.8125,1.6875,1.71875,96400,1.74,0.015,114.58333333333334
1999-08-27,1.71875,1.75,1.6875,1.71875,87600,1.72,0.015,114.58333333333334
1999-08-30,1.71875,1.78125,1.6875,1.71875,46000,1.73,0.015,114.58333333333334
1999-08-31,1.75,1.78125,1.6875,1.71875,85000,1.73,0.015,114.58333333333334
1999-09-01,1.71875,1.75,1.6875,1.71875,42800,1.72,0.015,114.58333333333334
1999-09-02,1.75,1.75,1.65625,1.6875,79200,1.7,0.015,112.5
1999-09-03,1.6875,1.71875,1.65625,1.6875,123400,1.69,0.015,112.5
1999-09-07,1.78125,1.9375,1.78125,1.84375,422000,1.85,0.015,122.91666666666667
1999-09-08,1.875,2.0,1.84375,2.0,187000,1.95,0.015,133.33333333333334
1999-09-09,2.0,2.0,1.90625,1.90625,65000,1.94,0.015,127.08333333333334
1999-09-10,1.9375,1.9375,1.90625,1.9375,52200,1.93,0.015,129.16666666666669
1999-09-13,1.875,1.96875,1.875,1.875,58600,1.91,0.015,125.0
1999-09-14,1.9375,1.9375,1.84375,1.84375,38400,1.88,0.015,122.91666666666667
1999-09-15,1.8125,1.84375,1.75,1.8125,89800,1.8,0.015,120.83333333333334
1999-09-16,1.84375,1.9375,1.8125,1.875,113800,1.88,0.015,125.0
1999-09-17,1.90625,1.9375,1.84375,1.875,184200,1.89,0.015,125.0
1999-09-20,1.875,1.9375,1.875,1.875,45400,1.9,0.015,125.0
1999-09-21,1.90625,1.90625,1.78125,1.8125,34800,1.83,0.015,120.83333333333334
1999-09-22,1.84375,1.875,1.625,1.71875,450600,1.74,0.015,114.58333333333334
1999-09-23,1.78125,1.84375,1.625,1.71875,224600,1.73,0.015,114.58333333333334
1999-09-24,1.71875,1.75,1.6875,1.6875,55200,1.71,0.015,112.5
1999-09-27,1.75,1.78125,1.71875,1.71875,95200,1.74,0.015,114.58333333333334
1999-09-28,1.75,1.75,1.65625,1.65625,89800,1.69,0.015,110.41666666666667
1999-09-29,1.65625,1.6875,1.625,1.65625,47600,1.66,0.015,110.41666666666667
1999-09-30,1.6875,1.6875,1.625,1.6875,21600,1.67,0.015,112.5
1999-10-01,1.6875,1.71875,1.65625,1.6875,55000,1.69,0.015,112.5
1999-10-04,1.71875,1.71875,1.625,1.65625,61400,1.67,0.015,110.41666666666667
1999-10-05,1.6875,1.71875,1.65625,1.65625,22400,1.68,0.015,110.41666666666667
1999-10-06,1.65625,1.6875,1.59375,1.625,123000,1.64,0.015,108.33333333333334
1999-10-07,1.6875,1.6875,1.5625,1.5625,106600,1.6,0.015,104.16666666666667
1999-10-08,1.5625,1.65625,1.5625,1.59375,21200,1.6,0.015,106.25
1999-10-11,1.625,1.625,1.5,1.53125,473000,1.55,0.015,102.08333333333334
1999-10-12,1.53125,1.53125,1.5,1.5,61000,1.51,0.015,100.0
1999-10-13,1.5,1.5625,1.5,1.53125,56200,1.53,0.015,102.08333333333334
1999-10-14,1.53125,1.5625,1.5,1.5625,45600,1.54,0.015,104.16666666666667
1999-10-15,1.5,1.53125,1.46875,1.5,72000,1.5,0.015,100.0
1999-10-18,1.5625,1.5625,1.46875,1.5,464200,1.51,0.015,100.0
1999-10-19,1.5,1.5,1.46875,1.5,47200,1.49,0.015,100.0
1999-10-20,1.46875,1.53125,1.46875,1.53125,110400,1.51,0.015,102.08333333333334
1999-10-21,1.53125,1.53125,1.46875,1.46875,45400,1.49,0.015,97.91666666666667
1999-10-22,1.5,1.5,1.46875,1.46875,49000,1.48,0.015,97.91666666666667
1999-10-25,1.5,1.5,1.375,1.375,106000,1.42,0.015,91.66666666666667
1999-10-26,1.4375,1.4375,1.125,1.125,437800,1.23,0.015,75.0
1999-10-27,1.15625,1.25,0.875,0.90625,1931800,1.01,0.015,60.41666666666667
1999-10-28,1.125,1.375,1.09375,1.34375,536400,1.27,0.015,89.58333333333334
1999-10-29,1.40625,1.53125,1.34375,1.40625,213400,1.43,0.015,93.75
1999-11-01,1.375,1.4375,1.3125,1.4375,95800,1.4,0.015,95.83333333333334
1999-11-02,1.46875,1.5,1.375,1.4375,132600,1.44,0.015,95.83333333333334
1999-11-03,1.4375,1.4375,1.359375,1.375,83800,1.39,0.015,91.66666666666667
1999-11-04,1.40625,1.5,1.28125,1.5,462200,1.43,0.015,100.0
1999-11-05,1.5,1.5,1.40625,1.5,150200,1.47,0.015,100.0
1999-11-08,1.46875,1.5,1.40625,1.4375,201000,1.45,0.015,95.83333333333334
1999-11-09,1.4375,1.46875,1.375,1.375,45200,1.41,0.015,91.66666666666667
1999-11-10,1.40625,1.40625,1.375,1.40625,72600,1.4,0.015,93.75
1999-11-11,1.40625,1.46875,1.40625,1.46875,82400,1.45,0.015,97.91666666666667
1999-11-12,1.40625,1.4375,1.34375,1.34375,116200,1.38,0.015,89.58333333333334
1999-11-15,1.34375,1.375,1.3125,1.34375,88200,1.34,0.015,89.58333333333334
1999-11-16,1.34375,1.40625,1.34375,1.40625,98000,1.39,0.015,93.75
1999-11-17,1.40625,1.4375,1.34375,1.34375,56200,1.38,0.015,89.58333333333334
1999-11-18,1.34375,1.40625,1.3125,1.375,166600,1.36,0.015,91.66666666666667
1999-11-19,1.375,1.40625,1.34375,1.40625,101400,1.39,0.015,93.75
1999-11-22,1.3125,1.375,1.28125,1.375,222800,1.34,0.015,91.66666666666667
1999-11-23,1.34375,1.375,1.3125,1.3125,58000,1.33,0.015,87.5
1999-11-24,1.3125,1.375,1.28125,1.3125,76800,1.32,0.015,87.5
1999-11-26,1.28125,1.40625,1.28125,1.375,113600,1.35,0.015,91.66666666666667
1999-11-29,1.34375,1.375,1.21875,1.25,206200,1.28,0.015,83.33333333333334
1999-11-30,1.25,1.25,1.1875,1.21875,181600,1.22,-0.0642,-18.983644859813086
1999-12-01,1.34375,1.53125,1.34375,1.46875,1049400,1.45,-0.0642,-22.877725856697822
1999-12-02,1.59375,1.625,1.53125,1.5625,376000,1.57,-0.0642,-24.338006230529597
1999-12-03,1.625,1.625,1.4375,1.5,179800,1.52,-0.0642,-23.364485981308412
1999-12-06,1.4375,1.5,1.34375,1.5,182400,1.45,-0.0642,-23.364485981308412
1999-12-07,1.5,1.5,1.34375,1.375,540600,1.41,-0.0642,-21.417445482866047
1999-12-08,1.375,1.40625,1.28125,1.28125,179400,1.32,-0.0642,-19.95716510903427
1999-12-09,1.28125,1.34375,1.25,1.3125,119800,1.3,-0.0642,-20.443925233644862
1999-12-10,1.28125,1.3125,1.25,1.28125,83600,1.28,-0.0642,-19.95716510903427
1999-12-13,1.28125,1.3125,1.21875,1.21875,422000,1.25,-0.0642,-18.983644859813086
1999-12-14,1.25,1.28125,1.1875,1.1875,149000,1.22,-0.0642,-18.496884735202496
1999-12-15,1.1875,1.25,1.09375,1.09375,278400,1.15,-0.0642,-17.036604361370717
1999-12-16,1.15625,1.15625,1.0625,1.0625,258000,1.09,-0.0642,-16.549844236760126
1999-12-17,1.0625,1.125,1.03125,1.0625,363800,1.07,-0.0642,-16.549844236760126
1999-12-20,1.09375,1.125,0.96875,1.0625,577200,1.05,-0.0642,-16.549844236760126
1999-12-21,1.0625,1.1875,1.0625,1.125,346800,1.13,-0.0642,-17.52336448598131
1999-12-22,1.15625,1.1875,1.125,1.1875,401600,1.17,-0.0642,-18.496884735202496
1999-12-23,1.1875,1.25,1.125,1.25,265800,1.21,-0.0642,-19.470404984423677
1999-12-27,1.21875,1.25,1.1875,1.25,320000,1.23,-0.0642,-19.470404984423677
1999-12-28,1.25,1.3125,1.15625,1.15625,285200,1.21,-0.0642,-18.0101246105919
1999-12-29,1.1875,1.1875,1.125,1.1875,163800,1.17,-0.0642,-18.496884735202496
1999-12-30,1.125,1.1875,1.0625,1.1875,445800,1.15,-0.0642,-18.496884735202496
1999-12-31,1.15625,1.1875,1.0625,1.15625,240000,1.14,-0.0642,-18.0101246105919
2000-01-03,1.125,1.1875,1.125,1.125,148200,1.15,-0.0642,-17.52336448598131
2000-01-04,1.09375,1.125,1.0625,1.09375,107000,1.09,-0.0642,-17.036604361370717
2000-01-05,1.0625,1.09375,1.0625,1.0625,61600,1.07,-0.0642,-16.549844236760126
2000-01-06,1.0625,1.15625,1.0625,1.125,149000,1.11,-0.0642,-17.52336448598131
2000-01-07,1.125,1.46875,1.09375,1.1875,240600,1.25,-0.0642,-18.496884735202496
2000-01-10,1.21875,1.25,1.1875,1.21875,191200,1.22,-0.0642,-18.983644859813086
2000-01-11,1.21875,1.25,1.125,1.15625,206000,1.18,-0.0642,-18.0101246105919
2000-01-12,1.15625,1.1875,1.09375,1.09375,254400,1.13,-0.0642,-17.036604361370717
2000-01-13,1.125,1.125,1.0,1.0,683800,1.04,-0.0642,-15.576323987538942
2000-01-14,1.0,1.03125,0.96875,1.0,990000,1.0,-0.0642,-15.576323987538942
2000-01-18,1.0,1.03125,0.96875,1.0,827200,1.0,-0.0642,-15.576323987538942
2000-01-19,1.0,1.0,0.96875,1.0,196200,0.98958,-0.0642,-15.576323987538942
2000-01-20,1.0,1.0,0.65625,0.71875,19896400,0.79167,-0.0642,-11.195482866043616
2000-01-21,0.75,0.78125,0.71875,0.78125,3789400,0.76042,-0.0642,-12.169003115264799
2000-01-24,0.78125,0.78125,0.75,0.78125,1602000,0.77083,-0.0642,-12.169003115264799
2000-01-25,0.78125,0.8125,0.75,0.78125,657600,0.78125,-0.0642,-12.169003115264799
2000-01-26,0.78125,0.8125,0.75,0.78125,375200,0.78125,-0.0642,-12.169003115264799
2000-01-27,0.78125,0.78125,0.75,0.78125,1212000,0.77083,-0.0642,-12.169003115264799
2000-01-28,0.75,0.78125,0.71875,0.75,800000,0.75,-0.0642,-11.682242990654206
2000-01-31,0.78125,0.8125,0.75,0.78125,2004600,0.78125,-0.0642,-12.169003115264799
2000-02-01,0.8125,0.875,0.78125,0.84375,1307400,0.83333,-0.0642,-13.142523364485983
2000-02-02,0.84375,0.875,0.8125,0.84375,738200,0.84375,-0.0642,-13.142523364485983
2000-02-03,0.875,0.90625,0.8125,0.8125,1134600,0.84375,-0.0642,-12.655763239875391
2000-02-04,0.84375,0.875,0.8125,0.84375,836400,0.84375,-0.0642,-13.142523364485983
2000-02-07,0.875,0.90625,0.84375,0.875,1136800,0.875,-0.0642,-13.629283489096574
2000-02-08,0.875,0.90625,0.84375,0.84375,1335400,0.86458,-0.0642,-13.142523364485983
2000-02-09,0.875,0.875,0.78125,0.8125,1051200,0.82292,-0.0642,-12.655763239875391
2000-02-10,0.8125,0.8125,0.75,0.78125,954400,0.78125,-0.0642,-12.169003115264799
2000-02-11,0.78125,0.78125,0.6875,0.75,1382000,0.73958,-0.0642,-11.682242990654206
2000-02-14,0.78125,0.78125,0.71875,0.75,1103200,0.75,-0.0642,-11.682242990654206
2000-02-15,0.75,0.78125,0.75,0.78125,628400,0.77083,-0.0642,-12.169003115264799
2000-02-16,0.78125,0.78125,0.75,0.75,919000,0.76042,-0.0642,-11.682242990654206
2000-02-17,0.78125,0.78125,0.75,0.75,413000,0.76042,-0.0642,-11.682242990654206
2000-02-18,0.78125,0.8125,0.75,0.8125,687400,0.79167,-0.0642,-12.655763239875391
2000-02-22,0.8125,0.8125,0.78125,0.8125,425000,0.80208,-0.0642,-12.655763239875391
2000-02-23,0.8125,0.8125,0.78125,0.8125,454600,0.80208,-0.0642,-12.655763239875391
2000-02-24,0.8125,0.8125,0.78125,0.8125,644600,0.80208,-0.0642,-12.655763239875391
2000-02-25,0.8125,0.8125,0.78125,0.8125,476000,0.80208,-0.0642,-12.655763239875391
2000-02-28,0.8125,0.84375,0.78125,0.8125,541800,0.8125,-0.0642,-12.655763239875391
2000-02-29,0.8125,0.84375,0.78125,0.8125,716000,0.8125,-0.0348,-23.34770114942529
2000-03-01,0.8125,0.84375,0.78125,0.8125,534000,0.8125,-0.0348,-23.34770114942529
2000-03-02,0.8125,0.84375,0.78125,0.84375,611000,0.82292,-0.0348,-24.245689655172416
2000-03-03,0.84375,0.875,0.8125,0.8125,1761800,0.83333,-0.0348,-23.34770114942529
2000-03-06,0.875,1.0625,0.875,1.03125,3680400,0.98958,-0.0348,-29.633620689655174
2000-03-07,1.09375,1.28125,1.0625,1.21875,2764200,1.19,-0.0348,-35.021551724137936
2000-03-08,1.21875,1.3125,1.21875,1.28125,1728600,1.27,-0.0348,-36.81752873563219
2000-03-09,1.34375,1.34375,1.25,1.3125,871400,1.3,-0.0348,-37.71551724137931
2000-03-10,1.28125,1.3125,1.25,1.28125,1059400,1.28,-0.0348,-36.81752873563219
2000-03-13,1.25,1.25,1.1875,1.25,725400,1.23,-0.0348,-35.91954022988506
2000-03-14,1.25,1.25,1.1875,1.1875,632200,1.21,-0.0348,-34.12356321839081
2000-03-15,1.1875,1.21875,1.0,1.0625,2599400,1.09,-0.0348,-30.5316091954023
2000-03-16,1.09375,1.15625,1.0625,1.125,641800,1.11,-0.0348,-32.327586206896555
2000-03-17,1.15625,1.15625,1.09375,1.125,552000,1.13,-0.0348,-32.327586206896555
2000-03-20,1.15625,1.15625,1.125,1.15625,578800,1.15,-0.0348,-33.22557471264368
2000-03-21,1.15625,1.15625,1.0625,1.09375,1067000,1.1,-0.0348,-31.429597701149426
2000-03-22,1.09375,1.1875,1.09375,1.15625,729400,1.15,-0.0348,-33.22557471264368
2000-03-23,1.15625,1.40625,1.15625,1.3125,1429400,1.29,-0.0348,-37.71551724137931
2000-03-24,1.375,1.4375,1.34375,1.4375,1213000,1.41,-0.0348,-41.30747126436782
2000-03-27,1.4375,1.71875,1.40625,1.65625,1492200,1.59,-0.0348,-47.5933908045977
2000-03-28,1.6875,2.0,1.65625,1.9375,1821800,1.86,-0.0348,-55.675287356321846
2000-03-29,2.0,2.125,1.90625,1.9375,1203000,1.99,-0.0348,-55.675287356321846
2000-03-30,1.90625,1.9375,1.5,1.75,1223800,1.73,-0.0348,-50.287356321839084
2000-03-31,1.78125,1.8125,1.59375,1.65625,457000,1.69,-0.0348,-47.5933908045977
2000-04-03,1.78125,1.96875,1.78125,1.90625,765000,1.89,-0.0348,-54.77729885057472
2000-04-04,1.9375,1.96875,1.6875,1.875,1035600,1.84,-0.0348,-53.87931034482759
2000-04-05,1.875,1.96875,1.78125,1.84375,436800,1.86,-0.0348,-52.981321839080465
2000-04-06,1.9375,2.0625,1.65625,1.71875,2200000,1.81,-0.0348,-49.389367816091955
2000-04-07,1.75,1.75,1.4375,1.53125,1066200,1.57,-0.0348,-44.0014367816092
2000-04-10,1.59375,1.625,1.5,1.5625,500800,1.56,-0.0348,-44.89942528735632
2000-04-11,1.53125,1.5625,1.40625,1.46875,484800,1.48,-0.0348,-42.20545977011495
2000-04-12,1.46875,1.46875,1.21875,1.3125,1167400,1.33,-0.0348,-37.71551724137931
2000-04-13,1.25,1.28125,1.1875,1.234375,333000,1.23,-0.0348,-35.4705459770115
2000-04-14,1.21875,1.25,1.125,1.25,897200,1.21,-0.0348,-35.91954022988506
2000-04-17,1.1875,1.21875,1.09375,1.09375,547600,1.14,-0.0348,-31.429597701149426
2000-04-18,1.09375,1.15625,1.03125,1.15625,382400,1.11,-0.0348,-33.22557471264368
2000-04-19,1.125,1.125,1.03125,1.09375,461200,1.08,-0.0348,-31.429597701149426
2000-04-20,1.125,1.15625,1.09375,1.125,214800,1.13,-0.0348,-32.327586206896555
2000-04-24,1.125,1.1875,1.09375,1.125,283200,1.14,-0.0348,-32.327586206896555
2000-04-25,1.15625,1.1875,1.125,1.1875,368000,1.17,-0.0348,-34.12356321839081
2000-04-26,1.1875,1.21875,1.15625,1.15625,163200,1.18,-0.0348,-33.22557471264368
2000-04-27,1.15625,1.1875,1.125,1.15625,143400,1.16,-0.0348,-33.22557471264368
2000-04-28,1.1875,1.3125,1.15625,1.28125,341800,1.25,-0.0348,-36.81752873563219
2000-05-01,1.3125,1.34375,1.28125,1.28125,131600,1.3,-0.0348,-36.81752873563219
2000-05-02,1.34375,1.4375,1.3125,1.375,360800,1.38,-0.0348,-39.51149425287357
2000-05-03,1.40625,1.4375,1.34375,1.375,410800,1.39,-0.0348,-39.51149425287357
2000-05-04,1.4375,1.5625,1.4375,1.5,960800,1.5,-0.0348,-43.10344827586207
2000-05-05,1.5,1.53125,1.46875,1.5,392800,1.5,-0.0348,-43.10344827586207
2000-05-08,1.46875,1.46875,1.34375,1.34375,375600,1.39,-0.0348,-38.61350574712644
2000-05-09,1.375,1.40625,1.25,1.25,178200,1.3,-0.0348,-35.91954022988506
2000-05-10,1.25,1.28125,1.21875,1.21875,205400,1.24,-0.0348,-35.021551724137936
2000-05-11,1.25,1.25,1.21875,1.21875,100000,1.23,-0.0348,-35.021551724137936
2000-05-12,1.25,1.40625,1.21875,1.28125,460200,1.3,-0.0348,-36.81752873563219
2000-05-15,1.3125,1.34375,1.1875,1.1875,239000,1.24,-0.0348,-34.12356321839081
2000-05-16,1.21875,1.3125,1.1875,1.1875,218800,1.23,-0.0348,-34.12356321839081
2000-05-17,1.25,1.28125,1.21875,1.21875,188200,1.24,-0.0348,-35.021551724137936
2000-05-18,1.28125,1.28125,1.21875,1.21875,216600,1.24,-0.0348,-35.021551724137936
2000-05-19,1.25,1.25,1.1875,1.21875,190400,1.22,-0.0348,-35.021551724137936
2000-05-22,1.25,1.28125,1.15625,1.1875,439000,1.21,-0.0348,-34.12356321839081
2000-05-23,1.1875,1.21875,1.15625,1.21875,155000,1.2,-0.0348,-35.021551724137936
2000-05-24,1.25,1.25,1.1875,1.21875,174400,1.22,-0.0348,-35.021551724137936
2000-05-25,1.25,1.25,1.21875,1.21875,88200,1.23,-0.0348,-35.021551724137936
2000-05-26,1.25,1.28125,1.21875,1.25,439200,1.25,-0.0348,-35.91954022988506
2000-05-30,1.3125,1.375,1.28125,1.375,309200,1.34,-0.0348,-39.51149425287357
2000-05-31,1.3125,1.375,1.3125,1.34375,192400,1.34,0.07,19.19642857142857
2000-06-01,1.34375,1.375,1.3125,1.34375,163200,1.34,0.07,19.19642857142857
2000-06-02,1.34375,1.40625,1.3125,1.34375,211000,1.35,0.07,19.19642857142857
2000-06-05,1.34375,1.46875,1.34375,1.4375,536800,1.42,0.07,20.535714285714285
2000-06-06,1.5,1.6875,1.46875,1.65625,1342600,1.6,0.07,23.660714285714285
2000-06-07,1.6875,1.8125,1.625,1.6875,1254800,1.71,0.07,24.107142857142854
2000-06-08,1.71875,1.71875,1.5625,1.625,392800,1.64,0.07,23.21428571428571
2000-06-09,1.5625,1.625,1.5625,1.59375,325000,1.59,0.07,22.767857142857142
2000-06-12,1.59375,1.59375,1.5625,1.5625,240200,1.57,0.07,22.32142857142857
2000-06-13,1.53125,1.6875,1.53125,1.625,253800,1.61,0.07,23.21428571428571
2000-06-14,1.65625,1.75,1.65625,1.6875,380000,1.7,0.07,24.107142857142854
2000-06-15,1.65625,1.75,1.65625,1.6875,312200,1.7,0.07,24.107142857142854
2000-06-16,1.65625,1.6875,1.65625,1.65625,390200,1.67,0.07,23.660714285714285
2000-06-19,1.625,1.65625,1.5625,1.625,300600,1.61,0.07,23.21428571428571
2000-06-20,1.59375,1.625,1.5625,1.5625,371400,1.58,0.07,22.32142857142857
2000-06-21,1.5,1.59375,1.5,1.59375,270000,1.56,0.07,22.767857142857142
2000-06-22,1.59375,1.59375,1.5625,1.5625,141800,1.57,0.07,22.32142857142857
2000-06-23,1.5625,1.59375,1.5625,1.59375,111800,1.58,0.07,22.767857142857142
2000-06-26,1.5625,1.59375,1.5625,1.59375,43600,1.58,0.07,22.767857142857142
2000-06-27,1.5625,1.59375,1.5625,1.5625,162400,1.57,0.07,22.32142857142857
2000-06-28,1.5625,1.5625,1.53125,1.53125,145600,1.54,0.07,21.874999999999996
2000-06-29,1.53125,1.59375,1.53125,1.5625,335600,1.56,0.07,22.32142857142857
2000-06-30,1.59375,1.6875,1.59375,1.6875,376200,1.66,0.07,24.107142857142854
2000-07-03,1.625,1.6875,1.59375,1.625,71600,1.64,0.07,23.21428571428571
2000-07-05,1.625,1.6875,1.625,1.65625,146200,1.66,0.07,23.660714285714285
2000-07-06,1.65625,1.71875,1.59375,1.6875,423200,1.67,0.07,24.107142857142854
2000-07-07,1.65625,1.6875,1.65625,1.65625,78600,1.67,0.07,23.660714285714285
2000-07-10,1.625,1.6875,1.625,1.6875,66000,1.67,0.07,24.107142857142854
2000-07-11,1.6875,1.71875,1.65625,1.65625,224600,1.68,0.07,23.660714285714285
2000-07-12,1.65625,1.6875,1.65625,1.6875,123200,1.68,0.07,24.107142857142854
2000-07-13,1.6875,1.6875,1.65625,1.65625,83600,1.67,0.07,23.660714285714285
2000-07-14,1.65625,1.6875,1.65625,1.65625,65000,1.67,0.07,23.660714285714285
2000-07-17,1.625,1.71875,1.625,1.6875,199600,1.68,0.07,24.107142857142854
2000-07-18,1.6875,1.71875,1.65625,1.6875,226600,1.69,0.07,24.107142857142854
2000-07-19,1.6875,1.71875,1.65625,1.65625,109800,1.68,0.07,23.660714285714285
2000-07-20,1.6875,1.6875,1.65625,1.65625,269400,1.67,0.07,23.660714285714285
2000-07-21,1.65625,1.6875,1.65625,1.65625,227200,1.67,0.07,23.660714285714285
2000-07-24,1.65625,1.6875,1.65625,1.65625,125800,1.67,0.07,23.660714285714285
2000-07-25,1.65625,1.6875,1.65625,1.65625,317800,1.67,0.07,23.660714285714285
2000-07-26,1.65625,1.6875,1.65625,1.65625,359400,1.67,0.07,23.660714285714285
2000-07-27,1.65625,1.6875,1.65625,1.65625,175800,1.67,0.07,23.660714285714285
2000-07-28,1.65625,1.65625,1.625,1.625,259200,1.64,0.07,23.21428571428571
2000-07-31,1.625,1.65625,1.625,1.65625,130000,1.65,0.07,23.660714285714285
2000-08-01,1.75,2.0,1.75,1.90625,1428000,1.89,0.07,27.232142857142854
2000-08-02,1.9375,2.0,1.90625,2.0,844400,1.97,0.07,28.57142857142857
2000-08-03,1.96875,2.0,1.90625,2.0,336800,1.97,0.07,28.57142857142857
2000-08-04,2.0,2.0,1.90625,1.9375,195400,1.95,0.07,27.678571428571427
2000-08-07,1.875,1.9375,1.84375,1.90625,140000,1.9,0.07,27.232142857142854
2000-08-08,1.90625,2.28125,1.875,2.21875,1106800,2.13,0.07,31.69642857142857
2000-08-09,2.1875,2.25,2.125,2.15625,416600,2.18,0.07,30.803571428571427
2000-08-10,2.125,2.15625,2.0625,2.09375,251400,2.1,0.07,29.91071428571428
2000-08-11,2.09375,2.1875,2.0625,2.125,107400,2.13,0.07,30.357142857142854
2000-08-14,2.125,2.28125,2.09375,2.28125,365200,2.22,0.07,32.58928571428571
2000-08-15,2.25,2.34375,2.21875,2.28125,191400,2.28,0.07,32.58928571428571
2000-08-16,2.28125,2.3125,2.1875,2.25,212200,2.25,0.07,32.14285714285714
2000-08-17,2.25,2.25,2.1875,2.25,99400,2.23,0.07,32.14285714285714
2000-08-18,2.25,2.25,2.15625,2.21875,164800,2.21,0.07,31.69642857142857
2000-08-21,2.21875,2.25,2.1875,2.1875,131000,2.21,0.07,31.249999999999996
2000-08-22,2.21875,2.25,2.1875,2.1875,120600,2.21,0.07,31.249999999999996
2000-08-23,2.1875,2.34375,2.1875,2.28125,199600,2.27,0.07,32.58928571428571
2000-08-24,2.25,2.3125,2.25,2.3125,68600,2.29,0.07,33.035714285714285
2000-08-25,2.25,2.34375,2.21875,2.34375,90800,2.3,0.07,33.482142857142854
2000-08-28,2.375,2.375,2.28125,2.28125,166600,2.31,0.07,32.58928571428571
2000-08-29,2.25,2.40625,2.21875,2.40625,210600,2.34,0.07,34.375
2000-08-30,2.375,2.4375,2.3125,2.375,159400,2.38,0.07,33.92857142857142
2000-08-31,2.375,2.4375,2.34375,2.34375,167200,2.38,0.08,29.296875
2000-09-01,2.3125,2.40625,2.3125,2.3125,41600,2.34,0.08,28.90625
2000-09-05,2.3125,2.375,2.3125,2.34375,139600,2.34,0.08,29.296875
2000-09-06,2.34375,2.4375,2.34375,2.40625,112200,2.4,0.08,30.078125
2000-09-07,2.46875,2.6875,2.375,2.65625,613000,2.57,0.08,33.203125
2000-09-08,2.59375,2.59375,2.5,2.5,404800,2.53,0.08,31.25
2000-09-11,2.46875,2.5,2.3125,2.375,167000,2.4,0.08,29.6875
2000-09-12,2.34375,2.375,2.1875,2.3125,158000,2.29,0.08,28.90625
2000-09-13,2.375,2.46875,2.28125,2.34375,133000,2.36,0.08,29.296875
2000-09-14,2.40625,2.4375,2.375,2.40625,42200,2.41,0.08,30.078125
2000-09-15,2.40625,2.4375,2.3125,2.4375,94600,2.4,0.08,30.46875
2000-09-18,2.46875,2.5,2.34375,2.40625,262600,2.42,0.08,30.078125
2000-09-19,2.40625,2.46875,2.3125,2.4375,299400,2.41,0.08,30.46875
2000-09-20,2.4375,2.5,2.375,2.375,170000,2.42,0.08,29.6875
2000-09-21,2.375,2.40625,2.28125,2.28125,64600,2.32,0.08,28.515625
2000-09-22,2.25,2.25,2.125,2.1875,249000,2.19,0.08,27.34375
2000-09-25,2.21875,2.21875,2.0625,2.15625,170200,2.15,0.08,26.953125
2000-09-26,2.125,2.125,1.9375,2.0,366800,2.02,0.08,25.0
2000-09-27,2.0,2.0,1.90625,1.9375,155000,1.95,0.08,24.21875
2000-09-28,1.9375,2.125,1.9375,2.0625,115800,2.04,0.08,25.78125
2000-09-29,2.25,2.3125,2.21875,2.28125,104200,2.27,0.08,28.515625
2000-10-02,2.25,2.53125,2.21875,2.4375,420000,2.4,0.08,30.46875
2000-10-03,2.375,2.375,2.3125,2.34375,108400,2.34,0.08,29.296875
2000-10-04,2.3125,2.46875,2.28125,2.34375,416000,2.36,0.08,29.296875
2000-10-05,2.375,2.40625,2.34375,2.34375,84400,2.36,0.08,29.296875
2000-10-06,2.34375,2.40625,2.3125,2.3125,57600,2.34,0.08,28.90625
2000-10-09,2.25,2.28125,2.1875,2.1875,87400,2.22,0.08,27.34375
2000-10-10,2.21875,2.21875,2.125,2.15625,83000,2.17,0.08,26.953125
2000-10-11,2.0625,2.09375,2.0,2.09375,156600,2.06,0.08,26.171875
2000-10-12,2.0625,2.0625,2.0,2.03125,50000,2.03,0.08,25.390625
2000-10-13,2.03125,2.3125,2.03125,2.28125,196000,2.21,0.08,28.515625
2000-10-16,2.3125,2.3125,2.125,2.15625,74400,2.2,0.08,26.953125
2000-10-17,2.1875,2.25,2.09375,2.125,51600,2.16,0.08,26.5625
2000-10-18,2.0625,2.15625,2.03125,2.15625,152000,2.11,0.08,26.953125
2000-10-19,2.125,2.1875,2.09375,2.15625,86000,2.15,0.08,26.953125
2000-10-20,2.125,2.15625,2.09375,2.125,134800,2.13,0.08,26.5625
2000-10-23,2.09375,2.125,2.0625,2.09375,161000,2.09,0.08,26.171875
2000-10-24,2.09375,2.09375,1.875,2.0,113400,1.99,0.08,25.0
2000-10-25,1.9375,2.0,1.8125,1.96875,179600,1.93,0.08,24.609375
2000-10-26,1.9375,2.0,1.8125,1.84375,162400,1.89,0.08,23.046875
2000-10-27,1.84375,1.875,1.8125,1.84375,111200,1.84,0.08,23.046875
2000-10-30,1.78125,1.875,1.6875,1.75,306800,1.77,0.08,21.875
2000-10-31,1.71875,1.84375,1.71875,1.84375,389400,1.8,0.08,23.046875
2000-11-01,1.8125,2.0,1.8125,2.0,136400,1.94,0.08,25.0
2000-11-02,2.0,2.0625,1.9375,2.0,157600,2.0,0.08,25.0
2000-11-03,2.0,2.0625,1.9375,2.03125,186200,2.01,0.08,25.390625
2000-11-06,2.0,2.09375,2.0,2.03125,112400,2.04,0.08,25.390625
2000-11-07,2.03125,2.25,2.03125,2.25,291000,2.18,0.08,28.125
2000-11-08,2.1875,2.21875,2.125,2.125,125600,2.16,0.08,26.5625
2000-11-09,2.15625,2.1875,2.125,2.125,54200,2.15,0.08,26.5625
2000-11-10,2.125,2.125,2.0,2.0,85400,2.04,0.08,25.0
2000-11-13,2.1875,2.28125,2.09375,2.25,422200,2.21,0.08,28.125
2000-11-14,2.21875,2.28125,2.1875,2.28125,225400,2.25,0.08,28.515625
2000-11-15,2.28125,2.3125,2.1875,2.1875,67000,2.23,0.08,27.34375
2000-11-16,2.1875,2.1875,2.125,2.15625,37200,2.16,0.08,26.953125
2000-11-17,2.125,2.1875,2.125,2.15625,81400,2.16,0.08,26.953125
2000-11-20,2.1875,2.1875,2.0,2.09375,222600,2.09,0.08,26.171875
2000-11-21,2.125,2.125,2.0,2.125,81400,2.08,0.08,26.5625
2000-11-22,2.03125,2.0625,2.0,2.03125,186800,2.03,0.08,25.390625
2000-11-24,2.03125,2.09375,2.03125,2.0625,73800,2.06,0.08,25.78125
2000-11-27,2.0625,2.0625,2.03125,2.0625,67400,2.05,0.08,25.78125
2000-11-28,2.0,2.0625,2.0,2.03125,41800,2.03,0.08,25.390625
2000-11-29,2.03125,2.0625,2.0,2.0625,80400,2.04,0.08,25.78125
2000-11-30,2.03125,2.03125,2.0,2.0,75200,2.01,0.04,50.0
2000-12-01,2.0,2.0625,1.9375,1.96875,64600,1.99,0.04,49.21875
2000-12-04,1.96875,2.0,1.9375,1.9375,79800,1.96,0.04,48.4375
2000-12-05,1.9375,1.96875,1.9375,1.9375,26400,1.95,0.04,48.4375
2000-12-06,1.9375,2.0,1.875,2.0,150000,1.96,0.04,50.0
2000-12-07,1.96875,1.96875,1.90625,1.9375,31600,1.94,0.04,48.4375
2000-12-08,1.875,2.03125,1.875,2.0,139600,1.97,0.04,50.0
2000-12-11,2.0,2.03125,1.96875,2.03125,55400,2.01,0.04,50.78125
2000-12-12,1.96875,2.0,1.96875,2.0,50800,1.99,0.04,50.0
2000-12-13,1.96875,1.96875,1.875,1.96875,67600,1.94,0.04,49.21875
2000-12-14,1.9375,1.96875,1.90625,1.9375,44600,1.94,0.04,48.4375
2000-12-15,1.90625,1.9375,1.875,1.90625,151200,1.91,0.04,47.65625
2000-12-18,1.9375,1.9375,1.90625,1.90625,146400,1.92,0.04,47.65625
2000-12-19,1.90625,2.125,1.90625,2.09375,329400,2.04,0.04,52.34375
2000-12-20,2.0,2.0,1.875,1.96875,221400,1.95,0.04,49.21875
2000-12-21,1.96875,2.0,1.9375,1.96875,62800,1.97,0.04,49.21875
2000-12-22,1.9375,1.96875,1.875,1.90625,97000,1.92,0.04,47.65625
2000-12-26,1.84375,1.9375,1.84375,1.90625,98600,1.9,0.04,47.65625
2000-12-27,1.84375,2.0,1.84375,2.0,124800,1.95,0.04,50.0
2000-12-28,1.9375,2.0,1.9375,2.0,98800,1.98,0.04,50.0
2000-12-29,1.96875,2.0,1.9375,1.96875,148600,1.97,0.04,49.21875
2001-01-02,1.96875,2.0,1.9375,2.0,111200,1.98,0.04,50.0
2001-01-03,1.96875,2.15625,1.9375,2.15625,255000,2.08,0.04,53.90625
2001-01-04,2.09375,2.3125,2.09375,2.28125,463800,2.23,0.04,57.03125
2001-01-05,2.25,2.25,2.125,2.21875,220800,2.2,0.04,55.46875
2001-01-08,2.28125,2.28125,2.03125,2.0625,138000,2.13,0.04,51.5625
2001-01-09,2.0625,2.21875,2.0625,2.1875,121400,2.16,0.04,54.6875
2001-01-10,2.21875,2.25,2.0625,2.21875,231600,2.18,0.04,55.46875
2001-01-11,2.28125,2.3125,2.25,2.3125,279400,2.29,0.04,57.8125
2001-01-12,2.375,2.375,2.28125,2.34375,540800,2.33,0.04,58.59375
2001-01-16,2.34375,2.5625,2.34375,2.5,508200,2.47,0.04,62.5
2001-01-17,2.46875,2.6875,2.46875,2.65625,320600,2.6,0.04,66.40625
2001-01-18,2.65625,2.65625,2.53125,2.59375,176200,2.59,0.04,64.84375
2001-01-19,2.59375,2.625,2.53125,2.5625,199000,2.57,0.04,64.0625
2001-01-22,2.625,2.65625,2.4375,2.5,322400,2.53,0.04,62.5
2001-01-23,2.5,2.625,2.46875,2.625,127600,2.57,0.04,65.625
2001-01-24,2.59375,2.59375,2.5,2.53125,100000,2.54,0.04,63.28125
2001-01-25,2.5625,2.59375,2.375,2.40625,130400,2.46,0.04,60.15625
2001-01-26,2.375,2.375,2.09375,2.34375,225200,2.27,0.04,58.59375
2001-01-29,2.35,2.35,2.17,2.225,84600,2.25,0.04,55.625
2001-01-30,2.245,2.5,2.2,2.5,262800,2.4,0.04,62.5
2001-01-31,2.5,2.5,2.425,2.425,69200,2.45,0.04,60.62499999999999
2001-02-01,2.375,2.425,2.325,2.365,36800,2.37,0.04,59.12500000000001
2001-02-02,2.33,2.45,2.325,2.4,53800,2.39,0.04,60.0
2001-02-05,2.4,2.55,2.375,2.52,94800,2.48,0.04,63.0
2001-02-06,2.425,2.55,2.405,2.52,85000,2.49,0.04,63.0
2001-02-07,2.55,2.62,2.52,2.585,134000,2.58,0.04,64.625
2001-02-08,2.565,2.625,2.565,2.6,147800,2.6,0.04,65.0
2001-02-09,2.55,2.61,2.505,2.525,209600,2.55,0.04,63.125
2001-02-12,2.505,2.6,2.505,2.55,69400,2.55,0.04,63.74999999999999
2001-02-13,2.55,2.75,2.525,2.75,285200,2.68,0.04,68.75
2001-02-14,2.745,2.745,2.61,2.625,203600,2.66,0.04,65.625
2001-02-15,2.65,2.7,2.625,2.625,104200,2.65,0.04,65.625
2001-02-16,2.625,2.67,2.45,2.55,176800,2.56,0.04,63.74999999999999
2001-02-20,2.56,2.575,2.46,2.475,100000,2.5,0.04,61.875
2001-02-21,2.55,2.7,2.525,2.625,131200,2.62,0.04,65.625
2001-02-22,2.625,2.625,2.6,2.625,234400,2.62,0.04,65.625
2001-02-23,2.625,2.625,2.55,2.6,61200,2.59,0.04,65.0
2001-02-26,2.565,2.675,2.525,2.625,93400,2.61,0.04,65.625
2001-02-27,2.635,2.695,2.55,2.57,65000,2.61,0.04,64.25
2001-02-28,2.62,2.62,2.5,2.575,54000,2.57,0.15,17.166666666666668
2001-03-01,2.45,2.535,2.35,2.525,189000,2.47,0.15,16.833333333333332
2001-03-02,2.5,2.62,2.4,2.6,114000,2.54,0.15,17.333333333333336
2001-03-05,2.565,2.6,2.55,2.55,130600,2.57,0.15,17.0
2001-03-06,2.61,2.825,2.6,2.775,428800,2.73,0.15,18.5
2001-03-07,2.825,3.0,2.775,3.0,411000,2.93,0.15,20.0
2001-03-08,3.0,3.0,2.775,2.84,134600,2.87,0.15,18.933333333333334
2001-03-09,2.825,2.99,2.815,2.935,106400,2.91,0.15,19.566666666666666
2001-03-12,2.885,2.885,2.7,2.7,352200,2.76,0.15,18.000000000000004
2001-03-13,2.7,2.85,2.7,2.765,144800,2.77,0.15,18.433333333333334
2001-03-14,2.715,2.75,2.695,2.7,170400,2.72,0.15,18.000000000000004
2001-03-15,2.75,2.775,2.7,2.705,146600,2.73,0.15,18.033333333333335
2001-03-16,2.725,2.725,2.6,2.6,223800,2.64,0.15,17.333333333333336
2001-03-19,2.55,2.72,2.55,2.675,272600,2.65,0.15,17.833333333333332
2001-03-20,2.675,2.875,2.6,2.87,302800,2.78,0.15,19.133333333333336
2001-03-21,2.82,2.835,2.775,2.79,139000,2.8,0.15,18.6
2001-03-22,2.75,2.85,2.625,2.85,298200,2.78,0.15,19.0
2001-03-23,2.8,3.05,2.8,3.005,784600,2.95,0.15,20.033333333333335
2001-03-26,3.1,3.375,3.1,3.35,683400,3.28,0.15,22.333333333333336
2001-03-27,3.475,3.825,3.35,3.755,814200,3.64,0.15,25.033333333333335
2001-03-28,3.75,4.02,3.55,4.0,1248000,3.86,0.15,26.666666666666668
2001-03-29,4.0,4.265,3.8,3.925,1058000,4.0,0.15,26.166666666666668
2001-03-30,3.93,3.93,3.505,3.77,582800,3.74,0.15,25.133333333333333
2001-04-02,3.72,3.855,3.625,3.82,331600,3.77,0.15,25.466666666666665
2001-04-03,3.775,4.01,3.77,3.875,279800,3.89,0.15,25.833333333333336
2001-04-04,3.825,3.94,3.7,3.85,343000,3.83,0.15,25.666666666666668
2001-04-05,3.9,3.995,3.85,3.85,133000,3.9,0.15,25.666666666666668
2001-04-06,3.905,3.93,3.775,3.85,192600,3.85,0.15,25.666666666666668
2001-04-09,3.85,3.85,3.665,3.77,177000,3.76,0.15,25.133333333333333
2001-04-10,3.76,3.875,3.76,3.8,179600,3.81,0.15,25.333333333333332
2001-04-11,3.775,3.875,3.775,3.8,86800,3.82,0.15,25.333333333333332
2001-04-12,3.8,4.11,3.755,3.995,299000,3.95,0.15,26.633333333333336
2001-04-16,4.1,4.11,3.95,3.995,184600,4.02,0.15,26.633333333333336
2001-04-17,3.95,4.245,3.92,4.175,161200,4.11,0.15,27.833333333333332
2001-04-18,4.185,4.24,4.0,4.02,230200,4.09,0.15,26.799999999999997
2001-04-19,4.07,4.125,3.975,4.055,220600,4.05,0.15,27.03333333333333
2001-04-20,4.01,4.225,4.0,4.195,306800,4.14,0.15,27.96666666666667
2001-04-23,4.145,4.735,4.145,4.68,776200,4.52,0.15,31.2
2001-04-24,4.875,5.2,4.815,5.12,1257400,5.05,0.15,34.13333333333333
2001-04-25,5.07,5.125,4.75,4.95,507200,4.94,0.15,33.0
2001-04-26,4.91,5.0,4.9,4.915,184200,4.94,0.15,32.766666666666666
2001-04-27,4.965,5.42,4.965,5.205,480800,5.2,0.15,34.7
2001-04-30,5.0,5.25,4.975,5.05,303600,5.09,0.15,33.666666666666664
2001-05-01,5.0,5.025,4.915,5.025,275600,4.99,0.15,33.50000000000001
2001-05-02,5.0,5.215,4.955,5.15,217800,5.11,0.15,34.333333333333336
2001-05-03,5.15,5.55,5.05,5.35,383800,5.32,0.15,35.666666666666664
2001-05-04,5.3,5.71,5.03,5.275,228200,5.34,0.15,35.16666666666667
2001-05-07,5.325,5.62,5.275,5.49,452800,5.46,0.15,36.6
2001-05-08,5.75,6.25,5.75,6.24,739200,6.08,0.15,41.6
2001-05-09,6.19,6.295,6.005,6.285,470400,6.2,0.15,41.900000000000006
2001-05-10,6.325,6.935,5.375,5.825,807800,6.04,0.15,38.833333333333336
2001-05-11,5.975,6.6,5.935,6.53,611200,6.36,0.15,43.53333333333334
2001-05-14,7.05,7.27,7.05,7.2,838200,7.17,0.15,48.0
2001-05-15,7.5,7.745,7.27,7.5,926800,7.51,0.15,50.0
2001-05-16,7.45,7.45,7.025,7.06,549600,7.18,0.15,47.06666666666666
2001-05-17,6.925,7.125,6.205,6.775,1268000,6.7,0.15,45.16666666666667
2001-05-18,6.5,6.995,6.45,6.88,421200,6.78,0.15,45.86666666666667
2001-05-21,6.885,6.9,6.725,6.825,328600,6.82,0.15,45.5
2001-05-22,6.8,6.865,6.75,6.78,229200,6.8,0.15,45.2
2001-05-23,6.765,6.995,6.655,6.995,303200,6.88,0.15,46.63333333333333
2001-05-24,7.045,7.495,7.045,7.495,335200,7.35,0.15,49.96666666666667
2001-05-25,7.5,7.5,7.275,7.5,307000,7.43,0.15,50.0
2001-05-29,7.5,7.55,7.35,7.455,236200,7.45,0.15,49.7
2001-05-30,7.455,7.495,6.89,7.045,328400,7.14,0.15,46.96666666666667
2001-05-31,6.995,7.475,6.995,7.43,292000,7.3,0.13,57.153846153846146
2001-06-01,7.43,7.725,7.25,7.725,316600,7.57,0.13,59.42307692307692
2001-06-04,7.9,8.425,7.75,8.3,650000,8.16,0.13,63.84615384615385
2001-06-05,8.475,8.75,8.2,8.225,693400,8.39,0.13,63.26923076923077
2001-06-06,8.225,8.225,7.15,7.54,1287000,7.64,0.13,58.0
2001-06-07,7.5,7.605,6.72,7.4,851200,7.24,0.13,56.92307692307693
2001-06-08,7.425,7.475,7.4,7.475,241800,7.45,0.13,57.49999999999999
2001-06-11,7.475,7.575,7.0,7.375,418400,7.32,0.13,56.730769230769226
2001-06-12,7.2,7.5,7.01,7.5,914600,7.34,0.13,57.69230769230769
2001-06-13,7.625,7.725,7.255,7.3,323400,7.43,0.13,56.15384615384615
2001-06-14,7.2,7.5,6.95,7.005,518200,7.15,0.13,53.88461538461538
2001-06-15,6.25,6.575,5.75,6.525,1416000,6.28,0.13,50.19230769230769
2001-06-18,6.375,6.45,6.25,6.45,389200,6.38,0.13,49.61538461538461
2001-06-19,6.35,6.65,6.28,6.625,324400,6.52,0.13,50.96153846153846
2001-06-20,6.675,6.95,6.5,6.95,400000,6.8,0.13,53.46153846153846
2001-06-21,6.9,7.325,6.825,7.24,330600,7.13,0.13,55.69230769230769
2001-06-22,7.2,7.39,7.1,7.3,453400,7.26,0.13,56.15384615384615
2001-06-25,7.3,7.6,7.26,7.45,511200,7.44,0.13,57.30769230769231
2001-06-26,7.35,7.6,7.275,7.505,921600,7.46,0.13,57.730769230769226
2001-06-27,7.45,7.485,7.365,7.485,265600,7.45,0.13,57.57692307692308
2001-06-28,7.485,7.85,7.475,7.685,515800,7.67,0.13,59.11538461538461
2001-06-29,7.81,8.015,7.635,7.98,2379800,7.88,0.13,61.38461538461539
2001-07-02,7.95,8.25,7.85,8.05,465400,8.05,0.13,61.92307692307693
2001-07-03,8.075,8.375,8.025,8.25,84600,8.22,0.13,63.46153846153846
2001-07-05,8.175,8.315,7.95,8.275,216800,8.18,0.13,63.65384615384615
2001-07-06,8.25,8.3,7.85,7.85,185600,8.0,0.13,60.38461538461538
2001-07-09,7.875,8.15,7.825,8.15,288800,8.04,0.13,62.69230769230769
2001-07-10,8.11,8.11,7.8,7.85,184600,7.92,0.13,60.38461538461538
2001-07-11,7.825,7.825,7.35,7.7,482600,7.63,0.13,59.23076923076923
2001-07-12,7.65,7.79,7.645,7.755,245600,7.73,0.13,59.65384615384615
2001-07-13,7.77,7.945,7.66,7.85,902200,7.82,0.13,60.38461538461538
2001-07-16,7.8,7.95,7.68,7.94,293800,7.86,0.13,61.07692307692308
2001-07-17,7.94,8.89,7.935,8.505,1081400,8.44,0.13,65.42307692307692
2001-07-18,8.74,10.25,8.73,9.765,2342000,9.58,0.13,75.11538461538461
2001-07-19,9.65,9.695,9.3,9.445,936600,9.48,0.13,72.65384615384616
2001-07-20,9.15,9.405,9.15,9.26,238000,9.27,0.13,71.23076923076923
2001-07-23,9.25,9.4,8.925,9.06,818600,9.13,0.13,69.6923076923077
2001-07-24,9.1,9.1,8.425,8.625,1012000,8.72,0.13,66.34615384615384
2001-07-25,8.525,8.65,8.155,8.25,862600,8.35,0.13,63.46153846153846
2001-07-26,8.025,8.25,7.7,7.75,8053200,7.9,0.13,59.61538461538461
2001-07-27,7.775,7.95,7.76,7.8,738800,7.84,0.13,60.0
2001-07-30,7.875,7.92,7.17,7.71,2280000,7.6,0.13,59.30769230769231
2001-07-31,7.715,7.9,7.5,7.88,1181600,7.76,0.13,60.61538461538461
2001-08-01,8.025,8.17,7.875,8.03,2392600,8.03,0.13,61.76923076923076
2001-08-02,8.1,8.6,8.01,8.55,2376400,8.39,0.13,65.76923076923077
2001-08-03,8.555,9.045,8.525,8.88,1800200,8.82,0.13,68.3076923076923
2001-08-06,8.775,8.95,8.575,8.875,582200,8.8,0.13,68.26923076923077
2001-08-07,8.85,8.9,8.65,8.65,641800,8.73,0.13,66.53846153846153
2001-08-08,8.725,8.795,8.305,8.325,611200,8.48,0.13,64.03846153846153
2001-08-09,8.3,8.3,7.3,7.665,1921800,7.76,0.13,58.96153846153846
2001-08-10,7.665,8.05,7.55,7.95,665600,7.85,0.13,61.15384615384615
2001-08-13,7.975,8.2,7.75,8.01,561800,7.99,0.13,61.61538461538461
2001-08-14,8.01,8.35,8.01,8.265,865200,8.21,0.13,63.57692307692308
2001-08-15,8.475,8.55,8.2,8.545,791000,8.43,0.13,65.73076923076923
2001-08-16,8.425,8.495,8.1,8.475,584800,8.36,0.13,65.1923076923077
2001-08-17,8.35,8.35,7.66,7.69,580000,7.9,0.13,59.15384615384615
2001-08-20,7.575,8.175,7.5,8.13,631400,7.94,0.13,62.53846153846154
2001-08-21,8.15,8.25,7.95,8.125,1071000,8.11,0.13,62.5
2001-08-22,8.15,8.26,8.14,8.255,1099200,8.22,0.13,63.50000000000001
2001-08-23,8.2,8.6,7.875,7.99,455600,8.16,0.13,61.46153846153846
2001-08-24,7.925,7.995,7.385,7.635,2212800,7.67,0.13,58.730769230769226
2001-08-27,7.635,7.635,7.45,7.475,349400,7.52,0.13,57.49999999999999
2001-08-28,7.465,7.5,6.65,6.8,2165000,6.98,0.13,52.30769230769231
2001-08-29,7.05,7.12,6.795,6.875,843400,6.93,0.13,52.88461538461538
2001-08-30,7.025,7.245,6.75,7.205,710000,7.07,0.13,55.42307692307692
2001-08-31,7.225,7.55,7.08,7.1,420600,7.24,0.14,50.71428571428571
2001-09-04,7.4,7.615,6.95,7.15,600800,7.24,0.14,51.07142857142857
2001-09-05,7.025,7.365,6.85,6.89,517600,7.04,0.14,49.21428571428571
2001-09-06,6.9,7.125,6.9,6.975,813000,7.0,0.14,49.82142857142856
2001-09-07,7.0,7.075,6.75,6.75,423400,6.86,0.14,48.21428571428571
2001-09-10,6.625,6.625,6.2,6.25,1241200,6.36,0.14,44.64285714285714
2001-09-17,5.0,5.65,4.85,5.125,3011600,5.21,0.14,36.607142857142854
2001-09-18,5.0,5.075,4.825,4.975,2341000,4.96,0.14,35.53571428571428
2001-09-19,4.95,5.4,4.95,5.19,2413200,5.18,0.14,37.07142857142857
2001-09-20,5.19,5.4,5.19,5.275,1991400,5.29,0.14,37.67857142857143
2001-09-21,5.05,5.075,4.6,4.8,1704400,4.83,0.14,34.285714285714285
2001-09-24,4.85,5.55,4.85,5.505,759200,5.3,0.14,39.32142857142857
2001-09-25,5.55,5.65,5.125,5.18,1199000,5.32,0.14,36.99999999999999
2001-09-26,5.145,5.15,4.875,5.0,723600,5.01,0.14,35.71428571428571
2001-09-27,5.05,5.075,4.65,4.765,2000200,4.83,0.14,34.03571428571428
2001-09-28,5.45,5.7,5.325,5.625,1418600,5.55,0.14,40.17857142857142
2001-10-01,5.64,6.1,5.355,5.95,827000,5.8,0.14,42.5
2001-10-02,6.0,6.46,6.0,6.2,761000,6.22,0.14,44.285714285714285
2001-10-03,6.15,7.45,6.1,7.13,1041800,6.89,0.14,50.92857142857142
2001-10-04,7.13,7.4,7.13,7.245,1144000,7.26,0.14,51.74999999999999
2001-10-05,7.225,7.575,7.2,7.575,1175400,7.45,0.14,54.107142857142854
2001-10-08,7.45,7.65,7.4,7.46,681000,7.5,0.14,53.28571428571428
2001-10-09,7.41,7.475,7.2,7.425,156400,7.37,0.14,53.03571428571428
2001-10-10,7.425,7.75,7.2,7.745,485400,7.57,0.14,55.32142857142857
2001-10-11,7.745,8.075,7.705,7.845,698200,7.88,0.14,56.03571428571428
2001-10-12,7.95,8.15,7.53,7.995,1082800,7.89,0.14,57.107142857142854
2001-10-15,8.025,8.175,7.975,8.1,349000,8.08,0.14,57.85714285714285
2001-10-16,8.025,8.15,7.99,8.035,446600,8.06,0.14,57.39285714285714
2001-10-17,8.16,8.18,7.735,8.005,710200,7.97,0.14,57.17857142857143
2001-10-18,8.25,8.65,8.115,8.64,1264600,8.47,0.14,61.714285714285715
2001-10-19,8.635,9.15,8.635,9.03,1414400,8.94,0.14,64.49999999999999
2001-10-22,8.95,9.1,8.91,9.03,728200,9.01,0.14,64.49999999999999
2001-10-23,9.03,9.155,9.03,9.05,766600,9.08,0.14,64.64285714285714
2001-10-24,9.05,9.06,8.705,8.8,521600,8.86,0.14,62.857142857142854
2001-10-25,8.675,8.72,8.05,8.68,1233000,8.48,0.14,61.99999999999999
2001-10-26,8.75,9.2,8.75,9.04,766600,9.0,0.14,64.57142857142856
2001-10-29,9.04,9.04,8.425,8.45,1367200,8.64,0.14,60.35714285714285
2001-10-30,8.5,8.89,8.06,8.74,768600,8.56,0.14,62.42857142857142
2001-10-31,8.865,9.325,8.86,9.15,710400,9.11,0.14,65.35714285714285
2001-11-01,9.025,9.625,8.725,9.625,740400,9.33,0.14,68.75
2001-11-02,9.5,9.5,8.95,9.3,665200,9.25,0.14,66.42857142857143
2001-11-05,9.55,9.6,9.275,9.43,452800,9.44,0.14,67.35714285714285
2001-11-06,9.475,10.05,9.39,9.995,634800,9.81,0.14,71.39285714285712
2001-11-07,9.995,10.245,9.85,9.95,722400,10.01,0.14,71.07142857142856
2001-11-08,9.95,10.05,9.105,9.245,555200,9.47,0.14,66.03571428571428
2001-11-09,9.245,9.595,9.24,9.345,358800,9.39,0.14,66.75
2001-11-12,9.25,9.74,9.1,9.6,162400,9.48,0.14,68.57142857142857
2001-11-13,9.6,9.6,9.4,9.5,695400,9.5,0.14,67.85714285714285
2001-11-14,9.75,9.9,9.68,9.75,1129000,9.78,0.14,69.64285714285714
2001-11-15,9.7,9.775,9.675,9.725,628400,9.73,0.14,69.46428571428571
2001-11-16,9.7,9.7,9.0,9.285,630800,9.33,0.14,66.32142857142857
2001-11-19,9.65,9.85,9.525,9.65,444000,9.67,0.14,68.92857142857143
2001-11-20,9.65,9.65,9.25,9.275,450800,9.39,0.14,66.25
2001-11-21,9.3,9.325,8.895,9.125,581200,9.12,0.14,65.17857142857142
2001-11-23,9.125,9.735,9.125,9.49,300800,9.45,0.14,67.78571428571428
2001-11-26,9.615,9.85,9.53,9.71,475000,9.7,0.14,69.35714285714286
2001-11-27,9.71,9.94,9.675,9.825,545200,9.81,0.14,70.17857142857142
2001-11-28,9.825,9.825,9.625,9.7,710200,9.72,0.14,69.28571428571428
2001-11-29,9.705,10.5,9.705,10.25,879200,10.15,0.14,73.21428571428571
2001-11-30,10.255,10.325,9.955,9.975,445200,10.09,0.09,110.83333333333333
2001-12-03,9.95,10.15,9.925,10.0,465800,10.03,0.09,111.11111111111111
2001-12-04,10.115,10.625,10.115,10.5,679000,10.41,0.09,116.66666666666667
2001-12-05,10.575,11.0,10.535,10.93,1343800,10.82,0.09,121.44444444444444
2001-12-06,10.975,11.125,10.67,11.0,1610800,10.93,0.09,122.22222222222223
2001-12-07,11.0,11.15,10.925,11.01,1175000,11.03,0.09,122.33333333333333
2001-12-10,11.05,11.05,10.755,10.825,281600,10.88,0.09,120.27777777777777
2001-12-11,10.95,11.025,10.805,10.9,302800,10.91,0.09,121.11111111111111
2001-12-12,10.89,11.125,10.855,10.995,331400,10.99,0.09,122.16666666666666
2001-12-13,10.9,11.39,10.865,11.05,511800,11.1,0.09,122.77777777777779
2001-12-14,11.1,11.6,11.075,11.6,923600,11.43,0.09,128.88888888888889
2001-12-17,11.6,12.0,11.375,11.56,974400,11.65,0.09,128.44444444444446
2001-12-18,11.855,11.95,10.45,11.325,1835400,11.24,0.09,125.83333333333333
2001-12-19,11.325,11.625,10.925,11.52,609600,11.36,0.09,128.0
2001-12-20,11.525,11.62,10.85,11.25,809200,11.24,0.09,125.0
2001-12-21,11.35,11.4,11.0,11.09,533400,11.16,0.09,123.22222222222223
2001-12-24,11.125,11.225,10.875,10.96,228000,11.02,0.09,121.77777777777779
2001-12-26,10.995,11.35,10.995,11.34,425200,11.23,0.09,126.0
2001-12-27,11.5,11.85,11.425,11.635,673000,11.64,0.09,129.27777777777777
2001-12-28,11.575,11.75,11.46,11.46,473000,11.56,0.09,127.33333333333334
2001-12-31,11.475,11.805,11.26,11.37,546800,11.48,0.09,126.33333333333333
2002-01-02,11.4,11.4,11.085,11.225,494200,11.24,0.09,124.72222222222223
2002-01-03,11.225,11.37,10.99,11.03,406400,11.13,0.09,122.55555555555556
2002-01-04,11.1,11.26,10.125,10.275,1546600,10.55,0.09,114.16666666666667
2002-01-07,10.275,10.75,10.125,10.64,889600,10.51,0.09,118.22222222222223
2002-01-08,10.75,10.75,10.325,10.735,517400,10.6,0.09,119.27777777777777
2002-01-09,10.61,10.675,10.35,10.375,529800,10.47,0.09,115.27777777777779
2002-01-10,10.375,10.375,9.675,10.115,878000,10.06,0.09,112.3888888888889
2002-01-11,10.12,10.485,10.0,10.0,625800,10.16,0.09,111.11111111111111
2002-01-14,9.875,10.17,9.85,9.905,358800,9.98,0.09,110.05555555555556
2002-01-15,9.905,10.39,9.905,10.35,341400,10.22,0.09,115.0
2002-01-16,10.355,10.505,10.25,10.3,335400,10.35,0.09,114.44444444444446
2002-01-17,10.3,10.475,10.05,10.47,269600,10.33,0.09,116.33333333333334
2002-01-18,10.475,10.925,10.45,10.65,644000,10.68,0.09,118.33333333333334
2002-01-22,10.65,10.82,10.0,10.075,574600,10.3,0.09,111.94444444444444
2002-01-23,10.25,10.35,10.01,10.225,359600,10.2,0.09,113.61111111111111
2002-01-24,10.5,11.2,10.45,10.78,1022000,10.81,0.09,119.77777777777777
2002-01-25,10.8,10.9,10.54,10.605,430600,10.68,0.09,117.83333333333334
2002-01-28,10.605,10.605,10.225,10.255,370800,10.36,0.09,113.94444444444446
2002-01-29,10.275,10.395,9.95,10.125,665600,10.16,0.09,112.5
2002-01-30,10.125,10.4,9.85,10.31,343000,10.19,0.09,114.55555555555557
2002-01-31,10.35,10.7,10.35,10.535,510600,10.53,0.09,117.05555555555556
2002-02-01,10.585,10.585,10.18,10.45,329800,10.41,0.09,116.11111111111111
2002-02-04,10.5,10.715,10.385,10.5,991000,10.53,0.09,116.66666666666667
2002-02-05,10.55,10.55,10.26,10.275,233200,10.36,0.09,114.16666666666667
2002-02-06,10.875,12.24,10.875,12.205,2079400,11.77,0.09,135.61111111111111
2002-02-07,12.33,12.875,12.175,12.18,1329200,12.41,0.09,135.33333333333334
2002-02-08,12.185,12.22,11.375,12.165,1533400,11.92,0.09,135.16666666666666
2002-02-11,12.17,12.825,12.05,12.775,875200,12.55,0.09,141.94444444444446
2002-02-12,12.5,12.75,12.315,12.575,694800,12.55,0.09,139.72222222222223
2002-02-13,12.575,13.225,12.575,12.93,792400,12.91,0.09,143.66666666666666
2002-02-14,13.05,13.1,12.35,12.55,872800,12.67,0.09,139.44444444444446
2002-02-15,12.55,12.75,12.37,12.605,746600,12.57,0.09,140.05555555555557
2002-02-19,12.605,12.85,12.45,12.555,1429800,12.62,0.09,139.5
2002-02-20,12.555,13.65,12.555,13.5,860000,13.24,0.09,150.0
2002-02-21,13.375,14.51,13.135,14.255,2097600,13.97,0.09,158.3888888888889
2002-02-22,13.975,13.98,12.5,13.0,8067600,13.16,0.09,144.44444444444446
2002-02-25,13.0,13.565,12.31,13.51,4243000,13.13,0.09,150.11111111111111
2002-02-26,13.5,13.505,12.8,13.31,6253000,13.21,0.09,147.88888888888889
2002-02-27,13.275,13.56,12.975,13.505,1693800,13.35,0.09,150.05555555555557
2002-02-28,13.5,13.625,13.1,13.37,975200,13.37,0.25,53.48
2002-03-01,13.37,13.575,13.255,13.285,1044600,13.37,0.25,53.14
2002-03-04,13.245,13.49,13.0,13.26,1267200,13.25,0.25,53.04
2002-03-05,13.26,13.45,13.175,13.275,844400,13.3,0.25,53.1
2002-03-06,13.525,14.25,13.375,13.9,2520200,13.84,0.25,55.6
2002-03-07,14.25,14.85,13.99,14.155,3195800,14.33,0.25,56.62
2002-03-08,14.5,14.85,14.3,14.515,1725400,14.56,0.25,58.06
2002-03-11,14.43,14.47,14.125,14.225,1253000,14.27,0.25,56.9
2002-03-12,14.1,14.3,13.875,14.04,1222600,14.07,0.25,56.16
2002-03-13,14.075,14.54,14.075,14.325,969000,14.31,0.25,57.3
2002-03-14,14.3,14.54,14.26,14.475,1055800,14.43,0.25,57.9
2002-03-15,14.45,14.495,13.9,14.4,1574600,14.27,0.25,57.6
2002-03-18,14.5,14.75,14.35,14.7,1006200,14.6,0.25,58.8
2002-03-19,14.825,15.04,14.24,14.24,1662400,14.51,0.25,56.96
2002-03-20,14.25,14.25,13.25,13.475,4413600,13.66,0.25,53.9
2002-03-21,13.475,13.5,12.495,13.0,4344400,13.0,0.25,52.0
2002-03-22,13.05,13.32,12.93,13.09,1760000,13.11,0.25,52.36
2002-03-25,13.12,13.13,12.5,12.51,1745800,12.71,0.25,50.04
2002-03-26,12.515,12.735,12.455,12.59,2383200,12.59,0.25,50.36
2002-03-27,12.615,12.745,12.51,12.675,1385200,12.64,0.25,50.7
2002-03-28,12.725,13.075,12.685,12.93,1612000,12.9,0.25,51.72
2002-04-01,12.92,13.375,12.375,13.255,3291800,13.0,0.25,53.02
2002-04-02,13.05,13.06,12.45,12.48,3945600,12.66,0.25,49.92
2002-04-03,12.605,13.015,12.605,12.675,2687000,12.77,0.25,50.7
2002-04-04,12.675,12.875,12.53,12.85,1252000,12.75,0.25,51.4
2002-04-05,13.025,13.61,13.025,13.505,2714400,13.38,0.25,54.02
2002-04-08,13.505,14.49,13.38,14.35,2129000,14.07,0.25,57.4
2002-04-09,14.355,14.8,14.3,14.725,3862200,14.61,0.25,58.9
2002-04-10,14.675,15.35,14.67,15.015,1666600,15.01,0.25,60.06
2002-04-11,14.975,15.0,14.725,14.855,1618200,14.86,0.25,59.42
2002-04-12,14.86,15.45,14.86,15.45,1181400,15.25,0.25,61.8
2002-04-15,15.465,15.49,14.965,15.015,777200,15.16,0.25,60.06
2002-04-16,15.05,15.45,15.01,15.125,1031200,15.2,0.25,60.5
2002-04-17,15.125,15.17,14.255,14.455,1397200,14.63,0.25,57.82
2002-04-18,14.075,14.265,13.65,14.25,2181400,14.06,0.25,57.0
2002-04-19,14.255,14.65,14.25,14.42,525200,14.44,0.25,57.68
2002-04-22,14.35,14.35,13.925,13.995,730200,14.09,0.25,55.98
2002-04-23,13.4,13.9,13.21,13.585,2819000,13.57,0.25,54.34
2002-04-24,13.55,13.975,13.55,13.79,943800,13.77,0.25,55.16
2002-04-25,13.74,14.43,13.675,14.225,1358800,14.11,0.25,56.9
2002-04-26,14.225,15.0,14.15,14.685,1999600,14.61,0.25,58.74
2002-04-29,14.635,14.925,14.185,14.275,817600,14.46,0.25,57.1
2002-04-30,14.28,14.805,14.28,14.75,1672200,14.61,0.25,59.0
2002-05-01,14.725,14.925,14.125,14.75,1637400,14.6,0.25,59.0
2002-05-02,14.9,15.9,14.9,15.8,2981200,15.53,0.25,63.2
2002-05-03,15.8,16.5,15.455,15.96,3243000,15.97,0.25,63.84
2002-05-06,15.96,16.629999,15.85,16.15,2048600,16.21,0.25,64.6
2002-05-07,16.15,16.17,15.78,16.01,912400,15.99,0.25,64.04
2002-05-08,16.049999,16.549999,15.995,16.035,1235400,16.19,0.25,64.14
2002-05-09,15.975,17.0,15.975,16.65,2274400,16.54,0.25,66.6
2002-05-10,16.639999,16.639999,15.88,16.110001,1469000,16.21,0.25,64.440004
2002-05-13,16.110001,16.299999,16.110001,16.285,1003000,16.23,0.25,65.14
2002-05-14,16.285,16.299999,14.8,15.21,5850800,15.44,0.25,60.84
2002-05-15,15.175,15.82,14.9,15.7,1921600,15.47,0.25,62.8
2002-05-16,15.65,15.66,14.875,15.005,1610800,15.18,0.25,60.02
2002-05-17,14.51,14.925,13.7,14.7,6142800,14.44,0.25,58.8
2002-05-20,14.625,14.755,14.245,14.25,1622400,14.42,0.25,57.0
2002-05-21,14.255,14.575,13.93,14.05,1959600,14.19,0.25,56.2
2002-05-22,14.01,14.25,13.925,14.025,1105200,14.07,0.25,56.1
2002-05-23,13.95,14.36,13.85,14.36,592000,14.19,0.25,57.44
2002-05-24,14.36,14.425,14.01,14.075,539000,14.17,0.25,56.3
2002-05-28,14.08,14.08,13.25,13.265,2508200,13.53,0.25,53.06
2002-05-29,13.2,13.515,13.025,13.2,1367000,13.25,0.25,52.8
2002-05-30,13.075,13.075,12.4,12.815,3392800,12.76,0.25,51.26
2002-05-31,12.8,13.475,12.775,13.235,1781600,13.16,0.14,94.53571428571428
2002-06-03,13.24,13.325,12.46,12.475,1876600,12.75,0.14,89.10714285714285
2002-06-04,12.475,12.625,11.9,12.31,1796200,12.28,0.14,87.92857142857143
2002-06-05,12.29,13.375,12.29,12.615,1919000,12.76,0.14,90.10714285714285
2002-06-06,12.625,12.83,12.1,12.14,2146800,12.36,0.14,86.71428571428571
2002-06-07,12.025,12.14,11.625,11.8,2963600,11.85,0.14,84.28571428571428
2002-06-10,11.775,12.475,11.675,12.425,2031200,12.19,0.14,88.75
2002-06-11,12.425,12.655,11.8,11.95,1293000,12.14,0.14,85.35714285714285
2002-06-12,11.95,11.99,11.125,11.89,1892600,11.67,0.14,84.92857142857143
2002-06-13,12.0,12.075,11.45,11.56,1584600,11.7,0.14,82.57142857142857
2002-06-14,11.435,11.8,10.975,11.325,2529400,11.37,0.14,80.89285714285712
2002-06-17,10.95,11.85,10.725,11.625,3510400,11.4,0.14,83.03571428571428
2002-06-18,11.45,11.75,11.125,11.71,2235800,11.53,0.14,83.64285714285714
2002-06-19,11.695,12.29,11.575,11.82,1279400,11.9,0.14,84.42857142857142
2002-06-20,11.82,12.19,11.075,11.4,2144600,11.56,0.14,81.42857142857142
2002-06-21,11.39,11.625,10.9,11.275,1227000,11.27,0.14,80.53571428571428
2002-06-24,11.26,11.265,10.745,10.955,1912400,10.99,0.14,78.25
2002-06-25,11.05,11.375,10.575,10.69,1152000,10.88,0.14,76.35714285714285
2002-06-26,10.475,10.6,10.025,10.575,1020000,10.4,0.14,75.53571428571428
2002-06-27,11.0,11.1,10.355,10.975,1487200,10.81,0.14,78.39285714285714
2002-06-28,11.0,11.25,10.745,10.825,1819200,10.94,0.14,77.32142857142856
2002-07-01,10.875,11.025,10.145,10.25,3274600,10.47,0.14,73.21428571428571
2002-07-02,10.25,10.295,9.3,9.65,3438800,9.75,0.14,68.92857142857143
2002-07-03,9.655,9.875,9.25,9.725,1387200,9.62,0.14,69.46428571428571
2002-07-05,9.85,10.36,9.85,10.18,599800,10.13,0.14,72.71428571428571
2002-07-08,10.25,10.425,9.92,10.125,898800,10.16,0.14,72.32142857142857
2002-07-09,10.125,10.45,10.1,10.1,1762200,10.22,0.14,72.14285714285714
2002-07-10,10.3,10.3,9.3,9.495,2217400,9.7,0.14,67.82142857142856
2002-07-11,9.42,9.62,8.995,9.25,1176400,9.29,0.14,66.07142857142857
2002-07-12,9.25,9.725,9.2,9.26,766800,9.39,0.14,66.14285714285714
2002-07-15,9.21,9.21,8.55,9.06,1831400,8.94,0.14,64.71428571428571
2002-07-16,9.06,9.225,8.84,9.025,993800,9.03,0.14,64.46428571428571
2002-07-17,9.05,9.275,8.37,8.875,1426000,8.84,0.14,63.39285714285714
2002-07-18,8.85,9.11,8.525,8.625,1086400,8.75,0.14,61.607142857142854
2002-07-19,8.5,8.575,8.205,8.315,705400,8.37,0.14,59.39285714285713
2002-07-22,8.315,8.315,7.74,7.745,2528200,7.93,0.14,55.32142857142857
2002-07-23,7.7,8.05,7.505,7.725,2312200,7.76,0.14,55.17857142857142
2002-07-24,7.6,8.65,7.35,8.59,1104000,8.2,0.14,61.35714285714285
2002-07-25,8.59,8.75,8.045,8.25,1136400,8.35,0.14,58.92857142857142
2002-07-26,8.295,8.6,8.295,8.46,712200,8.45,0.14,60.42857142857143
2002-07-29,8.46,9.655,8.46,9.48,1126000,9.2,0.14,67.71428571428571
2002-07-30,9.4,9.49,8.98,9.225,1260200,9.23,0.14,65.89285714285714
2002-07-31,9.125,9.25,8.78,8.85,571800,8.96,0.14,63.21428571428571
2002-08-01,8.5,8.55,8.075,8.175,2345200,8.27,0.14,58.392857142857146
2002-08-02,8.05,8.125,7.54,7.585,1265000,7.75,0.14,54.17857142857142
2002-08-05,7.6,7.705,6.8,6.8,1376600,7.1,0.14,48.57142857142856
2002-08-06,6.825,7.475,6.825,7.1,1934000,7.13,0.14,50.71428571428571
2002-08-07,7.15,7.35,6.875,7.085,1072800,7.1,0.14,50.607142857142854
2002-08-08,7.1,7.3,6.5,7.05,2694200,6.95,0.14,50.357142857142854
2002-08-09,7.0,7.405,6.94,7.4,589800,7.25,0.14,52.857142857142854
2002-08-12,7.4,7.4,7.105,7.24,500200,7.25,0.14,51.71428571428571
2002-08-13,7.24,7.735,7.2,7.36,901800,7.43,0.14,52.57142857142857
2002-08-14,7.365,7.525,7.105,7.325,1369800,7.32,0.14,52.32142857142857
2002-08-15,7.375,7.83,7.34,7.56,989400,7.58,0.14,53.99999999999999
2002-08-16,7.56,7.7,7.39,7.65,934800,7.58,0.14,54.64285714285714
2002-08-19,7.61,8.1,7.6,7.9,1229000,7.87,0.14,56.42857142857142
2002-08-20,7.9,8.275,7.785,8.2,1234800,8.09,0.14,58.57142857142856
2002-08-21,8.2,8.95,7.85,8.525,1993400,8.44,0.14,60.89285714285714
2002-08-22,8.475,8.65,7.975,8.31,2061800,8.31,0.14,59.357142857142854
2002-08-23,8.31,8.375,8.125,8.24,345800,8.25,0.14,58.857142857142854
2002-08-26,8.3,8.475,7.84,8.45,622600,8.25,0.14,60.35714285714285
2002-08-27,8.5,8.75,7.925,8.05,2159800,8.24,0.14,57.5
2002-08-28,8.0,8.0,7.6,7.745,1443400,7.78,0.14,55.32142857142857
2002-08-29,7.645,7.97,7.515,7.905,1033600,7.8,0.14,56.46428571428571
2002-08-30,7.85,8.175,7.755,8.075,539600,8.0,0.14,57.678571428571416
2002-09-03,8.0,8.2,7.78,8.175,959000,8.05,0.14,58.392857142857146
2002-09-04,8.2,8.575,8.2,8.49,975600,8.42,0.14,60.64285714285714
2002-09-05,8.4,8.585,8.275,8.51,1009800,8.46,0.14,60.78571428571428
2002-09-06,9.25,9.6,9.15,9.51,2090000,9.42,0.14,67.92857142857142
2002-09-09,9.55,10.28,9.55,10.25,1717000,10.03,0.14,73.21428571428571
2002-09-10,10.25,10.615,10.0,10.55,1735000,10.39,0.14,75.35714285714286
2002-09-11,10.675,10.725,10.05,10.1,1692600,10.29,0.14,72.14285714285714
2002-09-12,9.975,9.975,9.395,9.4,3064600,9.59,0.14,67.14285714285714
2002-09-13,9.345,9.62,9.15,9.25,1705600,9.34,0.14,66.07142857142857
2002-09-16,9.25,9.61,9.205,9.46,1040400,9.42,0.14,67.57142857142857
2002-09-17,9.4,9.405,8.8,9.08,3162800,9.09,0.14,64.85714285714285
2002-09-18,8.9,8.905,8.125,8.25,3696200,8.43,0.14,58.92857142857142
2002-09-19,8.1,8.47,8.005,8.3,1817000,8.26,0.14,59.285714285714285
2002-09-20,8.275,8.45,8.245,8.325,678800,8.34,0.14,59.4642857142857
2002-09-23,8.2,8.26,7.615,7.775,1950400,7.88,0.14,55.535714285714285
2002-09-24,7.65,7.84,7.45,7.7,2350800,7.66,0.14,54.99999999999999
2002-09-25,8.0,8.55,7.925,8.185,4103600,8.22,0.14,58.464285714285715
2002-09-26,8.19,8.35,7.88,7.995,2954400,8.08,0.14,57.107142857142854
2002-09-27,8.05,8.275,7.625,7.68,2372000,7.86,0.14,54.85714285714285
2002-09-30,7.68,8.05,7.435,8.025,7946400,7.84,0.14,57.32142857142857
2002-10-01,8.2,8.525,7.76,8.15,12682000,8.15,0.14,58.21428571428571
2002-10-02,8.15,8.25,7.89,7.985,11412000,8.04,0.14,57.035714285714285
2002-10-03,7.975,8.11,7.895,7.925,3852200,7.98,0.14,56.60714285714285
2002-10-04,8.0,8.0,7.54,7.685,6751600,7.74,0.14,54.89285714285713
2002-10-07,7.685,7.7,7.155,7.25,4826200,7.37,0.14,51.78571428571428
2002-10-08,7.125,7.25,6.96,7.025,7146400,7.08,0.14,50.17857142857142
2002-10-09,6.99,7.075,6.85,6.935,7291400,6.95,0.14,49.53571428571428
2002-10-10,6.825,7.26,6.45,7.145,9593400,6.95,0.14,51.03571428571428
2002-10-11,7.125,7.675,7.1,7.225,4473200,7.33,0.14,51.60714285714285
2002-10-14,7.25,7.41,7.1,7.37,1506600,7.29,0.14,52.64285714285714
2002-10-15,7.575,8.05,7.56,7.895,4049200,7.84,0.16,49.34374999999999
2002-10-16,7.895,7.895,7.305,7.49,1893200,7.56,0.16,46.8125
2002-10-17,7.725,7.75,7.425,7.425,3040800,7.53,0.16,46.40625
2002-10-18,7.45,7.855,7.45,7.775,2629200,7.69,0.16,48.59375
2002-10-21,7.78,8.9,7.675,8.75,3918400,8.44,0.16,54.6875
2002-10-22,8.55,9.25,8.4,8.93,4394200,8.86,0.16,55.8125
2002-10-23,8.885,9.12,8.715,8.995,2868400,8.94,0.16,56.21874999999999
2002-10-24,9.0,9.34,8.52,8.685,2140600,8.85,0.16,54.28125
2002-10-25,8.525,8.65,8.32,8.55,2030800,8.51,0.16,53.4375
2002-10-28,8.675,9.07,8.625,8.65,2532400,8.78,0.16,54.0625
2002-10-29,8.65,8.75,8.375,8.55,2868200,8.56,0.16,53.4375
2002-10-30,8.55,8.6,7.95,8.25,2993200,8.27,0.16,51.5625
2002-10-31,8.23,8.235,7.76,8.195,1904400,8.06,0.16,51.21875
2002-11-01,8.195,8.4,8.0,8.135,1847200,8.18,0.16,50.84375
2002-11-04,8.3,9.065,8.25,8.775,2405800,8.7,0.16,54.84375
2002-11-05,8.65,8.7,8.35,8.595,1550000,8.55,0.16,53.71875
2002-11-06,8.595,8.625,8.31,8.425,1339400,8.45,0.16,52.65625
2002-11-07,8.4,8.4,7.995,8.005,1839000,8.13,0.16,50.03125000000001
2002-11-08,8.005,8.135,7.815,8.105,1158600,8.02,0.16,50.65625
2002-11-11,7.95,8.07,7.9,8.0,1945200,7.99,0.16,50.0
2002-11-12,8.015,8.1,7.96,8.055,1178600,8.04,0.16,50.34375
2002-11-13,8.035,8.035,7.705,7.915,1721400,7.89,0.16,49.46875
2002-11-14,8.0,8.075,7.79,7.99,1636800,7.95,0.16,49.9375
2002-11-15,7.99,8.26,7.975,8.235,1138000,8.16,0.16,51.46874999999999
2002-11-18,8.255,8.495,8.2,8.475,1606600,8.39,0.16,52.96875
2002-11-19,8.45,8.45,8.02,8.02,1233400,8.16,0.16,50.12499999999999
2002-11-20,8.0,8.5,8.0,8.47,2762600,8.32,0.16,52.9375
2002-11-21,8.5,9.315,8.475,9.275,3353400,9.02,0.16,57.96875
2002-11-22,9.15,10.05,9.11,9.66,4253400,9.61,0.16,60.375
2002-11-25,9.665,10.0,9.525,9.575,1214400,9.7,0.16,59.84374999999999
2002-11-26,9.54,9.55,9.12,9.12,1002200,9.26,0.16,56.99999999999999
2002-11-27,9.3,9.745,9.3,9.745,908800,9.6,0.16,60.90624999999999
2002-11-29,9.675,9.85,9.575,9.85,478800,9.76,0.16,61.5625
2002-12-02,9.95,10.2,9.61,9.65,1178000,9.82,0.16,60.3125
2002-12-03,9.7,9.99,9.41,9.575,1980800,9.66,0.16,59.84374999999999
2002-12-04,9.55,10.05,9.375,9.89,1749800,9.77,0.16,61.8125
2002-12-05,9.625,10.235,9.6,10.2,2303000,10.01,0.16,63.74999999999999
2002-12-06,10.175,10.235,9.9,10.15,2458200,10.09,0.16,63.4375
2002-12-09,9.95,10.005,9.445,9.68,2877000,9.71,0.16,60.5
2002-12-10,9.68,9.8,9.475,9.75,2242200,9.67,0.16,60.9375
2002-12-11,9.75,9.86,9.45,9.78,1948800,9.7,0.16,61.12499999999999
2002-12-12,9.76,10.025,9.5,9.58,1184000,9.7,0.16,59.875
2002-12-13,9.535,9.55,9.08,9.1,2719800,9.24,0.16,56.875
2002-12-16,9.15,9.45,9.15,9.44,2864200,9.35,0.16,58.99999999999999
2002-12-17,9.2,9.45,8.79,8.79,3114000,9.01,0.16,54.93749999999999
2002-12-18,8.75,8.85,8.35,8.68,5226600,8.63,0.16,54.25
2002-12-19,8.655,8.8,8.51,8.75,1907000,8.69,0.16,54.6875
2002-12-20,8.75,8.82,8.475,8.59,3752400,8.63,0.16,53.6875
2002-12-23,8.565,9.01,8.525,8.975,3123200,8.84,0.16,56.09375
2002-12-24,8.85,8.975,8.815,8.855,653400,8.88,0.16,55.34375
2002-12-26,8.895,9.0,8.825,8.975,479200,8.93,0.16,56.09375
2002-12-27,8.9,8.94,8.725,8.75,761800,8.81,0.16,54.6875
2002-12-30,8.775,8.985,8.7,8.925,799600,8.87,0.16,55.78125
2002-12-31,8.985,9.01,8.835,8.94,2040200,8.93,0.16,55.87499999999999
2003-01-02,8.94,8.985,8.68,8.935,2993200,8.87,0.16,55.84375
2003-01-03,8.885,8.935,8.665,8.725,1179600,8.78,0.16,54.53125
2003-01-06,8.775,8.9,8.635,8.635,1548200,8.72,0.16,53.96875
2003-01-07,8.63,8.85,8.595,8.65,1025200,8.7,0.16,54.0625
2003-01-08,8.65,8.785,8.565,8.58,1338200,8.64,0.16,53.625
2003-01-09,8.6,8.85,8.55,8.8,2261800,8.73,0.16,55.0
2003-01-10,8.8,9.0,8.8,8.895,1798000,8.9,0.16,55.59374999999999
2003-01-13,8.9,9.0,8.64,8.685,1320400,8.78,0.16,54.28125
2003-01-14,8.65,8.875,8.635,8.865,1315400,8.79,0.07,126.64285714285714
2003-01-15,8.9,9.54,8.9,9.54,7714200,9.33,0.07,136.28571428571425
2003-01-16,9.54,9.795,9.015,9.465,6296000,9.43,0.07,135.2142857142857
2003-01-17,9.415,9.42,9.025,9.075,1657000,9.17,0.07,129.6428571428571
2003-01-21,9.04,9.15,8.5,8.525,1923800,8.73,0.07,121.78571428571428
2003-01-22,8.525,8.74,8.04,8.145,2913200,8.31,0.07,116.35714285714285
2003-01-23,8.15,8.25,7.89,7.95,2745400,8.03,0.07,113.57142857142857
2003-01-24,7.95,8.035,7.85,7.955,2356600,7.95,0.07,113.64285714285714
2003-01-27,7.96,8.175,7.9,7.96,1735200,8.01,0.07,113.71428571428571
2003-01-28,7.985,8.25,7.985,8.16,2375800,8.13,0.07,116.57142857142857
2003-01-29,8.1,8.15,8.025,8.15,1688800,8.11,0.07,116.42857142857142
2003-01-30,8.13,8.2,8.03,8.06,1346600,8.1,0.07,115.14285714285714
2003-01-31,8.035,8.135,7.9,8.11,1439800,8.05,0.07,115.85714285714283
2003-02-03,8.15,8.63,8.1,8.5,2292000,8.41,0.07,121.42857142857142
2003-02-04,8.46,8.46,8.25,8.325,1850800,8.35,0.07,118.9285714285714
2003-02-05,8.31,8.435,8.25,8.315,798800,8.33,0.07,118.78571428571426
2003-02-06,8.275,8.3,7.65,7.77,2315800,7.91,0.07,110.99999999999999
2003-02-07,7.84,7.875,7.45,7.5,1722600,7.61,0.07,107.14285714285714
2003-02-10,7.55,7.55,7.39,7.52,1417200,7.49,0.07,107.42857142857142
2003-02-11,7.525,7.62,7.365,7.4,1131000,7.46,0.07,105.71428571428571
2003-02-12,7.34,7.4,7.055,7.225,2287600,7.23,0.07,103.2142857142857
2003-02-13,7.225,7.225,6.91,7.075,2679200,7.07,0.07,101.07142857142857
2003-02-14,7.1,7.4,7.05,7.295,1912400,7.25,0.07,104.21428571428571
2003-02-18,7.345,7.615,7.34,7.55,2335400,7.5,0.07,107.85714285714285
2003-02-19,7.55,7.55,7.23,7.29,1017000,7.36,0.07,104.14285714285714
2003-02-20,7.34,7.45,7.055,7.06,1863600,7.19,0.07,100.85714285714285
2003-02-21,7.02,7.03,6.9,7.0,2846600,6.98,0.07,99.99999999999999
2003-02-24,7.0,7.0,6.47,6.76,4141000,6.74,0.07,96.57142857142856
2003-02-25,6.625,7.215,6.625,7.205,2476400,7.02,0.07,102.92857142857142
2003-02-26,7.155,7.2,6.98,7.135,1817200,7.11,0.07,101.92857142857142
2003-02-27,7.215,7.45,7.205,7.4,1672800,7.35,0.07,105.71428571428571
2003-02-28,7.4,7.63,7.285,7.525,1491400,7.48,0.07,107.5
2003-03-03,7.525,7.68,7.295,7.325,1305600,7.43,0.07,104.64285714285714
2003-03-04,7.25,7.255,6.95,7.025,3894400,7.08,0.07,100.35714285714285
2003-03-05,6.8,7.025,6.65,6.875,2617400,6.85,0.07,98.21428571428571
2003-03-06,6.875,6.875,6.24,6.56,5836200,6.56,0.07,93.7142857142857
2003-03-07,6.525,6.945,6.52,6.875,1836400,6.78,0.07,98.21428571428571
2003-03-10,6.88,6.88,6.55,6.585,1039200,6.67,0.07,94.07142857142856
2003-03-11,6.585,6.65,6.225,6.375,4154400,6.42,0.07,91.07142857142857
2003-03-12,6.375,6.425,6.295,6.325,1881200,6.35,0.07,90.35714285714285
2003-03-13,6.35,6.615,6.345,6.6,2038200,6.52,0.07,94.28571428571428
2003-03-14,6.65,6.7,6.425,6.655,881400,6.59,0.07,95.07142857142857
2003-03-17,6.65,7.12,6.4,7.115,2886600,6.88,0.07,101.64285714285714
2003-03-18,7.115,7.2,6.975,7.13,1473600,7.1,0.07,101.85714285714285
2003-03-19,7.1,7.1,6.8,7.035,1001000,6.98,0.07,100.49999999999999
2003-03-20,7.035,7.275,6.875,7.265,1017600,7.14,0.07,103.78571428571428
2003-03-21,7.365,7.6,7.255,7.6,2592200,7.49,0.07,108.57142857142856
2003-03-24,7.5,7.525,7.3,7.5,1837800,7.44,0.07,107.14285714285714
2003-03-25,7.5,7.525,7.325,7.505,735200,7.45,0.07,107.21428571428571
2003-03-26,7.505,7.55,7.325,7.375,697200,7.42,0.07,105.35714285714285
2003-03-27,7.38,7.38,7.175,7.235,892800,7.26,0.07,103.35714285714285
2003-03-28,7.235,7.29,7.03,7.095,852800,7.14,0.07,101.35714285714285
2003-03-31,7.45,7.45,7.035,7.285,3548600,7.26,0.07,104.07142857142857
2003-04-01,7.285,7.285,7.0,7.125,1869800,7.14,0.07,101.78571428571428
2003-04-02,7.5,7.87,7.45,7.805,5304800,7.71,0.07,111.49999999999999
2003-04-03,7.925,8.4,7.825,8.25,4120200,8.16,0.07,117.85714285714285
2003-04-04,8.25,8.635,8.24,8.55,4153200,8.48,0.07,122.14285714285714
2003-04-07,8.625,9.08,8.57,8.655,3705400,8.77,0.07,123.64285714285712
2003-04-08,8.655,8.655,8.44,8.55,3858000,8.55,0.07,122.14285714285714
2003-04-09,8.51,8.75,8.475,8.575,1365200,8.6,0.07,122.49999999999997
2003-04-10,8.5,8.65,8.39,8.59,1682200,8.54,0.07,122.7142857142857
2003-04-11,8.6,8.825,8.51,8.58,2455200,8.64,0.07,122.57142857142856
2003-04-14,8.54,9.0,8.48,8.85,1905600,8.78,0.07,126.42857142857142
2003-04-15,8.825,9.035,8.75,8.98,1859600,8.92,0.07,128.28571428571428
2003-04-16,8.985,9.05,8.9,8.92,1063000,8.96,0.07,127.42857142857142
2003-04-17,8.92,9.1,8.75,9.05,1442000,8.97,0.07,129.28571428571428
2003-04-21,9.055,9.225,8.975,9.185,1203600,9.13,0.07,131.21428571428572
2003-04-22,9.185,9.66,9.135,9.62,2472800,9.47,0.07,137.42857142857142
2003-04-23,9.61,9.85,9.61,9.775,2689400,9.74,0.07,139.64285714285714
2003-04-24,9.65,9.65,9.29,9.34,3051000,9.43,0.07,133.42857142857142
2003-04-25,9.34,9.395,9.19,9.38,1706800,9.32,0.07,134.0
2003-04-28,9.36,9.97,9.36,9.935,4144000,9.76,0.07,141.92857142857142
2003-04-29,9.925,10.6,9.9,10.48,5231000,10.33,0.07,149.7142857142857
2003-04-30,10.475,10.625,10.375,10.575,1662200,10.53,0.07,151.07142857142856
2003-05-01,10.57,10.57,10.21,10.525,2246400,10.44,0.07,150.35714285714286
2003-05-02,10.525,10.965,10.405,10.95,1982600,10.77,0.07,156.42857142857142
2003-05-05,10.955,11.5,10.955,11.3,3938600,11.25,0.07,161.42857142857142
2003-05-06,11.24,11.265,10.875,10.99,2770200,11.04,0.07,157.0
2003-05-07,10.99,11.0,10.66,10.7,1443400,10.79,0.07,152.85714285714283
2003-05-08,10.575,11.2,10.51,10.8,2276400,10.84,0.07,154.28571428571428
2003-05-09,10.86,10.93,10.755,10.825,928600,10.84,0.07,154.6428571428571
2003-05-12,10.835,11.49,10.75,11.38,2026800,11.21,0.07,162.57142857142856
2003-05-13,11.175,11.505,11.13,11.45,1534600,11.36,0.07,163.57142857142856
2003-05-14,11.425,11.445,11.21,11.245,2121600,11.3,0.07,160.6428571428571
2003-05-15,11.3,11.4,10.97,11.02,1177200,11.13,0.07,157.42857142857142
2003-05-16,11.025,11.025,10.525,10.75,2089400,10.77,0.07,153.57142857142856
2003-05-19,10.6,10.8,10.46,10.585,1006600,10.62,0.07,151.21428571428572
2003-05-20,10.83,10.83,10.255,10.4,1560000,10.5,0.07,148.57142857142856
2003-05-21,10.375,10.595,10.375,10.5,1354800,10.49,0.07,149.99999999999997
2003-05-22,10.51,10.87,10.325,10.76,2847400,10.65,0.07,153.7142857142857
2003-05-23,10.765,11.205,10.76,11.15,1590400,11.04,0.07,159.28571428571428
2003-05-27,11.125,11.55,11.105,11.525,1672400,11.39,0.07,164.64285714285714
2003-05-28,11.525,12.0,11.505,11.97,3242400,11.83,0.07,171.0
2003-05-29,12.0,12.05,11.845,11.845,2173200,11.91,0.0927,127.77777777777777
2003-05-30,11.86,11.925,11.505,11.625,2355600,11.69,0.0927,125.40453074433657
2003-06-02,11.65,11.77,11.54,11.72,3154600,11.68,0.0927,126.42934196332254
2003-06-03,11.725,11.88,11.6,11.825,2737000,11.77,0.0927,127.56202804746492
2003-06-04,11.82,12.38,11.775,12.36,4458200,12.17,0.0927,133.33333333333331
2003-06-05,13.1,14.75,13.1,14.7,9859800,14.18,0.0927,158.57605177993526
2003-06-06,14.625,15.43,14.57,14.7,4874800,14.9,0.0927,158.57605177993526
2003-06-09,14.575,14.575,13.55,13.685,3745200,13.94,0.0927,147.6267529665588
2003-06-10,13.975,14.87,13.955,14.715,3483000,14.51,0.0927,158.73786407766988
2003-06-11,14.715,15.05,14.6,14.9,1753800,14.85,0.0927,160.73354908306365
2003-06-12,15.0,15.5,15.0,15.5,2494200,15.33,0.0927,167.20604099244875
2003-06-13,15.475,15.48,14.915,15.1,1642200,15.17,0.0927,162.89104638619202
2003-06-16,15.05,15.8,15.0,15.8,1434400,15.53,0.0927,170.44228694714133
2003-06-17,16.0,16.0,15.2,15.26,1886200,15.49,0.0927,164.6170442286947
2003-06-18,15.135,15.45,15.025,15.375,1783400,15.28,0.0927,165.85760517799352
2003-06-19,15.365,15.5,14.8,14.85,1589600,15.05,0.0927,160.19417475728153
2003-06-20,14.9,15.22,14.595,14.755,3000600,14.86,0.0927,159.16936353829558
2003-06-23,14.75,14.875,14.25,14.375,1698000,14.5,0.0927,155.07011866235166
2003-06-24,14.25,14.45,13.925,13.975,2296200,14.12,0.0927,150.75512405609493
2003-06-25,13.975,14.725,13.92,14.68,1949400,14.44,0.0927,158.36030204962242
2003-06-26,14.68,14.895,14.515,14.885,1264000,14.77,0.0927,160.571736785329
2003-06-27,14.89,15.5,14.85,15.32,2737800,15.22,0.0927,165.26429341963322
2003-06-30,15.375,15.425,14.915,15.075,1759400,15.14,0.0927,162.62135922330094
2003-07-01,15.075,15.075,14.58,15.03,797600,14.9,0.0927,162.13592233009706
2003-07-02,15.03,15.27,14.94,15.135,854400,15.12,0.0927,163.26860841423948
2003-07-03,15.145,15.45,15.1,15.23,498800,15.26,0.0927,164.29341963322545
2003-07-07,15.35,15.65,15.35,15.5,1873600,15.5,0.0927,167.20604099244875
2003-07-08,15.5,16.08,15.47,16.065001,1847600,15.87,0.0927,173.3009816612729
2003-07-09,16.065001,16.360001,16.049999,16.245001,1965600,16.22,0.0927,175.24272923408844
2003-07-10,16.15,16.225,15.775,15.845,1751800,15.95,0.0927,170.9277238403452
2003-07-11,15.845,17.75,15.685,17.225,8351600,16.89,0.0927,185.81445523193096
2003-07-14,17.700001,19.0,17.450001,17.75,6308200,18.07,0.0927,191.47788565264293
2003-07-15,17.75,18.225,17.424999,17.754999,4171000,17.8,0.17,104.4411705882353
2003-07-16,17.775,17.879999,16.799999,17.475,3552800,17.38,0.17,102.79411764705883
2003-07-17,17.375,17.465,17.129999,17.325001,1869400,17.31,0.17,101.91177058823529
2003-07-18,17.325001,17.6,17.15,17.5,1945000,17.42,0.17,102.94117647058823
2003-07-21,17.475,17.549999,17.049999,17.315001,2292600,17.3,0.17,101.85294705882352
2003-07-22,17.325001,17.75,17.139999,17.535,1483800,17.47,0.17,103.1470588235294
2003-07-23,17.66,17.67,17.139999,17.549999,1581800,17.45,0.17,103.2352882352941
2003-07-24,17.799999,18.65,17.799999,18.174999,2559000,18.21,0.17,106.9117588235294
2003-07-25,18.174999,18.27,17.805,18.25,1096600,18.11,0.17,107.35294117647058
2003-07-28,18.254999,18.27,17.950001,18.0,1004400,18.07,0.17,105.88235294117646
2003-07-29,18.125,18.209999,17.924999,18.01,1470200,18.05,0.17,105.94117647058823
2003-07-30,18.014999,18.014999,17.209999,17.225,2317600,17.48,0.17,101.32352941176471
2003-07-31,17.285,18.0,17.254999,17.75,2162800,17.67,0.17,104.41176470588235
2003-08-01,17.549999,17.58,17.125,17.450001,1538400,17.39,0.17,102.64706470588234
2003-08-04,17.5,17.545,17.299999,17.375,1010200,17.41,0.17,102.20588235294117
2003-08-05,17.280001,17.370001,16.975,16.985001,1041200,17.11,0.17,99.91177058823529
2003-08-06,16.860001,17.195,16.674999,16.885,1639800,16.92,0.17,99.32352941176471
2003-08-07,16.885,16.885,16.450001,16.68,993400,16.67,0.17,98.11764705882352
2003-08-08,16.67,16.9,16.530001,16.895,2108000,16.78,0.17,99.38235294117646
2003-08-11,16.875,17.094999,16.83,17.049999,2043400,16.99,0.17,100.29411176470587
2003-08-12,17.049999,17.475,17.004999,17.375,1709600,17.28,0.17,102.20588235294117
2003-08-13,17.5,17.530001,17.4,17.48,1662200,17.47,0.17,102.8235294117647
2003-08-14,17.525,17.610001,17.450001,17.549999,1183000,17.54,0.17,103.2352882352941
2003-08-15,17.645,17.870001,17.575001,17.705,296200,17.72,0.17,104.14705882352939
2003-08-18,17.725,18.370001,17.725,18.0,1370000,18.03,0.17,105.88235294117646
2003-08-19,18.125,18.195,17.855,18.075001,1993400,18.04,0.17,106.32353529411765
2003-08-20,18.025,18.285,17.860001,18.215,1262800,18.12,0.17,107.1470588235294
2003-08-21,18.219999,18.405001,18.049999,18.355,906200,18.27,0.17,107.97058823529412
2003-08-22,18.475,18.625,17.950001,18.105,1485800,18.23,0.17,106.5
2003-08-25,18.25,18.469999,18.02,18.445,986200,18.31,0.17,108.5
2003-08-26,18.254999,18.495001,17.950001,18.495001,1223200,18.31,0.17,108.79412352941175
2003-08-27,18.549999,18.594999,18.219999,18.5,1034400,18.44,0.17,108.8235294117647
2003-08-28,18.620001,19.290001,18.559999,19.135,2284400,19.0,0.17,112.55882352941177
2003-08-29,19.049999,19.360001,18.950001,19.275,881800,19.2,0.17,113.38235294117645
2003-09-02,19.275,19.65,19.225,19.565001,2410800,19.48,0.17,115.08824117647058
2003-09-03,19.25,19.309999,18.635,18.75,3131800,18.9,0.17,110.29411764705881
2003-09-04,18.76,18.905001,18.375,18.870001,1957200,18.72,0.17,111.00000588235292
2003-09-05,18.5,18.504999,17.5,17.725,7327400,17.91,0.17,104.26470588235294
2003-09-08,17.700001,17.775,16.915001,17.4,6265000,17.36,0.17,102.35294117647057
2003-09-09,17.4,17.48,17.09,17.24,3381600,17.27,0.17,101.41176470588233
2003-09-10,17.225,17.24,16.5,16.5,3653000,16.73,0.17,97.05882352941175
2003-09-11,16.61,17.17,16.58,17.0,2151000,16.92,0.17,99.99999999999999
2003-09-12,16.975,17.355,16.855,17.285,1504800,17.13,0.17,101.67647058823529
2003-09-15,17.225,17.5,17.075,17.475,1714600,17.31,0.17,102.79411764705883
2003-09-16,17.45,18.025,17.4,18.015,1841600,17.75,0.17,105.97058823529412
2003-09-17,17.975,18.0,17.685,17.835,1346000,17.86,0.17,104.91176470588235
2003-09-18,17.83,18.485,17.6,18.47,3399600,18.06,0.17,108.64705882352939
2003-09-19,18.425,18.425,17.81,17.965,2774800,18.03,0.17,105.67647058823529
2003-09-22,16.7,17.675,16.7,17.625,6498000,17.19,0.17,103.67647058823529
2003-09-23,17.525,17.98,17.35,17.965,1903200,17.77,0.17,105.67647058823529
2003-09-24,17.84,17.87,17.08,17.15,2568200,17.29,0.17,100.88235294117645
2003-09-25,17.25,17.3,16.745,16.985,2103200,16.96,0.17,99.91176470588235
2003-09-26,16.925,16.965,16.425,16.45,2309600,16.68,0.17,96.76470588235293
2003-09-29,16.525,17.045,16.525,16.815,2650200,16.76,0.17,98.91176470588235
2003-09-30,16.815,16.815,16.26,16.33,3374800,16.49,0.17,96.05882352941175
2003-10-01,16.38,17.115,16.09,17.095,2643000,16.73,0.17,100.55882352941175
2003-10-02,17.095,17.43,16.985,17.25,1871800,17.19,0.17,101.47058823529412
2003-10-03,17.5,18.085,17.365,17.69,2503800,17.74,0.17,104.05882352941177
2003-10-06,17.9,18.355,17.805,18.335,2025000,18.15,0.17,107.85294117647058
2003-10-07,18.335,18.505,18.0,18.47,2046600,18.37,0.17,108.64705882352939
2003-10-08,18.49,18.69,18.4,18.455,1344600,18.57,0.17,108.55882352941175
2003-10-09,18.455,19.455,18.455,19.01,3445200,19.08,0.17,111.82352941176471
2003-10-10,19.075,19.075,18.745,18.975,1453800,18.92,0.17,111.61764705882354
2003-10-13,19.175,19.375,19.06,19.285,1056800,19.23,0.17,113.44117647058823
2003-10-14,19.41,19.625,19.3,19.625,2630000,19.48,0.17,115.44117647058823
2003-10-15,17.0,17.125,15.875,16.155,22804600,16.43,0.19,85.02631578947368
2003-10-16,16.25,16.84,16.125,16.735,6011200,16.51,0.19,88.07894736842105
2003-10-17,16.74,16.825,16.25,16.38,2719600,16.43,0.19,86.21052631578947
2003-10-20,16.55,16.62,16.0,16.185,2532400,16.23,0.19,85.18421052631578
2003-10-21,16.185,16.23,15.47,15.525,5916400,15.74,0.19,81.71052631578948
2003-10-22,15.4,15.455,15.04,15.275,5153800,15.22,0.19,80.39473684210526
2003-10-23,15.175,15.74,15.16,15.65,3948600,15.55,0.19,82.36842105263158
2003-10-24,15.5,15.6,15.34,15.46,2044800,15.47,0.19,81.36842105263159
2003-10-27,15.625,15.915,15.615,15.89,1660000,15.8,0.19,83.63157894736842
2003-10-28,15.895,15.99,15.725,15.96,2217000,15.86,0.19,84.0
2003-10-29,15.96,15.96,15.155,15.37,3959600,15.45,0.19,80.89473684210526
2003-10-30,15.475,15.655,15.3,15.565,3679600,15.46,0.19,81.92105263157895
2003-10-31,15.7,15.86,15.665,15.755,1625200,15.78,0.19,82.92105263157895
2003-11-03,15.8,16.175,15.795,15.935,1701124,15.99,0.19,83.86842105263158
2003-11-04,15.975,16.065,15.85,15.995,1718064,15.99,0.19,84.18421052631578
2003-11-05,16.05,16.255,15.865,16.0,1420800,16.05,0.19,84.21052631578948
2003-11-06,16.0,16.075,15.75,16.055,1067600,15.96,0.19,84.5
2003-11-07,16.35,16.425,16.155,16.35,1215400,16.3,0.19,86.05263157894737
2003-11-10,16.325,16.41,15.68,15.88,3044000,15.91,0.19,83.57894736842105
2003-11-11,15.975,16.11,15.85,16.06,1531200,16.0,0.19,84.52631578947367
2003-11-12,16.15,16.57,16.045,16.545,1690000,16.36,0.19,87.07894736842105
2003-11-13,16.545,17.15,16.5,17.015,3086000,16.89,0.19,89.55263157894737
2003-11-14,17.0,17.01,16.52,16.625,1519200,16.73,0.19,87.5
2003-11-17,16.625,16.625,16.35,16.495,2329400,16.43,0.19,86.81578947368422
2003-11-18,16.5,16.5,15.72,15.785,3892800,16.09,0.19,83.07894736842105
2003-11-19,15.875,16.05,15.375,15.8,3843600,15.7,0.19,83.15789473684211
2003-11-20,15.805,15.94,15.655,15.765,1974600,15.83,0.19,82.97368421052632
2003-11-21,15.92,16.12,15.825,16.0,1003600,16.01,0.19,84.21052631578948
2003-11-24,16.1,16.75,16.055,16.715,2854800,16.48,0.19,87.97368421052632
2003-11-25,16.715,16.825,16.615,16.79,3061600,16.77,0.19,88.36842105263158
2003-11-26,16.855,17.045,16.5,16.565,1482400,16.63,0.19,87.1842105263158
2003-11-28,16.6,16.69,16.465,16.465,542400,16.57,0.19,86.65789473684211
2003-12-01,16.69,16.955,16.655,16.86,1821000,16.78,0.19,88.73684210526315
2003-12-02,16.825,16.825,16.69,16.735,1391600,16.74,0.19,88.07894736842105
2003-12-03,16.925,17.005,16.545,16.56,2219200,16.78,0.19,87.1578947368421
2003-12-04,16.75,16.8,15.415,15.575,4062800,15.92,0.19,81.97368421052632
2003-12-05,15.58,15.6,15.24,15.4,2971600,15.41,0.19,81.05263157894737
2003-12-08,15.4,15.65,15.31,15.46,1048000,15.49,0.19,81.36842105263159
2003-12-09,15.95,15.99,15.34,15.475,1960400,15.69,0.19,81.44736842105263
2003-12-10,15.445,15.445,14.79,14.9,2098800,15.02,0.19,78.42105263157895
2003-12-11,15.05,15.175,14.825,14.905,3731800,15.02,0.19,78.44736842105263
2003-12-12,14.91,14.965,14.4,14.575,4120400,14.57,0.19,76.71052631578947
2003-12-15,14.895,14.99,14.745,14.825,2624800,14.86,0.19,78.02631578947368
2003-12-16,14.805,14.89,14.615,14.85,2406600,14.75,0.19,78.1578947368421
2003-12-17,14.75,15.5,14.355,14.98,4450200,14.96,0.19,78.84210526315789
2003-12-18,15.35,15.735,15.31,15.695,3872000,15.56,0.19,82.60526315789474
2003-12-19,15.77,15.86,15.525,15.8,2624000,15.75,0.19,83.15789473684211
2003-12-22,15.7,16.05,15.475,15.675,934000,15.73,0.19,82.5
2003-12-23,15.68,15.875,15.555,15.745,627200,15.73,0.19,82.86842105263158
2003-12-24,15.62,15.685,15.445,15.605,393400,15.58,0.19,82.13157894736842
2003-12-26,15.575,15.845,15.54,15.63,284600,15.65,0.19,82.26315789473685
2003-12-29,15.635,15.875,15.57,15.785,706000,15.72,0.19,83.07894736842105
2003-12-30,15.475,15.8,15.32,15.4,1917000,15.46,0.19,81.05263157894737
2003-12-31,15.5,15.5,15.3,15.465,1823600,15.42,0.19,81.39473684210526
2004-01-02,15.415,15.535,15.2,15.24,2135800,15.4,0.19,80.21052631578948
2004-01-05,15.5,15.61,15.385,15.5,1686800,15.52,0.19,81.57894736842105
2004-01-06,15.505,15.9,15.35,15.85,1449400,15.58,0.19,83.42105263157895
2004-01-07,15.8,16.125,15.6,16.125,1710800,15.97,0.19,84.86842105263158
2004-01-08,16.125,16.155,15.515,15.58,1795800,15.64,0.19,82.0
2004-01-09,15.53,15.56,15.025,15.15,2363800,15.33,0.19,79.73684210526316
2004-01-12,15.1,15.105,14.78,14.875,3276400,14.88,0.19,78.28947368421052
2004-01-13,14.855,14.945,14.52,14.575,4275200,14.64,0.09,161.94444444444443
2004-01-14,14.575,14.87,14.565,14.755,2783000,14.72,0.09,163.94444444444446
2004-01-15,14.775,14.8,14.565,14.68,1135200,14.69,0.09,163.11111111111111
2004-01-16,15.25,17.075,15.185,16.54,9664600,16.29,0.09,183.77777777777777
2004-01-20,16.65,16.7,16.38,16.675,2954600,16.56,0.09,185.2777777777778
2004-01-21,16.675,17.65,16.625,17.55,5421800,17.33,0.09,195.00000000000003
2004-01-22,17.85,18.55,17.565,17.695,4666400,17.94,0.09,196.61111111111111
2004-01-23,17.515,17.575,17.095,17.29,2366600,17.28,0.09,192.11111111111111
2004-01-26,17.165,17.355,16.95,17.28,1459000,17.14,0.09,192.00000000000003
2004-01-27,17.035,17.075,16.755,16.825,2326800,16.91,0.09,186.94444444444446
2004-01-28,16.855,17.175,16.405,16.5,2345000,16.82,0.09,183.33333333333334
2004-01-29,16.625,16.64,16.1,16.3,1442000,16.27,0.09,181.11111111111111
2004-01-30,16.375,16.815,16.3,16.675,1489200,16.65,0.09,185.2777777777778
2004-02-02,16.725,17.025,16.45,16.62,1345400,16.69,0.09,184.66666666666669
2004-02-03,16.55,16.645,16.395,16.455,860000,16.51,0.09,182.83333333333331
2004-02-04,16.33,16.745,16.2,16.41,2312000,16.58,0.09,182.33333333333334
2004-02-05,16.5,16.815,16.5,16.61,1311600,16.62,0.09,184.55555555555554
2004-02-06,16.72,17.2,16.7,17.025,1648600,17.04,0.09,189.16666666666666
2004-02-09,17.3,17.5,17.0,17.0,991400,17.2,0.09,188.88888888888889
2004-02-10,17.0,17.12,16.8755,16.99,603200,17.0,0.09,188.77777777777777
2004-02-11,16.99,17.2,16.79,17.0,1730600,17.04,0.09,188.88888888888889
2004-02-12,17.0,17.12,16.81,16.995,2228800,16.95,0.09,188.83333333333334
2004-02-13,16.995,17.155,16.995,17.105,2060400,17.1,0.09,190.05555555555557
2004-02-17,17.2,17.6,17.085,17.49,2030600,17.47,0.09,194.33333333333331
2004-02-18,17.615,17.935,17.425,17.535,2085000,17.64,0.09,194.83333333333334
2004-02-19,17.825,17.85,17.465,17.55,1910000,17.67,0.09,195.00000000000003
2004-02-20,17.53,17.54,17.18,17.35,1712800,17.37,0.09,192.7777777777778
2004-02-23,17.475,17.49,16.75,16.975,2116600,17.03,0.09,188.61111111111114
2004-02-24,16.98,16.98,16.5,16.6,2649200,16.62,0.09,184.44444444444446
2004-02-25,16.65,16.775,16.505,16.7,1199000,16.68,0.09,185.55555555555554
2004-02-26,16.7,16.835,16.555,16.595,1534600,16.66,0.09,184.38888888888889
2004-02-27,16.675,17.225,16.64,17.0,4385400,16.91,0.09,188.88888888888889
2004-03-01,17.1,18.1,17.1,17.69,4406800,17.72,0.09,196.55555555555557
2004-03-02,17.55,17.7,17.33,17.385,1520600,17.45,0.09,193.16666666666669
2004-03-03,17.35,17.35,16.87,17.04,2841000,17.03,0.09,189.33333333333334
2004-03-04,17.04,17.04,15.5,16.5,13831600,16.29,0.09,183.33333333333334
2004-03-05,16.505,17.1,16.4305,16.89,2155800,16.77,0.09,187.66666666666669
2004-03-08,17.14,17.3,16.75,16.775,2142400,16.9,0.09,186.38888888888889
2004-03-09,16.795,16.875,16.445,16.575,1262400,16.57,0.09,184.16666666666666
2004-03-10,16.74,16.74,16.0,16.06,3244000,16.21,0.09,178.44444444444443
2004-03-11,16.01,16.15,15.84,15.855,2276400,16.0,0.09,176.16666666666669
2004-03-12,15.98,16.22,15.335,15.425,4256000,15.59,0.09,171.3888888888889
2004-03-15,15.45,15.45,14.675,14.685,5977800,14.97,0.09,163.16666666666669
2004-03-16,14.8,14.8,14.25,14.56,5258600,14.49,0.09,161.7777777777778
2004-03-17,14.775,14.775,14.225,14.39,6262200,14.38,0.09,159.8888888888889
2004-03-18,14.635,14.635,14.175,14.255,3287400,14.29,0.09,158.3888888888889
2004-03-19,14.35,14.385,14.04,14.14,1900400,14.25,0.09,157.11111111111111
2004-03-22,14.0,14.025,13.7318,13.925,3436200,13.87,0.09,154.72222222222223
2004-03-23,14.025,14.07,13.405,13.6,6098000,13.74,0.09,151.11111111111111
2004-03-24,13.625,13.85,13.335,13.67,6341600,13.57,0.09,151.88888888888889
2004-03-25,13.875,14.53,13.8,14.22,5034400,14.2,0.09,158.0
2004-03-26,14.45,14.725,14.29,14.29,3832000,14.48,0.09,158.77777777777777
2004-03-29,14.6,14.625,14.059,14.355,4667000,14.46,0.09,159.5
2004-03-30,14.125,14.48,13.645,14.25,12669200,14.1,0.09,158.33333333333334
2004-03-31,14.325,14.785,14.25,14.6,7410200,14.58,0.09,162.22222222222223
2004-04-01,14.95,14.95,14.655,14.765,4988200,14.79,0.09,164.05555555555557
2004-04-02,14.745,14.75,14.12,14.495,4985600,14.38,0.09,161.05555555555554
2004-04-05,14.95,15.15,14.72,15.13,3962000,14.93,0.09,168.11111111111111
2004-04-06,15.04,15.235,14.93,15.085,1846600,15.08,0.09,167.61111111111111
2004-04-07,14.985,15.03,14.64,14.885,1903600,14.84,0.09,165.38888888888889
2004-04-08,14.95,15.0,14.515,14.61,1622600,14.64,0.09,162.33333333333334
2004-04-12,14.525,15.075,14.525,14.905,1578200,14.9,0.09,165.61111111111111
2004-04-13,14.955,14.99,14.555,14.7,2503400,14.73,0.09,163.33333333333334
2004-04-14,14.625,14.96,14.51,14.85,3065000,14.83,0.09,165.0
2004-04-15,14.825,14.875,14.5,14.665,3488800,14.61,0.09,162.94444444444443
2004-04-16,14.475,14.515,14.145,14.255,3305800,14.3,0.09,158.3888888888889
2004-04-19,14.24,14.24,13.81,13.95,5812600,13.92,0.09,155.0
2004-04-20,13.955,14.255,13.86,13.865,3707600,14.09,0.09,154.05555555555557
2004-04-21,13.99,14.165,13.725,14.1,2694600,13.95,0.09,156.66666666666666
2004-04-22,14.1,14.28,13.835,14.05,2907000,14.08,0.09,156.11111111111111
2004-04-23,13.4,13.81,12.9,13.72,10770800,13.34,0.09,152.44444444444446
2004-04-26,13.845,13.98,13.625,13.74,2779000,13.78,0.09,152.66666666666669
2004-04-27,13.725,13.8,13.535,13.625,2470800,13.65,0.09,151.38888888888889
2004-04-28,13.6,13.6,13.13,13.275,3652400,13.24,0.09,147.5
2004-04-29,13.645,13.645,12.63,12.86,5783400,12.91,0.09,142.88888888888889
2004-04-30,12.9,13.195,12.87,12.96,4148600,13.0,0.09,144.00000000000003
2004-05-03,12.965,13.19,12.875,13.135,3285000,13.06,0.09,145.94444444444446
2004-05-04,13.075,13.16,12.9,13.0,2424400,13.04,0.09,144.44444444444446
2004-05-05,13.1,13.21,13.0,13.13,2218800,13.11,0.09,145.8888888888889
2004-05-06,13.125,13.175,12.7,12.84,2967200,12.92,0.09,142.66666666666666
2004-05-07,12.845,12.845,12.06,12.415,5505800,12.5,0.09,137.94444444444443
2004-05-10,12.275,12.31,12.015,12.135,4995600,12.18,0.09,134.83333333333334
2004-05-11,12.14,12.55,12.14,12.5,2904400,12.41,0.09,138.88888888888889
2004-05-12,11.005,11.65,10.79,10.85,25084800,11.08,0.09,120.55555555555556
2004-05-13,10.875,11.1,10.3005,10.86,9197600,10.74,0.09,120.66666666666667
2004-05-14,10.86,11.25,10.63,11.125,5205400,10.95,0.11,101.13636363636364
2004-05-17,10.75,10.835,10.575,10.8,6462400,10.75,0.11,98.18181818181819
2004-05-18,10.805,11.23,10.805,11.215,3509200,11.09,0.11,101.95454545454545
2004-05-19,11.23,11.63,11.2,11.24,4316800,11.44,0.11,102.18181818181819
2004-05-20,11.24,11.24,10.9,11.035,3180200,11.03,0.11,100.31818181818181
2004-05-21,11.05,11.21,10.975,11.21,3351400,11.04,0.11,101.90909090909092
2004-05-24,11.25,11.575,11.23,11.38,1834200,11.36,0.11,103.45454545454547
2004-05-25,11.425,11.935,11.3,11.85,3394400,11.73,0.11,107.72727272727272
2004-05-26,11.875,11.915,11.59,11.615,2468600,11.7,0.11,105.5909090909091
2004-05-27,11.595,11.775,11.35,11.55,3519200,11.56,0.11,105.0
2004-05-28,11.55,11.575,11.39,11.435,2479400,11.45,0.11,103.95454545454545
2004-06-01,11.525,11.8,11.325,11.325,3629600,11.48,0.11,102.95454545454545
2004-06-02,11.5,11.525,10.925,11.0,5895400,11.09,0.11,100.0
2004-06-03,10.955,10.975,10.825,10.825,4812200,10.91,0.11,98.4090909090909
2004-06-04,11.2,11.27,10.825,10.855,4926200,10.95,0.11,98.68181818181819
2004-06-07,10.895,11.09,10.875,11.015,3177600,11.01,0.11,100.13636363636364
2004-06-08,11.04,11.335,11.0,11.23,2447000,11.18,0.11,102.0909090909091
2004-06-09,11.23,11.895,11.225,11.57,6923400,11.62,0.11,105.18181818181819
2004-06-10,11.57,11.59,11.25,11.25,2602400,11.38,0.11,102.27272727272727
2004-06-14,11.255,11.41,11.185,11.185,2886400,11.33,0.11,101.68181818181819
2004-06-15,11.35,11.4,11.125,11.16,2041800,11.28,0.11,101.45454545454545
2004-06-16,10.975,11.0,10.795,10.8,3224000,10.92,0.11,98.18181818181819
2004-06-17,10.5,11.24,10.215,10.755,5426600,10.77,0.11,97.77272727272728
2004-06-18,10.76,10.85,10.63,10.71,2937800,10.75,0.11,97.36363636363637
2004-06-21,10.735,10.8,10.605,10.665,2198400,10.69,0.11,96.95454545454545
2004-06-22,10.665,10.7,10.52,10.64,1479800,10.58,0.11,96.72727272727273
2004-06-23,10.585,10.665,10.555,10.63,1381200,10.6,0.11,96.63636363636364
2004-06-24,10.63,10.775,10.575,10.605,1748800,10.66,0.11,96.4090909090909
2004-06-25,10.58,10.695,10.485,10.52,1627000,10.56,0.11,95.63636363636363
2004-06-28,10.7,11.0,10.575,10.78,3232600,10.85,0.11,98.0
2004-06-29,10.75,10.82,10.67,10.715,2316800,10.73,0.11,97.4090909090909
2004-06-30,10.715,10.935,10.63,10.935,2039400,10.83,0.11,99.4090909090909
2004-07-01,10.835,10.885,10.5,10.51,2718400,10.63,0.11,95.54545454545455
2004-07-02,10.525,10.525,10.255,10.255,3745600,10.38,0.11,93.22727272727273
2004-07-06,10.255,10.26,10.03,10.03,3092000,10.1,0.11,91.18181818181817
2004-07-07,10.125,10.355,9.95,9.95,4770600,10.14,0.11,90.45454545454545
2004-07-08,9.94,9.99,9.68,9.69,4805800,9.84,0.11,88.09090909090908
2004-07-09,9.715,10.025,9.63,9.93,2717600,9.86,0.11,90.27272727272727
2004-07-12,10.0,10.02,9.715,9.945,2136800,9.88,0.17,58.5
2004-07-13,9.925,10.045,9.825,9.935,1215200,9.93,0.17,58.44117647058823
2004-07-14,9.825,9.83,9.49,9.525,3472400,9.67,0.17,56.02941176470588
2004-07-15,9.535,9.59,9.375,9.42,2676400,9.44,0.17,55.41176470588235
2004-07-16,9.46,9.535,9.225,9.225,2741800,9.34,0.17,54.264705882352935
2004-07-19,9.23,9.46,9.025,9.37,2894000,9.29,0.17,55.11764705882352
2004-07-20,9.35,9.42,9.21,9.37,1441600,9.32,0.17,55.11764705882352
2004-07-21,9.45,9.765,9.35,9.4,2667800,9.57,0.17,55.29411764705882
2004-07-22,9.385,9.6,9.265,9.595,4089800,9.46,0.17,56.44117647058823
2004-07-23,9.85,9.85,9.58,9.715,3046200,9.71,0.17,57.147058823529406
2004-07-26,9.665,9.795,9.6,9.715,2517600,9.68,0.17,57.147058823529406
2004-07-27,9.7,10.4,9.7,10.4,5103000,10.11,0.17,61.17647058823529
2004-07-28,10.375,10.375,10.05,10.2,2450600,10.18,0.17,59.99999999999999
2004-07-29,10.2,10.5,10.135,10.3,3118600,10.31,0.17,60.588235294117645
2004-07-30,10.275,10.47,10.25,10.4,2473400,10.35,0.17,61.17647058823529
2004-08-02,10.3,10.37,10.125,10.215,2719000,10.22,0.17,60.088235294117645
2004-08-03,10.215,10.215,9.605,9.655,8392200,9.85,0.17,56.79411764705882
2004-08-04,9.82,9.895,9.785,9.835,6611000,9.84,0.17,57.85294117647059
2004-08-05,9.85,9.9,9.6,9.6,3593400,9.77,0.17,56.47058823529411
2004-08-06,9.6,9.685,9.4,9.465,1889000,9.52,0.17,55.67647058823529
2004-08-09,9.465,9.61,9.4,9.405,1239000,9.51,0.17,55.323529411764696
2004-08-10,9.44,9.835,9.425,9.755,2202400,9.7,0.17,57.38235294117647
2004-08-11,9.745,9.78,9.53,9.735,1318400,9.66,0.17,57.264705882352935
2004-08-12,9.735,9.735,9.415,9.45,1240400,9.5,0.17,55.58823529411764
2004-08-13,9.45,9.535,9.32,9.38,1208600,9.39,0.17,55.1764705882353
2004-08-16,9.25,9.855,9.15,9.825,2972000,9.6,0.17,57.79411764705881
2004-08-17,9.625,9.91,9.375,9.735,9903600,9.61,0.17,57.264705882352935
2004-08-18,9.735,10.15,9.61,10.09,2536400,9.96,0.17,59.35294117647058
2004-08-19,9.975,10.005,9.725,9.84,3050600,9.86,0.17,57.882352941176464
2004-08-20,9.835,9.835,9.6,9.7,2568200,9.68,0.17,57.058823529411754
2004-08-23,9.695,9.8,9.535,9.535,1587200,9.62,0.17,56.088235294117645
2004-08-24,9.585,9.72,9.525,9.57,1833600,9.6,0.17,56.29411764705882
2004-08-25,9.57,9.74,9.505,9.675,936400,9.63,0.17,56.911764705882355
2004-08-26,9.685,9.775,9.625,9.68,1203000,9.72,0.17,56.94117647058823
2004-08-27,9.7,9.77,9.625,9.725,851000,9.7,0.17,57.20588235294117
2004-08-30,9.725,9.835,9.55,9.755,1550000,9.72,0.17,57.38235294117647
2004-08-31,9.755,9.8,9.615,9.79,1415600,9.71,0.17,57.58823529411764
2004-09-01,9.79,9.855,9.615,9.725,1496400,9.71,0.17,57.20588235294117
2004-09-02,9.725,10.485,9.695,10.4,2616800,10.19,0.17,61.17647058823529
2004-09-03,10.4,10.495,10.19,10.25,1654800,10.3,0.17,60.29411764705882
2004-09-07,10.275,10.75,10.235,10.66,2881000,10.56,0.17,62.705882352941174
2004-09-08,10.66,11.1,10.61,10.705,4397800,10.81,0.17,62.970588235294116
2004-09-09,10.705,10.71,10.415,10.45,3036400,10.5,0.17,61.47058823529411
2004-09-10,10.45,10.47,10.33,10.355,2041600,10.38,0.17,60.91176470588235
2004-09-13,10.395,10.7,10.395,10.595,3853000,10.63,0.17,62.3235294117647
2004-09-14,10.595,10.65,10.325,10.5,1755600,10.44,0.17,61.764705882352935
2004-09-15,10.5,10.6,10.445,10.45,1392200,10.53,0.17,61.47058823529411
2004-09-16,10.465,10.65,10.465,10.545,1484000,10.53,0.17,62.02941176470588
2004-09-17,10.545,10.965,10.505,10.8,2680400,10.8,0.17,63.529411764705884
2004-09-20,10.9,10.975,10.26,10.45,6107600,10.51,0.17,61.47058823529411
2004-09-21,10.45,10.6,10.37,10.55,2349400,10.46,0.17,62.05882352941176
2004-09-22,10.55,10.735,10.34,10.365,1343200,10.49,0.17,60.970588235294116
2004-09-23,10.325,10.445,10.215,10.37,1546600,10.32,0.17,60.99999999999999
2004-09-24,10.375,10.56,10.37,10.48,1558800,10.49,0.17,61.64705882352941
2004-09-27,10.48,10.48,10.235,10.235,1727400,10.29,0.17,60.20588235294117
2004-09-28,10.24,10.35,10.185,10.315,2064000,10.26,0.17,60.67647058823529
2004-09-29,10.275,10.425,10.25,10.4,2256800,10.37,0.17,61.17647058823529
2004-09-30,10.405,10.875,10.405,10.775,2521000,10.68,0.17,63.38235294117647
2004-10-01,10.795,11.555,10.75,11.43,6551400,11.28,0.17,67.23529411764706
2004-10-04,11.625,11.9,11.605,11.685,6738200,11.81,0.17,68.73529411764706
2004-10-05,11.685,11.775,11.455,11.515,2007000,11.53,0.17,67.73529411764706
2004-10-06,11.375,11.505,11.025,11.44,3757400,11.37,0.17,67.29411764705881
2004-10-07,11.445,11.575,11.375,11.435,2393800,11.45,0.17,67.26470588235294
2004-10-08,11.32,11.38,11.245,11.295,2571600,11.3,0.17,66.44117647058823
2004-10-11,11.3,11.555,11.255,11.475,1794200,11.44,0.17,67.5
2004-10-12,11.445,11.45,11.235,11.375,2420200,11.32,0.14,81.24999999999999
2004-10-13,11.4,11.645,11.39,11.56,2420600,11.57,0.14,82.57142857142857
2004-10-14,11.56,11.56,10.97,11.095,4398000,11.19,0.14,79.25
2004-10-15,11.095,11.53,11.025,11.4,2680200,11.32,0.14,81.42857142857142
2004-10-18,11.4,12.12,11.395,12.02,4396200,11.95,0.14,85.85714285714285
2004-10-19,12.045,12.45,12.045,12.25,5717200,12.31,0.14,87.49999999999999
2004-10-20,11.975,12.305,11.905,12.26,2308400,12.2,0.14,87.57142857142856
2004-10-21,12.26,12.425,12.035,12.355,1782600,12.28,0.14,88.25
2004-10-22,12.325,12.675,12.27,12.275,1857800,12.42,0.14,87.67857142857142
2004-10-25,12.25,12.69,12.065,12.59,2162600,12.49,0.14,89.92857142857142
2004-10-26,12.545,13.02,12.34,12.945,3141800,12.84,0.14,92.46428571428571
2004-10-27,13.05,13.3,12.97,13.07,2979800,13.16,0.14,93.35714285714285
2004-10-28,13.07,13.2,12.875,13.055,2374800,13.07,0.14,93.24999999999999
2004-10-29,13.0,13.245,13.0,13.17,1602400,13.13,0.14,94.07142857142856
2004-11-01,13.16,13.25,12.975,13.135,1329600,13.15,0.14,93.82142857142856
2004-11-02,13.01,13.175,12.8,12.855,3826200,13.01,0.14,91.82142857142857
2004-11-03,12.95,13.0,12.825,12.915,2024200,12.94,0.14,92.24999999999999
2004-11-04,12.915,13.265,12.895,13.265,2622800,13.07,0.14,94.75
2004-11-05,13.39,14.015,13.345,13.62,2644600,13.64,0.14,97.28571428571428
2004-11-08,13.5,13.5,13.13,13.225,1602000,13.26,0.14,94.46428571428571
2004-11-09,13.25,13.445,13.095,13.095,1317400,13.18,0.14,93.53571428571428
2004-11-10,13.18,13.315,13.1,13.16,1455800,13.21,0.14,93.99999999999999
2004-11-11,13.2,13.3,12.985,13.21,1534200,13.11,0.14,94.35714285714286
2004-11-12,13.215,13.58,13.15,13.54,947600,13.42,0.14,96.7142857142857
2004-11-15,13.55,13.74,13.45,13.635,1091600,13.61,0.14,97.39285714285714
2004-11-16,14.7,14.85,14.345,14.535,8340400,14.56,0.14,103.82142857142857
2004-11-17,14.625,15.125,14.625,14.75,4314200,14.91,0.14,105.35714285714285
2004-11-18,14.86,14.97,14.48,14.65,2343600,14.6,0.14,104.64285714285714
2004-11-19,14.625,14.625,14.295,14.295,1336400,14.44,0.14,102.10714285714285
2004-11-22,14.3,14.405,14.015,14.36,1588000,14.19,0.14,102.57142857142856
2004-11-23,14.425,14.55,14.3,14.33,1553600,14.39,0.14,102.35714285714285
2004-11-24,14.375,14.49,14.25,14.44,1516800,14.4,0.14,103.14285714285712
2004-11-26,14.525,14.575,14.26,14.45,521400,14.48,0.14,103.2142857142857
2004-11-29,14.45,14.53,14.34,14.37,1638800,14.41,0.14,102.64285714285712
2004-11-30,14.39,14.395,13.905,13.925,2182200,14.04,0.14,99.46428571428571
2004-12-01,14.15,14.175,13.75,13.945,2811600,13.95,0.14,99.60714285714285
2004-12-02,13.945,13.945,13.745,13.8,2100000,13.84,0.14,98.57142857142857
2004-12-03,13.75,14.22,13.745,14.055,1740200,14.07,0.14,100.39285714285712
2004-12-06,13.625,13.8,13.33,13.51,3108600,13.55,0.14,96.49999999999999
2004-12-07,13.4,13.67,13.25,13.25,1695600,13.4,0.14,94.64285714285714
2004-12-08,13.25,13.28,13.09,13.26,2111400,13.19,0.14,94.71428571428571
2004-12-09,13.25,13.345,13.025,13.32,1040600,13.19,0.14,95.14285714285714
2004-12-10,13.285,13.36,13.15,13.275,766200,13.26,0.14,94.82142857142857
2004-12-13,13.275,13.535,13.275,13.5,1376200,13.41,0.14,96.42857142857142
2004-12-14,13.525,13.85,13.41,13.725,1853400,13.64,0.14,98.03571428571428
2004-12-15,13.75,13.93,13.645,13.69,1557600,13.74,0.14,97.78571428571428
2004-12-16,13.73,13.74,13.525,13.725,1483800,13.64,0.14,98.03571428571428
2004-12-17,14.525,15.625,14.52,15.03,8110800,15.06,0.14,107.35714285714285
2004-12-20,14.95,15.34,14.9,15.015,2272000,15.1,0.14,107.25
2004-12-21,15.02,15.37,14.975,15.355,1740600,15.23,0.14,109.67857142857142
2004-12-22,15.305,15.36,15.205,15.29,1299400,15.31,0.14,109.2142857142857
2004-12-23,15.295,15.38,15.15,15.25,1114000,15.32,0.14,108.92857142857142
2004-12-27,15.25,15.37,15.04,15.225,744200,15.24,0.14,108.74999999999999
2004-12-28,15.2,15.4,15.195,15.27,1197200,15.28,0.14,109.07142857142856
2004-12-29,15.3,15.33,15.215,15.25,1374600,15.27,0.14,108.92857142857142
2004-12-30,15.3,15.55,15.24,15.505,1330400,15.4,0.14,110.75
2004-12-31,15.435,15.72,15.425,15.525,1009800,15.57,0.14,110.89285714285714
2005-01-03,15.5,15.7,15.06,15.1,2170400,15.36,0.14,107.85714285714285
2005-01-04,15.205,15.3,14.845,14.99,1385000,15.05,0.14,107.07142857142857
2005-01-05,14.92,15.055,14.715,14.93,1398600,14.93,0.14,106.64285714285712
2005-01-06,15.0,15.115,14.77,14.83,2013600,14.93,0.14,105.92857142857142
2005-01-07,14.93,15.085,14.755,14.94,1145400,14.97,0.085,175.76470588235293
2005-01-10,14.96,15.145,14.845,14.915,972800,15.02,0.085,175.4705882352941
2005-01-11,14.915,15.0,14.775,14.92,801400,14.91,0.085,175.52941176470586
2005-01-12,14.965,15.575,14.8665,15.415,2874200,15.23,0.085,181.35294117647055
2005-01-13,15.375,15.375,15.075,15.09,1409600,15.24,0.085,177.52941176470586
2005-01-14,15.175,15.22,15.005,15.15,1294600,15.14,0.085,178.23529411764704
2005-01-18,15.15,15.195,15.0,15.15,1053600,15.14,0.085,178.23529411764704
2005-01-19,15.15,15.28,15.0,15.07,1454200,15.16,0.085,177.2941176470588
2005-01-20,14.875,15.075,14.82,14.955,1480600,14.96,0.085,175.94117647058823
2005-01-21,15.01,15.015,14.855,14.93,2939800,14.94,0.085,175.6470588235294
2005-01-24,15.05,15.19,14.05,14.38,3822800,14.41,0.085,169.1764705882353
2005-01-25,14.38,14.75,14.33,14.395,3273600,14.48,0.085,169.35294117647058
2005-01-26,14.4,14.445,14.08,14.235,2624600,14.23,0.085,167.4705882352941
2005-01-27,14.235,14.315,14.085,14.25,1528000,14.22,0.085,167.6470588235294
2005-01-28,14.175,14.245,14.1,14.19,1229400,14.15,0.085,166.9411764705882
2005-01-31,14.2,14.535,14.085,14.465,2122600,14.37,0.085,170.17647058823528
2005-02-01,14.575,14.7,14.455,14.7,1808000,14.6,0.085,172.9411764705882
2005-02-02,14.7,14.765,14.65,14.765,1059400,14.7,0.085,173.70588235294116
2005-02-03,16.075,17.05,15.85,16.675,9782600,16.55,0.085,196.17647058823528
2005-02-04,16.72,17.065,16.33,16.525,3979400,16.59,0.085,194.41176470588232
2005-02-07,16.55,16.675,16.24,16.3,2506600,16.41,0.085,191.76470588235293
2005-02-08,16.38,16.605,16.36,16.485,1318400,16.49,0.085,193.9411764705882
2005-02-09,16.525,16.55,16.26,16.265,1542800,16.39,0.085,191.35294117647058
2005-02-10,16.25,16.48,16.2,16.25,1071200,16.27,0.085,191.17647058823528
2005-02-11,16.275,16.4,16.15,16.3,1253000,16.31,0.085,191.76470588235293
2005-02-14,16.35,16.38,16.23,16.285,1140600,16.28,0.085,191.58823529411762
2005-02-15,16.285,16.565,16.225,16.27,1063400,16.36,0.085,191.41176470588235
2005-02-16,16.225,16.365,16.13,16.32,682600,16.28,0.085,192.0
2005-02-17,16.335,16.395,15.955,15.995,1438800,16.07,0.085,188.17647058823528
2005-02-18,16.0,16.175,15.74,15.76,1191600,15.88,0.085,185.41176470588235
2005-02-22,15.76,15.76,15.39,15.45,1521200,15.55,0.085,181.76470588235293
2005-02-23,16.455,17.4,16.15,16.42,4184400,16.4,0.085,193.1764705882353
2005-02-24,16.485,16.57,16.175,16.54,1184200,16.41,0.085,194.58823529411762
2005-02-25,16.58,16.65,16.425,16.47,1239600,16.5,0.085,193.76470588235293
2005-02-28,16.475,16.6,16.26,16.5,1203000,16.44,0.085,194.1176470588235
2005-03-01,16.54,16.66,16.46,16.605,1795200,16.56,0.085,195.35294117647058
2005-03-02,16.475,16.75,16.335,16.575,1148400,16.56,0.085,194.99999999999997
2005-03-03,16.55,16.75,16.515,16.605,1146400,16.62,0.085,195.35294117647058
2005-03-04,16.875,17.0,16.615,16.66,1465400,16.79,0.085,196.0
2005-03-07,16.67,16.855,16.535,16.8,770200,16.76,0.085,197.64705882352942
2005-03-08,16.75,16.91,16.55,16.68,804400,16.69,0.085,196.23529411764704
2005-03-09,16.45,16.585,16.375,16.44,661600,16.46,0.085,193.41176470588235
2005-03-10,16.435,16.45,16.145,16.25,676800,16.29,0.085,191.17647058823528
2005-03-11,16.17,16.25,16.005,16.07,926600,16.11,0.085,189.05882352941177
2005-03-14,16.1,16.24,15.9085,16.195,625600,16.1,0.085,190.52941176470588
2005-03-15,16.275,16.47,16.055,16.175,737800,16.27,0.085,190.2941176470588
2005-03-16,16.135,16.19,15.9,16.02,1124600,16.04,0.085,188.4705882352941
2005-03-17,16.05,16.575,16.0,16.49,1360800,16.4,0.085,193.99999999999997
2005-03-18,16.5,16.54,16.135,16.335,1361800,16.32,0.085,192.1764705882353
2005-03-21,16.44,16.61,16.325,16.61,1415000,16.51,0.085,195.41176470588232
2005-03-22,16.6,16.83,16.43,16.505,1021600,16.67,0.085,194.17647058823528
2005-03-23,16.455,16.455,15.97,15.99,1123400,16.19,0.085,188.1176470588235
2005-03-24,16.15,16.33,15.935,16.145,1288400,16.18,0.085,189.9411764705882
2005-03-28,16.235,16.48,16.205,16.425,1205800,16.38,0.085,193.23529411764704
2005-03-29,16.435,16.805,16.205,16.6,2064000,16.65,0.085,195.29411764705884
2005-03-30,16.15,16.25,15.5,16.1,8043400,15.83,0.085,189.41176470588235
2005-03-31,16.105,16.105,15.69,15.75,2666200,15.85,0.085,185.2941176470588
2005-04-01,15.76,15.87,15.3,15.3,2190000,15.46,0.085,180.0
2005-04-04,15.3,15.305,14.865,15.24,2222800,15.06,0.085,179.2941176470588
2005-04-05,15.25,15.59,15.25,15.47,1191800,15.45,0.085,182.0
2005-04-06,15.465,15.75,15.345,15.685,1404000,15.62,0.085,184.52941176470588
2005-04-07,15.6,15.78,15.415,15.75,1329800,15.66,0.085,185.2941176470588
2005-04-08,15.75,15.75,15.475,15.575,833000,15.63,0.085,183.23529411764704
2005-04-11,15.55,15.55,15.125,15.245,1423600,15.24,0.085,179.35294117647058
2005-04-12,15.245,15.335,14.91,15.26,2041600,15.09,0.085,179.52941176470586
2005-04-13,15.27,15.27,14.975,15.03,1759200,15.06,0.085,176.8235294117647
2005-04-14,15.03,15.08,14.61,14.645,2042000,14.77,0.085,172.2941176470588
2005-04-15,14.645,14.65,14.055,14.16,2325200,14.23,0.085,166.58823529411762
2005-04-18,14.05,14.44,14.025,14.43,961800,14.31,0.085,169.76470588235293
2005-04-19,14.455,14.64,14.415,14.59,647800,14.51,0.085,171.6470588235294
2005-04-20,14.63,14.63,14.09,14.115,1113600,14.31,0.085,166.05882352941177
2005-04-21,14.3,14.55,14.275,14.51,1730600,14.4,0.085,170.70588235294116
2005-04-22,14.475,14.475,13.885,14.1,1219800,14.13,0.085,165.88235294117646
2005-04-25,14.1,14.495,13.905,14.47,1540800,14.27,0.085,170.23529411764704
2005-04-26,14.325,14.575,14.275,14.28,1832600,14.43,0.085,167.99999999999997
2005-04-27,14.28,14.28,13.885,14.09,1101000,14.08,0.085,165.76470588235293
2005-04-28,14.125,14.18,13.81,13.855,1231800,14.05,0.085,163.0
2005-04-29,13.865,14.0,13.445,13.64,1566000,13.6,0.085,160.47058823529412
2005-05-02,13.6,14.025,13.59,13.94,1568400,13.89,0.085,163.99999999999997
2005-05-03,13.94,14.055,13.825,14.03,1105400,13.98,0.085,165.05882352941174
2005-05-04,14.03,14.605,13.985,14.485,1440600,14.41,0.085,170.41176470588235
2005-05-05,14.485,14.5,14.16,14.33,842400,14.33,0.085,168.58823529411762
2005-05-06,14.375,14.425,14.195,14.23,664200,14.29,0.085,167.41176470588235
2005-05-09,14.35,14.575,14.23,14.56,1191200,14.47,0.085,171.2941176470588
2005-05-10,14.45,14.45,14.0,14.03,2937200,14.13,0.085,165.05882352941174
2005-05-11,14.125,14.15,13.5,13.86,3234000,13.85,0.085,163.05882352941174
2005-05-12,13.875,13.935,13.61,13.62,1987200,13.71,0.085,160.23529411764704
2005-05-13,13.515,13.54,12.895,13.4,4450600,13.19,0.14,95.71428571428571
2005-05-16,13.495,13.815,13.495,13.75,4287800,13.61,0.14,98.21428571428571
2005-05-17,13.75,13.875,13.695,13.875,2538200,13.79,0.14,99.10714285714285
2005-05-18,13.99,14.215,13.945,14.175,3003400,14.09,0.14,101.25
2005-05-19,14.185,14.28,14.08,14.2,2417800,14.18,0.14,101.42857142857142
2005-05-20,12.905,13.415,12.625,13.25,13156000,13.01,0.14,94.64285714285714
2005-05-23,13.08,13.44,13.0,13.42,3816200,13.24,0.14,95.85714285714285
2005-05-24,13.375,13.39,13.04,13.08,4250800,13.16,0.14,93.42857142857142
2005-05-25,12.98,13.075,12.44,12.55,5199200,12.63,0.14,89.64285714285714
2005-05-26,12.715,12.73,12.54,12.61,2393400,12.59,0.14,90.07142857142856
2005-05-27,12.54,12.67,12.51,12.6,2013200,12.59,0.14,89.99999999999999
2005-05-31,12.6,12.915,12.585,12.765,2659000,12.81,0.14,91.17857142857143
2005-06-01,12.77,12.99,12.625,12.655,2302200,12.82,0.14,90.39285714285712
2005-06-02,12.63,12.95,12.63,12.935,1730000,12.85,0.14,92.39285714285714
2005-06-03,12.935,13.175,12.9,13.07,3226000,13.05,0.14,93.35714285714285
2005-06-06,13.055,13.34,12.975,13.16,2762800,13.2,0.14,93.99999999999999
2005-06-07,13.16,13.375,13.105,13.13,2389400,13.23,0.14,93.78571428571428
2005-06-08,13.145,13.215,12.915,12.935,3439600,12.98,0.14,92.39285714285714
2005-06-09,12.875,12.97,12.32,12.37,5469600,12.59,0.14,88.35714285714285
2005-06-10,12.5,12.675,12.425,12.56,4662800,12.58,0.14,89.71428571428571
2005-06-13,12.59,12.75,12.455,12.505,4884200,12.6,0.14,89.32142857142857
2005-06-14,12.475,12.605,12.46,12.47,2978800,12.54,0.14,89.07142857142857
2005-06-15,12.495,12.555,12.42,12.42,1903000,12.48,0.14,88.71428571428571
2005-06-16,12.44,12.605,12.32,12.585,2617000,12.49,0.14,89.89285714285714
2005-06-17,12.63,12.98,12.6,12.925,4788200,12.83,0.14,92.32142857142857
2005-06-20,12.9,13.825,12.77,13.15,7161200,13.37,0.14,93.92857142857142
2005-06-21,13.25,13.62,13.25,13.325,2654200,13.41,0.14,95.17857142857142
2005-06-22,13.325,13.375,13.105,13.265,1164600,13.23,0.14,94.75
2005-06-23,13.295,13.395,13.045,13.06,1592000,13.19,0.14,93.28571428571428
2005-06-24,13.0,13.065,12.945,12.97,1593800,13.0,0.14,92.64285714285714
2005-06-27,12.925,12.93,12.655,12.73,2567200,12.78,0.14,90.92857142857142
2005-06-28,12.725,13.12,12.67,13.085,3055400,12.83,0.14,93.46428571428571
2005-06-29,13.08,13.42,13.02,13.33,2460600,13.27,0.14,95.21428571428571
2005-06-30,13.33,13.535,13.3,13.325,2109800,13.39,0.14,95.17857142857142
2005-07-01,13.325,13.43,13.2,13.375,1512400,13.35,0.14,95.53571428571428
2005-07-05,13.38,13.9,13.275,13.73,3233000,13.7,0.14,98.07142857142857
2005-07-06,13.65,13.66,13.05,13.05,4571800,13.31,0.14,93.21428571428571
2005-07-07,13.05,13.15,12.8,12.965,2887800,12.93,0.14,92.60714285714285
2005-07-08,12.875,13.3,12.875,13.23,1260400,13.16,0.18,73.5
2005-07-11,13.45,13.83,13.385,13.645,2481400,13.62,0.18,75.80555555555556
2005-07-12,13.645,13.695,13.52,13.595,1171800,13.6,0.18,75.52777777777779
2005-07-13,13.64,13.89,13.64,13.735,1647000,13.77,0.18,76.30555555555556
2005-07-14,13.75,13.935,13.6,13.615,1245800,13.74,0.18,75.6388888888889
2005-07-15,13.615,13.735,13.59,13.655,445200,13.65,0.18,75.86111111111111
2005-07-18,13.655,13.7,13.535,13.565,803800,13.57,0.18,75.36111111111111
2005-07-19,13.635,13.825,13.55,13.765,944400,13.74,0.18,76.47222222222223
2005-07-20,13.675,13.72,13.59,13.67,1093800,13.65,0.18,75.94444444444444
2005-07-21,13.67,13.8,13.575,13.63,781200,13.68,0.18,75.72222222222223
2005-07-22,13.62,13.72,13.485,13.585,711200,13.6,0.18,75.47222222222223
2005-07-25,13.5,13.635,13.205,13.255,1633000,13.42,0.18,73.6388888888889
2005-07-26,13.255,13.575,13.175,13.325,1270200,13.35,0.18,74.02777777777777
2005-07-27,13.34,13.73,13.34,13.73,1071800,13.6,0.18,76.27777777777779
2005-07-28,13.95,15.23,13.925,14.99,6469200,14.69,0.18,83.27777777777779
2005-07-29,14.955,14.96,14.58,14.61,1953200,14.68,0.18,81.16666666666667
2005-08-01,14.61,14.735,14.46,14.565,1142400,14.58,0.18,80.91666666666667
2005-08-02,14.565,14.715,14.315,14.425,4592400,14.56,0.18,80.1388888888889
2005-08-03,14.425,14.6,14.275,14.55,2212000,14.52,0.18,80.83333333333334
2005-08-04,14.45,14.63,14.38,14.575,1321000,14.56,0.18,80.97222222222221
2005-08-05,14.515,14.82,14.35,14.725,2302400,14.63,0.18,81.80555555555556
2005-08-08,14.745,14.95,14.66,14.705,1987800,14.84,0.18,81.69444444444444
2005-08-09,14.705,14.72,14.6,14.705,1046800,14.67,0.18,81.69444444444444
2005-08-10,14.705,14.975,14.685,14.83,1883600,14.87,0.18,82.38888888888889
2005-08-11,14.82,15.025,14.805,15.025,1385400,14.9,0.18,83.47222222222223
2005-08-12,14.995,15.205,14.825,15.205,2412000,15.03,0.18,84.47222222222223
2005-08-15,15.18,15.18,14.94,14.99,735600,15.0,0.18,83.27777777777779
2005-08-16,14.3,15.0,14.205,14.75,7966400,14.65,0.18,81.94444444444444
2005-08-17,14.75,14.865,14.605,14.755,4156400,14.73,0.18,81.97222222222223
2005-08-18,14.75,14.805,14.5,14.695,2771000,14.63,0.18,81.6388888888889
2005-08-19,14.7,14.7,14.465,14.505,1721800,14.53,0.18,80.58333333333334
2005-08-22,14.505,14.51,14.185,14.335,3293000,14.29,0.18,79.6388888888889
2005-08-23,16.9,17.125,15.725,16.03,20526200,16.31,0.18,89.05555555555557
2005-08-24,16.03,16.18,15.605,15.965,4286000,15.98,0.18,88.69444444444444
2005-08-25,16.03,16.095,15.765,15.875,1472800,15.87,0.18,88.19444444444444
2005-08-26,15.92,16.035,15.665,15.7,1803000,15.79,0.18,87.22222222222223
2005-08-29,15.7,16.0,15.63,15.985,1797200,15.85,0.18,88.80555555555556
2005-08-30,15.985,16.055,15.63,15.83,2022600,15.79,0.18,87.94444444444444
2005-08-31,15.83,15.95,15.68,15.93,2294000,15.81,0.18,88.5
2005-09-01,15.9,15.905,15.18,15.285,3614400,15.42,0.18,84.91666666666667
2005-09-02,15.285,15.38,15.055,15.24,1237400,15.2,0.18,84.66666666666667
2005-09-06,15.245,15.45,15.245,15.365,1233000,15.36,0.18,85.36111111111111
2005-09-07,15.5,15.575,15.375,15.5,1229400,15.49,0.18,86.11111111111111
2005-09-08,15.375,15.605,15.305,15.325,939600,15.42,0.18,85.13888888888889
2005-09-09,15.345,15.58,15.33,15.55,1170200,15.49,0.18,86.3888888888889
2005-09-12,15.55,15.69,15.5,15.65,1223600,15.59,0.18,86.94444444444444
2005-09-13,15.65,16.0,15.57,15.96,1917400,15.88,0.18,88.66666666666667
2005-09-14,15.95,15.95,15.525,15.595,1313800,15.66,0.18,86.6388888888889
2005-09-15,15.65,15.69,15.35,15.355,793400,15.46,0.18,85.30555555555556
2005-09-16,15.39,15.53,15.25,15.365,1062000,15.36,0.18,85.36111111111111
2005-09-19,15.38,15.745,15.265,15.31,1145400,15.4,0.18,85.05555555555556
2005-09-20,15.33,15.425,14.955,14.995,2317200,15.13,0.18,83.30555555555556
2005-09-21,15.775,15.775,15.4,15.675,5429800,15.61,0.18,87.08333333333334
2005-09-22,15.575,15.915,15.25,15.825,2678400,15.67,0.18,87.91666666666667
2005-09-23,15.87,15.895,15.48,15.725,1465600,15.66,0.18,87.36111111111111
2005-09-26,15.805,15.955,15.59,15.64,1517800,15.77,0.18,86.8888888888889
2005-09-27,15.63,15.79,15.49,15.575,1000800,15.59,0.18,86.52777777777777
2005-09-28,15.65,15.65,15.28,15.305,1093400,15.39,0.18,85.02777777777779
2005-09-29,15.305,15.54,15.105,15.54,1996000,15.34,0.18,86.33333333333333
2005-09-30,15.575,15.9,15.445,15.635,1767600,15.62,0.18,86.86111111111111
2005-10-03,15.635,15.82,15.365,15.58,1762400,15.54,0.18,86.55555555555556
2005-10-04,15.45,15.69,15.165,15.2,1831200,15.39,0.18,84.44444444444444
2005-10-05,15.19,15.215,14.435,14.88,2613000,14.8,0.18,82.66666666666667
2005-10-06,14.88,14.955,14.445,14.865,1912200,14.69,0.18,82.58333333333334
2005-10-07,14.8,14.8,13.885,14.36,6112000,14.37,0.18,79.77777777777777
2005-10-10,14.45,14.45,13.6,13.65,3905800,13.88,0.18,75.83333333333334
2005-10-11,13.74,13.85,13.325,13.405,2795400,13.48,0.18,74.47222222222221
2005-10-12,13.1,13.485,13.1,13.4,2710200,13.36,0.18,74.44444444444444
2005-10-13,13.475,13.8,13.355,13.66,3475000,13.54,0.18,75.88888888888889
2005-10-14,13.625,13.63,13.08,13.52,4454800,13.36,0.18,75.11111111111111
2005-10-17,13.525,13.645,13.4,13.63,2091800,13.52,0.18,75.72222222222223
2005-10-18,13.58,13.615,13.295,13.475,1809000,13.43,0.18,74.86111111111111
2005-10-19,13.41,13.575,13.05,13.575,1532800,13.32,0.18,75.41666666666667
2005-10-20,13.59,13.75,13.188,13.305,1502800,13.38,0.18,73.91666666666667
2005-10-21,13.33,13.875,13.33,13.79,3516600,13.69,0.18,76.61111111111111
2005-10-24,13.85,14.22,13.85,14.0,2217800,14.04,0.18,77.77777777777779
2005-10-25,13.915,13.975,13.75,13.9,1602200,13.84,0.18,77.22222222222223
2005-10-26,13.87,13.96,13.65,13.66,923400,13.76,0.18,75.88888888888889
2005-10-27,13.64,13.64,13.13,13.225,2352000,13.31,0.18,73.47222222222223
2005-10-28,13.225,13.38,13.005,13.255,2447800,13.2,0.18,73.6388888888889
2005-10-31,13.355,13.95,13.34,13.435,2402400,13.51,0.18,74.6388888888889
2005-11-01,13.43,13.595,13.172,13.375,2161600,13.39,0.18,74.30555555555556
2005-11-02,13.405,13.695,13.315,13.51,1473200,13.48,0.18,75.05555555555556
2005-11-03,13.525,13.73,13.475,13.575,1281800,13.59,0.18,75.41666666666667
2005-11-04,13.575,13.675,13.49,13.59,1283400,13.57,0.18,75.5
2005-11-07,13.6,13.675,13.51,13.66,1279000,13.6,0.18,75.88888888888889
2005-11-08,13.63,13.705,13.405,13.655,1226800,13.61,0.18,75.86111111111111
2005-11-09,13.645,13.655,13.29,13.625,2051000,13.47,0.18,75.69444444444444
2005-11-10,13.625,13.975,13.5,13.85,1634200,13.76,0.18,76.94444444444444
2005-11-11,13.875,14.515,13.875,14.165,1823200,14.25,0.18,78.69444444444444
2005-11-14,14.165,14.17,13.7,13.805,2765200,13.86,0.18,76.69444444444444
2005-11-15,13.875,14.24,13.725,13.925,1685000,13.96,0.18,77.36111111111111
2005-11-16,13.93,14.115,13.86,14.11,1761200,14.01,0.18,78.38888888888889
2005-11-17,14.105,14.27,13.92,14.26,2074400,14.09,0.18,79.22222222222223
2005-11-18,14.275,14.4,14.22,14.355,1317800,14.33,0.18,79.75
2005-11-21,14.355,14.785,14.2,14.67,2110600,14.58,0.18,81.5
2005-11-22,14.655,14.7,14.305,14.59,1180200,14.5,0.18,81.05555555555556
2005-11-23,14.55,14.68,14.445,14.545,1151800,14.55,0.18,80.80555555555556
2005-11-25,14.55,14.76,14.415,14.735,538200,14.63,0.18,81.86111111111111
2005-11-28,14.735,14.735,14.16,14.265,1087600,14.27,0.18,79.25
2005-11-29,14.28,14.405,13.955,14.075,1468800,14.09,0.11,127.95454545454545
2005-11-30,14.07,14.18,13.685,13.71,2426400,13.8,0.11,124.63636363636364
2005-12-01,13.75,14.045,13.605,13.655,3516800,13.69,0.11,124.13636363636363
2005-12-02,13.75,14.02,13.725,13.825,1702000,13.84,0.11,125.68181818181817
2005-12-05,13.8,13.8,13.36,13.385,3798400,13.48,0.11,121.68181818181817
2005-12-06,13.405,13.675,13.3,13.315,2926000,13.47,0.11,121.04545454545455
2005-12-07,13.32,13.495,13.205,13.405,1211000,13.36,0.11,121.86363636363636
2005-12-08,13.4,13.495,13.325,13.415,973400,13.43,0.11,121.95454545454545
2005-12-09,13.45,13.575,13.435,13.51,1189800,13.52,0.11,122.81818181818181
2005-12-12,13.575,13.69,13.225,13.295,2171400,13.36,0.11,120.86363636363636
2005-12-13,13.305,13.47,13.2,13.34,2923800,13.31,0.11,121.27272727272727
2005-12-14,13.38,13.645,13.32,13.55,1474600,13.52,0.11,123.18181818181819
2005-12-15,13.6,13.72,13.375,13.595,2005000,13.57,0.11,123.5909090909091
2005-12-16,13.775,13.805,13.62,13.695,2107400,13.67,0.11,124.5
2005-12-19,13.785,13.925,13.495,13.525,2257000,13.65,0.11,122.95454545454545
2005-12-20,13.575,13.85,13.48,13.755,3245000,13.69,0.11,125.04545454545455
2005-12-21,14.475,14.61,14.065,14.1,8386600,14.31,0.11,128.1818181818182
2005-12-22,14.01,14.23,13.93,14.155,2876800,14.1,0.11,128.6818181818182
2005-12-23,14.225,14.355,14.035,14.155,1495400,14.13,0.11,128.6818181818182
2005-12-27,14.155,14.26,13.975,13.985,1106800,14.04,0.11,127.13636363636363
2005-12-28,14.055,14.1,13.905,13.92,1275800,13.98,0.11,126.54545454545455
2005-12-29,13.9,14.14,13.9,13.965,1424200,14.01,0.11,126.95454545454545
2005-12-30,13.9,14.095,13.755,13.84,1830600,13.93,0.11,125.81818181818181
2006-01-03,14.12,14.3,13.87,14.285,3012600,14.09,0.11,129.86363636363637
2006-01-04,14.285,14.685,14.23,14.685,2708400,14.56,0.11,133.5
2006-01-05,14.645,14.655,14.355,14.45,1793400,14.46,0.11,131.36363636363635
2006-01-06,14.505,14.595,14.27,14.335,2026000,14.34,0.11,130.3181818181818
2006-01-09,14.335,14.8,14.28,14.7,2361800,14.62,0.11,133.63636363636363
2006-01-10,14.6,15.075,14.6,14.985,1665400,14.92,0.11,136.22727272727272
2006-01-11,14.985,15.0,14.65,14.755,1358800,14.8,0.11,134.13636363636365
2006-01-12,14.95,15.07,14.74,14.935,1858400,14.94,0.11,135.77272727272728
2006-01-13,14.89,15.025,14.74,14.795,1105400,14.84,0.11,134.5
2006-01-17,14.715,14.725,14.475,14.515,1855800,14.58,0.11,131.95454545454547
2006-01-18,14.425,14.6,14.28,14.535,2115200,14.41,0.11,132.13636363636363
2006-01-19,14.41,14.71,14.355,14.505,1285200,14.55,0.11,131.86363636363637
2006-01-20,14.51,14.745,14.275,14.275,1837800,14.5,0.11,129.77272727272728
2006-01-23,14.385,14.57,14.3,14.415,1102800,14.46,0.11,131.04545454545453
2006-01-24,14.475,14.56,14.285,14.5,777400,14.44,0.11,131.8181818181818
2006-01-25,14.58,14.745,14.555,14.61,1109600,14.63,0.11,132.8181818181818
2006-01-26,14.655,14.715,14.54,14.605,1032600,14.61,0.11,132.77272727272728
2006-01-27,14.675,14.98,14.58,14.735,1410000,14.82,0.11,133.95454545454544
2006-01-30,14.875,15.145,14.865,15.065,1907000,15.02,0.11,136.95454545454544
2006-01-31,15.095,15.14,14.875,14.945,1210800,14.98,0.11,135.86363636363637
2006-02-01,14.875,15.48,14.825,15.415,1900600,15.29,0.11,140.13636363636363
2006-02-02,15.365,15.41,15.175,15.195,2186600,15.28,0.11,138.13636363636363
2006-02-03,15.125,15.225,14.945,15.08,1105800,15.07,0.11,137.0909090909091
2006-02-06,15.05,15.095,14.68,14.8,2008600,14.81,0.11,134.54545454545456
2006-02-07,14.8,15.025,14.725,14.82,1134800,14.88,0.11,134.72727272727272
2006-02-08,14.84,14.85,14.675,14.75,1553400,14.78,0.11,134.0909090909091
2006-02-09,14.79,14.84,14.6,14.67,1639200,14.7,0.11,133.36363636363637
2006-02-10,14.68,14.74,14.595,14.665,1184800,14.67,0.11,133.3181818181818
2006-02-13,14.665,14.715,14.635,14.675,670200,14.68,0.11,133.4090909090909
2006-02-14,14.675,14.825,14.465,14.74,1416200,14.7,0.11,134.0
2006-02-15,14.74,15.035,14.645,14.9,3283400,14.9,0.11,135.45454545454547
2006-02-16,14.9,15.35,14.855,15.33,1986200,15.12,0.11,139.36363636363637
2006-02-17,15.33,15.72,15.18,15.635,2340600,15.49,0.11,142.13636363636363
2006-02-21,15.7,15.77,15.425,15.605,5081200,15.49,0.11,141.86363636363637
2006-02-22,15.605,15.78,15.465,15.765,773400,15.7,0.11,143.3181818181818
2006-02-23,15.7,15.925,15.7,15.865,1336200,15.86,0.11,144.22727272727272
2006-02-24,15.75,15.75,15.4,15.715,1154600,15.58,0.11,142.86363636363637
2006-02-27,15.715,15.865,15.64,15.82,755400,15.78,0.11,143.8181818181818
2006-02-28,15.785,15.87,15.64,15.71,1331600,15.75,0.11,142.8181818181818
2006-03-01,15.75,15.82,15.67,15.765,668400,15.77,0.11,143.3181818181818
2006-03-02,15.765,15.765,15.505,15.7,1047000,15.63,0.11,142.72727272727272
2006-03-03,15.6,15.775,15.545,15.65,905400,15.65,0.11,142.27272727272728
2006-03-06,15.66,15.6605,15.48,15.625,590200,15.59,0.11,142.04545454545453
2006-03-07,15.55,15.59,15.385,15.385,673000,15.46,0.11,139.86363636363637
2006-03-08,15.385,15.475,15.1405,15.395,926800,15.31,0.11,139.95454545454544
2006-03-09,15.385,15.41,15.155,15.265,620800,15.27,0.11,138.77272727272728
2006-03-10,15.27,15.625,15.14,15.56,987800,15.52,0.11,141.45454545454547
2006-03-13,16.75,17.77,16.575,17.68,8547600,17.21,0.11,160.72727272727272
2006-03-14,17.325,18.13,17.305,18.025,5482600,17.73,0.11,163.86363636363635
2006-03-15,18.0,18.2,17.65,17.715,3114000,17.77,0.11,161.04545454545453
2006-03-16,17.76,17.79,17.19,17.305,3360400,17.39,0.11,157.3181818181818
2006-03-17,17.175,17.6,17.08,17.39,2267800,17.34,0.11,158.0909090909091
2006-03-20,17.425,17.56,17.2,17.32,1195600,17.32,0.11,157.45454545454547
2006-03-21,17.275,17.455,17.115,17.17,944000,17.27,0.11,156.0909090909091
2006-03-22,17.185,17.54,17.145,17.455,1732400,17.38,0.11,158.68181818181816
2006-03-23,17.455,17.65,17.215,17.57,1902200,17.54,0.11,159.72727272727272
2006-03-24,17.57,17.685,17.505,17.64,1260400,17.61,0.11,160.36363636363637
2006-03-27,17.66,17.7,17.3801,17.64,956600,17.59,0.11,160.36363636363637
2006-03-28,17.65,17.765,17.54,17.64,855400,17.66,0.11,160.36363636363637
2006-03-29,17.625,17.965,17.525,17.87,1090000,17.83,0.11,162.45454545454547
2006-03-30,17.5,17.8,16.725,16.75,5237000,17.11,0.11,152.27272727272728
2006-03-31,16.775,17.075,16.2555,16.34,5737400,16.47,0.11,148.54545454545453
2006-04-03,16.335,16.35,15.905,15.98,4749600,16.13,0.11,145.27272727272728
2006-04-04,16.0,16.4,16.0,16.295,1818800,16.25,0.11,148.13636363636365
2006-04-05,16.345,16.55,16.225,16.48,1344200,16.44,0.11,149.8181818181818
2006-04-06,16.485,16.715,16.455,16.635,1764800,16.58,0.11,151.22727272727275
2006-04-07,16.685,16.795,16.56,16.65,2339800,16.64,0.11,151.36363636363635
2006-04-10,16.65,16.7,16.52,16.6,1724000,16.62,0.11,150.90909090909093
2006-04-11,16.5,16.58,16.355,16.445,1700400,16.45,0.11,149.5
2006-04-12,16.45,16.67,16.375,16.585,1194400,16.54,0.11,150.77272727272728
2006-04-13,16.585,16.995,16.565,16.735,1751000,16.82,0.11,152.13636363636363
2006-04-17,16.745,16.75,16.31,16.615,1913400,16.52,0.11,151.04545454545453
2006-04-18,16.985,17.5,16.925,17.385,2257200,17.31,0.11,158.04545454545456
2006-04-19,17.325,17.35,17.08,17.32,1407400,17.25,0.11,157.45454545454547
2006-04-20,17.22,17.475,17.21,17.4,769600,17.36,0.11,158.18181818181816
2006-04-21,17.35,17.75,17.255,17.725,1931400,17.58,0.11,161.13636363636365
2006-04-24,17.65,17.68,17.52,17.66,1864200,17.58,0.11,160.54545454545453
2006-04-25,17.65,17.74,17.425,17.7,1211400,17.58,0.11,160.9090909090909
2006-04-26,17.75,18.07,17.73,17.77,1236600,17.86,0.11,161.54545454545453
2006-04-27,17.675,17.995,17.584,17.745,956400,17.81,0.11,161.3181818181818
2006-04-28,17.65,17.85,17.555,17.655,1324000,17.65,0.11,160.5
2006-05-01,17.625,17.7,17.0,17.2,2975600,17.2,0.11,156.36363636363635
2006-05-02,17.205,17.28,16.915,17.145,1701000,17.07,0.11,155.86363636363635
2006-05-03,17.04,17.045,16.725,16.825,1812600,16.84,0.11,152.95454545454544
2006-05-04,16.825,17.015,16.725,16.97,1009400,16.9,0.11,154.27272727272725
2006-05-05,16.975,17.075,16.875,16.995,778200,16.96,0.11,154.5
2006-05-08,16.925,17.12,16.89,16.995,895200,17.02,0.11,154.5
2006-05-09,16.95,17.07,16.925,16.98,616000,17.01,0.11,154.36363636363637
2006-05-10,16.95,17.095,16.795,17.0,1494000,16.94,0.11,154.54545454545453
2006-05-11,16.95,16.975,16.58,16.645,1764200,16.75,0.11,151.3181818181818
2006-05-12,16.575,16.655,16.25,16.33,1451400,16.41,0.19,85.94736842105262
2006-05-15,16.655,16.655,16.2,16.265,1296400,16.27,0.19,85.60526315789474
2006-05-16,16.265,16.355,16.205,16.345,938200,16.27,0.19,86.02631578947367
2006-05-17,16.275,16.62,16.225,16.285,2717800,16.33,0.19,85.71052631578948
2006-05-18,16.28,16.405,16.235,16.245,1459800,16.35,0.19,85.5
2006-05-19,16.325,16.575,16.26,16.545,1326200,16.45,0.19,87.07894736842105
2006-05-22,16.45,16.45,16.115,16.34,1768400,16.3,0.19,86.0
2006-05-23,16.325,16.45,16.2,16.2,868600,16.34,0.19,85.26315789473684
2006-05-24,16.185,16.185,15.77,15.81,2585200,15.95,0.19,83.21052631578948
2006-05-25,15.925,15.975,15.785,15.88,1729400,15.87,0.19,83.57894736842105
2006-05-26,15.89,15.955,15.665,15.78,2134000,15.79,0.19,83.05263157894737
2006-05-30,16.225,16.4,15.89,15.96,2420800,16.08,0.19,84.0
2006-05-31,15.955,16.045,15.785,15.905,1851800,15.95,0.19,83.71052631578947
2006-06-01,15.93,16.01,15.795,15.845,2774200,15.9,0.19,83.39473684210526
2006-06-02,15.86,15.97,15.805,15.905,1304600,15.88,0.19,83.71052631578947
2006-06-05,15.82,15.875,15.515,15.535,1371600,15.67,0.19,81.76315789473684
2006-06-06,15.535,15.595,15.37,15.475,1666400,15.46,0.19,81.44736842105263
2006-06-07,15.445,15.655,15.38,15.4,1822000,15.55,0.19,81.05263157894737
2006-06-08,15.325,15.395,15.0,15.305,4102000,15.17,0.19,80.55263157894737
2006-06-09,15.3,15.445,15.15,15.305,1676200,15.35,0.19,80.55263157894737
2006-06-12,15.275,15.275,14.895,14.94,1412000,15.04,0.19,78.63157894736841
2006-06-13,14.9,15.105,14.85,14.915,1508600,14.97,0.19,78.5
2006-06-14,14.88,15.25,14.855,15.23,1387600,15.06,0.19,80.15789473684211
2006-06-15,15.215,15.68,15.175,15.62,1312000,15.53,0.19,82.21052631578947
2006-06-16,15.75,15.875,15.535,15.75,2028600,15.68,0.19,82.89473684210526
2006-06-19,17.35,17.625,16.755,16.945,10453400,17.04,0.19,89.1842105263158
2006-06-20,16.945,17.195,16.92,17.08,2810200,17.06,0.19,89.89473684210526
2006-06-21,17.085,17.585,17.08,17.345,2866600,17.44,0.19,91.28947368421052
2006-06-22,17.35,17.41,17.095,17.375,2113600,17.22,0.19,91.44736842105263
2006-06-23,17.37,17.67,17.25,17.615,1868400,17.54,0.19,92.71052631578947
2006-06-26,17.61,18.02,17.6,17.88,1981400,17.85,0.19,94.10526315789473
2006-06-27,17.825,17.935,17.405,17.6,1589200,17.59,0.19,92.63157894736842
2006-06-28,17.6,17.69,17.461,17.605,707600,17.56,0.19,92.65789473684211
2006-06-29,17.73,17.985,17.575,17.985,1780400,17.85,0.19,94.6578947368421
2006-06-30,17.985,18.045,17.6,17.73,1881400,17.76,0.19,93.3157894736842
2006-07-03,17.745,17.855,17.7,17.835,656400,17.8,0.19,93.86842105263159
2006-07-05,17.8,17.8,17.67,17.675,1373000,17.73,0.19,93.02631578947368
2006-07-06,17.675,17.73,17.475,17.485,1247200,17.57,0.19,92.02631578947368
2006-07-07,17.47,17.5,17.195,17.325,1077400,17.36,0.19,91.18421052631578
2006-07-10,17.33,17.5,17.285,17.35,1002400,17.38,0.27,64.25925925925927
2006-07-11,17.345,17.35,16.735,16.99,1602400,16.92,0.27,62.92592592592592
2006-07-12,16.92,16.985,16.69,16.84,1138200,16.8,0.27,62.37037037037037
2006-07-13,16.775,16.96,16.635,16.755,1609400,16.8,0.27,62.05555555555555
2006-07-14,16.75,16.77,16.14,16.245,1954800,16.37,0.27,60.166666666666664
2006-07-17,16.245,16.71,16.245,16.65,2583400,16.52,0.27,61.66666666666666
2006-07-18,16.7,16.765,16.4,16.645,1470000,16.56,0.27,61.648148148148145
2006-07-19,16.65,17.035,16.645,16.94,2075000,16.89,0.27,62.74074074074074
2006-07-20,16.935,17.0,16.755,16.89,1515000,16.88,0.27,62.55555555555555
2006-07-21,16.84,16.845,16.505,16.505,3640400,16.58,0.27,61.12962962962962
2006-07-24,16.645,17.085,16.615,17.04,839800,16.9,0.27,63.11111111111111
2006-07-25,16.975,17.41,16.775,17.385,1422400,17.25,0.27,64.38888888888889
2006-07-26,17.29,17.365,17.1,17.195,915600,17.23,0.27,63.68518518518518
2006-07-27,17.185,17.2,16.815,16.915,1053800,16.99,0.27,62.64814814814814
2006-07-28,16.925,17.18,16.875,17.16,1324400,17.04,0.27,63.55555555555555
2006-07-31,17.16,17.495,17.02,17.4,1714400,17.36,0.27,64.44444444444443
2006-08-01,17.375,17.39,17.1,17.2,1726800,17.22,0.27,63.703703703703695
2006-08-02,17.29,17.45,17.26,17.425,2433000,17.36,0.27,64.53703703703704
2006-08-03,17.405,17.87,17.365,17.84,1825800,17.7,0.27,66.07407407407408
2006-08-04,17.965,18.105,17.605,17.72,4016400,17.93,0.27,65.62962962962962
2006-08-07,17.55,17.55,17.4,17.49,2451600,17.49,0.27,64.77777777777777
2006-08-08,17.49,17.65,17.395,17.49,2351000,17.5,0.27,64.77777777777777
2006-08-09,17.495,17.545,17.35,17.43,1673800,17.44,0.27,64.55555555555556
2006-08-10,17.4,17.625,17.3,17.56,1378400,17.45,0.27,65.03703703703702
2006-08-11,17.51,17.61,17.455,17.48,1560400,17.5,0.27,64.74074074074073
2006-08-14,17.515,17.77,17.425,17.46,1325200,17.59,0.27,64.66666666666667
2006-08-15,17.675,17.82,17.58,17.815,1746000,17.66,0.27,65.98148148148148
2006-08-16,17.865,18.435,17.865,18.305,1385800,18.2,0.27,67.79629629629629
2006-08-17,18.3,18.605,18.26,18.6,1312000,18.52,0.27,68.88888888888889
2006-08-18,18.585,18.6,18.325,18.555,819200,18.51,0.27,68.72222222222221
2006-08-21,18.43,18.52,18.105,18.155,1502000,18.25,0.27,67.24074074074075
2006-08-22,18.1,18.295,18.035,18.255,937800,18.18,0.27,67.6111111111111
2006-08-23,18.315,18.35,18.05,18.17,808600,18.15,0.27,67.2962962962963
2006-08-24,18.2,18.2,17.82,17.945,1065400,17.93,0.27,66.46296296296296
2006-08-25,17.875,17.915,17.74,17.795,1203000,17.81,0.27,65.9074074074074
2006-08-28,17.76,17.975,17.76,17.88,1228200,17.93,0.27,66.22222222222221
2006-08-29,17.885,18.0,17.75,17.855,1255600,17.84,0.27,66.12962962962963
2006-08-30,17.88,18.235,17.725,18.215,2448000,17.89,0.27,67.46296296296296
2006-08-31,18.24,18.95,18.24,18.845,2053600,18.67,0.26,72.48076923076923
2006-09-01,18.825,18.845,18.59,18.775,820400,18.73,0.26,72.21153846153845
2006-09-05,18.73,18.995,18.69,18.96,1456600,18.83,0.26,72.92307692307692
2006-09-06,18.935,19.0,18.73,18.98,1972400,18.93,0.26,73.0
2006-09-07,18.98,19.19,18.76,19.135,1647400,19.01,0.26,73.59615384615385
2006-09-08,19.185,19.725,19.15,19.575,2759000,19.53,0.26,75.28846153846153
2006-09-11,19.5,19.72,19.23,19.51,1885600,19.51,0.26,75.03846153846155
2006-09-12,19.595,20.345,19.55,20.225,3698800,20.03,0.26,77.78846153846155
2006-09-13,20.195,20.775,20.18,20.655,3424000,20.54,0.26,79.4423076923077
2006-09-14,20.55,20.555,19.891,20.08,2792600,20.06,0.26,77.23076923076923
2006-09-15,20.18,20.42,20.01,20.26,3164800,20.22,0.26,77.92307692307692
2006-09-18,20.24,20.275,20.055,20.145,1926000,20.18,0.26,77.48076923076923
2006-09-19,20.35,20.355,19.875,20.07,2389400,20.07,0.26,77.1923076923077
2006-09-20,21.45,22.1,21.4488,21.65,9899600,21.77,0.26,83.26923076923076
2006-09-21,21.4,21.54,20.55,20.695,5974000,20.91,0.26,79.59615384615384
2006-09-22,20.7,21.005,20.65,20.92,2132600,20.86,0.26,80.46153846153847
2006-09-25,21.0,21.05,20.75,21.02,2137200,20.96,0.26,80.84615384615384
2006-09-26,21.065,21.155,20.905,21.075,2618800,21.05,0.26,81.0576923076923
2006-09-27,21.075,21.1,20.95,21.05,2224000,21.04,0.26,80.96153846153847
2006-09-28,21.125,21.25,20.8,21.055,1692800,21.01,0.26,80.98076923076923
2006-09-29,21.175,21.305,20.77,20.855,1271200,20.99,0.26,80.21153846153847
2006-10-02,20.925,20.93,20.45,20.59,2608800,20.64,0.26,79.1923076923077
2006-10-03,20.59,20.975,20.45,20.825,2309600,20.72,0.26,80.09615384615384
2006-10-04,20.825,21.22,20.652,21.075,1475200,20.97,0.26,81.0576923076923
2006-10-05,21.005,21.585,20.96,21.495,1875000,21.37,0.26,82.67307692307692
2006-10-06,21.345,21.492,21.07,21.27,1299400,21.27,0.26,81.8076923076923
2006-10-09,21.21,21.425,21.075,21.33,1431800,21.28,0.26,82.03846153846153
2006-10-10,21.35,21.675,21.32,21.445,2217000,21.41,0.26,82.48076923076923
2006-10-11,21.35,21.745,21.31,21.695,1879400,21.52,0.26,83.4423076923077
2006-10-12,21.7,22.175,21.7,22.14,1456800,22.01,0.26,85.15384615384615
2006-10-13,22.11,22.175,21.975,22.105,1237600,22.07,0.26,85.01923076923077
2006-10-16,22.09,22.18,21.95,21.955,1295800,22.05,0.26,84.44230769230768
2006-10-17,21.95,21.98,21.555,21.895,1733800,21.82,0.26,84.21153846153845
2006-10-18,21.895,22.09,21.765,21.89,1025000,21.9,0.26,84.1923076923077
2006-10-19,21.93,22.165,21.82,22.145,1095800,22.07,0.26,85.17307692307692
2006-10-20,22.14,22.175,21.915,22.01,1295400,22.02,0.26,84.65384615384616
2006-10-23,21.95,22.265,21.935,22.125,2471600,22.14,0.26,85.09615384615384
2006-10-24,22.025,22.215,22.005,22.205,2629000,22.11,0.26,85.40384615384615
2006-10-25,22.245,22.25,21.89,22.095,1686400,22.04,0.26,84.98076923076923
2006-10-26,22.145,22.475,22.0,22.315,2181000,22.29,0.26,85.82692307692308
2006-10-27,22.295,22.395,22.09,22.125,1434600,22.28,0.26,85.09615384615384
2006-10-30,22.07,22.44,22.0401,22.35,1814800,22.28,0.26,85.96153846153847
2006-10-31,22.385,22.4,22.015,22.15,1197400,22.19,0.26,85.19230769230768
2006-11-01,22.2,22.235,21.315,21.4,1610000,21.68,0.26,82.30769230769229
2006-11-02,21.275,21.795,21.195,21.69,1381600,21.59,0.26,83.42307692307692
2006-11-03,21.695,21.82,21.5,21.665,735600,21.6,0.26,83.32692307692307
2006-11-06,21.695,22.405,21.675,22.37,2366200,22.1,0.26,86.03846153846153
2006-11-07,22.41,22.48,21.8905,21.895,1974200,22.18,0.26,84.21153846153845
2006-11-08,21.92,23.25,21.9,23.14,3348400,22.83,0.26,89.0
2006-11-09,23.225,23.5,23.17,23.425,2237200,23.41,0.26,90.09615384615384
2006-11-10,23.365,23.645,23.2352,23.53,1571800,23.45,0.26,90.5
2006-11-13,23.375,23.675,23.315,23.515,2150200,23.49,0.26,90.4423076923077
2006-11-14,23.48,23.73,23.25,23.645,2731600,23.51,0.26,90.9423076923077
2006-11-15,23.645,23.84,23.565,23.735,1825200,23.72,0.26,91.28846153846153
2006-11-16,23.735,23.99,23.51,23.7,1733800,23.63,0.26,91.15384615384615
2006-11-17,23.65,23.65,23.235,23.375,1474000,23.35,0.26,89.90384615384615
2006-11-20,23.425,23.495,22.925,23.035,2749600,23.05,0.26,88.59615384615384
2006-11-21,23.11,23.405,23.02,23.06,1746800,23.1,0.26,88.69230769230768
2006-11-22,23.115,23.265,23.005,23.175,1282200,23.13,0.26,89.13461538461539
2006-11-24,22.975,23.215,22.825,23.035,433800,23.03,0.26,88.59615384615384
2006-11-27,22.9,22.975,22.415,22.49,2476800,22.71,0.26,86.49999999999999
2006-11-28,22.385,22.72,22.3051,22.68,2400000,22.59,0.26,87.23076923076923
2006-11-29,22.7,23.16,22.7,23.16,1208600,22.93,0.26,89.07692307692308
2006-11-30,23.13,23.225,22.72,23.07,1274800,22.95,0.26,88.73076923076923
2006-12-01,23.12,23.415,23.1,23.38,1818600,23.25,0.26,89.92307692307692
2006-12-04,23.3,23.745,23.295,23.745,2393000,23.58,0.26,91.32692307692308
2006-12-05,23.75,24.6,23.745,24.495,3520800,24.34,0.26,94.21153846153847
2006-12-06,24.5,24.725,24.425,24.525,1888000,24.61,0.26,94.32692307692307
2006-12-07,24.55,24.6,24.2,24.2,869400,24.41,0.26,93.07692307692307
2006-12-08,24.155,24.67,24.09,24.515,843800,24.49,0.26,94.28846153846153
2006-12-11,24.535,24.78,24.475,24.7,965800,24.64,0.26,95.0
2006-12-12,24.705,24.8,24.165,24.325,1008200,24.4,0.26,93.5576923076923
2006-12-13,24.625,24.74,24.405,24.45,2083200,24.49,0.26,94.03846153846153
2006-12-14,24.54,24.8,24.475,24.515,1037200,24.62,0.26,94.28846153846153
2006-12-15,24.52,24.865,24.2001,24.45,1303200,24.61,0.26,94.03846153846153
2006-12-18,24.465,24.7,24.185,24.25,1032600,24.41,0.26,93.26923076923076
2006-12-19,24.12,24.355,23.735,24.315,2094600,24.03,0.26,93.51923076923077
2006-12-20,27.125,27.6,26.275,26.385,11131200,26.85,0.26,101.48076923076923
2006-12-21,26.825,26.925,26.52,26.825,3157800,26.77,0.26,103.17307692307692
2006-12-22,26.825,26.905,26.5,26.735,2381800,26.73,0.26,102.82692307692307
2006-12-26,26.695,27.22,26.605,27.065,1397200,26.94,0.26,104.09615384615385
2006-12-27,27.115,27.52,27.005,27.22,1833400,27.24,0.26,104.69230769230768
2006-12-28,27.15,27.325,26.965,27.045,1481600,27.16,0.26,104.01923076923077
2006-12-29,26.965,27.2,26.62,26.815,1047600,26.89,0.26,103.13461538461539
2007-01-03,26.82,27.645,26.185,27.645,5612000,26.84,0.26,106.32692307692307
2007-01-04,27.3,27.84,27.08,27.7,2081800,27.58,0.26,106.53846153846153
2007-01-05,27.575,28.395,27.475,28.095,3042000,27.98,0.26,108.0576923076923
2007-01-08,27.9,28.18,27.485,27.7,2630800,27.82,0.21,131.9047619047619
2007-01-09,27.705,27.92,27.45,27.82,1602200,27.67,0.21,132.47619047619048
2007-01-10,27.845,27.98,27.02,27.895,1565000,27.72,0.21,132.83333333333334
2007-01-11,27.99,28.565,27.98,28.41,1637800,28.35,0.21,135.28571428571428
2007-01-12,28.5,28.585,28.225,28.465,1290800,28.44,0.21,135.54761904761907
2007-01-16,28.575,29.135,28.575,28.725,1659600,28.83,0.21,136.7857142857143
2007-01-17,28.675,28.825,28.63,28.66,1041000,28.7,0.21,136.47619047619048
2007-01-18,28.725,28.775,28.46,28.55,1368600,28.61,0.21,135.95238095238096
2007-01-19,28.485,28.8,28.41,28.775,952200,28.69,0.21,137.02380952380952
2007-01-22,28.725,28.895,28.105,28.445,1252400,28.43,0.21,135.45238095238096
2007-01-23,28.45,29.185,28.32,28.99,1297200,28.88,0.21,138.04761904761904
2007-01-24,29.0,29.265,28.95,29.245,1062600,29.12,0.21,139.26190476190476
2007-01-25,29.245,29.265,28.46,28.555,1075600,28.78,0.21,135.97619047619048
2007-01-26,28.58,28.705,28.115,28.545,1047400,28.4,0.21,135.92857142857144
2007-01-29,28.535,29.445,28.5,29.175,1819200,29.16,0.21,138.92857142857144
2007-01-30,29.245,29.445,28.675,28.825,2156200,28.92,0.21,137.26190476190476
2007-01-31,28.71,28.985,28.455,28.715,1743600,28.69,0.21,136.73809523809524
2007-02-01,28.745,29.085,28.725,28.995,1340400,28.97,0.21,138.07142857142858
2007-02-02,29.035,29.06,28.55,28.775,1711200,28.77,0.21,137.02380952380952
2007-02-05,29.3,29.3,28.5,28.575,2149800,28.68,0.21,136.07142857142858
2007-02-06,28.68,28.89,28.38,28.745,1537800,28.67,0.21,136.88095238095238
2007-02-07,28.75,28.755,27.905,28.09,2576000,28.2,0.21,133.76190476190476
2007-02-08,28.09,28.165,27.795,27.975,2148600,27.99,0.21,133.21428571428572
2007-02-09,27.91,28.09,27.405,27.425,1714200,27.7,0.21,130.5952380952381
2007-02-12,27.425,27.7,27.25,27.295,2171008,27.39,0.21,129.97619047619048
2007-02-13,27.295,27.645,27.295,27.56,1918088,27.5,0.21,131.23809523809524
2007-02-14,27.72,28.345,27.66,28.305,2632084,28.12,0.21,134.78571428571428
2007-02-15,28.37,28.4285,28.075,28.215,1220200,28.27,0.21,134.35714285714286
2007-02-16,28.23,28.34,28.0,28.12,642600,28.14,0.21,133.90476190476193
2007-02-20,28.105,28.2,27.795,27.935,1330400,27.95,0.21,133.02380952380952
2007-02-21,27.76,27.995,27.55,27.78,1507000,27.77,0.21,132.2857142857143
2007-02-22,27.865,28.03,27.75,28.0,1418800,27.89,0.21,133.33333333333334
2007-02-23,28.25,28.67,28.185,28.375,2025600,28.35,0.21,135.11904761904762
2007-02-26,28.475,28.5,27.85,27.965,2668850,28.06,0.21,133.16666666666666
2007-02-27,27.6,27.775,26.11,26.595,3951400,26.92,0.21,126.64285714285714
2007-02-28,27.07,27.12,26.02,26.35,4067400,26.39,0.21,125.47619047619048
2007-03-01,26.09,26.2,25.125,25.85,2944766,25.74,0.21,123.0952380952381
2007-03-02,25.85,25.855,24.91,25.0,3888800,25.33,0.21,119.04761904761905
2007-03-05,24.7,24.83,24.245,24.245,3400000,24.52,0.21,115.45238095238096
2007-03-06,25.175,25.795,24.955,25.645,4347800,25.32,0.21,122.11904761904762
2007-03-07,25.57,26.635,25.375,26.24,3326000,26.05,0.21,124.95238095238095
2007-03-08,26.53,26.9,26.53,26.725,3174000,26.71,0.21,127.26190476190477
2007-03-09,26.75,26.75,26.45,26.475,1929600,26.52,0.21,126.07142857142858
2007-03-12,26.48,26.48,25.775,26.08,2596200,26.11,0.21,124.19047619047619
2007-03-13,25.98,25.98,25.225,25.41,4039000,25.5,0.21,121.0
2007-03-14,25.45,25.58,24.0,24.625,7410600,24.57,0.21,117.26190476190476
2007-03-15,24.535,25.265,24.535,25.19,3514400,25.08,0.21,119.95238095238096
2007-03-16,25.225,25.545,25.12,25.5,2973600,25.28,0.21,121.42857142857143
2007-03-19,25.7,27.16,25.625,27.035,5122600,26.81,0.21,128.73809523809524
2007-03-20,27.03,27.03,26.715,26.95,2501800,26.89,0.21,128.33333333333334
2007-03-21,27.035,27.425,26.5716,27.28,1932946,27.0,0.21,129.90476190476193
2007-03-22,27.3,27.39,26.705,26.975,1672400,26.98,0.21,128.45238095238096
2007-03-23,26.94,27.0,26.67,26.745,1977800,26.79,0.21,127.35714285714286
2007-03-26,26.78,27.15,26.51,26.875,3459080,26.75,0.21,127.97619047619048
2007-03-27,27.21,27.5,26.8,27.39,4610025,27.23,0.21,130.42857142857144
2007-03-28,27.43,27.54,26.78,27.07,3130743,27.08,0.21,128.9047619047619
2007-03-29,25.55,27.75,24.62,24.71,10043100,25.47,0.21,117.66666666666667
2007-03-30,24.8,24.98,23.77,24.54,5748600,24.34,0.21,116.85714285714286
2007-04-02,24.15,25.0,24.15,24.95,3758600,24.69,0.21,118.80952380952381
2007-04-03,24.96,25.28,24.81,25.0,2657700,24.99,0.21,119.04761904761905
2007-04-04,25.0,25.25,24.88,25.12,2865100,25.1,0.21,119.61904761904763
2007-04-05,25.07,25.07,24.9,24.94,1694400,24.98,0.21,118.76190476190477
2007-04-09,24.89,25.14,24.75,24.93,2243627,25.0,0.21,118.71428571428572
2007-04-10,24.91,24.98,24.88,24.94,1909300,24.94,0.21,118.76190476190477
2007-04-11,24.94,25.0,24.7,24.75,2306200,24.86,0.21,117.85714285714286
2007-04-12,24.66,24.86,24.16,24.57,2208200,24.48,0.21,117.0
2007-04-13,24.45,24.55,24.27,24.43,1411900,24.41,0.21,116.33333333333334
2007-04-16,24.6,24.71,24.35,24.67,1478294,24.54,0.21,117.47619047619048
2007-04-17,24.67,25.07,24.61,24.91,1766100,24.9,0.21,118.61904761904762
2007-04-18,24.86,25.16,24.6,25.02,2595260,24.94,0.21,119.14285714285714
2007-04-19,24.87,24.95,24.28,24.78,1902100,24.75,0.21,118.00000000000001
2007-04-20,24.97,25.18,24.86,25.11,1803260,24.99,0.21,119.57142857142857
2007-04-23,25.11,25.48,25.0,25.32,2008500,25.33,0.21,120.57142857142858
2007-04-24,25.33,25.35,24.63,25.1,2489400,24.93,0.21,119.52380952380953
2007-04-25,25.16,25.92,25.13,25.79,2948800,25.58,0.21,122.80952380952381
2007-04-26,25.85,25.89,25.55,25.8,1814900,25.76,0.21,122.85714285714286
2007-04-27,25.67,25.98,25.32,25.34,1672300,25.53,0.2,126.69999999999999
2007-04-30,25.34,25.34,24.84,24.92,1928013,25.08,0.2,124.60000000000001
2007-05-01,24.84,24.97,24.35,24.55,3466206,24.5,0.2,122.75
2007-05-02,24.52,25.15,24.29,25.06,2266400,24.94,0.2,125.29999999999998
2007-05-03,25.01,25.17,24.7,24.82,1415900,24.85,0.2,124.1
2007-05-04,24.82,24.99,24.66,24.87,1003800,24.82,0.2,124.35
2007-05-07,24.87,25.75,24.87,25.65,2301800,25.5,0.2,128.24999999999997
2007-05-08,25.52,25.6,24.98,25.21,1217500,25.15,0.2,126.05
2007-05-09,25.18,25.56,25.1,25.5,732200,25.39,0.2,127.5
2007-05-10,25.28,25.5,24.95,24.98,1302410,25.09,0.2,124.89999999999999
2007-05-11,24.97,25.25,24.8,25.09,673100,25.07,0.2,125.44999999999999
2007-05-14,25.1,25.1599,24.72,24.77,1251400,24.85,0.2,123.85
2007-05-15,24.74,25.01,24.4,24.6,1947205,24.73,0.2,123.0
2007-05-16,24.65,24.88,24.19,24.52,1561100,24.41,0.2,122.6
2007-05-17,24.52,24.76,24.28,24.65,1047000,24.57,0.2,123.24999999999999
2007-05-18,24.65,24.65,24.22,24.61,1763500,24.45,0.2,123.05
2007-05-21,24.55,24.69,23.1,23.59,5830921,23.69,0.2,117.94999999999999
2007-05-22,23.55,23.7,23.35,23.47,2745600,23.57,0.2,117.35
2007-05-23,23.53,24.12,23.47,23.56,2911100,23.85,0.2,117.79999999999998
2007-05-24,23.44,23.44,22.63,22.8,6701350,22.84,0.2,114.0
2007-05-25,22.95,23.0,22.72,22.89,2082815,22.91,0.2,114.45
2007-05-29,23.0,23.28,22.83,23.01,1728998,23.04,0.2,115.05
2007-05-30,22.91,23.7,22.83,23.65,2338934,23.31,0.2,118.24999999999999
2007-05-31,23.68,24.17,23.68,24.0,2805274,23.98,0.2,120.0
2007-06-01,24.04,24.64,23.919,24.24,2592810,24.18,0.2,121.19999999999999
2007-06-04,24.13,24.14,23.68,23.95,2698300,23.88,0.2,119.74999999999999
2007-06-05,23.93,24.0,23.59,23.88,1503854,23.81,0.2,119.39999999999999
2007-06-06,23.83,23.83,23.3,23.44,1881800,23.51,0.2,117.2
2007-06-07,22.61,23.46,22.61,23.11,2375300,23.17,0.2,115.55
2007-06-08,23.16,23.76,23.15,23.76,1510700,23.48,0.2,118.8
2007-06-11,23.8,24.05,23.57,23.68,1079560,23.73,0.2,118.39999999999999
2007-06-12,23.55,23.55,23.04,23.05,1572000,23.27,0.2,115.25
2007-06-13,23.09,23.45,23.05,23.36,1146800,23.24,0.2,116.8
2007-06-14,23.34,23.35,22.99,23.18,1757200,23.11,0.2,115.89999999999999
2007-06-15,23.4,23.71,23.21,23.27,1701300,23.43,0.2,116.35
2007-06-18,23.37,23.59,23.11,23.13,2197700,23.31,0.2,115.64999999999999
2007-06-19,23.1,23.23,22.76,23.19,3207300,22.98,0.2,115.95
2007-06-20,25.1,26.0,25.01,25.61,6945900,25.58,0.2,128.04999999999998
2007-06-21,25.62,26.57,25.53,26.46,3640400,26.19,0.2,132.29999999999998
2007-06-22,26.29,26.39,25.6,25.97,2893800,25.95,0.2,129.85
2007-06-25,25.76,26.23,25.43,25.55,2519300,25.79,0.2,127.75
2007-06-26,25.59,25.8,25.18,25.25,1990550,25.44,0.2,126.25
2007-06-27,25.2,25.75,25.07,25.63,1491119,25.52,0.2,128.14999999999998
2007-06-28,25.64,26.08,25.6,25.74,1359700,25.9,0.2,128.7
2007-06-29,25.8,26.12,25.37,25.5,1826600,25.67,0.2,127.5
2007-07-02,25.57,25.7,25.33,25.65,1414300,25.5,0.2,128.24999999999997
2007-07-03,25.93,26.34,25.93,26.3,1478900,26.19,0.2,131.5
2007-07-05,26.4,27.2,26.33,26.79,3118700,26.85,0.2,133.95
2007-07-06,26.6,27.42,26.58,27.4,2147000,27.16,0.3,91.33333333333333
2007-07-09,27.35,27.4,26.6,26.81,1776298,26.88,0.3,89.36666666666666
2007-07-10,26.75,26.85,25.93,25.98,1579800,26.25,0.3,86.60000000000001
2007-07-11,26.0,26.0,25.43,25.84,1645800,25.72,0.3,86.13333333333334
2007-07-12,26.08,26.55,25.74,25.91,1792400,25.96,0.3,86.36666666666667
2007-07-13,25.68,26.26,25.68,26.05,1270900,25.96,0.3,86.83333333333334
2007-07-16,26.03,26.465,26.02,26.23,1122200,26.25,0.3,87.43333333333334
2007-07-17,26.1,26.1,25.39,25.46,1408100,25.58,0.3,84.86666666666667
2007-07-18,25.22,25.49,25.02,25.28,1747963,25.22,0.3,84.26666666666668
2007-07-19,25.44,25.63,25.4,25.43,832000,25.52,0.3,84.76666666666667
2007-07-20,25.38,25.53,25.02,25.19,1274421,25.3,0.3,83.96666666666667
2007-07-23,25.4,25.63,25.17,25.5,1319000,25.46,0.3,85.0
2007-07-24,25.18,25.38,24.93,25.05,2947754,25.09,0.3,83.5
2007-07-25,25.16,25.23,23.86,24.21,2251946,24.39,0.3,80.7
2007-07-26,23.9,24.06,22.55,23.64,4683700,23.11,0.3,78.80000000000001
2007-07-27,23.64,23.97,23.23,23.38,2552400,23.54,0.3,77.93333333333334
2007-07-30,23.38,23.73,22.98,23.39,2937686,23.32,0.3,77.96666666666667
2007-07-31,23.7,24.25,23.7,23.93,3880817,24.06,0.3,79.76666666666667
2007-08-01,24.04,24.08,23.42,24.01,4952067,23.75,0.3,80.03333333333335
2007-08-02,24.03,24.1,23.66,23.99,2693900,23.89,0.3,79.96666666666667
2007-08-03,23.89,24.91,23.73,23.96,4611500,24.33,0.3,79.86666666666667
2007-08-06,24.15,25.25,23.43,23.5,6676919,23.81,0.3,78.33333333333334
2007-08-07,23.37,24.47,23.37,24.19,3181100,24.09,0.3,80.63333333333334
2007-08-08,24.48,25.55,24.27,25.05,2984504,25.0,0.3,83.5
2007-08-09,24.8,25.48,23.95,24.0,4786467,24.64,0.3,80.0
2007-08-10,23.59,23.94,22.94,23.12,4586300,23.36,0.3,77.06666666666668
2007-08-13,23.5,23.82,22.58,22.95,3700200,23.0,0.3,76.5
2007-08-14,22.94,23.07,21.63,21.94,3845796,22.04,0.3,73.13333333333334
2007-08-15,21.9,22.47,21.75,21.84,3308775,22.14,0.3,72.8
2007-08-16,21.61,21.69,20.33,21.27,7879257,20.95,0.3,70.9
2007-08-17,21.86,22.78,21.76,22.3,3727100,22.16,0.3,74.33333333333334
2007-08-20,22.47,23.05,22.4,22.87,3096887,22.83,0.3,76.23333333333333
2007-08-21,22.72,23.74,22.59,23.47,2530905,23.34,0.3,78.23333333333333
2007-08-22,23.52,23.82,23.21,23.82,1939300,23.5,0.3,79.4
2007-08-23,23.9,24.48,23.33,23.41,2467900,23.62,0.3,78.03333333333333
2007-08-24,23.33,23.69,22.86,23.6,2410000,23.3,0.3,78.66666666666667
2007-08-27,23.33,23.55,22.85,23.01,1678333,23.11,0.3,76.7
2007-08-28,22.9,22.99,22.32,22.41,1675700,22.53,0.3,74.7
2007-08-29,22.48,23.01,22.17,22.99,4460100,22.34,0.3,76.63333333333333
2007-08-30,22.75,22.84,22.01,22.25,2999000,22.24,0.3,74.16666666666667
2007-08-31,22.54,23.0,22.45,22.66,2140100,22.72,0.3,75.53333333333333
2007-09-04,22.75,23.77,22.61,23.52,2417826,23.42,0.3,78.4
2007-09-05,23.29,23.55,22.76,22.95,3873300,23.25,0.3,76.5
2007-09-06,22.95,23.45,22.56,23.33,2187000,23.0,0.3,77.76666666666667
2007-09-07,22.9,23.08,22.34,22.6,2901700,22.56,0.3,75.33333333333334
2007-09-10,22.77,23.24,21.89,22.93,2887200,22.64,0.3,76.43333333333334
2007-09-11,23.08,23.83,23.018,23.76,2605000,23.58,0.3,79.2
2007-09-12,23.55,24.15,23.13,23.19,2711639,23.61,0.3,77.30000000000001
2007-09-13,23.37,24.29,22.98,23.81,2255100,23.69,0.3,79.36666666666666
2007-09-14,23.56,23.94,23.3,23.51,3334500,23.51,0.3,78.36666666666667
2007-09-17,23.35,24.09,23.33,23.84,2538300,23.65,0.3,79.46666666666667
2007-09-18,23.84,25.38,23.84,25.06,3570600,24.67,0.3,83.53333333333333
2007-09-19,22.5,22.7,21.23,21.29,19976100,21.87,0.3,70.96666666666667
2007-09-20,21.35,22.22,20.99,22.13,7151814,21.68,0.3,73.76666666666667
2007-09-21,21.81,22.15,21.32,21.8,5050500,21.74,0.3,72.66666666666667
2007-09-24,21.8,22.293,20.6,20.84,5320000,21.09,0.3,69.46666666666667
2007-09-25,20.71,20.74,20.13,20.29,4198082,20.35,0.3,67.63333333333334
2007-09-26,20.35,21.0,20.35,20.87,3052100,20.79,0.3,69.56666666666668
2007-09-27,20.85,20.86,20.54,20.58,1993400,20.69,0.3,68.6
2007-09-28,20.63,20.71,20.13,20.33,2917500,20.38,0.3,67.76666666666667
2007-10-01,20.34,20.44,19.87,20.44,3069200,20.24,0.3,68.13333333333334
2007-10-02,20.51,21.2,20.36,21.13,2596400,20.88,0.3,70.43333333333334
2007-10-03,21.15,22.0,20.795,21.63,2927000,21.61,0.3,72.1
2007-10-04,21.74,21.9,21.26,21.43,1487000,21.47,0.3,71.43333333333334
2007-10-05,21.58,22.1,21.53,22.07,2464900,21.9,0.3,73.56666666666668
2007-10-08,21.74,21.95,21.47,21.79,2847100,21.76,0.3,72.63333333333334
2007-10-09,21.9,21.98,21.65,21.9,1603800,21.82,0.3,73.0
2007-10-10,21.8,22.05,21.66,21.98,2343300,21.81,0.3,73.26666666666667
2007-10-11,22.0,22.07,21.79,21.83,3116800,21.89,0.3,72.76666666666667
2007-10-12,21.9,22.11,21.71,21.84,1303800,21.85,0.3,72.8
2007-10-15,21.84,21.84,20.85,21.53,2564900,21.41,0.3,71.76666666666668
2007-10-16,21.2,21.49,20.84,20.96,3152700,21.07,0.3,69.86666666666667
2007-10-17,21.15,21.67,20.95,21.42,2268700,21.31,0.3,71.4
2007-10-18,21.31,21.73,20.91,21.26,1771400,21.27,0.3,70.86666666666667
2007-10-19,21.26,21.39,20.13,20.34,4472600,20.48,0.3,67.8
2007-10-22,20.21,21.04,20.02,20.79,2305900,20.68,0.3,69.3
2007-10-23,20.94,21.17,20.4,21.12,2853800,20.82,0.3,70.4
2007-10-24,20.7,21.06,20.5,20.94,2800500,20.85,0.3,69.80000000000001
2007-10-25,21.1,21.1,20.28,20.51,3457600,20.62,0.3,68.36666666666667
2007-10-26,20.85,21.0,20.27,20.3,4404400,20.37,0.3,67.66666666666667
2007-10-29,20.4,20.84,20.34,20.39,2869800,20.47,0.3,67.96666666666667
2007-10-30,20.0,20.55,19.79,20.46,3767800,20.19,0.3,68.2
2007-10-31,20.68,21.0,20.46,20.87,3868800,20.79,0.3,69.56666666666668
2007-11-01,20.53,20.53,19.66,19.79,6353700,19.95,0.3,65.96666666666667
2007-11-02,19.96,20.0,19.28,19.67,3692800,19.59,0.3,65.56666666666668
2007-11-05,19.75,19.8,19.0,19.16,3992800,19.2,0.3,63.86666666666667
2007-11-06,19.18,19.86,19.05,19.84,2750550,19.37,0.3,66.13333333333334
2007-11-07,19.51,19.51,18.67,18.88,6468080,18.91,0.3,62.93333333333333
2007-11-08,19.05,19.51,18.85,19.46,5878772,19.21,0.3,64.86666666666667
2007-11-09,19.25,20.83,18.9,19.96,5743640,20.01,0.3,66.53333333333335
2007-11-12,19.91,20.6,19.82,20.17,2566300,20.25,0.3,67.23333333333335
2007-11-13,20.27,21.35,20.27,21.34,3802040,21.1,0.3,71.13333333333334
2007-11-14,21.51,21.89,21.38,21.47,3192612,21.58,0.3,71.56666666666666
2007-11-15,23.47,24.1,22.72,23.09,9056988,23.4,0.3,76.96666666666667
2007-11-16,23.21,23.21,21.85,22.18,4191132,22.24,0.3,73.93333333333334
2007-11-19,22.2,22.2,21.39,21.45,4118652,21.68,0.3,71.5
2007-11-20,21.4,21.52,20.06,20.95,5249850,20.82,0.3,69.83333333333333
2007-11-21,21.0,21.06,20.4,20.65,3541224,20.66,0.3,68.83333333333333
2007-11-23,20.82,21.1,20.58,20.65,1056720,20.78,0.3,68.83333333333333
2007-11-26,20.66,22.04,20.66,21.04,2427400,21.41,0.3,70.13333333333334
2007-11-27,21.18,21.52,20.65,21.26,1965755,21.14,0.3,70.86666666666667
2007-11-28,21.47,22.88,21.262,22.43,3238286,22.35,0.3,74.76666666666667
2007-11-29,22.38,22.88,22.0,22.38,1802216,22.47,0.3,74.6
2007-11-30,22.65,23.92,22.64,22.87,2154589,23.1,0.3,76.23333333333333
2007-12-03,23.13,23.13,22.45,22.89,1498994,22.9,0.3,76.30000000000001
2007-12-04,22.65,23.47,22.64,23.03,1369700,23.07,0.3,76.76666666666668
2007-12-05,23.37,23.44,21.97,22.2,2383796,22.48,0.3,74.0
2007-12-06,22.0,22.29,21.5,22.19,4283067,21.85,0.3,73.96666666666667
2007-12-07,22.2,22.34,21.92,22.25,3277448,22.16,0.3,74.16666666666667
2007-12-10,22.36,23.2,21.92,23.19,2391470,22.6,0.3,77.30000000000001
2007-12-11,23.29,23.29,22.1,22.43,2880064,22.55,0.3,74.76666666666667
2007-12-12,22.99,23.25,22.28,22.58,3095350,22.66,0.3,75.26666666666667
2007-12-13,22.52,22.52,21.54,22.0,2924644,21.87,0.3,73.33333333333334
2007-12-14,22.0,22.0,21.41,21.43,1946100,21.63,0.3,71.43333333333334
2007-12-17,21.29,21.95,20.7,21.23,2997806,21.36,0.3,70.76666666666667
2007-12-18,21.28,21.98,20.42,21.61,5159904,21.36,0.3,72.03333333333333
2007-12-19,20.47,20.97,19.45,20.09,9795634,20.16,0.3,66.96666666666667
2007-12-20,19.9,19.9,18.7793,19.33,5031800,19.15,0.3,64.43333333333334
2007-12-21,19.61,19.62,18.57,19.05,4548750,19.13,0.3,63.50000000000001
2007-12-24,19.07,19.6,19.05,19.56,587554,19.36,0.3,65.2
2007-12-26,19.57,19.58,18.94,19.15,1660559,19.1,0.3,63.83333333333333
2007-12-27,19.03,19.53,19.01,19.53,1540500,19.32,0.3,65.10000000000001
2007-12-28,19.91,19.91,18.93,19.59,2048248,19.29,0.3,65.3
2007-12-31,19.55,19.79,19.0,19.75,2158617,19.39,0.3,65.83333333333334
2008-01-02,19.88,20.24,19.37,20.07,3619418,19.79,0.3,66.9
2008-01-03,20.22,20.22,19.35,19.74,2146322,19.75,0.3,65.8
2008-01-04,19.51,19.54,18.86,19.54,4769174,19.2,0.3,65.13333333333334
2008-01-07,19.57,19.75,18.7,19.18,4070947,19.03,0.3,63.93333333333334
2008-01-08,19.22,19.39,18.79,19.02,2371326,19.05,0.14,135.85714285714283
2008-01-09,19.03,19.38,18.09,18.85,3772195,18.47,0.14,134.64285714285714
2008-01-10,19.0,19.45,18.25,19.16,3252846,18.84,0.14,136.85714285714283
2008-01-11,19.28,19.28,17.81,18.19,4451444,18.57,0.14,129.92857142857142
2008-01-14,18.34,18.34,17.49,17.79,2498700,17.86,0.14,127.07142857142856
2008-01-15,17.77,17.78,17.02,17.28,2311090,17.34,0.14,123.42857142857143
2008-01-16,17.18,17.35,16.1,17.04,6429007,16.73,0.14,121.7142857142857
2008-01-17,17.12,17.38,16.36,16.67,3947403,16.75,0.14,119.07142857142857
2008-01-18,16.7,17.2999,15.97,16.63,4878030,16.5,0.14,118.78571428571426
2008-01-22,16.01,18.19,15.81,17.85,3905756,17.43,0.14,127.5
2008-01-23,17.39,20.0,17.39,20.0,6205080,18.98,0.14,142.85714285714283
2008-01-24,20.06,20.69,19.66,20.69,5885993,19.98,0.14,147.78571428571428
2008-01-25,21.99,21.99,20.36,20.88,7652887,20.95,0.14,149.1428571428571
2008-01-28,21.13,21.5,20.06,21.41,3147808,20.56,0.14,152.92857142857142
2008-01-29,21.48,21.95,20.34,21.8,3290159,21.16,0.14,155.7142857142857
2008-01-30,21.64,22.0,20.86,21.33,3801068,21.46,0.14,152.35714285714283
2008-01-31,21.06,23.0,21.05,22.11,4750427,22.03,0.14,157.92857142857142
2008-02-01,22.79,23.0,21.96,23.0,2630814,22.39,0.14,164.28571428571428
2008-02-04,22.99,22.99,22.13,22.63,2170035,22.39,0.14,161.6428571428571
2008-02-05,22.18,22.18,20.1,20.4,5142365,21.16,0.14,145.7142857142857
2008-02-06,20.89,20.89,19.85,20.31,2582664,20.35,0.14,145.07142857142856
2008-02-07,20.15,20.65,19.34,20.0,3379269,19.91,0.14,142.85714285714283
2008-02-08,20.0,20.11,19.22,19.9,2635931,19.61,0.14,142.1428571428571
2008-02-11,20.01,20.02,19.12,19.78,1408951,19.62,0.14,141.28571428571428
2008-02-12,20.14,20.46,19.11,19.29,1847016,19.67,0.14,137.78571428571428
2008-02-13,19.54,19.68,19.09,19.29,1845240,19.32,0.14,137.78571428571428
2008-02-14,19.28,19.4,18.72,18.85,1809501,18.95,0.14,134.64285714285714
2008-02-15,20.39,20.39,18.39,18.78,3178760,18.8,0.14,134.14285714285714
2008-02-19,19.19,19.37,18.81,18.85,2427445,19.11,0.14,134.64285714285714
2008-02-20,19.0,19.89,18.44,19.76,1983152,19.26,0.14,141.14285714285714
2008-02-21,19.97,20.15,19.23,19.33,3689026,19.58,0.14,138.07142857142856
2008-02-22,19.49,19.49,18.91,19.41,1674400,19.17,0.14,138.64285714285714
2008-02-25,19.48,20.31,19.13,20.31,1486708,19.88,0.14,145.07142857142856
2008-02-26,20.2,21.07,20.0,20.81,1740294,20.58,0.14,148.6428571428571
2008-02-27,21.0,21.01,19.92,20.02,1345528,20.42,0.14,142.99999999999997
2008-02-28,20.16,20.16,18.56,19.12,4531194,18.86,0.14,136.57142857142856
2008-02-29,19.19,19.29,18.15,18.36,2316064,18.65,0.14,131.14285714285714
2008-03-03,18.54,18.94,18.24,18.88,1526940,18.62,0.14,134.85714285714283
2008-03-04,18.99,18.99,17.9,18.53,2877891,18.21,0.14,132.35714285714286
2008-03-05,18.44,19.42,18.2,18.67,3048657,18.91,0.14,133.35714285714286
2008-03-06,18.7,18.83,17.99,18.53,2314031,18.29,0.14,132.35714285714286
2008-03-07,18.33,18.53,17.67,17.84,2739580,17.98,0.14,127.42857142857142
2008-03-10,18.36,18.55,17.3,17.43,3339662,17.66,0.14,124.49999999999999
2008-03-11,17.92,18.64,17.53,18.52,3429146,18.01,0.14,132.28571428571428
2008-03-12,18.64,19.64,18.32,18.61,2646309,18.95,0.14,132.92857142857142
2008-03-13,18.3,18.88,17.8,18.81,2368763,18.4,0.14,134.35714285714283
2008-03-14,18.76,19.35,18.32,19.15,2727617,18.73,0.14,136.78571428571425
2008-03-17,18.77,19.15,17.79,18.21,2109492,18.28,0.14,130.07142857142856
2008-03-18,18.9,20.57,18.73,20.5,3351615,19.77,0.14,146.42857142857142
2008-03-19,20.41,20.6,19.4,19.44,1851261,19.89,0.14,138.85714285714286
2008-03-20,19.42,20.74,18.86,20.55,3223786,19.75,0.14,146.78571428571428
2008-03-24,20.63,21.31,20.1,21.24,2279715,21.01,0.14,151.7142857142857
2008-03-25,21.29,21.44,21.0,21.44,1414572,21.26,0.14,153.14285714285714
2008-03-26,21.39,21.44,19.62,19.72,2958727,20.0,0.14,140.85714285714283
2008-03-27,19.76,19.82,19.07,19.19,2145463,19.29,0.14,137.07142857142856
2008-03-28,19.25,19.49,18.5,19.2,1792318,19.02,0.14,137.14285714285714
2008-03-31,19.28,19.62,18.79,19.42,1725864,19.18,0.14,138.71428571428572
2008-04-01,19.95,20.0,19.08,19.59,3785972,19.43,0.14,139.92857142857142
2008-04-02,19.09,21.29,19.05,20.06,5915068,20.31,0.14,143.28571428571425
2008-04-03,19.89,21.22,19.56,20.31,2128894,20.57,0.14,145.07142857142856
2008-04-04,20.27,20.55,19.77,20.36,1559482,20.26,0.14,145.42857142857142
2008-04-07,20.51,20.51,19.51,19.63,1304682,19.82,0.14,140.2142857142857
2008-04-08,19.53,19.75,19.16,19.4,1100413,19.43,0.14,138.57142857142856
2008-04-09,19.37,19.69,18.51,18.98,1920917,18.86,0.14,135.57142857142856
2008-04-10,19.02,19.51,18.65,18.87,988200,19.08,0.14,134.78571428571428
2008-04-11,18.51,19.46,18.26,18.61,1630081,18.48,0.14,132.92857142857142
2008-04-14,18.62,18.89,18.25,18.67,969883,18.64,0.14,133.35714285714286
2008-04-15,18.75,19.27,18.63,18.89,871168,18.96,0.14,134.92857142857142
2008-04-16,19.11,20.35,19.11,20.31,2376619,19.92,0.14,145.07142857142856
2008-04-17,20.03,20.86,19.77,20.65,1604677,20.42,0.14,147.49999999999997
2008-04-18,20.98,21.82,20.98,21.16,2182070,21.42,0.14,151.14285714285714
2008-04-21,21.01,21.01,19.96,20.91,1564438,20.3,0.14,149.35714285714283
2008-04-22,20.87,20.87,19.68,20.16,1199547,19.99,0.14,144.0
2008-04-23,20.17,20.64,19.95,20.15,1180821,20.28,0.14,143.92857142857142
2008-04-24,20.21,21.28,20.11,20.6,3028004,20.67,0.14,147.14285714285714
2008-04-25,21.1,21.29,20.43,21.05,2467735,20.9,0.1,210.5
2008-04-28,21.9,21.9,20.62,21.15,729225,21.11,0.1,211.49999999999997
2008-04-29,21.16,21.88,20.54,21.73,1237991,21.32,0.1,217.29999999999998
2008-04-30,21.73,21.99,20.53,20.75,1309176,21.05,0.1,207.5
2008-05-01,20.68,21.25,20.36,20.77,1824554,20.73,0.1,207.7
2008-05-02,20.97,21.68,20.7,21.31,2480619,21.09,0.1,213.09999999999997
2008-05-05,21.07,21.82,20.93,21.48,3295043,21.5,0.1,214.79999999999998
2008-05-06,21.65,21.65,20.77,21.07,1951768,21.05,0.1,210.7
2008-05-07,21.06,21.16,20.37,20.51,1366846,20.64,0.1,205.1
2008-05-08,20.55,21.11,20.37,20.75,2130185,20.7,0.1,207.5
2008-05-09,20.53,20.82,20.34,20.55,2404783,20.57,0.1,205.5
2008-05-12,20.53,20.77,20.31,20.66,1519618,20.5,0.1,206.6
2008-05-13,20.63,21.04,20.63,20.9,1860468,20.93,0.1,208.99999999999997
2008-05-14,20.94,21.37,20.83,20.94,1497544,21.1,0.1,209.4
2008-05-15,20.88,21.49,20.5,21.27,1801361,21.11,0.1,212.7
2008-05-16,21.81,21.81,20.0,21.19,2727066,20.7,0.1,211.9
2008-05-19,21.2,21.48,20.8,21.29,1666538,21.24,0.1,212.89999999999998
2008-05-20,21.35,21.46,20.83,21.46,1420766,21.09,0.1,214.6
2008-05-21,21.46,21.49,20.47,20.61,1812945,20.78,0.1,206.1
2008-05-22,20.68,20.68,19.93,20.03,1840899,20.11,0.1,200.3
2008-05-23,20.01,20.01,19.4,19.54,1353826,19.6,0.1,195.39999999999998
2008-05-27,19.55,20.22,19.36,19.72,1046118,19.72,0.1,197.2
2008-05-28,19.74,20.09,19.39,19.81,802993,19.63,0.1,198.09999999999997
2008-05-29,19.78,20.3,19.72,19.83,1131849,19.93,0.1,198.29999999999998
2008-05-30,19.83,20.0,19.55,19.66,1160662,19.7,0.1,196.6
2008-06-02,19.65,19.71,19.24,19.63,1265741,19.49,0.1,196.29999999999998
2008-06-03,19.64,19.68,19.1,19.37,1853409,19.38,0.1,193.7
2008-06-04,19.34,19.44,18.78,19.24,2533549,19.14,0.1,192.39999999999998
2008-06-05,19.35,19.95,19.03,19.12,2526765,19.35,0.1,191.2
2008-06-06,19.0,19.05,18.5,18.58,2235152,18.75,0.1,185.79999999999998
2008-06-09,18.76,18.8,18.37,18.45,1365321,18.51,0.1,184.49999999999997
2008-06-10,18.31,18.5,18.09,18.24,1590961,18.25,0.1,182.39999999999998
2008-06-11,18.27,18.32,17.7,17.78,1861110,17.95,0.1,177.8
2008-06-12,17.94,18.31,17.5,17.55,2081066,17.83,0.1,175.5
2008-06-13,17.84,17.97,17.63,17.88,2060588,17.81,0.1,178.79999999999998
2008-06-16,17.85,18.27,17.56,18.23,2492077,18.07,0.1,182.29999999999998
2008-06-17,18.43,18.57,18.09,18.34,3256057,18.34,0.1,183.39999999999998
2008-06-18,16.4,16.54,15.8,16.34,12906097,16.1,0.1,163.39999999999998
2008-06-19,16.39,16.45,15.53,15.76,6266664,15.79,0.1,157.6
2008-06-20,15.79,15.8,15.28,15.52,5128649,15.6,0.1,155.2
2008-06-23,15.56,15.91,15.04,15.08,3761233,15.34,0.1,150.79999999999998
2008-06-24,15.03,15.26,14.52,15.01,5212495,14.94,0.1,150.1
2008-06-25,15.09,16.08,14.87,15.47,3897039,15.56,0.1,154.7
2008-06-26,15.36,15.409,14.5,14.93,3057227,14.97,0.1,149.29999999999998
2008-06-27,14.93,15.13,14.6,14.85,3270467,14.86,0.1,148.5
2008-06-30,14.65,14.71,14.15,14.19,2734371,14.33,0.1,141.89999999999998
2008-07-01,14.2,14.29,13.64,14.16,3591825,13.95,0.1,141.6
2008-07-02,14.16,14.2,13.43,13.47,3881929,13.7,0.1,134.7
2008-07-03,13.48,14.1,12.97,13.15,2471412,13.29,0.1,131.5
2008-07-07,13.2,13.44,12.79,13.08,3255660,13.03,0.1,130.79999999999998
2008-07-08,13.22,13.72,12.64,13.61,4270851,13.13,0.1,136.1
2008-07-09,13.7,13.86,13.38,13.5,3864659,13.55,0.1,135.0
2008-07-10,13.38,13.73,12.97,13.05,4332903,13.09,0.13,100.38461538461539
2008-07-11,12.99,12.99,11.73,11.98,10023742,12.13,0.13,92.15384615384616
2008-07-14,12.05,12.47,11.49,11.77,4776479,11.87,0.13,90.53846153846153
2008-07-15,11.64,11.99,10.53,11.76,8902787,11.26,0.13,90.46153846153845
2008-07-16,11.77,12.57,11.52,12.35,4216586,12.06,0.13,95.0
2008-07-17,12.45,15.67,12.45,13.9,6158005,13.7,0.13,106.92307692307692
2008-07-18,15.37,15.37,13.35,13.52,3850161,13.92,0.13,104.0
2008-07-21,14.06,14.06,12.8,12.98,1788155,13.15,0.13,99.84615384615384
2008-07-22,12.93,13.93,12.75,13.74,3093324,13.45,0.13,105.6923076923077
2008-07-23,14.59,15.5,13.98,14.16,4129440,14.58,0.13,108.92307692307692
2008-07-24,14.01,14.87,13.16,13.32,1770324,13.75,0.13,102.46153846153847
2008-07-25,13.44,14.06,13.28,13.62,2865105,13.69,0.13,104.76923076923076
2008-07-28,13.5,13.8,12.73,12.89,3254298,13.06,0.13,99.15384615384616
2008-07-29,12.99,13.95,12.93,13.64,1897777,13.61,0.13,104.92307692307692
2008-07-30,13.75,14.11,13.32,13.59,3356661,13.62,0.13,104.53846153846153
2008-07-31,13.37,13.5784,13.17,13.4,1992648,13.45,0.13,103.07692307692308
2008-08-01,13.14,14.14,13.0,14.1,2154904,13.63,0.13,108.46153846153845
2008-08-04,14.25,15.31,13.98,14.29,4671143,14.43,0.13,109.92307692307692
2008-08-05,14.41,15.57,14.26,15.5,3408974,15.01,0.13,119.23076923076923
2008-08-06,13.35,15.04,13.19,14.87,6087954,14.51,0.13,114.38461538461537
2008-08-07,14.72,14.86,14.28,14.58,3001710,14.47,0.13,112.15384615384615
2008-08-08,14.62,15.5,14.57,14.9,2925365,14.9,0.13,114.61538461538461
2008-08-11,14.85,16.1,14.69,15.62,2820037,15.58,0.13,120.15384615384615
2008-08-12,15.7,15.7,14.95,15.03,1663102,15.21,0.13,115.61538461538461
2008-08-13,14.83,15.05,14.33,14.92,2884452,14.64,0.13,114.76923076923076
2008-08-14,14.76,15.27,14.44,15.06,2158595,15.08,0.13,115.84615384615384
2008-08-15,15.17,15.6,14.99,15.2,2016330,15.33,0.13,116.92307692307692
2008-08-18,15.27,15.56,15.12,15.16,1508779,15.24,0.13,116.61538461538461
2008-08-19,15.05,15.09,14.64,14.95,1840045,14.84,0.13,114.99999999999999
2008-08-20,14.81,15.1,14.55,14.9,1177806,14.87,0.13,114.61538461538461
2008-08-21,14.88,14.95,14.52,14.83,1425840,14.75,0.13,114.07692307692308
2008-08-22,15.0,15.11,14.57,15.11,1808882,14.99,0.13,116.23076923076923
2008-08-25,14.93,14.93,14.5,14.6,1652924,14.67,0.13,112.3076923076923
2008-08-26,14.59,15.0,14.54,14.96,1197123,14.83,0.13,115.07692307692308
2008-08-27,14.98,15.25,14.7,14.97,1436697,14.95,0.13,115.15384615384616
2008-08-28,15.05,15.475,14.83,15.0,1310036,14.99,0.13,115.38461538461539
2008-08-29,14.86,15.1,14.7,14.8,958605,14.88,0.13,113.84615384615385
2008-09-02,15.16,15.66,14.75,15.3,1999324,15.26,0.13,117.6923076923077
2008-09-03,15.22,16.5,14.96,15.8,2562772,15.94,0.13,121.53846153846153
2008-09-04,15.67,16.09,15.51,15.87,2043203,15.89,0.13,122.07692307692307
2008-09-05,15.64,15.83,14.91,15.4,2246143,15.45,0.13,118.46153846153847
2008-09-08,15.92,16.53,15.83,16.5,3112567,16.23,0.13,126.92307692307692
2008-09-09,16.99,17.0,15.94,16.03,2673060,16.49,0.13,123.3076923076923
2008-09-10,16.09,16.26,15.03,15.73,2403780,15.37,0.13,121.0
2008-09-11,15.34,16.03,14.76,16.03,3014506,15.47,0.13,123.3076923076923
2008-09-12,15.93,16.0,15.31,15.66,2232985,15.58,0.13,120.46153846153845
2008-09-15,14.99,15.74,14.78,15.2,1857255,15.25,0.13,116.92307692307692
2008-09-16,15.09,15.53,14.61,15.33,3269345,15.04,0.13,117.92307692307692
2008-09-17,15.03,15.61,14.61,15.32,4040379,15.12,0.13,117.84615384615384
2008-09-18,15.57,17.12,14.39,15.19,6013443,15.28,0.13,116.84615384615384
2008-09-19,17.05,20.7,14.8,16.5,6197290,16.4,0.13,126.92307692307692
2008-09-22,16.38,16.38,14.98,15.19,4825375,15.5,0.13,116.84615384615384
2008-09-23,15.16,15.55,14.06,14.32,6194745,14.84,0.13,110.15384615384615
2008-09-24,14.32,15.09,14.24,14.7,3977832,14.57,0.13,113.07692307692307
2008-09-25,14.83,15.15,14.57,14.76,2505437,14.87,0.13,113.53846153846153
2008-09-26,14.38,14.6,14.22,14.42,2383796,14.41,0.13,110.92307692307692
2008-09-29,14.07,14.39,13.71,14.09,3684624,13.97,0.13,108.38461538461539
2008-09-30,14.49,14.79,13.75,14.0,3722247,13.94,0.13,107.6923076923077
2008-10-01,13.92,14.0,13.15,13.36,3389220,13.41,0.13,102.76923076923076
2008-10-02,14.2,14.2,12.04,12.35,5121727,12.43,0.13,95.0
2008-10-03,12.55,12.64,11.58,11.98,4020222,12.04,0.13,92.15384615384616
2008-10-06,11.64,12.38,10.25,10.93,6736292,10.98,0.13,84.07692307692307
2008-10-07,11.15,11.15,10.0,10.1,4664671,10.48,0.13,77.6923076923077
2008-10-08,9.7,10.3,9.3302,9.82,3633583,9.92,0.13,75.53846153846153
2008-10-09,10.37,10.37,9.49,10.1,3033991,9.76,0.06,168.33333333333334
2008-10-10,9.37,12.75,9.2,10.33,5964283,9.7,0.06,172.16666666666669
2008-10-13,11.44,11.44,10.28,10.86,2196893,10.65,0.06,181.0
2008-10-14,11.51,12.0,9.87,10.43,2712353,10.72,0.06,173.83333333333334
2008-10-15,10.26,10.37,9.43,9.55,2936464,9.65,0.06,159.16666666666669
2008-10-16,9.75,9.92,8.79,9.52,1836507,9.31,0.06,158.66666666666666
2008-10-17,9.15,9.98,9.15,9.66,2750371,9.75,0.06,161.0
2008-10-20,9.81,11.0,9.76,10.44,2721841,10.31,0.06,174.0
2008-10-21,10.27,10.63,9.97,10.02,1502834,10.22,0.06,167.0
2008-10-22,9.77,10.02,9.47,9.67,2506065,9.6,0.06,161.16666666666669
2008-10-23,9.8,10.0,9.46,9.77,1953155,9.61,0.06,162.83333333333334
2008-10-24,8.8,9.68,8.8,9.37,1817090,9.39,0.06,156.16666666666666
2008-10-27,9.18,9.74,9.16,9.29,1582002,9.42,0.06,154.83333333333331
2008-10-28,9.45,10.0,9.04,9.97,2455152,9.39,0.06,166.16666666666669
2008-10-29,9.95,10.34,9.78,9.81,2281531,10.1,0.06,163.50000000000003
2008-10-30,10.19,10.39,9.98,10.3,1434555,10.16,0.06,171.66666666666669
2008-10-31,10.35,10.88,10.08,10.62,1910185,10.51,0.06,177.0
2008-11-03,10.57,10.57,9.86,9.96,1690870,10.07,0.06,166.00000000000003
2008-11-04,10.17,10.43,9.87,10.31,1169927,10.17,0.06,171.83333333333334
2008-11-05,10.2,10.5,9.26,9.35,1893644,9.73,0.06,155.83333333333334
2008-11-06,9.31,9.58,8.92,8.95,1271861,9.19,0.06,149.16666666666666
2008-11-07,9.01,9.44,8.86,9.18,1873981,9.19,0.06,153.0
2008-11-10,9.45,9.45,8.44,8.51,1277645,8.74,0.06,141.83333333333334
2008-11-11,8.4,8.92,8.13,8.39,1893552,8.39,0.06,139.83333333333334
2008-11-12,8.41,8.52,8.16,8.27,2024420,8.31,0.06,137.83333333333334
2008-11-13,8.11,9.12,7.64,9.12,3230883,8.35,0.06,152.0
2008-11-14,8.97,9.32,7.97,8.36,2680020,8.43,0.06,139.33333333333334
2008-11-17,8.2,8.59,8.03,8.14,1935187,8.24,0.06,135.66666666666669
2008-11-18,8.07,8.38,7.78,8.09,2633192,8.03,0.06,134.83333333333334
2008-11-19,8.12,8.37,7.11,7.12,2720875,7.62,0.06,118.66666666666667
2008-11-20,7.0,7.23,6.2,6.23,4226492,6.72,0.06,103.83333333333334
2008-11-21,6.55,6.96,5.76,6.52,3667958,6.1,0.06,108.66666666666666
2008-11-24,6.6,7.4,6.54,7.29,2606531,7.03,0.06,121.5
2008-11-25,7.33,7.78,7.2,7.73,2339384,7.52,0.06,128.83333333333334
2008-11-26,7.17,7.95,6.9,7.84,2480230,7.59,0.06,130.66666666666666
2008-11-28,7.77,7.82,7.38,7.61,786304,7.59,0.06,126.83333333333334
2008-12-01,7.37,7.48,6.59,6.83,2069462,6.9,0.06,113.83333333333334
2008-12-02,6.87,7.15,6.73,7.14,1823451,6.98,0.06,119.0
2008-12-03,6.97,7.43,6.89,7.35,2145799,7.19,0.06,122.5
2008-12-04,7.19,8.12,7.18,7.55,2563565,7.78,0.06,125.83333333333333
2008-12-05,7.46,8.24,7.2,8.22,3167709,7.8,0.06,137.00000000000003
2008-12-08,8.41,8.735,8.31,8.59,2789935,8.55,0.06,143.16666666666666
2008-12-09,8.5,9.01,8.1,8.15,2492590,8.56,0.06,135.83333333333334
2008-12-10,8.26,8.91,8.14,8.58,1750144,8.57,0.06,143.0
2008-12-11,8.53,8.89,8.27,8.59,2745337,8.62,0.06,143.16666666666666
2008-12-12,8.3,8.55,7.9501,8.31,1850898,8.35,0.06,138.5
2008-12-15,8.33,8.48,7.49,7.59,1853063,7.75,0.06,126.5
2008-12-16,7.76,8.03,7.57,7.93,2560275,7.8,0.06,132.16666666666666
2008-12-17,7.7,8.3,7.46,8.06,2313600,7.93,0.06,134.33333333333334
2008-12-18,8.0,8.3,7.89,8.2,2191991,8.1,0.06,136.66666666666666
2008-12-19,7.5,8.62,7.3,7.3,8866886,7.79,0.06,121.66666666666667
2008-12-22,7.29,7.68,7.21,7.52,3700512,7.44,0.06,125.33333333333333
2008-12-23,7.59,7.64,7.32,7.62,2399164,7.51,0.06,127.0
2008-12-24,7.61,7.73,7.39,7.43,1006090,7.5,0.06,123.83333333333333
2008-12-26,7.48,7.59,7.37,7.55,565914,7.47,0.06,125.83333333333333
2008-12-29,7.52,7.77,7.26,7.44,1470783,7.45,0.06,124.00000000000001
2008-12-30,7.48,7.93,7.41,7.93,1329784,7.7,0.06,132.16666666666666
2008-12-31,8.01,8.28,7.85,7.88,2679826,8.03,0.06,131.33333333333334
2009-01-02,7.87,8.42,7.84,8.32,1999876,8.24,0.06,138.66666666666669
2009-01-05,8.15,8.31,7.97,8.23,2638474,8.16,0.06,137.16666666666669
2009-01-06,8.38,8.66,8.15,8.51,2492408,8.41,0.06,141.83333333333334
2009-01-07,8.37,8.38,8.04,8.13,1994128,8.19,0.06,135.50000000000003
2009-01-08,8.12,8.44,7.95,8.4,2811884,8.29,-0.1,-84.0
2009-01-09,8.42,8.43,7.92,8.1,1441235,8.12,-0.1,-80.99999999999999
2009-01-12,8.01,8.2,7.65,7.83,1950928,7.87,-0.1,-78.3
2009-01-13,7.82,8.1,7.64,7.81,2318217,7.81,-0.1,-78.1
2009-01-14,7.64,7.7,7.26,7.4,1949105,7.42,-0.1,-74.0
2009-01-15,7.49,8.11,7.35,7.73,2765392,7.64,-0.1,-77.3
2009-01-16,8.0,8.18,7.53,8.11,1700490,7.92,-0.1,-81.1
2009-01-20,8.04,8.07,7.07,7.22,1965944,7.37,-0.1,-72.19999999999999
2009-01-21,7.31,7.43,6.92,7.29,1636557,7.17,-0.1,-72.89999999999999
2009-01-22,7.05,7.62,6.96,7.26,1289582,7.24,-0.1,-72.6
2009-01-23,7.06,7.78,7.0,7.55,1174343,7.49,-0.1,-75.5
2009-01-26,7.76,8.18,7.52,7.89,2138115,7.82,-0.1,-78.89999999999999
2009-01-27,7.89,8.38,7.86,8.29,2685537,8.21,-0.1,-82.89999999999999
2009-01-28,8.42,9.3,8.4,9.14,3013827,9.12,-0.1,-91.4
2009-01-29,8.98,9.43,8.72,8.86,3727146,9.02,-0.1,-88.6
2009-01-30,9.0,9.1,8.16,8.27,2352108,8.37,-0.1,-82.69999999999999
2009-02-02,8.11,8.43,7.96,8.13,3234472,8.13,-0.1,-81.3
2009-02-03,8.13,8.25,7.94,8.04,2499740,8.06,-0.1,-80.39999999999999
2009-02-04,8.09,8.16,7.81,8.11,2525229,7.98,-0.1,-81.1
2009-02-05,8.2,9.15,7.91,8.74,4113135,8.55,-0.1,-87.39999999999999
2009-02-06,8.73,9.75,8.73,9.28,3544312,9.36,-0.1,-92.79999999999998
2009-02-09,9.28,9.51,8.96,9.44,1396791,9.3,-0.1,-94.39999999999999
2009-02-10,9.39,9.72,8.52,8.61,2748750,8.97,-0.1,-86.1
2009-02-11,8.67,8.83,8.12,8.62,2099296,8.55,-0.1,-86.19999999999999
2009-02-12,8.42,8.71,8.03,8.66,2245989,8.43,-0.1,-86.6
2009-02-13,8.64,8.96,8.53,8.88,1725154,8.83,-0.1,-88.8
2009-02-17,8.54,9.04,8.49,8.81,3063491,8.8,-0.1,-88.1
2009-02-18,9.0,9.2,8.83,9.05,3014898,9.03,-0.1,-90.5
2009-02-19,9.13,9.3,8.51,8.63,2987242,8.73,-0.1,-86.3
2009-02-20,8.44,8.81,8.09,8.73,3219985,8.6,-0.1,-87.3
2009-02-23,8.84,9.49,8.6,8.68,2811038,8.98,-0.1,-86.8
2009-02-24,8.6,9.89,8.6,9.86,3855182,9.41,-0.1,-98.6
2009-02-25,9.88,10.01,9.34,9.78,2413203,9.65,-0.1,-97.79999999999998
2009-02-26,10.1,10.38,9.47,9.56,2751281,9.89,-0.1,-95.6
2009-02-27,9.35,9.81,9.2,9.43,3302028,9.51,-0.1,-94.3
2009-03-02,9.25,9.36,8.58,8.68,3546453,8.87,-0.1,-86.8
2009-03-03,8.68,8.99,8.51,8.83,4083037,8.75,-0.1,-88.3
2009-03-04,8.93,9.51,8.8,9.47,3894990,9.19,-0.1,-94.7
2009-03-05,9.41,9.41,8.83,8.94,4584355,9.01,-0.1,-89.39999999999999
2009-03-06,9.2,9.28,8.4,8.68,3490600,8.67,-0.1,-86.8
2009-03-09,8.68,9.31,8.5,8.97,2111907,9.03,-0.1,-89.7
2009-03-10,9.36,10.73,9.15,10.66,4731611,10.24,-0.1,-106.6
2009-03-11,10.79,11.1,10.48,10.8,2780760,10.85,-0.1,-108.0
2009-03-12,10.96,10.99,10.41,10.89,6607983,10.78,-0.1,-108.9
2009-03-13,11.0,11.37,10.8,11.34,2576624,11.15,-0.1,-113.39999999999999
2009-03-16,11.43,11.9,11.11,11.15,2538210,11.55,-0.1,-111.5
2009-03-17,11.15,11.82,10.8,11.81,3360282,11.48,-0.1,-118.1
2009-03-18,11.7,12.22,11.375,12.18,5285564,11.74,-0.1,-121.8
2009-03-19,12.36,12.5,11.43,11.49,4021526,11.65,-0.1,-114.89999999999999
2009-03-20,11.43,11.66,10.57,10.97,4349323,11.0,-0.1,-109.7
2009-03-23,11.56,12.2,10.98,12.2,3838221,11.71,-0.1,-121.99999999999999
2009-03-24,12.03,12.89,12.0,12.51,4168086,12.6,-0.1,-125.1
2009-03-25,12.65,12.98,12.11,12.61,2885767,12.56,-0.1,-126.1
2009-03-26,12.79,13.55,12.68,13.49,3986463,13.26,-0.1,-134.9
2009-03-27,13.25,13.49,13.01,13.26,4441413,13.24,-0.1,-132.6
2009-03-30,12.98,13.1,12.01,12.48,3473059,12.46,-0.1,-124.8
2009-03-31,12.4,12.75,11.8,12.44,4303278,12.24,-0.1,-124.39999999999999
2009-04-01,12.14,12.49,11.7,12.46,5869119,12.19,-0.1,-124.60000000000001
2009-04-02,13.74,14.0,13.17,13.23,10252666,13.62,-0.1,-132.29999999999998
2009-04-03,12.71,12.77,11.8085,12.11,7008945,12.22,-0.1,-121.1
2009-04-06,11.96,12.0,11.49,11.76,3460991,11.69,-0.1,-117.6
2009-04-07,11.72,11.76,11.26,11.4,3358720,11.43,-0.1,-114.0
2009-04-08,10.96,11.53,10.92,11.47,3468905,11.38,-0.1,-114.7
2009-04-09,11.72,12.23,11.57,12.23,4441572,11.95,-0.1,-122.3
2009-04-13,12.14,12.14,11.4,11.71,2173640,11.65,-0.1,-117.10000000000001
2009-04-14,11.62,11.82,11.25,11.43,2205557,11.56,-0.1,-114.3
2009-04-15,11.37,11.49,10.88,11.09,2750471,11.06,-0.1,-110.89999999999999
2009-04-16,11.23,12.11,11.22,11.98,2866694,11.84,-0.1,-119.8
2009-04-17,11.97,12.96,11.87,12.8,4774948,12.59,-0.1,-128.0
2009-04-20,12.41,12.41,11.78,12.07,3020422,12.02,-0.1,-120.7
2009-04-21,12.05,12.23,11.74,12.13,4238777,12.03,-0.1,-121.3
2009-04-22,11.86,13.29,11.72,12.73,6228913,12.91,-0.1,-127.3
2009-04-23,12.87,13.13,12.49,12.71,3962871,12.73,-0.1,-127.10000000000001
2009-04-24,12.8,13.08,12.6,12.94,5485744,12.97,0.17,76.11764705882352
2009-04-27,12.75,13.03,12.4,12.67,4129427,12.69,0.17,74.52941176470587
2009-04-28,12.5,12.93,12.4,12.51,4394434,12.63,0.17,73.58823529411764
2009-04-29,12.66,13.085,12.46,12.53,3046900,12.78,0.17,73.70588235294117
2009-04-30,12.64,12.99,12.45,12.76,4153013,12.78,0.17,75.05882352941175
2009-05-01,12.75,12.89,12.17,12.3,3263075,12.49,0.17,72.3529411764706
2009-05-04,12.54,12.9,12.36,12.9,3023194,12.73,0.17,75.88235294117646
2009-05-05,12.84,13.61,12.75,13.52,5552436,13.31,0.17,79.52941176470587
2009-05-06,13.88,13.95,12.85,13.07,4285624,13.05,0.17,76.88235294117646
2009-05-07,13.31,13.49,12.22,12.34,5748211,12.57,0.17,72.58823529411764
2009-05-08,12.48,12.86,12.09,12.58,3298836,12.49,0.17,74.0
2009-05-11,12.36,12.65,12.0,12.33,2261160,12.35,0.17,72.52941176470588
2009-05-12,12.38,12.71,11.33,11.69,3543104,11.69,0.17,68.76470588235293
2009-05-13,11.45,11.45,10.58,10.66,4606500,10.82,0.17,62.705882352941174
2009-05-14,10.97,11.3,10.3,10.41,6500313,10.55,0.17,61.23529411764706
2009-05-15,10.345,10.94,10.34,10.53,3846581,10.63,0.17,61.941176470588225
2009-05-18,10.64,10.81,10.29,10.69,3433671,10.59,0.17,62.882352941176464
2009-05-19,10.74,10.78,10.36,10.55,2371593,10.61,0.17,62.05882352941176
2009-05-20,10.6,11.19,10.26,10.31,2609976,10.62,0.17,60.64705882352941
2009-05-21,10.21,10.21,9.78,9.92,2115774,9.94,0.17,58.35294117647059
2009-05-22,9.98,10.23,9.68,9.91,2340014,9.91,0.17,58.29411764705882
2009-05-26,9.77,10.7,9.61,10.62,4790978,10.4,0.17,62.47058823529411
2009-05-27,10.49,10.66,10.02,10.08,3264487,10.31,0.17,59.29411764705882
2009-05-28,10.8,11.34,10.8,11.1,5965045,11.13,0.17,65.29411764705881
2009-05-29,11.25,11.38,11.0,11.21,3161939,11.2,0.17,65.94117647058823
2009-06-01,11.37,12.55,11.305,12.47,4658637,12.25,0.17,73.35294117647058
2009-06-02,12.31,13.28,12.17,12.86,5815277,12.93,0.17,75.6470588235294
2009-06-03,12.67,12.87,12.38,12.67,3402996,12.57,0.17,74.52941176470587
2009-06-04,12.62,12.64,12.095,12.45,2935524,12.29,0.17,73.23529411764704
2009-06-05,12.57,12.78,12.11,12.46,3544179,12.37,0.17,73.29411764705883
2009-06-08,12.4,13.82,12.22,13.7,5537415,13.32,0.17,80.58823529411764
2009-06-09,13.69,14.085,13.22,13.61,4912399,13.77,0.17,80.05882352941175
2009-06-10,13.76,13.94,12.91,13.29,4375495,13.18,0.17,78.17647058823529
2009-06-11,13.38,13.73,13.31,13.59,3439796,13.54,0.17,79.94117647058823
2009-06-12,13.43,13.87,13.03,13.85,3267631,13.45,0.17,81.47058823529412
2009-06-15,13.64,13.64,12.86,13.06,3171367,13.03,0.17,76.82352941176471
2009-06-16,13.22,13.28,12.56,12.69,3472658,12.83,0.17,74.6470588235294
2009-06-17,12.7,12.81,12.19,12.61,5090602,12.58,0.17,74.17647058823529
2009-06-18,12.58,13.19,12.44,13.09,4674521,12.82,0.17,77.0
2009-06-19,13.96,15.4,13.92,15.31,14463862,14.91,0.17,90.05882352941177
2009-06-22,14.94,14.94,13.92,14.04,6568411,14.26,0.17,82.58823529411764
2009-06-23,14.06,14.25,13.65,13.81,3066251,13.89,0.17,81.23529411764706
2009-06-24,13.94,14.14,13.36,13.49,4609552,13.65,0.17,79.35294117647058
2009-06-25,13.53,14.36,13.47,14.28,4261706,14.19,0.17,83.99999999999999
2009-06-26,14.23,14.62,14.19,14.48,4131287,14.48,0.17,85.17647058823529
2009-06-29,14.53,14.69,14.24,14.52,3918058,14.5,0.17,85.41176470588235
2009-06-30,14.53,14.98,14.35,14.7,3877172,14.59,0.17,86.4705882352941
2009-07-01,14.84,14.99,14.64,14.71,3237596,14.76,0.17,86.52941176470588
2009-07-02,14.07,14.3,13.58,13.9,3509570,13.85,0.17,81.76470588235294
2009-07-06,13.76,14.08,13.54,13.91,2177929,13.76,0.17,81.8235294117647
2009-07-07,13.99,14.0,13.35,13.4,2568887,13.57,0.17,78.8235294117647
2009-07-08,13.48,13.74,13.06,13.5,2838242,13.42,0.17,79.41176470588235
2009-07-09,13.62,13.85,13.46,13.56,2397436,13.6,0.13,104.3076923076923
2009-07-10,13.48,13.75,13.4,13.55,2648088,13.61,0.13,104.23076923076923
2009-07-13,13.59,14.1,13.21,14.0,4194452,13.86,0.13,107.6923076923077
2009-07-14,14.25,14.47,14.11,14.46,8221005,14.37,0.13,111.23076923076924
2009-07-15,14.58,15.33,14.54,15.27,7929575,15.03,0.13,117.46153846153845
2009-07-16,15.23,15.5008,14.81,15.37,4064087,15.15,0.13,118.23076923076923
2009-07-17,15.33,15.49,14.98,15.06,2774505,15.19,0.13,115.84615384615384
2009-07-20,15.2,15.42,14.91,15.22,3064251,15.14,0.13,117.07692307692308
2009-07-21,15.34,15.35,14.98,15.35,3150579,15.2,0.13,118.07692307692307
2009-07-22,15.26,16.0,15.19,15.78,2739480,15.85,0.13,121.38461538461537
2009-07-23,15.76,16.72,15.54,16.51,4583426,16.45,0.13,127.00000000000001
2009-07-24,16.32,16.4,15.98,16.38,2472461,16.23,0.13,125.99999999999999
2009-07-27,16.31,16.33,15.79,15.92,2966029,15.97,0.13,122.46153846153845
2009-07-28,15.86,16.05,15.5,15.99,2296198,15.79,0.13,123.0
2009-07-29,15.83,16.02,15.55,15.73,2264280,15.79,0.13,121.0
2009-07-30,15.93,16.62,15.91,16.03,2759043,16.24,0.13,123.3076923076923
2009-07-31,15.93,16.37,15.75,16.13,2837492,16.18,0.13,124.07692307692307
2009-08-03,16.29,16.69,16.07,16.65,1923587,16.46,0.13,128.07692307692307
2009-08-04,16.5,16.75,16.44,16.56,2257560,16.61,0.13,127.38461538461537
2009-08-05,16.61,16.65,16.09,16.3,1988977,16.28,0.13,125.38461538461539
2009-08-06,16.3,16.66,16.19,16.3,2249870,16.41,0.13,125.38461538461539
2009-08-07,16.53,17.53,16.41,17.4,3511044,17.15,0.13,133.84615384615384
2009-08-10,17.33,17.35,16.94,17.34,3164976,17.23,0.13,133.3846153846154
2009-08-11,17.24,17.44,16.93,16.99,3422965,17.09,0.13,130.69230769230768
2009-08-12,16.91,17.32,16.91,16.99,1993055,17.14,0.13,130.69230769230768
2009-08-13,16.9,17.4,16.73,17.31,2302684,17.19,0.13,133.15384615384613
2009-08-14,17.23,17.31,16.46,16.67,3206194,16.74,0.13,128.23076923076923
2009-08-17,16.36,16.5,15.96,16.03,2610874,16.08,0.13,123.3076923076923
2009-08-18,16.12,16.47,15.92,16.39,1747500,16.27,0.13,126.07692307692308
2009-08-19,16.16,16.72,16.035,16.55,1046669,16.53,0.13,127.3076923076923
2009-08-20,16.48,16.75,16.36,16.68,1536421,16.59,0.13,128.3076923076923
2009-08-21,16.85,17.31,16.73,17.14,1671553,17.12,0.13,131.84615384615384
2009-08-24,17.23,17.33,16.5,16.55,1638615,16.85,0.13,127.3076923076923
2009-08-25,16.62,17.38,16.57,17.21,1856039,17.15,0.13,132.3846153846154
2009-08-26,17.14,17.6,17.01,17.01,1934633,17.24,0.13,130.84615384615384
2009-08-27,16.94,17.28,16.71,17.12,1668544,17.02,0.13,131.6923076923077
2009-08-28,17.29,17.59,17.18,17.56,2589820,17.46,0.13,135.07692307692307
2009-08-31,17.34,17.43,17.15,17.31,2363454,17.27,0.13,133.15384615384613
2009-09-01,17.16,17.66,16.8,16.85,2755787,17.13,0.13,129.6153846153846
2009-09-02,16.78,17.19,16.64,16.98,2837340,17.02,0.13,130.6153846153846
2009-09-03,17.03,17.3,16.84,17.3,1643941,17.14,0.13,133.07692307692307
2009-09-04,17.21,17.5,17.08,17.28,1088546,17.28,0.13,132.92307692307693
2009-09-08,17.49,17.71,17.39,17.71,1811968,17.57,0.13,136.23076923076923
2009-09-09,17.67,18.11,17.54,17.89,1575670,17.87,0.13,137.6153846153846
2009-09-10,17.92,18.15,17.71,18.07,1643359,17.99,0.13,139.0
2009-09-11,18.06,18.19,17.87,17.96,2052382,18.05,0.13,138.15384615384616
2009-09-14,17.79,17.99,17.56,17.99,1383541,17.83,0.13,138.38461538461536
2009-09-15,18.1,19.43,18.01,19.42,5594255,19.1,0.13,149.3846153846154
2009-09-16,19.43,20.0101,19.27,19.53,3439203,19.61,0.13,150.23076923076923
2009-09-17,19.42,19.49,18.72,18.79,2855802,19.06,0.13,144.53846153846152
2009-09-18,18.96,19.16,18.6575,19.06,2975980,19.01,0.13,146.6153846153846
2009-09-21,18.91,19.41,18.68,19.33,3927605,19.12,0.13,148.69230769230768
2009-09-22,20.5,21.46,20.1,21.2,14970710,21.07,0.13,163.07692307692307
2009-09-23,21.65,21.65,20.52,20.55,3335911,20.9,0.13,158.07692307692307
2009-09-24,20.54,20.54,19.74,20.29,3959252,20.13,0.13,156.07692307692307
2009-09-25,20.04,20.49,19.84,20.32,2801725,20.22,0.13,156.3076923076923
2009-09-28,20.32,21.2,20.23,21.05,3009218,20.96,0.13,161.92307692307693
2009-09-29,21.05,21.14,20.7,20.82,3367932,20.85,0.13,160.15384615384616
2009-09-30,20.91,21.08,20.2,20.9,2831693,20.74,0.13,160.76923076923075
2009-10-01,20.75,20.79,19.47,19.57,5573734,19.83,0.13,150.53846153846155
2009-10-02,19.33,19.63,18.91,19.34,3679768,19.29,0.13,148.76923076923077
2009-10-05,19.37,19.93,19.26,19.81,2787790,19.69,0.13,152.38461538461536
2009-10-06,19.93,20.4,19.88,20.39,2851856,20.22,0.13,156.84615384615384
2009-10-07,20.28,20.69,20.17,20.38,4711998,20.44,0.13,156.76923076923075
2009-10-08,20.5,20.86,20.32,20.47,2664892,20.56,0.47,43.5531914893617
2009-10-09,20.38,20.57,20.19,20.46,1412044,20.39,0.47,43.53191489361703
2009-10-12,20.51,20.85,20.35,20.51,1573886,20.52,0.47,43.63829787234043
2009-10-13,20.45,20.74,20.29,20.71,1785288,20.58,0.47,44.06382978723405
2009-10-14,20.93,21.52,20.93,21.51,2643664,21.34,0.47,45.765957446808514
2009-10-15,21.39,21.64,21.18,21.64,1849632,21.46,0.47,46.04255319148937
2009-10-16,21.39,21.96,21.31,21.87,2880793,21.7,0.47,46.53191489361703
2009-10-19,21.85,22.15,21.7,21.98,2359940,21.94,0.47,46.765957446808514
2009-10-20,22.44,22.44,21.88,22.2,3466916,22.12,0.47,47.23404255319149
2009-10-21,22.18,23.07,22.07,22.21,4092751,22.7,0.47,47.255319148936174
2009-10-22,22.24,22.8,21.93,22.7,4168616,22.45,0.47,48.297872340425535
2009-10-23,22.86,22.96,22.2,22.32,2035550,22.43,0.47,47.48936170212766
2009-10-26,22.3,22.92,22.09,22.2,1295776,22.45,0.47,47.23404255319149
2009-10-27,22.11,22.21,21.07,21.11,2722005,21.49,0.47,44.91489361702128
2009-10-28,21.06,21.3,19.86,19.97,3652055,20.32,0.47,42.48936170212766
2009-10-29,20.11,20.91,20.06,20.68,2955095,20.61,0.47,44.0
2009-10-30,20.62,20.75,19.42,19.67,3776538,19.99,0.47,41.85106382978724
2009-11-02,19.84,20.04,19.26,19.72,2540744,19.65,0.47,41.95744680851064
2009-11-03,19.63,20.0,19.24,19.93,2049447,19.76,0.47,42.40425531914894
2009-11-04,20.16,20.59,19.94,20.3,3348124,20.35,0.47,43.19148936170213
2009-11-05,20.42,20.9,20.15,20.89,1952330,20.68,0.47,44.4468085106383
2009-11-06,20.61,21.28,20.54,20.94,1482153,20.92,0.47,44.55319148936171
2009-11-09,21.33,21.37,21.06,21.25,1296478,21.2,0.47,45.21276595744681
2009-11-10,21.17,21.335,20.88,21.18,2291951,21.13,0.47,45.06382978723404
2009-11-11,21.35,21.62,20.98,21.1,1524365,21.21,0.47,44.893617021276604
2009-11-12,21.02,21.23,20.66,20.8,1330020,20.85,0.47,44.255319148936174
2009-11-13,20.84,21.06,20.45,20.96,1161220,20.78,0.47,44.59574468085107
2009-11-16,21.23,21.42,20.89,21.27,1462394,21.27,0.47,45.255319148936174
2009-11-17,21.22,21.33,20.64,20.94,979814,20.9,0.47,44.55319148936171
2009-11-18,20.87,20.95,20.47,20.58,1146924,20.63,0.47,43.78723404255319
2009-11-19,20.25,20.36,19.88,20.16,1254293,20.09,0.47,42.8936170212766
2009-11-20,20.09,20.41,19.595,20.1,1511547,19.89,0.47,42.765957446808514
2009-11-23,20.35,20.63,20.0,20.24,1182047,20.3,0.47,43.06382978723404
2009-11-24,20.24,20.36,19.97,20.0,1386045,20.1,0.47,42.5531914893617
2009-11-25,20.1,20.5,20.0,20.32,1592664,20.32,0.47,43.23404255319149
2009-11-27,19.66,20.14,19.36,19.99,765645,19.88,0.47,42.53191489361702
2009-11-30,20.1,20.21,19.47,19.88,1771165,19.82,0.47,42.297872340425535
2009-12-01,20.13,20.4,19.96,20.16,1308996,20.18,0.47,42.8936170212766
2009-12-02,20.19,20.53,20.04,20.17,1181736,20.28,0.47,42.914893617021285
2009-12-03,20.105,20.26,19.6,19.63,1666575,19.88,0.47,41.765957446808514
2009-12-04,19.91,20.45,19.68,19.97,1494081,20.05,0.47,42.48936170212766
2009-12-07,19.92,20.5,19.92,20.3,1766362,20.34,0.47,43.19148936170213
2009-12-08,20.28,20.4,19.9,20.34,1800915,20.22,0.47,43.276595744680854
2009-12-09,20.35,20.38,19.92,20.31,1511734,20.2,0.47,43.212765957446805
2009-12-10,20.45,20.87,20.35,20.6,1875069,20.57,0.47,43.829787234042556
2009-12-11,20.78,21.1,20.61,20.99,2429474,20.91,0.47,44.659574468085104
2009-12-14,21.2,21.72,21.05,21.49,3181193,21.42,0.47,45.723404255319146
2009-12-15,21.48,21.51,21.07,21.17,2389178,21.28,0.47,45.04255319148937
2009-12-16,21.27,21.83,21.25,21.77,2049428,21.58,0.47,46.319148936170215
2009-12-17,21.59,21.96,21.47,21.82,2716402,21.82,0.47,46.42553191489362
2009-12-18,23.06,23.4,22.27,23.35,7728364,22.95,0.47,49.68085106382979
2009-12-21,23.59,24.16,23.51,24.03,2971414,23.94,0.47,51.12765957446809
2009-12-22,24.08,24.25,23.955,23.99,1819094,24.09,0.47,51.04255319148936
2009-12-23,24.06,24.3,23.79,24.25,1528501,24.08,0.47,51.59574468085107
2009-12-24,24.24,24.42,24.03,24.23,578322,24.19,0.47,51.55319148936171
2009-12-28,24.3,24.71,24.25,24.5,1730010,24.51,0.47,52.12765957446809
2009-12-29,24.54,24.63,24.35,24.4,867804,24.47,0.47,51.91489361702128
2009-12-30,24.46,24.58,24.22,24.46,969104,24.41,0.47,52.04255319148937
2009-12-31,24.49,24.75,24.25,24.25,1214594,24.47,0.47,51.59574468085107
2010-01-04,24.48,24.48,23.87,23.98,2123488,24.1,0.47,51.02127659574469
2010-01-05,24.03,24.12,23.6,24.12,1689661,23.93,0.47,51.319148936170215
2010-01-06,24.18,24.5,24.01,24.43,1568988,24.38,0.47,51.97872340425532
2010-01-07,24.36,24.68,24.11,24.2,1550865,24.27,0.47,51.48936170212766
2010-01-08,24.1,24.33,23.85,24.31,895247,24.14,0.34,71.49999999999999
2010-01-11,24.34,24.35,23.8,23.95,900977,23.97,0.34,70.44117647058823
2010-01-12,23.75,23.75,23.18,23.37,2092706,23.42,0.34,68.73529411764706
2010-01-13,23.41,23.54,23.03,23.49,1280728,23.3,0.34,69.08823529411764
2010-01-14,23.4,23.43,22.7,22.91,1165078,22.93,0.34,67.38235294117646
2010-01-15,22.74,23.09,22.41,22.56,1092261,22.6,0.34,66.35294117647058
2010-01-19,22.56,22.94,22.41,22.85,1792743,22.69,0.34,67.20588235294117
2010-01-20,22.59,22.66,22.32,22.4,1695449,22.45,0.34,65.88235294117646
2010-01-21,21.65,22.1,21.14,21.65,3752956,21.72,0.34,63.67647058823528
2010-01-22,21.59,21.94,21.2,21.29,1954926,21.52,0.34,62.61764705882352
2010-01-25,21.47,21.73,21.37,21.58,1066464,21.59,0.34,63.47058823529411
2010-01-26,21.51,21.82,21.36,21.41,677401,21.56,0.34,62.970588235294116
2010-01-27,21.32,21.51,20.8504,21.34,1990514,21.08,0.34,62.764705882352935
2010-01-28,21.35,21.4,20.98,21.1,1585491,21.14,0.34,62.05882352941176
2010-01-29,21.19,21.43,20.61,20.63,2026248,20.98,0.34,60.67647058823529
2010-02-01,20.7,21.16,20.7,21.1,1044992,21.02,0.34,62.05882352941176
2010-02-02,21.18,21.69,20.99,21.64,985314,21.45,0.34,63.647058823529406
2010-02-03,21.44,21.67,21.24,21.49,1210608,21.44,0.34,63.20588235294117
2010-02-04,21.22,21.39,20.67,20.73,2022615,20.9,0.34,60.970588235294116
2010-02-05,20.74,20.82,19.73,20.24,2623486,20.16,0.34,59.52941176470588
2010-02-08,20.7,20.76,20.25,20.33,1294606,20.49,0.34,59.79411764705881
2010-02-09,20.89,20.95,20.4,20.75,2048268,20.72,0.34,61.02941176470588
2010-02-10,20.73,21.05,20.52,20.8,1259692,20.82,0.34,61.17647058823529
2010-02-11,20.85,21.23,20.56,21.21,1662697,21.04,0.34,62.38235294117647
2010-02-12,20.97,21.05,20.76,21.0,1716488,20.93,0.34,61.764705882352935
2010-02-16,21.15,21.29,20.99,21.18,991877,21.17,0.34,62.29411764705882
2010-02-17,21.29,21.42,21.01,21.19,1117288,21.19,0.34,62.3235294117647
2010-02-18,21.22,21.29,21.03,21.1,798237,21.14,0.34,62.05882352941176
2010-02-19,21.09,21.16,20.63,20.78,1741785,20.76,0.34,61.11764705882353
2010-02-22,20.91,20.91,20.49,20.56,1287256,20.6,0.34,60.47058823529411
2010-02-23,20.56,20.56,19.98,20.17,2384125,20.21,0.34,59.32352941176471
2010-02-24,20.38,20.5,20.2,20.42,2014984,20.34,0.34,60.05882352941177
2010-02-25,20.11,20.405,19.94,20.33,1358350,20.18,0.34,59.79411764705881
2010-02-26,20.37,20.37,20.01,20.19,1465131,20.21,0.34,59.38235294117647
2010-03-01,20.33,21.48,20.3,21.47,2770283,21.2,0.34,63.147058823529406
2010-03-02,21.5,22.0,21.5,21.7,2225760,21.77,0.34,63.823529411764696
2010-03-03,21.69,22.62,21.69,22.2,2154275,22.22,0.34,65.29411764705881
2010-03-04,22.19,22.55,22.18,22.52,1541528,22.46,0.34,66.23529411764706
2010-03-05,22.71,23.33,22.56,23.3,1951812,23.16,0.34,68.52941176470588
2010-03-08,23.33,23.73,23.19,23.23,1580723,23.38,0.34,68.3235294117647
2010-03-09,23.11,23.35,22.9,22.98,1146187,23.15,0.34,67.58823529411764
2010-03-10,22.92,23.35,22.9045,23.29,1105225,23.23,0.34,68.49999999999999
2010-03-11,23.09,23.3,22.85,23.29,822427,23.14,0.34,68.49999999999999
2010-03-12,23.37,23.4,23.0,23.4,874433,23.29,0.34,68.8235294117647
2010-03-15,23.34,23.47,22.95,23.27,603179,23.16,0.34,68.44117647058823
2010-03-16,23.26,23.51,23.12,23.37,591957,23.31,0.34,68.73529411764706
2010-03-17,23.5,24.37,23.39,24.21,2105566,24.12,0.34,71.20588235294117
2010-03-18,24.09,24.24,23.67,23.88,1117967,23.87,0.34,70.23529411764704
2010-03-19,23.9,24.08,23.405,23.64,1356460,23.7,0.34,69.52941176470588
2010-03-22,23.4,24.2,23.27,24.01,1426027,23.99,0.34,70.61764705882352
2010-03-23,24.02,24.74,23.88,24.73,1572958,24.33,0.34,72.73529411764706
2010-03-24,24.61,24.905,24.36,24.45,1572375,24.62,0.34,71.91176470588235
2010-03-25,24.59,24.95,24.45,24.51,1288565,24.67,0.34,72.08823529411765
2010-03-26,24.69,25.15,24.62,25.01,1668146,24.94,0.34,73.55882352941177
2010-03-29,25.04,25.91,25.01,25.78,3636864,25.58,0.34,75.82352941176471
2010-03-30,25.75,26.09,25.65,25.91,2105061,25.86,0.34,76.20588235294117
2010-03-31,25.89,26.0,25.08,25.12,3189732,25.49,0.34,73.88235294117646
2010-04-01,26.12,26.35,25.4,26.08,5462952,25.89,0.34,76.70588235294116
2010-04-05,26.25,26.25,25.53,25.71,2561245,25.75,0.34,75.61764705882352
2010-04-06,25.5,25.6,25.09,25.46,2967692,25.39,0.34,74.88235294117646
2010-04-07,25.31,25.53,24.74,24.97,3521262,25.13,0.34,73.44117647058823
2010-04-08,24.89,24.92,24.52,24.68,2722537,24.7,0.34,72.58823529411764
2010-04-09,24.75,24.75,24.3,24.63,1532679,24.53,0.34,72.44117647058823
2010-04-12,24.56,24.58,24.065,24.33,2285662,24.27,0.34,71.55882352941175
2010-04-13,24.26,24.63,24.12,24.59,1916743,24.4,0.34,72.3235294117647
2010-04-14,24.75,25.78,24.53,25.78,2583937,25.34,0.34,75.82352941176471
2010-04-15,25.63,25.86,25.51,25.67,1828502,25.7,0.34,75.5
2010-04-16,25.57,25.64,24.98,25.19,1692449,25.31,0.34,74.08823529411765
2010-04-19,25.03,25.25,24.37,24.88,1562587,24.78,0.34,73.17647058823529
2010-04-20,25.06,25.23,24.78,25.07,1140312,25.06,0.34,73.73529411764706
2010-04-21,25.03,25.3,24.6,25.0,2782272,24.93,0.34,73.52941176470588
2010-04-22,24.77,25.64,24.47,25.54,1905757,25.27,0.34,75.11764705882352
2010-04-23,25.5,26.24,25.29,26.2,1842730,25.86,0.34,77.05882352941175
2010-04-26,26.11,26.5,25.65,25.7,2517913,26.13,0.34,75.58823529411764
2010-04-27,25.52,25.83,24.99,25.01,1914754,25.33,0.34,73.55882352941177
2010-04-28,25.19,25.33,24.58,24.71,1219354,24.89,0.34,72.67647058823529
2010-04-29,24.93,25.47,24.86,25.39,1043994,25.3,0.34,74.67647058823529
2010-04-30,25.47,25.49,24.55,24.57,1786730,25.02,0.34,72.26470588235294
2010-05-03,24.66,24.82,24.43,24.69,2104194,24.62,0.34,72.61764705882352
2010-05-04,24.3,24.39,23.405,24.04,2129363,23.84,0.34,70.70588235294117
2010-05-05,23.81,24.56,23.54,23.97,2014337,24.07,0.34,70.49999999999999
2010-05-06,23.75,23.88,21.13,22.69,2555677,22.83,0.34,66.73529411764706
2010-05-07,22.68,23.0,21.5701,22.23,3118673,22.43,0.34,65.38235294117646
2010-05-10,23.08,23.75,23.02,23.75,2484142,23.47,0.34,69.85294117647058
2010-05-11,23.37,24.21,23.35,23.94,1240997,23.94,0.34,70.41176470588235
2010-05-12,24.11,24.7,23.94,24.62,1795161,24.32,0.34,72.41176470588235
2010-05-13,24.49,24.78,23.91,24.07,1562175,24.33,0.34,70.79411764705883
2010-05-14,23.83,23.9,22.92,23.22,1807879,23.28,0.34,68.29411764705881
2010-05-17,23.41,23.66,22.7,23.59,1129757,23.28,0.34,69.38235294117646
2010-05-18,23.9,24.34,22.79,22.85,2313805,23.41,0.34,67.20588235294117
2010-05-19,22.7,23.05,21.99,22.78,2553378,22.58,0.34,67.0
2010-05-20,21.97,22.6,21.66,21.79,2144462,22.1,0.34,64.08823529411764
2010-05-21,21.27,22.15,21.22,21.87,3495892,21.83,0.34,64.32352941176471
2010-05-24,21.81,22.15,21.65,21.7,1596913,21.91,0.34,63.823529411764696
2010-05-25,21.02,21.87,20.72,21.79,3570396,21.23,0.34,64.08823529411764
2010-05-26,21.89,22.32,21.34,21.47,1971064,21.75,0.34,63.147058823529406
2010-05-27,22.03,22.35,21.77,22.29,2060874,22.16,0.34,65.55882352941175
2010-05-28,22.19,22.33,21.48,21.73,2280333,21.86,0.34,63.91176470588235
2010-06-01,21.45,21.85,21.12,21.14,1599684,21.45,0.34,62.17647058823529
2010-06-02,21.52,21.89,20.95,21.88,1572265,21.44,0.34,64.35294117647058
2010-06-03,22.07,22.55,22.01,22.39,2618288,22.32,0.34,65.85294117647058
2010-06-04,21.72,21.87,20.75,20.93,2515514,21.2,0.34,61.55882352941176
2010-06-07,21.06,21.21,20.14,20.17,1690391,20.58,0.34,59.32352941176471
2010-06-08,20.24,20.49,19.48,19.63,4727692,19.73,0.34,57.73529411764705
2010-06-09,19.85,20.06,19.07,19.21,5406344,19.5,0.34,56.5
2010-06-10,19.6,19.85,19.38,19.78,2215882,19.62,0.34,58.17647058823529
2010-06-11,19.49,20.26,19.46,20.04,2179319,19.94,0.34,58.94117647058823
2010-06-14,20.35,21.14,20.22,20.83,2598771,20.9,0.34,61.264705882352935
2010-06-15,20.95,21.33,20.7,21.26,1589540,21.1,0.34,62.529411764705884
2010-06-16,21.08,21.89,20.92,21.6,4150173,21.53,0.34,63.529411764705884
2010-06-17,21.8,21.82,20.61,20.82,2243405,20.89,0.34,61.23529411764706
2010-06-18,20.74,21.08,20.6,20.67,2244233,20.78,0.34,60.794117647058826
2010-06-21,20.96,20.98,20.17,20.37,2834717,20.43,0.34,59.911764705882355
2010-06-22,20.42,20.81,19.87,20.0,3621754,20.23,0.34,58.8235294117647
2010-06-23,21.94,22.04,21.2806,21.85,10319889,21.68,0.34,64.26470588235294
2010-06-24,21.98,22.0,21.12,21.34,4557344,21.42,0.34,62.764705882352935
2010-06-25,21.5,21.93,21.29,21.35,42569416,21.39,0.34,62.794117647058826
2010-06-28,21.27,21.41,20.82,20.93,5637198,21.09,0.34,61.55882352941176
2010-06-29,20.51,20.63,19.69,19.94,4435342,20.06,0.34,58.64705882352941
2010-06-30,19.93,20.46,19.76,19.9,3724715,20.16,0.34,58.52941176470588
2010-07-01,19.95,20.31,19.54,20.18,4564187,19.98,0.34,59.35294117647058
2010-07-02,20.29,20.39,19.645,19.76,2977407,19.92,0.34,58.11764705882353
2010-07-06,20.11,20.22,19.18,19.42,2967635,19.6,0.34,57.11764705882353
2010-07-07,19.44,20.16,19.42,20.15,2482413,19.88,0.34,59.264705882352935
2010-07-08,20.31,20.59,19.05,19.29,6650107,19.54,0.34,56.73529411764705
2010-07-09,19.2,19.5,19.11,19.35,4276477,19.34,0.34,56.911764705882355
2010-07-12,19.23,19.44,18.71,18.84,4534402,18.97,0.45,41.86666666666667
2010-07-13,19.1,19.71,19.01,19.63,2769442,19.46,0.45,43.62222222222222
2010-07-14,19.5,19.58,19.07,19.18,3420316,19.24,0.45,42.62222222222222
2010-07-15,19.14,19.75,18.94,19.61,6176398,19.42,0.45,43.577777777777776
2010-07-16,19.47,19.47,18.62,18.67,4105173,18.86,0.45,41.488888888888894
2010-07-19,18.74,19.26,18.62,19.16,2735930,19.02,0.45,42.577777777777776
2010-07-20,18.81,19.71,18.72,19.66,3115617,19.32,0.45,43.68888888888889
2010-07-21,19.8,20.0,19.37,19.52,3261178,19.61,0.45,43.37777777777777
2010-07-22,19.81,20.29,19.8,20.13,2545350,20.1,0.45,44.73333333333333
2010-07-23,20.01,21.04,19.91,20.99,3529326,20.68,0.45,46.64444444444444
2010-07-26,21.14,21.51,20.71,21.51,2075183,21.29,0.45,47.800000000000004
2010-07-27,21.64,21.81,21.035,21.12,3470425,21.26,0.45,46.93333333333334
2010-07-28,20.98,21.26,20.81,20.98,2759115,20.99,0.45,46.62222222222222
2010-07-29,21.07,21.27,20.45,20.89,2793029,20.84,0.45,46.422222222222224
2010-07-30,20.54,21.24,20.33,21.1,2425096,20.96,0.45,46.88888888888889
2010-08-02,21.47,21.84,21.0,21.71,3028997,21.57,0.45,48.24444444444445
2010-08-03,21.62,21.62,21.0,21.28,2289045,21.31,0.45,47.28888888888889
2010-08-04,21.34,21.51,21.12,21.43,1472572,21.33,0.45,47.62222222222222
2010-08-05,21.21,21.21,20.79,21.11,1445609,21.01,0.45,46.91111111111111
2010-08-06,20.81,20.98,20.36,20.8,2338841,20.61,0.45,46.22222222222222
2010-08-09,20.84,21.83,20.84,21.83,2849749,21.63,0.45,48.511111111111106
2010-08-10,21.51,21.81,21.25,21.54,3276807,21.58,0.45,47.86666666666667
2010-08-11,21.03,21.42,20.85,20.93,2599136,21.04,0.45,46.51111111111111
2010-08-12,20.51,21.05,20.33,20.89,2227995,20.83,0.45,46.422222222222224
2010-08-13,20.77,21.14,20.632,20.82,1659483,20.89,0.45,46.266666666666666
2010-08-16,20.62,21.37,20.53,20.81,1433638,20.96,0.45,46.24444444444444
2010-08-17,21.1,21.23,20.88,21.07,1627476,21.07,0.45,46.82222222222222
2010-08-18,21.02,21.74,20.78,21.63,2694016,21.47,0.45,48.06666666666666
2010-08-19,21.5,21.6899,21.05,21.17,2396794,21.23,0.45,47.044444444444444
2010-08-20,21.01,21.59,20.9,21.56,2582566,21.29,0.45,47.911111111111104
2010-08-23,21.57,21.85,20.84,20.84,1526155,21.13,0.45,46.31111111111111
2010-08-24,20.5,20.92,20.08,20.68,2077403,20.66,0.45,45.955555555555556
2010-08-25,20.54,20.92,20.23,20.82,1391119,20.64,0.45,46.266666666666666
2010-08-26,20.85,21.01,20.46,20.48,1078482,20.67,0.45,45.51111111111111
2010-08-27,20.69,20.93,20.2,20.85,1246344,20.7,0.45,46.333333333333336
2010-08-30,20.79,20.89,20.26,20.28,1175167,20.53,0.45,45.06666666666667
2010-08-31,20.1,20.49,19.75,19.93,2243141,20.09,0.45,44.288888888888884
2010-09-01,20.24,20.98,20.24,20.78,1866357,20.77,0.45,46.17777777777778
2010-09-02,20.84,21.4475,20.84,21.43,1080534,21.31,0.45,47.62222222222222
2010-09-03,21.77,22.06,21.37,21.7,1396753,21.66,0.45,48.22222222222222
2010-09-07,21.56,21.63,21.26,21.28,1086659,21.44,0.45,47.28888888888889
2010-09-08,21.39,22.5,21.33,22.28,3346138,22.23,0.45,49.51111111111111
2010-09-09,22.66,22.69,21.84,22.01,2113900,22.06,0.45,48.91111111111111
2010-09-10,22.05,22.43,22.01,22.39,1406859,22.3,0.45,49.75555555555555
2010-09-13,22.97,23.5,22.88,23.11,2134158,23.12,0.45,51.355555555555554
2010-09-14,23.09,23.84,23.09,23.54,2557333,23.59,0.45,52.31111111111111
2010-09-15,23.36,23.81,23.22,23.78,2165217,23.62,0.45,52.84444444444445
2010-09-16,23.68,23.68,23.315,23.48,1954684,23.46,0.45,52.17777777777778
2010-09-17,23.65,23.87,23.06,23.65,4492627,23.67,0.45,52.55555555555555
2010-09-20,24.26,24.8,23.89,23.89,5795036,24.1,0.45,53.08888888888889
2010-09-21,24.0,24.27,23.83,24.12,2521452,24.08,0.45,53.6
2010-09-22,24.95,26.19,24.93,26.16,9553560,25.83,0.45,58.13333333333333
2010-09-23,25.74,27.18,25.66,26.99,5778828,26.71,0.45,59.977777777777774
2010-09-24,27.04,27.51,26.69,27.35,3568157,27.28,0.45,60.77777777777778
2010-09-27,27.58,27.62,27.2,27.42,2587626,27.44,0.45,60.93333333333334
2010-09-28,27.44,27.63,26.91,27.51,3400571,27.39,0.45,61.13333333333333
2010-09-29,27.28,27.7,27.1501,27.68,3220392,27.57,0.45,61.511111111111106
2010-09-30,27.75,27.99,27.5,27.86,2794748,27.78,0.45,61.91111111111111
2010-10-01,27.95,28.22,27.48,27.79,2606161,27.76,0.45,61.75555555555555
2010-10-04,27.65,27.99,27.25,27.73,4061181,27.6,0.45,61.62222222222222
2010-10-05,28.0,28.09,27.51,27.77,3690942,27.78,0.45,61.71111111111111
2010-10-06,27.68,27.91,27.5,27.86,3005988,27.74,0.45,61.91111111111111
2010-10-07,27.91,28.08,27.59,28.08,2288224,27.86,0.45,62.39999999999999
2010-10-08,28.18,30.05,28.16,29.65,5166485,29.57,0.48,61.770833333333336
2010-10-11,29.6,29.89,29.39,29.68,2140030,29.68,0.48,61.833333333333336
2010-10-12,29.45,29.68,29.13,29.43,2550833,29.35,0.48,61.3125
2010-10-13,29.74,29.85,29.26,29.46,2776636,29.54,0.48,61.37500000000001
2010-10-14,29.43,29.59,29.04,29.46,2824425,29.33,0.48,61.37500000000001
2010-10-15,29.78,29.86,29.33,29.66,2492705,29.64,0.48,61.79166666666667
2010-10-18,29.57,29.57,28.98,29.39,2184836,29.28,0.48,61.22916666666667
2010-10-19,29.02,29.5925,28.7,29.56,4123823,29.33,0.48,61.583333333333336
2010-10-20,29.65,29.99,29.41,29.71,1473663,29.76,0.48,61.895833333333336
2010-10-21,29.84,30.1,28.96,29.28,2359793,29.42,0.48,61.00000000000001
2010-10-22,29.38,29.54,29.16,29.54,1353189,29.37,0.48,61.541666666666664
2010-10-25,29.65,29.95,29.56,29.79,1623915,29.82,0.48,62.0625
2010-10-26,29.58,30.14,29.33,29.9,1691039,29.91,0.48,62.291666666666664
2010-10-27,29.64,29.74,29.15,29.64,1608628,29.42,0.48,61.75
2010-10-28,29.81,29.9,29.23,29.48,1225302,29.5,0.48,61.41666666666667
2010-10-29,29.55,31.09,29.55,30.99,2765772,30.48,0.48,64.5625
2010-11-01,31.14,31.17,30.33,30.52,1652728,30.6,0.48,63.583333333333336
2010-11-02,30.86,31.23,30.38,31.01,1553047,30.91,0.48,64.60416666666667
2010-11-03,31.1,31.45,30.73,31.44,1555147,31.17,0.48,65.5
2010-11-04,31.9,32.085,31.69,32.01,2136991,31.92,0.48,66.6875
2010-11-05,32.12,32.94,32.11,32.35,2082955,32.51,0.48,67.39583333333334
2010-11-08,32.21,32.93,32.16,32.88,1566107,32.63,0.48,68.50000000000001
2010-11-09,32.91,33.1599,32.12,32.37,1520222,32.47,0.48,67.4375
2010-11-10,32.45,34.37,32.38,33.65,3715836,33.58,0.48,70.10416666666667
2010-11-11,33.47,33.91,33.1,33.74,1505685,33.6,0.48,70.29166666666667
2010-11-12,33.49,33.81,32.82,33.0,1520760,33.09,0.48,68.75
2010-11-15,33.1,33.49,32.83,32.86,1072499,33.09,0.48,68.45833333333333
2010-11-16,32.59,32.88,31.8,32.05,2216730,32.18,0.48,66.77083333333333
2010-11-17,32.06,32.41,31.94,32.24,2175448,32.24,0.48,67.16666666666667
2010-11-18,32.55,33.0,32.43,32.51,1604786,32.68,0.48,67.72916666666667
2010-11-19,32.47,32.62,32.0,32.56,1346101,32.38,0.48,67.83333333333334
2010-11-22,32.4,33.23,32.36,33.19,2075956,32.97,0.48,69.14583333333333
2010-11-23,32.82,33.22,32.4658,32.81,1261839,32.86,0.48,68.35416666666667
2010-11-24,33.07,33.45,32.98,33.37,1595810,33.3,0.48,69.52083333333333
2010-11-26,33.13,33.25,32.9,33.06,510511,33.05,0.48,68.87500000000001
2010-11-29,32.84,32.91,32.35,32.81,1784614,32.61,0.48,68.35416666666667
2010-11-30,32.5,33.1,32.27,32.9,1381379,32.87,0.48,68.54166666666667
2010-12-01,33.38,33.69,33.18,33.55,1855327,33.52,0.48,69.89583333333333
2010-12-02,33.52,33.82,33.3,33.64,2153988,33.6,0.48,70.08333333333334
2010-12-03,33.42,34.65,33.285,34.55,2463605,33.97,0.48,71.97916666666666
2010-12-06,34.5,34.5497,34.19,34.45,1499759,34.39,0.48,71.77083333333334
2010-12-07,34.9,35.22,34.45,34.53,1785250,34.75,0.48,71.9375
2010-12-08,34.67,34.99,34.37,34.53,1141703,34.54,0.48,71.9375
2010-12-09,34.09,34.74,33.61,34.59,1718864,34.58,0.48,72.06250000000001
2010-12-10,34.61,34.66,34.04,34.52,1568091,34.4,0.48,71.91666666666667
2010-12-13,34.61,34.95,34.27,34.62,2663792,34.66,0.48,72.125
2010-12-14,34.6,34.79,34.34,34.5,1596592,34.59,0.48,71.875
2010-12-15,34.5,34.97,34.33,34.74,1412880,34.73,0.48,72.375
2010-12-16,34.76,35.05,34.58,35.03,1929559,34.94,0.48,72.97916666666667
2010-12-17,34.72,35.52,34.66,35.51,4127066,35.33,0.48,73.97916666666667
2010-12-20,35.77,36.0,35.17,35.9,2925473,35.64,0.48,74.79166666666667
2010-12-21,34.46,34.5,32.2,33.17,11182992,32.97,0.48,69.10416666666667
2010-12-22,33.13,33.18,32.03,32.3,3897618,32.34,0.48,67.29166666666666
2010-12-23,32.34,32.77,32.34,32.59,2267835,32.58,0.48,67.89583333333334
2010-12-27,32.39,32.45,31.84,32.17,1564634,32.05,0.48,67.02083333333334
2010-12-28,32.17,32.29,31.67,31.84,1397413,31.88,0.48,66.33333333333333
2010-12-29,31.93,32.55,31.87,32.36,1406673,32.37,0.48,67.41666666666667
2010-12-30,32.42,32.65,32.19,32.25,1192115,32.33,0.48,67.1875
2010-12-31,32.19,32.19,31.64,31.88,1154194,31.91,0.48,66.41666666666667
2011-01-03,31.87,32.54,31.49,32.4,2284642,32.17,0.48,67.5
2011-01-04,32.55,32.55,31.32,31.42,1778722,31.66,0.48,65.45833333333334
2011-01-05,31.46,32.29,31.18,32.27,2456518,32.03,0.48,67.22916666666667
2011-01-06,32.21,32.33,31.56,31.7,1938527,31.83,0.48,66.04166666666667
2011-01-07,31.8,31.84,31.1,31.53,1915392,31.46,0.37,85.21621621621622
2011-01-10,31.41,32.53,31.39,32.42,2938693,32.22,0.37,87.62162162162163
2011-01-11,32.47,32.79,31.92,32.38,1461181,32.26,0.37,87.51351351351352
2011-01-12,32.43,32.94,32.16,32.37,1778032,32.46,0.37,87.48648648648648
2011-01-13,32.23,32.4,32.01,32.38,1453984,32.25,0.37,87.51351351351352
2011-01-14,32.33,32.52,32.081,32.47,1766019,32.35,0.37,87.75675675675676
2011-01-18,32.27,32.4555,31.95,32.04,1531857,32.07,0.37,86.5945945945946
2011-01-19,32.03,32.15,31.81,31.99,1489540,31.95,0.37,86.45945945945945
2011-01-20,31.82,32.1075,31.69,31.9,2086372,31.87,0.37,86.21621621621621
2011-01-21,32.64,32.87,32.18,32.44,3248334,32.48,0.37,87.67567567567568
2011-01-24,32.35,32.4,31.881,32.24,1846688,32.21,0.37,87.13513513513514
2011-01-25,32.2,32.21,31.49,32.06,1263542,31.96,0.37,86.64864864864866
2011-01-26,32.18,32.42,31.94,32.2,1842710,32.2,0.37,87.02702702702703
2011-01-27,32.76,33.64,32.71,32.91,2726103,33.13,0.37,88.94594594594594
2011-01-28,34.46,34.48,32.414,32.58,2428510,32.91,0.37,88.05405405405405
2011-01-31,32.67,32.88,32.22,32.65,1837488,32.58,0.37,88.24324324324324
2011-02-01,32.85,33.43,32.84,33.24,1756856,33.22,0.37,89.83783783783784
2011-02-02,33.11,33.3,32.57,32.62,1131237,32.82,0.37,88.16216216216216
2011-02-03,32.57,33.45,32.57,33.32,1817679,33.15,0.37,90.05405405405405
2011-02-04,33.4,34.05,33.3,34.02,2141426,33.89,0.37,91.94594594594595
2011-02-07,34.18,34.45,34.15,34.23,1376613,34.32,0.37,92.5135135135135
2011-02-08,34.0,34.41,33.89,34.39,1273069,34.24,0.37,92.94594594594595
2011-02-09,34.31,34.73,34.26,34.65,1467883,34.6,0.37,93.64864864864865
2011-02-10,34.43,34.83,34.21,34.83,1310619,34.61,0.37,94.13513513513513
2011-02-11,34.6,35.47,34.27,35.45,1940276,35.05,0.37,95.81081081081082
2011-02-14,35.37,35.6,35.04,35.42,1328012,35.37,0.37,95.72972972972974
2011-02-15,35.25,35.76,35.17,35.66,2210208,35.56,0.37,96.37837837837837
2011-02-16,35.73,36.86,35.73,36.6,2144710,36.57,0.37,98.91891891891892
2011-02-17,36.43,36.71,36.15,36.42,1145850,36.47,0.37,98.43243243243244
2011-02-18,36.5,37.02,36.31,36.83,1414827,36.72,0.37,99.54054054054053
2011-02-22,36.45,36.56,35.61,35.69,1749956,36.0,0.37,96.45945945945945
2011-02-23,35.7,35.75,34.16,34.59,1844694,34.75,0.37,93.4864864864865
2011-02-24,34.54,34.89,33.48,34.01,2728258,34.0,0.37,91.91891891891892
2011-02-25,34.89,36.01,34.62,35.25,1987072,35.15,0.37,95.27027027027027
2011-02-28,35.51,35.52,35.14,35.37,1338629,35.34,0.37,95.59459459459458
2011-03-01,35.59,35.98,34.475,34.63,1254696,34.91,0.37,93.5945945945946
2011-03-02,34.63,35.03,34.54,34.86,1262891,34.85,0.37,94.21621621621621
2011-03-03,35.21,35.43,35.06,35.38,1018569,35.33,0.37,95.62162162162163
2011-03-04,35.25,35.39,34.73,35.15,1108525,35.01,0.37,95.0
2011-03-07,35.33,35.42,34.19,34.4,1699197,34.52,0.37,92.97297297297297
2011-03-08,34.53,35.1,34.13,34.97,2095087,34.85,0.37,94.51351351351352
2011-03-09,34.86,35.42,34.59,35.2,949614,35.16,0.37,95.13513513513514
2011-03-10,34.55,34.56,32.89,33.4,3495457,33.48,0.37,90.27027027027027
2011-03-11,33.32,33.64,32.72,33.45,2129140,33.29,0.37,90.40540540540542
2011-03-14,33.09,33.21,32.5,32.85,2105047,32.83,0.37,88.78378378378379
2011-03-15,31.92,33.23,31.3,33.06,3081857,32.67,0.37,89.35135135135135
2011-03-16,32.94,33.1,32.38,32.76,1648728,32.83,0.37,88.54054054054053
2011-03-17,33.3,33.5837,32.7885,32.84,1580529,33.05,0.37,88.75675675675677
2011-03-18,33.31,33.46,32.65,33.12,2745488,33.03,0.37,89.5135135135135
2011-03-21,33.5,33.9499,33.09,33.82,1308741,33.65,0.37,91.4054054054054
2011-03-22,33.75,33.75,32.61,32.63,2350148,32.88,0.37,88.1891891891892
2011-03-23,32.44,32.52,31.47,32.28,3206511,32.08,0.37,87.24324324324324
2011-03-24,32.51,32.71,32.27,32.47,2970995,32.49,0.37,87.75675675675676
2011-03-25,33.21,33.44,32.96,33.01,2123146,33.19,0.37,89.21621621621621
2011-03-28,33.16,33.48,32.88,33.0,1598480,33.1,0.37,89.1891891891892
2011-03-29,32.94,33.97,32.65,33.95,2047863,33.63,0.37,91.75675675675677
2011-03-30,34.28,34.63,33.55,34.59,2800646,34.1,0.37,93.4864864864865
2011-03-31,33.47,33.65,31.85,32.1,9316664,32.31,0.37,86.75675675675676
2011-04-01,32.38,33.08,32.14,32.53,4241924,32.55,0.37,87.91891891891892
2011-04-04,32.58,32.58,31.68,32.02,2878728,31.98,0.37,86.54054054054055
2011-04-05,31.92,33.27,31.83,32.62,3252551,32.69,0.37,88.16216216216216
2011-04-06,32.94,33.21,32.24,32.5,1755060,32.56,0.37,87.83783783783784
2011-04-07,32.33,32.84,32.16,32.3,1820238,32.44,0.37,87.29729729729729
2011-04-08,32.78,32.87,32.11,32.32,1562737,32.48,0.37,87.35135135135135
2011-04-11,32.27,32.54,31.73,31.83,1519761,31.95,0.37,86.02702702702702
2011-04-12,31.6,31.92,30.95,31.87,3082327,31.52,0.37,86.13513513513514
2011-04-13,31.89,32.42,31.81,32.3,1897617,32.17,0.37,87.29729729729729
2011-04-14,31.97,32.29,31.66,32.26,2136793,32.05,0.37,87.18918918918918
2011-04-15,32.35,33.45,32.28,33.2,3206596,33.07,0.37,89.72972972972974
2011-04-18,32.78,32.93,32.41,32.82,1969749,32.72,0.37,88.70270270270271
2011-04-19,32.84,33.02,32.25,32.32,1434234,32.44,0.37,87.35135135135135
2011-04-20,32.73,33.82,32.73,33.48,2823630,33.44,0.37,90.48648648648648
2011-04-21,33.59,33.68,33.34,33.53,1046506,33.5,0.37,90.62162162162163
2011-04-25,33.38,33.49,32.99,33.24,1334643,33.21,0.37,89.83783783783784
2011-04-26,33.23,33.47,32.92,33.0,2078193,33.1,0.37,89.1891891891892
2011-04-27,33.01,33.35,32.96,33.23,1486830,33.19,0.37,89.8108108108108
2011-04-28,33.1,33.6,33.1,33.53,1793001,33.44,0.4,83.825
2011-04-29,33.49,34.85,33.41,34.7,3260031,34.47,0.4,86.75
2011-05-02,34.8,35.0,34.16,34.26,1930859,34.49,0.4,85.64999999999999
2011-05-03,34.22,34.68,34.03,34.5,1364378,34.33,0.4,86.25
2011-05-04,34.41,34.74,34.03,34.49,1690601,34.38,0.4,86.225
2011-05-05,34.33,34.9001,33.81,33.85,2763132,34.27,0.4,84.625
2011-05-06,33.0,33.13,31.55,31.81,8375616,32.1,0.4,79.52499999999999
2011-05-09,31.77,32.17,31.54,31.79,2411156,31.83,0.4,79.475
2011-05-10,31.98,32.21,31.66,31.92,1838010,31.95,0.4,79.8
2011-05-11,31.87,32.0,31.23,31.62,2695344,31.56,0.4,79.05
2011-05-12,31.37,31.69,31.12,31.36,2735468,31.45,0.4,78.39999999999999
2011-05-13,31.42,31.51,30.71,30.93,2913959,30.97,0.4,77.32499999999999
2011-05-16,30.85,30.85,30.4,30.63,2309158,30.65,0.4,76.57499999999999
2011-05-17,30.51,30.605,30.04,30.2,2033554,30.26,0.4,75.5
2011-05-18,30.3,30.355,30.13,30.2,2607011,30.23,0.4,75.5
2011-05-19,30.2,30.41,29.8,29.96,2758881,29.98,0.4,74.89999999999999
2011-05-20,29.86,29.91,29.36,29.39,2386861,29.61,0.4,73.475
2011-05-23,28.97,29.19,28.75,28.82,3287853,28.97,0.4,72.05
2011-05-24,29.0,29.08,28.82,28.83,2901516,28.94,0.4,72.07499999999999
2011-05-25,28.62,29.0,28.39,28.85,2282368,28.72,0.4,72.125
2011-05-26,28.82,29.34,28.62,29.19,2232433,29.08,0.4,72.975
2011-05-27,29.27,29.62,29.21,29.46,1461549,29.47,0.4,73.64999999999999
2011-05-31,29.7,29.7,29.39,29.66,2546378,29.59,0.4,74.14999999999999
2011-06-01,29.48,29.63,28.74,28.75,2449026,29.15,0.4,71.875
2011-06-02,28.69,28.82,28.01,28.06,2953510,28.26,0.4,70.14999999999999
2011-06-03,28.04,28.08,27.5,27.94,2758349,27.92,0.4,69.85
2011-06-06,27.78,27.87,27.39,27.41,3002708,27.63,0.4,68.52499999999999
2011-06-07,27.57,27.75,27.36,27.37,1582254,27.54,0.4,68.425
2011-06-08,27.27,27.27,26.475,26.62,3576992,26.7,0.4,66.55
2011-06-09,26.67,27.23,26.52,27.09,2014935,26.99,0.4,67.725
2011-06-10,26.98,27.03,26.365,26.84,2746125,26.78,0.4,67.1
2011-06-13,26.91,27.47,26.82,27.01,2449733,27.07,0.4,67.525
2011-06-14,27.31,28.55,27.26,28.43,3177585,28.25,0.4,71.07499999999999
2011-06-15,28.12,28.39,27.85,27.97,2236793,28.09,0.4,69.925
2011-06-16,27.94,28.79,27.93,28.76,3734703,28.52,0.4,71.9
2011-06-17,29.02,29.57,28.96,29.25,4073855,29.23,0.4,73.125
2011-06-20,29.01,29.5,28.75,29.28,3004741,29.23,0.4,73.2
2011-06-21,29.29,30.6,28.99,30.52,4838845,30.07,0.4,76.3
2011-06-22,33.15,33.49,32.24,32.66,9107756,32.82,0.4,81.64999999999999
2011-06-23,32.39,32.99,31.87,32.55,4577192,32.36,0.4,81.37499999999999
2011-06-24,32.55,32.61,31.74,31.93,4570541,31.95,0.4,79.82499999999999
2011-06-27,31.53,32.51,31.14,32.19,2920946,32.05,0.4,80.475
2011-06-28,32.3,33.26,32.3,32.8,2968140,32.9,0.4,81.99999999999999
2011-06-29,32.99,33.62,32.82,32.82,2957998,33.14,0.4,82.05
2011-06-30,32.97,33.33,32.855,33.07,2110336,33.11,0.4,82.675
2011-07-01,33.02,33.84,32.68,33.68,2339517,33.62,0.4,84.19999999999999
2011-07-05,33.64,34.0,33.3,33.67,1885026,33.66,0.4,84.175
2011-07-06,33.7,34.1,33.65,33.85,2365300,33.87,0.4,84.625
2011-07-07,34.16,34.81,34.16,34.74,2815278,34.63,0.4,86.85
2011-07-08,34.25,34.45,34.05,34.43,1740925,34.28,0.4,86.07499999999999
2011-07-11,33.89,33.92,33.13,33.53,2135900,33.49,0.56,59.87499999999999
2011-07-12,33.69,33.8,32.98,33.1,3332825,33.27,0.56,59.107142857142854
2011-07-13,33.36,33.62,32.67,32.81,3076157,33.16,0.56,58.589285714285715
2011-07-14,32.98,33.19,32.31,32.47,2586562,32.61,0.56,57.98214285714285
2011-07-15,32.6,32.6,32.02,32.47,2119106,32.24,0.56,57.98214285714285
2011-07-18,32.38,32.41,31.91,32.15,2015404,32.12,0.56,57.41071428571428
2011-07-19,32.38,32.49,31.81,32.14,3288127,31.98,0.56,57.39285714285714
2011-07-20,32.3,32.3,31.85,32.05,1778080,32.03,0.56,57.23214285714285
2011-07-21,32.33,32.735,32.23,32.38,2306504,32.48,0.56,57.82142857142857
2011-07-22,32.18,32.58,32.17,32.5,1906413,32.42,0.56,58.03571428571428
2011-07-25,32.08,32.55,31.92,32.51,2364415,32.43,0.56,58.053571428571416
2011-07-26,32.39,33.26,32.17,33.14,2786008,32.91,0.56,59.17857142857142
2011-07-27,32.8,33.08,32.45,32.68,4205703,32.8,0.56,58.357142857142854
2011-07-28,32.7,33.09,32.2,32.28,2078272,32.71,0.56,57.64285714285714
2011-07-29,31.9,32.3,31.44,31.97,1750227,31.96,0.56,57.08928571428571
2011-08-01,32.25,32.35,30.91,31.32,2244719,31.34,0.56,55.92857142857142
2011-08-02,31.07,31.54,30.06,30.1,2507867,30.75,0.56,53.75
2011-08-03,30.03,30.27,29.17,30.21,2277952,29.87,0.56,53.94642857142857
2011-08-04,29.74,29.77,28.33,28.35,2879478,28.98,0.56,50.625
2011-08-05,28.66,29.07,27.44,28.85,5581552,28.44,0.56,51.51785714285714
2011-08-08,28.0,28.36,25.94,26.43,4833696,27.18,0.56,47.19642857142857
2011-08-09,26.82,27.33,25.25,27.33,4453272,26.57,0.56,48.80357142857142
2011-08-10,26.76,27.64,26.14,26.48,5296413,26.75,0.56,47.285714285714285
2011-08-11,26.59,28.0,26.255,27.63,3488503,27.32,0.56,49.33928571428571
2011-08-12,27.91,28.1,27.0,28.0,2459030,27.73,0.56,49.99999999999999
2011-08-15,28.19,28.36,27.74,28.14,1930809,28.02,0.56,50.24999999999999
2011-08-16,27.76,27.82,27.08,27.27,2518660,27.37,0.56,48.69642857142857
2011-08-17,27.47,27.8,26.59,27.09,1801717,27.12,0.56,48.37499999999999
2011-08-18,26.12,26.25,25.18,25.92,3171068,25.75,0.56,46.285714285714285
2011-08-19,25.4899,26.695,25.3406,25.49,2442696,25.84,0.56,45.51785714285714
2011-08-22,26.09,26.17,25.54,25.65,2513186,25.81,0.56,45.80357142857142
2011-08-23,25.72,26.615,25.33,26.45,2182740,26.26,0.56,47.232142857142854
2011-08-24,26.21,26.76,25.83,26.68,2275875,26.35,0.56,47.64285714285714
2011-08-25,26.87,27.14,25.88,25.97,1999707,26.2,0.56,46.37499999999999
2011-08-26,25.79,26.36,25.27,26.13,2040794,26.07,0.56,46.66071428571428
2011-08-29,26.42,27.59,26.33,27.59,2352031,27.2,0.56,49.26785714285714
2011-08-30,27.42,27.95,27.04,27.78,1639434,27.57,0.56,49.607142857142854
2011-08-31,27.91,28.77,27.91,28.11,3707531,28.25,0.56,50.19642857142856
2011-09-01,27.3,28.06,27.01,27.45,3449603,27.57,0.56,49.01785714285714
2011-09-02,26.7,27.29,26.44,26.46,2123770,26.75,0.56,47.25
2011-09-06,25.66,26.57,25.37,26.51,3032344,26.04,0.56,47.339285714285715
2011-09-07,26.89,27.61,26.66,27.48,1996343,27.28,0.56,49.07142857142857
2011-09-08,27.18,27.56,26.81,26.95,3075095,27.12,0.56,48.12499999999999
2011-09-09,26.67,27.08,25.98,26.32,3356459,26.38,0.56,46.99999999999999
2011-09-12,26.03,26.78,25.88,26.75,3549442,26.32,0.56,47.76785714285714
2011-09-13,26.75,27.18,26.43,26.95,3137790,26.81,0.56,48.12499999999999
2011-09-14,27.13,27.99,26.52,27.71,3333278,27.4,0.56,49.482142857142854
2011-09-15,27.99,28.77,27.69,28.54,3392457,28.35,0.56,50.96428571428571
2011-09-16,28.92,29.79,28.89,29.38,4578613,29.41,0.56,52.46428571428571
2011-09-19,28.71,28.9,28.25,28.72,3699681,28.55,0.56,51.28571428571428
2011-09-20,28.75,29.18,28.06,28.08,3020635,28.53,0.56,50.14285714285713
2011-09-21,28.15,28.39,27.31,27.43,3150421,27.82,0.56,48.982142857142854
2011-09-22,25.1,25.99,23.8446,24.41,12819998,25.0,0.56,43.58928571428571
2011-09-23,24.03,24.58,24.0,24.12,4011615,24.23,0.56,43.07142857142857
2011-09-26,24.4,25.08,24.03,25.04,3255342,24.61,0.56,44.71428571428571
2011-09-27,25.84,26.05,25.32,25.56,3674269,25.73,0.56,45.64285714285714
2011-09-28,25.51,25.6,23.91,24.01,3682393,24.5,0.56,42.875
2011-09-29,24.57,24.69,23.24,24.0,4265361,23.93,0.56,42.857142857142854
2011-09-30,23.7,24.54,23.63,23.85,3977193,24.05,0.56,42.589285714285715
2011-10-03,23.64,23.94,23.18,23.41,5520612,23.53,0.56,41.80357142857142
2011-10-04,22.86,24.3,22.77,24.28,3711156,23.52,0.56,43.357142857142854
2011-10-05,23.97,24.12,23.37,24.04,3466775,23.81,0.56,42.92857142857142
2011-10-06,23.87,25.08,23.87,25.07,3212056,24.66,0.56,44.76785714285714
2011-10-07,25.27,26.03,25.27,25.58,3135588,25.71,0.49,52.20408163265306
2011-10-10,26.02,26.89,26.02,26.86,2917309,26.67,0.49,54.816326530612244
2011-10-11,26.73,28.005,26.47,27.86,3413732,27.55,0.49,56.857142857142854
2011-10-12,28.04,28.65,27.33,28.16,3356595,28.21,0.49,57.46938775510204
2011-10-13,28.08,28.28,27.24,27.67,2120445,27.67,0.49,56.46938775510205
2011-10-14,28.2,28.32,27.76,28.19,1798491,28.02,0.49,57.53061224489796
2011-10-17,28.11,28.26,27.2,27.27,1977613,27.52,0.49,55.6530612244898
2011-10-18,27.8,28.29,26.97,28.07,2790801,27.64,0.49,57.285714285714285
2011-10-19,28.04,28.3832,27.72,27.89,1895361,27.97,0.49,56.91836734693878
2011-10-20,27.97,28.3,27.38,27.95,1930151,27.89,0.49,57.04081632653061
2011-10-21,28.4,29.62,28.4,29.56,2796699,29.21,0.49,60.326530612244895
2011-10-24,30.23,31.5,29.8688,31.44,4064173,31.08,0.49,64.16326530612245
2011-10-25,31.0,31.26,30.67,30.73,3313402,30.99,0.49,62.714285714285715
2011-10-26,31.21,31.336,30.081,30.28,3410664,30.45,0.49,61.79591836734694
2011-10-27,31.39,31.73,30.93,31.32,4176872,31.3,0.49,63.91836734693878
2011-10-28,31.28,31.4,30.55,30.81,1645127,30.85,0.49,62.87755102040816
2011-10-31,30.38,30.55,30.02,30.06,1838662,30.24,0.49,61.3469387755102
2011-11-01,29.0,29.99,29.0,29.57,1937886,29.57,0.49,60.3469387755102
2011-11-02,30.25,30.59,29.765,30.22,1193086,30.21,0.49,61.6734693877551
2011-11-03,31.18,31.22,29.93,30.74,1713076,30.57,0.49,62.73469387755102
2011-11-04,30.39,30.39,29.14,29.86,2933605,29.82,0.49,60.93877551020408
2011-11-07,29.97,30.14,29.19,29.87,2775127,29.67,0.49,60.95918367346939
2011-11-08,30.1,30.21,28.95,29.57,2212625,29.33,0.49,60.3469387755102
2011-11-09,28.88,29.16,28.25,28.47,2233866,28.69,0.49,58.10204081632653
2011-11-10,29.04,29.28,28.12,28.38,2022695,28.47,0.49,57.91836734693877
2011-11-11,28.75,28.9,28.26,28.4,2641498,28.45,0.49,57.95918367346938
2011-11-14,28.26,28.54,27.83,28.01,2334578,28.1,0.49,57.163265306122454
2011-11-15,27.97,28.62,27.93,28.38,2378212,28.34,0.49,57.91836734693877
2011-11-16,28.26,28.76,28.02,28.18,2190982,28.42,0.49,57.51020408163265
2011-11-17,28.01,28.28,27.61,27.87,2669881,27.87,0.49,56.87755102040817
2011-11-18,28.05,28.1,27.55,27.62,1793527,27.74,0.49,56.36734693877551
2011-11-21,27.05,27.44,26.85,27.27,1788734,27.18,0.49,55.6530612244898
2011-11-22,27.26,27.75,27.06,27.53,1741796,27.47,0.49,56.183673469387756
2011-11-23,27.18,27.29,26.65,26.81,2034778,26.95,0.49,54.714285714285715
2011-11-25,26.76,27.44,26.71,27.02,1010248,27.16,0.49,55.142857142857146
2011-11-28,27.49,28.4801,27.35,28.24,2219201,28.14,0.49,57.63265306122449
2011-11-29,28.35,28.81,28.05,28.48,1400046,28.54,0.49,58.12244897959184
2011-11-30,29.38,29.44,28.42,28.76,3594513,28.79,0.49,58.693877551020414
2011-12-01,28.6,29.31,28.44,29.18,1929265,29.15,0.49,59.55102040816327
2011-12-02,29.51,29.67,29.12,29.47,2354405,29.46,0.49,60.14285714285714
2011-12-05,29.94,32.01,29.934,31.2,4067262,31.28,0.49,63.673469387755105
2011-12-06,31.3,31.54,30.98,31.33,2184627,31.32,0.49,63.93877551020408
2011-12-07,31.07,31.56,30.81,31.29,2315666,31.32,0.49,63.857142857142854
2011-12-08,31.13,31.26,30.49,30.63,1860253,30.73,0.49,62.51020408163265
2011-12-09,30.69,31.3,30.59,31.15,2432266,31.08,0.49,63.57142857142857
2011-12-12,30.94,31.24,30.6,30.99,1556202,30.9,0.49,63.244897959183675
2011-12-13,31.15,31.38,30.21,30.43,1285613,30.66,0.49,62.10204081632653
2011-12-14,30.26,30.4,29.8,29.82,1522893,29.96,0.49,60.85714285714286
2011-12-15,30.3,30.535,30.01,30.05,3014934,30.27,0.49,61.3265306122449
2011-12-16,30.27,30.54,30.1,30.36,2721940,30.34,0.49,61.95918367346939
2011-12-19,30.64,31.13,30.015,30.14,2096176,30.47,0.49,61.51020408163266
2011-12-20,30.72,31.27,30.63,31.07,2382126,30.93,0.49,63.40816326530612
2011-12-21,29.88,29.9,28.53,29.35,5989149,29.1,0.49,59.89795918367347
2011-12-22,29.29,29.88,29.29,29.79,2200226,29.65,0.49,60.795918367346935
2011-12-23,29.81,30.31,29.75,30.3,1337497,30.09,0.49,61.83673469387755
2011-12-27,30.26,30.35,30.124,30.2,968556,30.24,0.49,61.63265306122449
2011-12-28,30.15,30.2,29.69,30.04,1728170,29.96,0.49,61.30612244897959
2011-12-29,30.17,30.905,30.14,30.82,1279802,30.6,0.49,62.89795918367347
2011-12-30,30.67,30.95,30.27,30.48,1130230,30.62,0.49,62.204081632653065
2012-01-03,30.82,31.13,30.39,30.52,2380797,30.67,0.49,62.285714285714285
2012-01-04,30.44,30.92,30.32,30.72,1465995,30.68,0.49,62.69387755102041
2012-01-05,30.54,31.03,29.99,30.91,2210237,30.61,0.49,63.08163265306123
2012-01-06,30.9,30.9,30.29,30.32,2338753,30.5,0.49,61.87755102040816
2012-01-09,30.44,30.44,29.85,30.08,2496472,30.12,0.36,83.55555555555556
2012-01-10,30.35,30.94,30.245,30.93,3208897,30.58,0.36,85.91666666666667
2012-01-11,30.89,31.81,30.86,31.75,1452687,31.56,0.36,88.19444444444444
2012-01-12,31.88,32.01,31.45,31.96,1300242,31.82,0.36,88.77777777777779
2012-01-13,31.8,32.9,31.8,32.64,2226963,32.62,0.36,90.66666666666667
2012-01-17,32.9,33.16,32.31,32.43,1375724,32.54,0.36,90.08333333333334
2012-01-18,32.42,33.12,32.3,33.02,1891066,33.0,0.36,91.72222222222223
2012-01-19,33.15,33.48,33.08,33.25,2301112,33.23,0.36,92.36111111111111
2012-01-20,33.08,33.21,32.38,32.45,2281738,32.52,0.36,90.1388888888889
2012-01-23,32.45,33.09,32.45,32.7,1658415,32.78,0.36,90.83333333333334
2012-01-24,32.49,32.75,32.41,32.57,1366051,32.56,0.36,90.47222222222223
2012-01-25,32.51,32.51,31.62,32.35,3460412,32.08,0.36,89.86111111111111
2012-01-26,32.57,32.62,31.59,31.77,1785277,31.91,0.36,88.25
2012-01-27,31.72,31.81,31.12,31.43,1843622,31.39,0.36,87.30555555555556
2012-01-30,31.26,31.48,31.135,31.29,1431920,31.29,0.36,86.91666666666667
2012-01-31,31.42,31.44,30.28,30.43,1983056,30.51,0.36,84.52777777777779
2012-02-01,30.75,30.84,30.47,30.5,2064038,30.62,0.36,84.72222222222223
2012-02-02,30.57,30.69,30.4,30.55,1464839,30.55,0.36,84.86111111111111
2012-02-03,30.27,30.55,29.51,29.7,6376543,29.81,0.36,82.5
2012-02-06,29.52,30.565,29.33,30.32,2556926,30.16,0.36,84.22222222222223
2012-02-07,30.05,30.41,29.53,30.36,1794414,30.09,0.36,84.33333333333333
2012-02-08,30.36,30.65,29.89,29.92,1548055,30.16,0.36,83.11111111111111
2012-02-09,29.99,30.43,29.71,30.41,1266184,30.21,0.36,84.47222222222223
2012-02-10,30.11,30.2,29.64,29.91,1536386,29.86,0.36,83.08333333333334
2012-02-13,30.12,30.34,29.56,29.62,1428198,29.7,0.36,82.27777777777779
2012-02-14,29.44,29.755,29.36,29.72,739004,29.55,0.36,82.55555555555556
2012-02-15,29.84,29.84,29.03,29.09,1832017,29.21,0.36,80.80555555555556
2012-02-16,29.07,29.76,29.07,29.66,1600740,29.55,0.36,82.38888888888889
2012-02-17,29.85,30.3,29.81,30.18,1430216,30.15,0.36,83.83333333333333
2012-02-21,30.2,30.35,29.875,29.95,1111836,30.1,0.36,83.19444444444444
2012-02-22,30.01,30.8,30.01,30.39,2014426,30.36,0.36,84.41666666666667
2012-02-23,30.34,30.51,30.07,30.22,1324200,30.3,0.36,83.94444444444444
2012-02-24,30.16,30.49,29.8,30.18,1020628,30.22,0.36,83.83333333333333
2012-02-27,29.97,30.78,29.8407,30.67,1024379,30.55,0.36,85.19444444444446
2012-02-28,30.74,31.11,30.56,31.09,1266056,30.95,0.36,86.36111111111111
2012-02-29,31.08,31.22,30.68,30.69,1189343,30.83,0.36,85.25
2012-03-01,30.73,31.21,30.71,31.12,1092550,31.01,0.36,86.44444444444446
2012-03-02,32.59,33.15,32.15,32.24,4932277,32.42,0.36,89.55555555555557
2012-03-05,32.1,32.17,31.73,32.1,1891059,31.97,0.36,89.16666666666667
2012-03-06,31.69,32.235,31.51,32.07,2350519,31.98,0.36,89.08333333333334
2012-03-07,32.13,32.75,32.0,32.66,1994701,32.5,0.36,90.72222222222221
2012-03-08,33.06,33.88,32.83,33.58,2377661,33.47,0.36,93.27777777777777
2012-03-09,33.59,33.72,33.15,33.67,1672367,33.55,0.36,93.52777777777779
2012-03-12,33.62,33.92,33.26,33.38,1103251,33.46,0.36,92.72222222222223
2012-03-13,33.69,34.12,33.46,34.11,1019184,33.85,0.36,94.75
2012-03-14,34.05,34.44,33.96,34.28,843277,34.19,0.36,95.22222222222223
2012-03-15,34.18,34.57,34.02,34.5,818442,34.4,0.36,95.83333333333334
2012-03-16,34.57,34.76,34.18,34.21,1292521,34.36,0.36,95.02777777777779
2012-03-19,34.33,34.65,33.91,34.56,869807,34.3,0.36,96.00000000000001
2012-03-20,34.32,34.645,34.17,34.54,822642,34.42,0.36,95.94444444444444
2012-03-21,34.53,34.69,34.19,34.46,980364,34.51,0.36,95.72222222222223
2012-03-22,34.25,34.59,34.1,34.22,875179,34.28,0.36,95.05555555555556
2012-03-23,34.23,34.33,33.6525,34.15,1313033,34.08,0.36,94.86111111111111
2012-03-26,34.42,34.98,34.21,34.98,1165532,34.67,0.36,97.16666666666666
2012-03-27,35.0,35.17,34.76,34.8,1027601,34.96,0.36,96.66666666666666
2012-03-28,34.77,34.87,34.0,34.17,963744,34.21,0.36,94.91666666666667
2012-03-29,33.85,34.265,33.69,34.19,1016831,34.02,0.36,94.97222222222221
2012-03-30,34.32,34.82,34.03,34.65,1603804,34.51,0.36,96.25
2012-04-02,34.53,34.99,34.37,34.5,2519931,34.68,0.36,95.83333333333334
2012-04-03,34.44,34.93,34.32,34.63,1292238,34.64,0.36,96.19444444444446
2012-04-04,34.3,35.13,34.3,34.92,1742782,34.74,0.36,97.00000000000001
2012-04-05,33.96,34.48,33.11,33.23,4466752,33.68,0.36,92.30555555555556
2012-04-09,32.75,33.0,32.29,32.78,2461495,32.68,0.36,91.05555555555556
2012-04-10,32.22,32.32,31.35,31.36,3315054,31.76,0.36,87.11111111111111
2012-04-11,31.46,31.85,31.38,31.74,2225982,31.72,0.36,88.16666666666667
2012-04-12,31.73,31.94,31.56,31.81,2022550,31.82,0.36,88.36111111111111
2012-04-13,31.72,31.9,31.24,31.31,1754688,31.48,0.36,86.97222222222223
2012-04-16,31.47,31.84,31.12,31.63,1156305,31.53,0.36,87.86111111111111
2012-04-17,31.83,32.39,31.65,32.24,1504895,32.15,0.36,89.55555555555557
2012-04-18,32.15,32.26,31.705,31.74,1429912,31.9,0.36,88.16666666666667
2012-04-19,31.74,31.89,30.885,31.26,1558597,31.25,0.36,86.83333333333334
2012-04-20,31.35,31.58,31.11,31.49,1494943,31.41,0.36,87.47222222222221
2012-04-23,31.21,31.33,30.85,31.17,1202410,31.12,0.36,86.58333333333334
2012-04-24,31.25,31.37,30.611,30.93,1490635,30.99,0.36,85.91666666666667
2012-04-25,31.26,31.58,30.91,31.25,1757241,31.23,0.41,76.21951219512195
2012-04-26,31.29,31.46,30.98,31.29,2316537,31.19,0.41,76.3170731707317
2012-04-27,31.35,31.5,31.15,31.29,1444163,31.34,0.41,76.3170731707317
2012-04-30,31.27,31.27,30.86,30.87,1976902,30.97,0.41,75.29268292682927
2012-05-01,30.87,31.51,30.84,30.99,2744992,31.21,0.41,75.58536585365854
2012-05-02,30.9,31.725,30.7,31.62,2545145,31.22,0.41,77.1219512195122
2012-05-03,30.93,30.93,30.09,30.43,3592285,30.41,0.41,74.21951219512195
2012-05-04,30.29,30.63,29.72,29.84,1607538,30.06,0.41,72.78048780487805
2012-05-07,29.79,29.97,29.6,29.84,1516938,29.82,0.41,72.78048780487805
2012-05-08,29.68,29.85,29.25,29.75,2632978,29.59,0.41,72.5609756097561
2012-05-09,29.39,29.81,29.16,29.42,1408126,29.47,0.41,71.75609756097562
2012-05-10,29.67,30.2,29.6306,30.04,2114782,30.04,0.41,73.26829268292683
2012-05-11,29.78,30.11,29.59,29.59,1480457,29.83,0.41,72.17073170731707
2012-05-14,29.31,29.38,28.64,28.7,1363598,28.94,0.41,70.0
2012-05-15,28.63,28.93,28.43,28.48,2045526,28.66,0.41,69.46341463414635
2012-05-16,28.59,29.01,28.46,28.65,2574264,28.78,0.41,69.8780487804878
2012-05-17,28.68,28.72,28.02,28.02,2764253,28.27,0.41,68.34146341463415
2012-05-18,28.19,28.48,27.91,27.99,2075732,28.13,0.41,68.26829268292683
2012-05-21,28.04,28.58,27.75,28.47,1605457,28.27,0.41,69.4390243902439
2012-05-22,28.6,29.0,28.38,28.47,2077111,28.7,0.41,69.4390243902439
2012-05-23,28.33,28.94,28.0499,28.85,1419977,28.43,0.41,70.3658536585366
2012-05-24,28.95,29.211,28.82,29.02,1837745,29.02,0.41,70.78048780487805
2012-05-25,29.07,29.3,29.0,29.11,1059478,29.1,0.41,71.0
2012-05-29,29.29,29.46,29.03,29.46,998962,29.29,0.41,71.85365853658537
2012-05-30,29.21,29.25,27.28,28.14,5244526,28.06,0.41,68.63414634146342
2012-05-31,28.07,28.41,27.75,28.21,2285682,28.07,0.41,68.8048780487805
2012-06-01,27.615,27.9,27.14,27.33,2404181,27.43,0.41,66.65853658536585
2012-06-04,27.46,27.54,26.79,27.38,1691409,27.18,0.41,66.78048780487805
2012-06-05,27.22,27.68,27.07,27.63,1498742,27.45,0.41,67.39024390243902
2012-06-06,27.84,28.46,27.8,28.46,1086512,28.29,0.41,69.41463414634147
2012-06-07,28.84,28.88,27.81,27.86,1796582,28.19,0.41,67.95121951219512
2012-06-08,27.72,28.24,27.46,28.15,3143339,28.01,0.41,68.65853658536585
2012-06-11,28.47,28.47,27.39,27.47,2638313,27.73,0.41,67.0
2012-06-12,27.59,27.75,26.85,27.5,2180583,27.26,0.41,67.07317073170732
2012-06-13,27.38,27.51,26.83,26.92,1492675,27.14,0.41,65.65853658536587
2012-06-14,27.03,27.52,26.89,27.34,1438118,27.27,0.41,66.6829268292683
2012-06-15,27.51,27.85,27.37,27.68,2382821,27.67,0.41,67.51219512195122
2012-06-18,27.43,27.76,27.04,27.63,1859777,27.47,0.41,67.39024390243902
2012-06-19,27.68,28.71,27.68,28.52,2211813,28.44,0.41,69.5609756097561
2012-06-20,28.49,28.59,27.89,27.9,2251190,28.17,0.41,68.04878048780488
2012-06-21,26.08,26.79,25.76,25.88,6994574,26.1,0.41,63.1219512195122
2012-06-22,25.76,26.01,25.47,25.73,4252742,25.73,0.41,62.75609756097561
2012-06-25,25.5,25.67,25.21,25.34,2853413,25.37,0.41,61.80487804878049
2012-06-26,25.34,25.73,25.23,25.49,2785014,25.51,0.41,62.170731707317074
2012-06-27,25.52,25.63,25.22,25.38,3135053,25.44,0.41,61.90243902439025
2012-06-28,25.39,25.41,24.83,25.22,4071901,25.12,0.41,61.51219512195122
2012-06-29,25.99,26.18,25.8,25.94,4654066,25.96,0.41,63.268292682926834
2012-07-02,26.05,26.19,25.79,26.1,2922041,26.02,0.41,63.65853658536586
2012-07-03,26.27,26.49,26.03,26.33,2899004,26.22,0.41,64.21951219512195
2012-07-05,26.37,26.97,26.165,26.79,2627789,26.68,0.41,65.34146341463415
2012-07-06,26.54,26.7,26.32,26.54,2218413,26.58,0.53,50.075471698113205
2012-07-09,26.5,26.57,26.18,26.35,1599088,26.34,0.53,49.716981132075475
2012-07-10,26.59,26.86,26.38,26.5,2152124,26.66,0.53,50.0
2012-07-11,26.44,26.5,26.02,26.13,1619549,26.2,0.53,49.30188679245283
2012-07-12,26.06,26.12,25.84,25.99,2145745,26.01,0.53,49.037735849056595
2012-07-13,26.04,26.37,25.97,26.3,1423320,26.25,0.53,49.62264150943396
2012-07-16,26.18,26.27,25.94,26.05,1092567,26.08,0.53,49.15094339622642
2012-07-17,26.07,26.32,25.91,26.25,1357786,26.17,0.53,49.52830188679245
2012-07-18,26.15,27.01,26.11,26.75,2381657,26.71,0.53,50.471698113207545
2012-07-19,26.8,27.56,26.69,27.28,2398677,27.25,0.53,51.471698113207545
2012-07-20,27.06,27.35,26.83,26.94,1775295,27.0,0.53,50.83018867924528
2012-07-23,26.44,27.295,26.22,27.21,1874200,26.83,0.53,51.339622641509436
2012-07-24,27.21,27.4,26.72,27.0,2550742,26.98,0.53,50.94339622641509
2012-07-25,27.14,27.22,26.68,26.75,2224810,26.85,0.53,50.471698113207545
2012-07-26,27.23,27.42,26.88,27.03,2008634,27.04,0.53,51.0
2012-07-27,27.28,28.1,27.19,28.0,1835675,27.8,0.53,52.83018867924528
2012-07-30,27.89,28.17,27.7,27.97,1766048,27.97,0.53,52.77358490566037
2012-07-31,27.86,27.92,27.57,27.83,2483701,27.77,0.53,52.50943396226415
2012-08-01,28.04,28.22,27.57,27.69,2507159,27.71,0.53,52.24528301886792
2012-08-02,27.36,27.69,26.6,26.94,2168250,26.98,0.53,50.83018867924528
2012-08-03,27.41,27.9,27.39,27.86,1147765,27.72,0.53,52.56603773584905
2012-08-06,28.04,28.5,27.98,28.44,1028462,28.4,0.53,53.660377358490564
2012-08-07,28.52,29.1,28.52,28.94,1367127,28.93,0.53,54.60377358490566
2012-08-08,28.74,29.14,28.74,28.91,1163300,28.91,0.53,54.54716981132075
2012-08-09,28.87,29.05,28.65,29.03,1397855,28.91,0.53,54.77358490566038
2012-08-10,28.97,28.99,28.6699,28.99,742090,28.84,0.53,54.698113207547166
2012-08-13,28.91,28.95,28.6,28.86,1122786,28.78,0.53,54.45283018867924
2012-08-14,29.07,29.15,28.75,28.81,1436020,28.96,0.53,54.35849056603773
2012-08-15,28.81,29.33,28.77,29.3,1217608,29.08,0.53,55.283018867924525
2012-08-16,29.38,29.88,29.19,29.76,1217878,29.61,0.53,56.15094339622642
2012-08-17,29.8,30.06,29.72,29.98,1168571,29.93,0.53,56.56603773584906
2012-08-20,29.88,29.95,29.57,29.7,832455,29.7,0.53,56.0377358490566
2012-08-21,29.79,30.01,29.6,29.81,1585521,29.78,0.53,56.245283018867916
2012-08-22,29.79,30.02,29.65,29.9,1859479,29.82,0.53,56.415094339622634
2012-08-23,29.81,29.81,29.42,29.55,981925,29.56,0.53,55.75471698113208
2012-08-24,29.41,29.87,29.33,29.81,1000543,29.64,0.53,56.245283018867916
2012-08-27,29.95,29.99,29.58,29.67,856463,29.75,0.53,55.9811320754717
2012-08-28,29.57,29.81,29.355,29.68,1010462,29.61,0.53,56.0
2012-08-29,29.78,30.33,29.69,30.33,977506,30.11,0.53,57.226415094339615
2012-08-30,30.1,30.44,29.92,30.29,1182513,30.27,0.53,57.15094339622641
2012-08-31,30.54,30.68,30.38,30.59,1093300,30.55,0.53,57.71698113207547
2012-09-04,30.57,30.77,30.28,30.65,1301601,30.57,0.53,57.830188679245275
2012-09-05,30.62,31.63,30.42,31.62,2077078,31.29,0.53,59.660377358490564
2012-09-06,31.87,32.77,31.75,32.76,2926082,32.42,0.53,61.811320754716974
2012-09-07,32.78,33.28,32.23,32.24,2260431,32.59,0.53,60.83018867924528
2012-09-10,32.31,32.58,32.1799,32.22,1912504,32.38,0.53,60.79245283018867
2012-09-11,32.21,32.56,32.12,32.21,1403456,32.29,0.53,60.77358490566038
2012-09-12,32.35,32.77,32.23,32.73,2137969,32.53,0.53,61.75471698113207
2012-09-13,32.74,33.38,32.44,33.34,1250086,33.03,0.53,62.905660377358494
2012-09-14,33.27,33.27,32.08,32.34,2973522,32.55,0.53,61.01886792452831
2012-09-17,32.25,32.29,31.72,31.93,2147815,32.04,0.53,60.24528301886792
2012-09-18,31.86,31.92,31.2,31.36,2553826,31.5,0.53,59.16981132075471
2012-09-19,31.51,32.09,31.38,31.97,2620155,31.85,0.53,60.32075471698113
2012-09-20,31.16,31.19,29.375,29.96,6457366,30.0,0.53,56.52830188679245
2012-09-21,30.06,30.15,29.22,29.28,3489436,29.61,0.53,55.24528301886792
2012-09-24,29.02,29.34,28.87,28.95,2023397,29.07,0.53,54.62264150943396
2012-09-25,29.0,29.315,28.45,28.45,2434575,28.81,0.53,53.679245283018865
2012-09-26,28.4,28.62,28.1,28.4,1530662,28.38,0.53,53.58490566037735
2012-09-27,28.44,28.59,28.21,28.38,1166386,28.41,0.53,53.54716981132075
2012-09-28,28.21,28.38,28.04,28.3,1741642,28.26,0.53,53.39622641509434
2012-10-01,28.36,28.905,28.35,28.42,1869368,28.55,0.53,53.62264150943396
2012-10-02,28.47,28.92,28.33,28.68,2303100,28.6,0.53,54.11320754716981
2012-10-03,28.71,28.82,28.29,28.32,1334861,28.52,0.53,53.43396226415094
2012-10-04,28.51,29.03,28.39,28.85,1848422,28.78,0.53,54.43396226415094
2012-10-05,29.06,29.69,29.05,29.19,1838091,29.35,0.53,55.075471698113205
2012-10-08,30.05,33.0,30.05,31.86,10040137,31.94,0.53,60.11320754716981
2012-10-09,31.79,32.21,31.53,31.62,3372437,31.78,0.49,64.53061224489797
2012-10-10,31.05,31.68,31.0,31.34,2409100,31.44,0.49,63.95918367346939
2012-10-11,31.58,31.87,31.19,31.25,1526267,31.46,0.49,63.775510204081634
2012-10-12,31.44,32.78,31.36,32.55,3728934,32.4,0.49,66.42857142857143
2012-10-15,32.65,33.0,32.1401,32.99,2906417,32.72,0.49,67.32653061224491
2012-10-16,33.0,33.29,32.68,33.21,2955509,32.96,0.49,67.77551020408164
2012-10-17,33.13,33.66,32.97,33.55,2686221,33.45,0.49,68.46938775510203
2012-10-18,33.55,33.7,33.21,33.39,1356935,33.43,0.49,68.14285714285714
2012-10-19,33.56,33.98,33.27,33.3,3686532,33.53,0.49,67.95918367346938
2012-10-22,33.43,33.44,32.66,33.15,2384865,32.98,0.49,67.65306122448979
2012-10-23,32.86,33.28,32.67,33.06,2559043,33.02,0.49,67.46938775510205
2012-10-24,33.17,33.285,32.56,32.67,1610759,32.76,0.49,66.6734693877551
2012-10-25,33.0,33.09,32.35,32.78,1585048,32.64,0.49,66.89795918367348
2012-10-26,33.07,33.84,32.97,33.57,3170016,33.42,0.49,68.51020408163265
2012-10-31,33.57,34.0,33.305,33.75,1492736,33.62,0.49,68.87755102040816
2012-11-01,33.81,35.12,33.72,34.96,2615602,34.79,0.49,71.34693877551021
2012-11-02,35.5,36.0,34.54,34.68,2539795,34.94,0.49,70.77551020408163
2012-11-05,34.69,34.91,34.35,34.53,1478774,34.54,0.49,70.46938775510205
2012-11-06,35.39,36.15,34.63,34.73,3289012,35.24,0.49,70.87755102040816
2012-11-07,34.27,34.92,34.05,34.1,1714515,34.38,0.49,69.59183673469389
2012-11-08,34.1,34.55,33.78,33.88,2230364,34.14,0.49,69.14285714285715
2012-11-09,33.71,34.5,33.62,34.04,1740747,34.15,0.49,69.46938775510203
2012-11-12,34.11,34.61,33.79,33.88,1729155,34.08,0.49,69.14285714285715
2012-11-13,33.76,34.25,33.69,33.69,1677369,33.91,0.49,68.75510204081633
2012-11-14,33.88,34.17,32.96,33.04,1645052,33.4,0.49,67.42857142857143
2012-11-15,33.13,33.5,32.79,33.35,1575436,33.26,0.49,68.06122448979592
2012-11-16,33.4,33.74,33.1,33.31,2062924,33.36,0.49,67.9795918367347
2012-11-19,33.85,34.305,33.61,34.22,1776419,33.99,0.49,69.83673469387755
2012-11-20,34.16,34.44,33.74,34.25,1087975,34.09,0.49,69.89795918367346
2012-11-21,34.22,34.71,33.94,34.62,922397,34.47,0.49,70.65306122448979
2012-11-23,34.74,35.2,34.63,35.14,552512,35.0,0.49,71.71428571428572
2012-11-26,34.99,35.25,34.66,34.87,1184925,34.93,0.49,71.16326530612244
2012-11-27,34.75,35.735,34.62,35.27,1515703,35.3,0.49,71.9795918367347
2012-11-28,35.1,35.9,34.84,35.88,1429923,35.53,0.49,73.22448979591837
2012-11-29,36.33,36.39,35.89,36.24,1949669,36.19,0.49,73.9591836734694
2012-11-30,36.43,36.55,35.94,36.26,3141527,36.29,0.49,74.0
2012-12-03,36.6,36.65,35.96,35.99,2010046,36.11,0.49,73.44897959183675
2012-12-04,35.87,36.2,35.615,35.89,1360175,35.82,0.49,73.24489795918367
2012-12-05,35.86,35.96,34.58,35.39,2000873,35.25,0.49,72.22448979591837
2012-12-06,35.39,36.05,35.32,35.9,986585,35.81,0.49,73.26530612244898
2012-12-07,36.17,36.495,35.64,36.24,1914574,36.17,0.49,73.9591836734694
2012-12-10,36.16,36.51,36.0,36.24,1452890,36.25,0.49,73.9591836734694
2012-12-11,36.41,36.48,35.37,35.57,2485817,35.71,0.49,72.59183673469389
2012-12-12,35.82,35.97,35.01,35.26,2356213,35.33,0.49,71.95918367346938
2012-12-13,35.25,35.4799,34.985,35.15,1508022,35.19,0.49,71.73469387755102
2012-12-14,34.95,35.28,34.88,35.07,1677658,35.08,0.49,71.57142857142857
2012-12-17,35.1,35.1,34.21,34.82,2397940,34.69,0.49,71.06122448979592
2012-12-18,34.97,35.49,34.81,35.12,2917720,35.23,0.49,71.67346938775509
2012-12-19,35.16,35.335,34.76,34.84,3181428,34.99,0.49,71.10204081632654
2012-12-20,36.78,38.24,36.55,37.97,7089736,37.66,0.49,77.48979591836735
2012-12-21,37.6,37.875,37.19,37.79,3112217,37.64,0.49,77.12244897959184
2012-12-24,37.41,37.56,37.0,37.5,1764131,37.45,0.49,76.53061224489797
2012-12-26,37.47,37.99,37.06,37.46,2587150,37.54,0.49,76.44897959183673
2012-12-27,37.46,37.6,37.03,37.29,2018965,37.27,0.49,76.10204081632654
2012-12-28,37.01,37.04,36.6,36.69,1704825,36.79,0.49,74.87755102040816
2012-12-31,36.57,37.61,36.41,37.54,2184330,37.1,0.49,76.61224489795919
2013-01-02,38.2,38.32,37.385,37.72,2597848,37.73,0.49,76.9795918367347
2013-01-03,37.82,38.31,37.52,37.94,2118946,38.06,0.49,77.42857142857143
2013-01-04,37.91,38.22,36.95,37.86,2195390,37.87,0.49,77.26530612244898
2013-01-07,37.57,37.75,37.14,37.21,1522734,37.35,0.49,75.93877551020408
2013-01-08,37.22,37.39,36.99,37.32,1138579,37.25,0.41,91.02439024390245
2013-01-09,37.34,37.77,37.34,37.67,1696351,37.6,0.41,91.87804878048782
2013-01-10,37.73,37.86,37.27,37.73,1900587,37.62,0.41,92.02439024390243
2013-01-11,37.69,37.77,37.18,37.5,945871,37.42,0.41,91.46341463414635
2013-01-14,37.5,37.6899,37.02,37.48,672417,37.39,0.41,91.41463414634146
2013-01-15,37.27,38.2,37.225,37.91,2076296,37.86,0.41,92.46341463414633
2013-01-16,37.85,37.925,37.52,37.8,1274892,37.76,0.41,92.1951219512195
2013-01-17,37.96,38.51,37.94,38.3,1534526,38.28,0.41,93.41463414634146
2013-01-18,38.32,38.83,38.32,38.5,1832351,38.62,0.41,93.90243902439025
2013-01-22,38.44,38.56,37.95,38.55,1256535,38.34,0.41,94.02439024390243
2013-01-23,38.32,38.63,38.11,38.54,1193607,38.45,0.41,94.0
2013-01-24,38.69,39.5,38.44,38.74,1805074,38.85,0.41,94.48780487804879
2013-01-25,38.78,39.79,38.67,39.69,2030869,39.43,0.41,96.8048780487805
2013-01-28,39.67,40.11,39.42,39.78,1767790,39.86,0.41,97.02439024390245
2013-01-29,39.57,40.0,39.47,39.94,1835282,39.79,0.41,97.41463414634147
2013-01-30,39.85,39.95,38.99,39.13,1391532,39.34,0.41,95.43902439024392
2013-01-31,39.14,39.59,38.9,39.42,1056195,39.39,0.41,96.14634146341464
2013-02-01,39.46,39.5899,38.93,39.25,1981737,39.28,0.41,95.73170731707317
2013-02-04,39.25,39.25,38.55,38.8,2413718,38.8,0.41,94.6341463414634
2013-02-05,39.0,39.99,38.944,39.78,1795115,39.61,0.41,97.02439024390245
2013-02-06,39.77,40.22,39.56,40.1,1501292,40.02,0.41,97.8048780487805
2013-02-07,39.42,39.75,38.76,39.39,2135633,39.37,0.41,96.07317073170732
2013-02-08,39.55,40.1,39.4599,39.77,1399429,39.86,0.41,97.00000000000001
2013-02-11,40.0,40.02,39.44,39.61,983074,39.62,0.41,96.60975609756098
2013-02-12,39.55,39.65,39.34,39.62,1081239,39.52,0.41,96.63414634146342
2013-02-13,39.62,39.91,39.21,39.4,1165470,39.45,0.41,96.09756097560975
2013-02-14,39.23,39.95,39.17,39.72,1141855,39.61,0.41,96.8780487804878
2013-02-15,39.67,40.18,39.05,39.36,2000068,39.68,0.41,96.0
2013-02-19,39.51,40.16,39.36,40.05,1939617,39.79,0.41,97.6829268292683
2013-02-20,40.08,40.1,39.38,39.48,1680720,39.78,0.41,96.29268292682927
2013-02-21,39.33,39.33,38.43,38.5,1407845,38.76,0.41,93.90243902439025
2013-02-22,38.64,38.95,38.51,38.92,813369,38.76,0.41,94.92682926829269
2013-02-25,39.11,39.87,38.21,38.24,2636775,39.08,0.41,93.26829268292684
2013-02-26,38.35,38.58,37.805,38.32,1264183,38.18,0.41,93.46341463414635
2013-02-27,38.25,38.74,38.24,38.59,1207927,38.54,0.41,94.12195121951221
2013-02-28,38.62,39.08,38.4,38.41,1394090,38.65,0.41,93.6829268292683
2013-03-01,38.15,38.67,38.13,38.38,1180057,38.35,0.41,93.60975609756099
2013-03-04,38.42,39.95,38.39,39.41,1625745,39.36,0.41,96.1219512195122
2013-03-05,39.61,40.36,39.61,40.24,998869,40.1,0.41,98.14634146341464
2013-03-06,40.4,41.65,40.34,40.65,2322131,40.95,0.41,99.14634146341464
2013-03-07,40.73,41.0,40.57,40.91,1092032,40.84,0.41,99.78048780487805
2013-03-08,41.15,41.44,40.86,41.41,1073626,41.3,0.41,101.0
2013-03-11,41.29,41.55,41.18,41.37,1177887,41.35,0.41,100.90243902439025
2013-03-12,41.35,41.55,41.11,41.22,929766,41.26,0.41,100.53658536585367
2013-03-13,41.26,41.69,41.135,41.33,1037468,41.36,0.41,100.8048780487805
2013-03-14,41.39,41.5899,41.2,41.47,699222,41.39,0.41,101.14634146341464
2013-03-15,41.3,41.94,40.9,41.66,1710335,41.53,0.41,101.60975609756098
2013-03-18,41.33,41.815,41.21,41.56,1079086,41.56,0.41,101.3658536585366
2013-03-19,41.58,41.77,40.79,41.04,1098810,41.07,0.41,100.09756097560977
2013-03-20,41.31,41.765,40.83,41.07,1550616,41.12,0.41,100.17073170731707
2013-03-21,40.9,41.08,40.105,40.18,1092238,40.44,0.41,98.0
2013-03-22,40.37,40.52,40.14,40.35,961049,40.28,0.41,98.41463414634147
2013-03-25,40.5,40.66,40.21,40.31,807100,40.4,0.41,98.31707317073172
2013-03-26,40.46,40.8678,40.33,40.84,927840,40.73,0.41,99.60975609756099
2013-03-27,40.63,41.16,40.4,41.12,885205,40.88,0.41,100.29268292682927
2013-03-28,41.14,41.72,41.04,41.7,1659635,41.46,0.41,101.70731707317074
2013-04-01,41.67,41.84,40.94,41.18,1469760,41.25,0.41,100.4390243902439
2013-04-02,41.5,41.81,41.3,41.49,1500346,41.5,0.41,101.19512195121952
2013-04-03,42.0,42.449,40.7,40.7,2686820,41.33,0.41,99.26829268292684
2013-04-04,40.53,41.11,40.48,41.11,1160238,40.9,0.41,100.26829268292683
2013-04-05,40.59,41.43,40.34,41.35,1080039,41.12,0.41,100.85365853658537
2013-04-08,41.37,42.45,41.37,42.38,1486258,42.16,0.41,103.3658536585366
2013-04-09,42.56,42.785,41.6,41.68,2023485,41.98,0.41,101.65853658536587
2013-04-10,42.07,43.42,41.75,43.31,3658450,42.79,0.41,105.63414634146342
2013-04-11,43.72,45.28,43.72,45.2,2923610,44.8,0.41,110.24390243902441
2013-04-12,44.53,44.53,43.59,43.99,2763585,44.05,0.41,107.29268292682929
2013-04-15,43.85,43.91,42.09,42.09,2683507,42.71,0.41,102.65853658536587
2013-04-16,42.48,42.72,42.1,42.45,2821285,42.42,0.41,103.53658536585367
2013-04-17,42.03,42.03,40.52,41.53,4118096,41.23,0.41,101.29268292682927
2013-04-18,41.73,41.92,40.68,41.17,2313312,41.07,0.41,100.41463414634147
2013-04-19,41.37,42.79,40.93,42.76,3388220,42.21,0.41,104.29268292682927
2013-04-22,42.88,43.43,42.48,43.39,1938888,43.08,0.41,105.82926829268294
2013-04-23,43.73,44.165,43.5,44.1,1715654,43.9,0.41,107.56097560975611
2013-04-24,44.29,44.61,43.96,44.49,1267460,44.31,0.41,108.51219512195124
2013-04-25,44.76,45.3,44.76,45.0,2351626,45.03,0.41,109.75609756097562
2013-04-26,45.0,45.06,44.59,44.82,925383,44.86,0.47,95.36170212765958
2013-04-29,45.0,45.16,44.77,45.12,1683227,45.02,0.47,96.0
2013-04-30,45.96,46.84,45.75,46.04,3734330,46.15,0.47,97.95744680851064
2013-05-01,45.82,46.16,45.14,45.2,1609420,45.47,0.47,96.17021276595746
2013-05-02,45.32,46.04,45.1,46.0,1100108,45.74,0.47,97.87234042553192
2013-05-03,46.47,46.66,45.98,46.23,1468233,46.28,0.47,98.36170212765957
2013-05-06,46.22,46.43,45.93,46.25,1075907,46.14,0.47,98.40425531914894
2013-05-07,46.18,46.86,45.8,46.82,1163562,46.49,0.47,99.61702127659575
2013-05-08,46.66,47.14,46.56,47.09,1223511,46.88,0.47,100.19148936170214
2013-05-09,47.04,47.22,46.56,47.11,967118,46.97,0.47,100.2340425531915
2013-05-10,47.18,47.51,46.72,46.98,1127218,46.96,0.47,99.95744680851064
2013-05-13,46.88,47.21,46.65,47.07,915577,46.93,0.47,100.14893617021278
2013-05-14,47.36,48.22,47.36,48.07,1390990,47.97,0.47,102.27659574468086
2013-05-15,48.01,48.71,47.975,48.42,1472747,48.34,0.47,103.0212765957447
2013-05-16,48.3,48.86,47.57,47.72,1638967,47.97,0.47,101.53191489361703
2013-05-17,47.87,48.71,47.78,48.67,1063216,48.39,0.47,103.55319148936171
2013-05-20,47.84,48.02,47.5001,47.84,1973830,47.8,0.47,101.78723404255321
2013-05-21,47.91,48.54,47.84,48.28,1327141,48.18,0.47,102.72340425531915
2013-05-22,48.27,48.63,47.13,47.42,1106986,47.9,0.47,100.89361702127661
2013-05-23,46.92,47.14,46.5,47.05,1282764,46.92,0.47,100.1063829787234
2013-05-24,46.67,47.005,46.43,46.71,1620229,46.79,0.47,99.38297872340426
2013-05-28,47.42,48.104,46.84,46.94,1726912,47.26,0.47,99.87234042553192
2013-05-29,46.59,46.94,46.31,46.67,1289773,46.65,0.47,99.29787234042554
2013-05-30,46.99,47.45,46.72,46.91,1471317,47.09,0.47,99.80851063829788
2013-05-31,46.82,47.68,46.61,46.77,1661192,47.18,0.47,99.51063829787235
2013-06-03,46.7,46.9,45.691,46.89,1284397,46.37,0.47,99.76595744680851
2013-06-04,46.78,47.56,45.83,46.12,1540892,46.39,0.47,98.12765957446808
2013-06-05,46.05,46.45,45.365,45.53,1228395,45.75,0.47,96.87234042553192
2013-06-06,45.59,46.55,45.37,46.53,1327150,46.06,0.47,99.00000000000001
2013-06-07,46.89,47.24,46.69,47.2,1337165,47.02,0.47,100.42553191489363
2013-06-10,47.2,47.4462,46.7,47.09,1458534,47.05,0.47,100.19148936170214
2013-06-11,46.61,46.77,46.08,46.6,1086941,46.51,0.47,99.14893617021278
2013-06-12,46.96,47.1,45.85,45.88,782948,46.36,0.47,97.61702127659575
2013-06-13,45.85,47.09,45.78,46.99,993352,46.52,0.47,99.97872340425533
2013-06-14,46.82,47.31,46.37,46.41,1145691,46.64,0.47,98.74468085106383
2013-06-17,46.88,47.33,46.69,47.12,1119172,47.05,0.47,100.25531914893617
2013-06-18,47.18,48.3,46.81,48.21,1120966,47.88,0.47,102.57446808510639
2013-06-19,48.22,48.41,47.44,47.47,1211164,47.82,0.47,101.0
2013-06-20,47.07,47.19,44.25,44.57,3446715,45.35,0.47,94.82978723404256
2013-06-21,47.6,48.1,42.21,44.59,8563697,44.44,0.47,94.87234042553193
2013-06-24,44.0,44.71,43.42,43.99,2268806,44.06,0.47,93.59574468085107
2013-06-25,44.37,44.74,44.04,44.36,1715215,44.46,0.47,94.38297872340426
2013-06-26,44.94,45.98,44.87,45.89,2230914,45.48,0.47,97.63829787234043
2013-06-27,46.26,46.84,46.22,46.7,1482450,46.65,0.47,99.36170212765958
2013-06-28,46.6,46.89,46.16,46.16,2662958,46.31,0.47,98.2127659574468
2013-07-01,46.66,47.14,46.265,46.69,1324731,46.8,0.47,99.34042553191489
2013-07-02,46.66,47.24,46.28,46.52,837484,46.68,0.47,98.97872340425533
2013-07-03,46.37,46.99,46.28,46.8,481936,46.71,0.47,99.57446808510639
2013-07-05,47.16,47.48,46.65,47.33,578157,47.14,0.47,100.70212765957447
2013-07-08,47.84,48.64,47.79,48.08,1275414,48.11,0.47,102.29787234042553
2013-07-09,48.43,48.88,48.129,48.67,1069819,48.53,0.65,74.87692307692308
2013-07-10,48.64,48.659,47.99,48.53,1189693,48.26,0.65,74.66153846153846
2013-07-11,49.24,49.24,48.31,48.43,1111952,48.57,0.65,74.50769230769231
2013-07-12,48.45,48.71,47.95,48.0,1237478,48.21,0.65,73.84615384615384
2013-07-15,47.99,48.44,47.665,47.73,1110292,47.87,0.65,73.43076923076923
2013-07-16,47.84,47.99,47.25,47.63,963369,47.56,0.65,73.27692307692308
2013-07-17,47.85,47.99,47.58,47.86,655154,47.82,0.65,73.63076923076923
2013-07-18,47.89,48.36,47.86,47.99,701866,48.04,0.65,73.83076923076923
2013-07-19,48.04,48.11,47.81,47.84,730589,47.92,0.65,73.60000000000001
2013-07-22,47.9,48.46,47.82,48.39,598571,48.23,0.65,74.44615384615385
2013-07-23,48.45,48.87,47.88,48.05,609577,48.16,0.65,73.92307692307692
2013-07-24,48.19,48.3,47.02,47.17,986487,47.32,0.65,72.56923076923077
2013-07-25,47.01,47.39,46.49,46.75,1431769,46.81,0.65,71.92307692307692
2013-07-26,46.55,47.81,46.51,47.78,903586,47.33,0.65,73.50769230769231
2013-07-29,47.67,47.94,47.45,47.66,518617,47.7,0.65,73.32307692307691
2013-07-30,47.93,48.31,47.78,48.26,886428,48.14,0.65,74.24615384615385
2013-07-31,48.4,49.81,48.4,49.04,1619401,49.27,0.65,75.44615384615385
2013-08-01,49.51,49.8401,49.38,49.73,1030912,49.65,0.65,76.5076923076923
2013-08-02,49.5,49.57,48.95,49.57,889063,49.31,0.65,76.26153846153846
2013-08-05,49.46,49.63,49.24,49.4,742682,49.42,0.65,76.0
2013-08-06,49.39,49.51,48.82,49.24,769510,49.25,0.65,75.75384615384615
2013-08-07,49.1,49.13,48.23,48.34,693894,48.41,0.65,74.36923076923077
2013-08-08,48.66,49.36,48.35,49.27,1012522,48.95,0.65,75.8
2013-08-09,49.17,49.69,48.971,49.38,786077,49.42,0.65,75.96923076923078
2013-08-12,49.07,49.65,48.81,49.51,660864,49.42,0.65,76.16923076923077
2013-08-13,49.59,50.0,49.29,49.74,521508,49.74,0.65,76.52307692307693
2013-08-14,49.59,49.999,49.56,49.61,541765,49.77,0.65,76.32307692307693
2013-08-15,49.12,49.17,48.0499,48.08,673348,48.34,0.65,73.96923076923076
2013-08-16,47.89,48.431,47.48,47.48,918763,47.79,0.65,73.04615384615384
2013-08-19,47.5,47.88,47.12,47.19,829604,47.42,0.65,72.6
2013-08-20,47.26,48.41,47.26,48.28,663215,48.06,0.65,74.27692307692308
2013-08-21,48.08,48.415,47.51,47.86,636376,48.0,0.65,73.63076923076923
2013-08-22,47.87,48.81,47.712,48.55,723661,48.34,0.65,74.69230769230768
2013-08-23,48.75,48.9,48.33,48.86,639717,48.73,0.65,75.16923076923077
2013-08-26,48.86,49.4,48.8,48.84,685511,49.1,0.65,75.13846153846154
2013-08-27,48.09,48.17,47.31,47.34,697560,47.62,0.65,72.83076923076923
2013-08-28,47.34,47.95,47.16,47.72,413970,47.72,0.65,73.41538461538461
2013-08-29,47.49,48.3,47.25,48.05,404475,48.07,0.65,73.92307692307692
2013-08-30,48.08,48.21,47.31,47.56,614974,47.58,0.65,73.16923076923077
2013-09-03,48.25,48.72,47.595,48.02,606776,48.09,0.65,73.87692307692308
2013-09-04,48.15,49.23,47.835,49.05,887568,48.85,0.65,75.46153846153845
2013-09-05,49.05,50.64,48.91,49.99,1854819,50.03,0.65,76.90769230769232
2013-09-06,50.22,51.72,49.94,51.21,2005665,51.06,0.65,78.78461538461538
2013-09-09,51.31,51.48,50.73,51.35,1077600,51.19,0.65,79.0
2013-09-10,51.73,52.27,51.54,52.05,1305881,51.97,0.65,80.07692307692307
2013-09-11,52.16,52.25,51.73,51.76,955246,51.89,0.65,79.63076923076923
2013-09-12,51.62,51.78,50.94,51.12,822123,51.24,0.65,78.64615384615384
2013-09-13,51.24,51.44,51.04,51.08,554815,51.17,0.65,78.58461538461538
2013-09-16,51.72,51.81,50.78,50.92,1110427,51.05,0.65,78.33846153846154
2013-09-17,50.89,51.2,50.64,50.98,1062436,50.92,0.65,78.43076923076923
2013-09-18,51.07,51.35,50.31,51.13,1754246,50.9,0.65,78.66153846153847
2013-09-19,51.32,51.55,51.18,51.25,1379043,51.38,0.65,78.84615384615384
2013-09-20,51.4,51.88,51.05,51.19,1863353,51.4,0.65,78.75384615384615
2013-09-23,51.21,51.4,49.99,50.01,2399801,50.52,0.65,76.93846153846154
2013-09-24,52.0,52.47,50.21,51.79,4687581,51.51,0.65,79.67692307692307
2013-09-25,51.06,51.12,49.64,49.8,2114647,50.22,0.65,76.61538461538461
2013-09-26,49.8,50.02,49.2,49.49,1527774,49.56,0.65,76.13846153846154
2013-09-27,49.23,49.525,49.04,49.22,814660,49.25,0.65,75.72307692307692
2013-09-30,48.78,48.81,48.31,48.47,1871970,48.52,0.65,74.56923076923077
2013-10-01,48.57,49.145,48.465,48.8,1132170,48.76,0.65,75.07692307692307
2013-10-02,48.3,48.85,47.46,48.85,1538194,48.44,0.65,75.15384615384616
2013-10-03,48.85,49.05,47.88,48.04,1206404,48.21,0.65,73.9076923076923
2013-10-04,47.98,48.5,47.56,48.31,1220683,48.21,0.65,74.32307692307693
2013-10-07,48.48,49.37,48.28,48.28,2228470,48.82,0.63,76.63492063492063
2013-10-08,48.28,48.44,46.39,46.42,2417902,46.84,0.63,73.68253968253968
2013-10-09,46.6,46.74,45.91,46.27,1107044,46.32,0.63,73.44444444444444
2013-10-10,46.82,47.34,46.69,47.29,1021370,47.12,0.63,75.06349206349206
2013-10-11,47.34,47.95,47.02,47.93,1221969,47.69,0.63,76.07936507936508
2013-10-14,47.47,48.45,47.47,48.41,1480034,48.11,0.63,76.84126984126983
2013-10-15,48.25,48.34,47.35,47.5,1454163,47.78,0.63,75.39682539682539
2013-10-16,48.01,48.45,47.72,48.32,1224532,48.26,0.63,76.6984126984127
2013-10-17,48.11,48.95,48.03,48.87,1176028,48.61,0.63,77.57142857142857
2013-10-18,49.02,49.44,48.66,48.74,1041894,48.85,0.63,77.36507936507937
2013-10-21,48.54,48.76,47.98,48.75,1163885,48.5,0.63,77.38095238095238
2013-10-22,48.87,49.29,48.2,48.39,896477,48.53,0.63,76.80952380952381
2013-10-23,48.07,48.189,47.11,47.51,1017203,47.46,0.63,75.4126984126984
2013-10-24,47.5,48.06,47.4,47.79,869777,47.77,0.63,75.85714285714286
2013-10-25,47.8,48.0,47.29,47.76,865854,47.57,0.63,75.80952380952381
2013-10-28,47.75,47.78,47.18,47.53,1096326,47.57,0.63,75.44444444444444
2013-10-29,47.66,47.83,47.02,47.49,890414,47.42,0.63,75.38095238095238
2013-10-30,47.61,47.8,46.95,47.2,894197,47.39,0.63,74.92063492063492
2013-10-31,47.13,47.26,46.55,46.99,1416022,47.01,0.63,74.5873015873016
2013-11-01,47.01,48.18,47.01,47.82,1477031,47.76,0.63,75.9047619047619
2013-11-04,48.05,49.1,48.0,48.6,1222468,48.72,0.63,77.14285714285714
2013-11-05,48.21,49.25,48.1301,48.74,1248374,48.78,0.63,77.36507936507937
2013-11-06,48.89,49.17,48.32,48.83,788147,48.69,0.63,77.5079365079365
2013-11-07,49.12,49.24,47.46,47.52,1045104,47.92,0.63,75.42857142857143
2013-11-08,47.46,47.99,47.27,47.56,1038430,47.56,0.63,75.4920634920635
2013-11-11,47.46,48.79,47.17,48.76,1084560,48.3,0.63,77.39682539682539
2013-11-12,48.62,49.42,48.46,49.03,1319867,48.94,0.63,77.82539682539682
2013-11-13,48.82,49.72,48.63,49.71,1047294,49.31,0.63,78.90476190476191
2013-11-14,49.68,49.8,49.11,49.57,731968,49.49,0.63,78.68253968253968
2013-11-15,49.51,49.95,49.37,49.94,1330279,49.72,0.63,79.26984126984127
2013-11-18,50.0,50.37,49.01,49.1,1538988,49.51,0.63,77.93650793650794
2013-11-19,49.1,49.42,48.575,48.83,1144621,48.89,0.63,77.5079365079365
2013-11-20,48.84,49.26,48.48,48.63,1156893,48.8,0.63,77.19047619047619
2013-11-21,48.9,49.62,48.66,49.28,1103654,49.31,0.63,78.22222222222223
2013-11-22,49.3,49.74,49.1,49.69,925210,49.47,0.63,78.87301587301587
2013-11-25,50.0,50.5,49.95,50.09,979006,50.2,0.63,79.5079365079365
2013-11-26,50.01,50.82,49.962,50.11,1189835,50.31,0.63,79.53968253968254
2013-11-27,50.33,50.58,50.14,50.45,527281,50.44,0.63,80.07936507936509
2013-11-29,50.64,51.0,50.26,50.35,542741,50.54,0.63,79.92063492063492
2013-12-02,50.39,52.09,50.1,51.51,1752418,51.4,0.63,81.76190476190476
2013-12-03,51.3,51.68,50.685,51.17,1317285,51.08,0.63,81.22222222222223
2013-12-04,51.0,51.47,50.12,50.69,1514765,50.78,0.63,80.46031746031746
2013-12-05,50.7,51.45,50.44,50.8,936706,50.98,0.63,80.63492063492063
2013-12-06,51.4,51.49,50.55,51.2,1299750,51.0,0.63,81.26984126984128
2013-12-09,51.48,52.63,51.27,51.95,1518480,51.96,0.63,82.46031746031747
2013-12-10,51.94,52.5,51.87,52.09,1031975,52.25,0.63,82.68253968253968
2013-12-11,52.07,52.23,51.17,51.26,996999,51.41,0.63,81.36507936507937
2013-12-12,51.26,51.32,50.76,51.09,965430,51.1,0.63,81.0952380952381
2013-12-13,51.17,51.34,50.78,50.95,606493,50.98,0.63,80.87301587301587
2013-12-16,51.16,52.22,51.16,51.83,1113008,51.84,0.63,82.26984126984127
2013-12-17,51.93,51.93,51.32,51.75,895233,51.7,0.63,82.14285714285714
2013-12-18,51.73,52.63,51.28,52.52,1789255,52.09,0.63,83.36507936507937
2013-12-19,52.51,53.08,52.21,53.05,1630705,52.83,0.63,84.2063492063492
2013-12-20,50.25,50.67,47.515,48.08,8383675,48.4,0.63,76.31746031746032
2013-12-23,48.46,48.66,47.28,47.44,3418970,47.77,0.63,75.3015873015873
2013-12-24,47.71,47.82,46.9,47.6,1222953,47.5,0.63,75.55555555555556
2013-12-26,47.79,48.15,47.37,47.47,1270905,47.73,0.63,75.34920634920634
2013-12-27,47.49,47.49,46.8,46.93,1286202,47.02,0.63,74.4920634920635
2013-12-30,46.92,47.27,46.61,47.1,1318118,47.03,0.63,74.76190476190476
2013-12-31,47.1,47.235,46.68,47.02,1165303,46.97,0.63,74.63492063492063
2014-01-02,47.02,47.25,46.57,46.9,1325321,46.83,0.63,74.44444444444444
2014-01-03,46.84,46.91,46.11,46.44,1457996,46.44,0.63,73.71428571428571
2014-01-06,46.55,46.63,45.56,45.81,2399614,45.88,0.63,72.71428571428572
2014-01-07,46.44,46.45,44.63,45.34,4120884,45.31,0.63,71.96825396825398
2014-01-08,45.22,45.39,44.7,45.25,2674703,45.1,0.48,94.27083333333334
2014-01-09,45.35,45.7,44.97,45.1,2434451,45.11,0.48,93.95833333333334
2014-01-10,45.1,46.1,44.63,45.97,4230040,45.32,0.48,95.77083333333333
2014-01-13,45.7,45.97,45.12,45.22,2312335,45.48,0.48,94.20833333333333
2014-01-14,45.46,46.05,45.385,45.67,1579156,45.77,0.48,95.14583333333334
2014-01-15,45.7,45.77,44.765,44.86,2185981,45.18,0.48,93.45833333333333
2014-01-16,44.74,44.94,43.9,44.66,3553545,44.27,0.48,93.04166666666666
2014-01-17,44.78,45.31,44.68,45.19,2448911,45.13,0.48,94.14583333333333
2014-01-21,45.25,45.47,44.82,45.03,1445193,45.04,0.48,93.8125
2014-01-22,45.03,45.2001,44.65,44.93,1668253,44.86,0.48,93.60416666666667
2014-01-23,44.75,45.01,44.57,44.77,3030803,44.72,0.48,93.27083333333334
2014-01-24,44.44,44.76,44.3301,44.57,2866986,44.59,0.48,92.85416666666667
2014-01-27,44.58,44.97,44.38,44.81,2505356,44.7,0.48,93.35416666666667
2014-01-28,44.72,45.055,44.66,44.95,1921425,44.88,0.48,93.64583333333334
2014-01-29,44.76,45.12,44.68,44.73,3500097,44.93,0.48,93.1875
2014-01-30,44.97,45.19,44.77,45.05,1999081,44.98,0.48,93.85416666666666
2014-01-31,44.51,45.36,44.5,45.11,1897062,45.05,0.48,93.97916666666667
2014-02-03,45.37,46.9,45.29,45.76,5084720,46.01,0.48,95.33333333333333
2014-02-04,45.83,46.1,45.43,45.7,1943561,45.69,0.48,95.20833333333334
2014-02-05,45.38,46.32,45.1,46.2,1903398,45.85,0.48,96.25000000000001
2014-02-06,46.09,47.232,45.93,47.15,2010900,47.03,0.48,98.22916666666667
2014-02-07,47.22,47.55,47.07,47.54,1767724,47.36,0.48,99.04166666666667
2014-02-10,47.42,47.54,46.91,47.22,1420007,47.22,0.48,98.375
2014-02-11,47.04,47.645,47.02,47.52,1313188,47.39,0.48,99.00000000000001
2014-02-12,47.52,47.72,46.9,47.02,958161,47.11,0.48,97.95833333333334
2014-02-13,46.79,47.44,46.43,47.36,1189548,47.11,0.48,98.66666666666667
2014-02-14,47.22,47.61,47.171,47.29,914996,47.4,0.48,98.52083333333333
2014-02-18,47.29,47.64,47.08,47.23,1203461,47.3,0.48,98.39583333333333
2014-02-19,47.38,47.995,47.34,47.37,1281312,47.64,0.48,98.6875
2014-02-20,47.39,47.71,46.9,47.33,1632760,47.26,0.48,98.60416666666667
2014-02-21,47.24,47.37,46.892,47.05,1993761,47.06,0.48,98.02083333333333
2014-02-24,47.05,48.08,47.05,47.89,1481699,47.88,0.48,99.77083333333334
2014-02-25,47.9,48.41,47.79,48.18,1022841,48.15,0.48,100.375
2014-02-26,48.26,48.58,47.9,48.29,1549714,48.31,0.48,100.60416666666667
2014-02-27,47.99,48.69,47.86,48.68,1300797,48.41,0.48,101.41666666666667
2014-02-28,48.63,48.75,48.1,48.43,920482,48.47,0.48,100.89583333333334
2014-03-03,47.96,48.32,47.69,48.13,821444,48.01,0.48,100.27083333333334
2014-03-04,48.64,49.44,48.64,49.43,1424316,49.2,0.48,102.97916666666667
2014-03-05,49.31,49.68,48.95,49.1,1308689,49.12,0.48,102.29166666666667
2014-03-06,49.15,49.235,48.645,48.95,1818851,48.93,0.48,101.97916666666667
2014-03-07,49.11,49.43,48.39,48.6,1796939,48.72,0.48,101.25
2014-03-10,48.6,49.05,48.3147,48.84,1879403,48.83,0.48,101.75000000000001
2014-03-11,48.89,49.04,48.48,48.53,1779851,48.66,0.48,101.10416666666667
2014-03-12,47.74,48.25,47.36,47.64,2334172,47.74,0.48,99.25
2014-03-13,47.87,48.15,46.94,47.14,1183356,47.34,0.48,98.20833333333334
2014-03-14,47.09,47.39,46.89,47.21,1544588,47.14,0.48,98.35416666666667
2014-03-17,47.48,47.79,47.36,47.56,941634,47.55,0.48,99.08333333333334
2014-03-18,47.55,48.01,47.53,47.91,841629,47.88,0.48,99.8125
2014-03-19,48.01,48.29,47.02,47.35,1037636,47.58,0.48,98.64583333333334
2014-03-20,46.99,47.54,46.93,47.39,930643,47.34,0.48,98.72916666666667
2014-03-21,47.73,48.545,47.55,48.42,1988924,48.25,0.48,100.87500000000001
2014-03-24,48.5,48.6653,47.305,47.52,1183875,47.68,0.48,99.00000000000001
2014-03-25,47.73,47.77,46.41,46.54,1448225,46.78,0.48,96.95833333333333
2014-03-26,46.65,46.66,45.13,45.32,2600195,45.58,0.48,94.41666666666667
2014-03-27,45.37,45.56,44.9,45.45,1582700,45.33,0.48,94.68750000000001
2014-03-28,45.49,46.02,45.41,45.67,1101533,45.68,0.48,95.14583333333334
2014-03-31,45.81,47.2,45.75,46.8,2346792,46.81,0.48,97.5
2014-04-01,47.0,47.63,46.97,47.5,1101381,47.45,0.48,98.95833333333334
2014-04-02,47.47,48.139,47.4,47.88,1315056,47.91,0.48,99.75000000000001
2014-04-03,47.91,48.3,47.14,47.56,3010229,47.8,0.48,99.08333333333334
2014-04-04,46.0,46.8399,45.24,45.56,4239579,45.92,0.48,94.91666666666667
2014-04-07,45.45,45.64,43.38,43.68,2965381,43.94,0.48,91.0
2014-04-08,43.52,44.69,43.4,44.46,1736748,44.32,0.48,92.625
2014-04-09,44.46,45.2,44.46,45.04,1503954,44.96,0.48,93.83333333333333
2014-04-10,45.01,45.46,43.68,43.76,2399768,44.3,0.48,91.16666666666667
2014-04-11,43.4,43.68,42.66,42.88,2923120,43.09,0.48,89.33333333333334
2014-04-14,43.24,43.91,42.98,43.32,2191846,43.41,0.48,90.25
2014-04-15,43.34,43.48,42.54,43.37,1793299,43.1,0.48,90.35416666666667
2014-04-16,43.65,44.025,43.51,43.81,1064740,43.81,0.48,91.27083333333334
2014-04-17,43.76,44.66,43.76,44.44,1555543,44.4,0.48,92.58333333333333
2014-04-21,44.28,44.5799,43.69,43.72,1441889,43.91,0.48,91.08333333333333
2014-04-22,43.74,44.17,43.49,43.51,1709150,43.77,0.48,90.64583333333333
2014-04-23,43.49,43.92,43.195,43.25,1582046,43.46,0.48,90.10416666666667
2014-04-24,43.38,43.7,43.05,43.54,1646943,43.43,0.48,90.70833333333333
2014-04-25,43.42,43.49,42.79,42.98,937268,43.01,0.45,95.5111111111111
2014-04-28,43.24,43.51,42.82,43.17,2517548,43.15,0.45,95.93333333333334
2014-04-29,43.19,43.84,43.14,43.68,1234114,43.63,0.45,97.06666666666666
2014-04-30,43.64,43.83,43.395,43.78,1278482,43.66,0.45,97.28888888888889
2014-05-01,43.87,44.58,43.81,44.48,1744338,44.33,0.45,98.84444444444443
2014-05-02,44.5,45.05,44.5,44.86,1127277,44.87,0.45,99.68888888888888
2014-05-05,44.54,45.02,44.24,44.3,1181221,44.46,0.45,98.44444444444443
2014-05-06,43.64,43.82,43.0,43.63,2938644,43.55,0.45,96.95555555555556
2014-05-07,43.8,44.34,43.6,44.11,2787404,43.97,0.45,98.02222222222221
2014-05-08,44.06,45.1,43.99,44.6,1910596,44.78,0.45,99.11111111111111
2014-05-09,44.64,45.04,44.39,44.98,1115720,44.74,0.45,99.95555555555555
2014-05-12,45.12,45.71,45.12,45.61,815887,45.53,0.45,101.35555555555555
2014-05-13,45.62,45.89,45.43,45.49,1451851,45.57,0.45,101.08888888888889
2014-05-14,45.47,45.5,44.72,44.8,939679,44.99,0.45,99.55555555555554
2014-05-15,44.6,44.71,43.85,44.19,1225458,44.11,0.45,98.19999999999999
2014-05-16,44.19,44.77,44.19,44.52,883038,44.47,0.45,98.93333333333334
2014-05-19,44.29,44.84,44.28,44.56,1080233,44.59,0.45,99.02222222222223
2014-05-20,44.37,44.37,43.725,43.88,1291238,43.92,0.45,97.51111111111112
2014-05-21,44.11,44.51,43.72,44.34,968193,44.15,0.45,98.53333333333333
2014-05-22,44.26,44.92,44.22,44.53,943687,44.63,0.45,98.95555555555555
2014-05-23,44.67,44.84,44.58,44.7,580034,44.72,0.45,99.33333333333334
2014-05-27,44.87,45.435,44.87,45.08,1171899,45.16,0.45,100.17777777777778
2014-05-28,45.01,45.25,44.84,44.88,1051997,45.0,0.45,99.73333333333333
2014-05-29,45.01,45.23,44.81,44.98,958534,45.02,0.45,99.95555555555555
2014-05-30,44.83,45.1,44.3,44.31,1515485,44.55,0.45,98.46666666666667
2014-06-02,44.38,44.495,43.99,44.3,1486268,44.3,0.45,98.44444444444443
2014-06-03,44.14,45.67,44.09,45.51,2102114,45.16,0.45,101.13333333333333
2014-06-04,45.35,46.23,45.27,46.01,1810050,45.98,0.45,102.24444444444444
2014-06-05,46.01,46.27,45.93,46.11,1345983,46.11,0.45,102.46666666666667
2014-06-06,46.09,46.57,46.09,46.43,1579448,46.37,0.45,103.17777777777778
2014-06-09,46.39,46.5,46.15,46.27,1137080,46.31,0.45,102.82222222222222
2014-06-10,46.21,46.39,46.0,46.11,853769,46.17,0.45,102.46666666666667
2014-06-11,45.98,46.08,45.63,45.72,945668,45.81,0.45,101.6
2014-06-12,45.53,45.56,43.86,43.87,2470386,44.24,0.45,97.48888888888888
2014-06-13,43.87,44.28,43.8,44.19,1183372,44.1,0.45,98.19999999999999
2014-06-16,44.23,44.51,43.89,44.3,1709928,44.29,0.45,98.44444444444443
2014-06-17,44.24,44.64,44.01,44.29,2965296,44.32,0.45,98.42222222222222
2014-06-18,44.23,45.0,44.06,44.95,1184178,44.68,0.45,99.88888888888889
2014-06-19,45.25,45.32,44.76,45.28,2460794,45.05,0.45,100.62222222222222
2014-06-20,51.9,53.67,50.72,52.75,12157900,52.34,0.45,117.22222222222221
2014-06-23,51.63,52.32,50.68,51.91,4569833,51.8,0.45,115.35555555555554
2014-06-24,51.0,51.42,49.89,50.07,4010747,50.47,0.45,111.26666666666667
2014-06-25,50.02,50.29,49.73,50.01,2185730,50.0,0.45,111.13333333333333
2014-06-26,50.3,51.62,50.22,51.57,2100593,51.18,0.45,114.6
2014-06-27,51.29,52.33,51.21,51.88,2331936,51.86,0.45,115.28888888888889
2014-06-30,51.6,52.16,51.53,52.01,1479580,51.98,0.45,115.57777777777777
2014-07-01,52.09,52.42,51.76,52.16,1688874,52.11,0.45,115.9111111111111
2014-07-02,52.05,52.74,52.05,52.6,1195058,52.56,0.45,116.88888888888889
2014-07-03,52.7,53.15,52.42,52.95,822458,52.95,0.45,117.66666666666667
2014-07-07,52.9,52.9,52.38,52.55,1004243,52.59,0.45,116.77777777777777
2014-07-08,52.32,52.5,51.81,52.17,1466703,52.07,0.77,67.75324675324676
2014-07-09,52.3,53.7,52.221,53.44,2567592,53.33,0.77,69.4025974025974
2014-07-10,52.52,52.6,51.94,52.43,2128328,52.3,0.77,68.0909090909091
2014-07-11,52.49,52.73,51.71,52.19,2045706,52.18,0.77,67.77922077922078
2014-07-14,52.63,52.73,52.29,52.46,1056847,52.51,0.77,68.12987012987013
2014-07-15,52.23,52.71,52.0,52.45,1372588,52.38,0.77,68.11688311688312
2014-07-16,52.57,52.94,52.38,52.59,1087436,52.6,0.77,68.2987012987013
2014-07-17,52.21,52.45,51.03,51.1,1462468,51.66,0.77,66.36363636363636
2014-07-18,51.53,52.19,51.44,52.15,801151,51.88,0.77,67.72727272727272
2014-07-21,51.67,51.97,51.289,51.66,964338,51.65,0.77,67.09090909090908
2014-07-22,51.82,51.82,51.17,51.32,895583,51.48,0.77,66.64935064935065
2014-07-23,51.41,51.41,50.74,50.84,1544707,50.93,0.77,66.02597402597402
2014-07-24,51.03,51.33,50.77,50.92,1134159,51.02,0.77,66.12987012987013
2014-07-25,50.68,50.72,50.18,50.42,1225889,50.38,0.77,65.48051948051948
2014-07-28,50.51,50.56,49.81,49.94,1172796,50.03,0.77,64.85714285714285
2014-07-29,50.06,50.29,49.43,49.43,1237917,49.8,0.77,64.1948051948052
2014-07-30,49.64,50.16,49.56,50.06,1492991,49.95,0.77,65.01298701298701
2014-07-31,49.51,49.97,48.64,48.81,1186170,49.0,0.77,63.38961038961039
2014-08-01,48.99,50.95,48.99,49.96,2033760,49.98,0.77,64.88311688311688
2014-08-04,49.96,50.8545,49.85,50.68,1625553,50.56,0.77,65.81818181818181
2014-08-05,50.24,50.41,49.49,49.68,1267323,49.86,0.77,64.51948051948052
2014-08-06,49.46,50.45,49.45,50.03,732432,50.09,0.77,64.97402597402598
2014-08-07,50.19,50.32,49.28,49.39,698257,49.64,0.77,64.14285714285714
2014-08-08,49.48,50.63,49.48,50.57,749320,50.2,0.77,65.67532467532467
2014-08-11,50.62,50.94,50.34,50.6,618913,50.68,0.77,65.71428571428571
2014-08-12,50.43,50.7,49.89,50.0,559299,50.12,0.77,64.93506493506493
2014-08-13,49.43,50.04,49.39,49.81,748845,49.69,0.77,64.68831168831169
2014-08-14,49.95,50.84,49.91,50.7,948251,50.62,0.77,65.84415584415585
2014-08-15,50.86,50.93,49.9,50.4,832984,50.39,0.77,65.45454545454545
2014-08-18,50.6,51.2,50.59,50.92,672662,50.98,0.77,66.12987012987013
2014-08-19,50.99,51.29,50.87,50.96,659959,51.0,0.77,66.18181818181819
2014-08-20,50.62,51.37,50.505,51.25,790499,51.02,0.77,66.55844155844156
2014-08-21,51.39,51.45,50.79,51.08,913833,51.03,0.77,66.33766233766234
2014-08-22,51.09,51.36,50.63,51.26,1074347,51.1,0.77,66.57142857142857
2014-08-25,51.54,51.77,51.08,51.57,828659,51.57,0.77,66.97402597402598
2014-08-26,51.65,52.0,51.55,51.86,949631,51.85,0.77,67.35064935064935
2014-08-27,51.97,52.11,51.77,52.0,678075,52.01,0.77,67.53246753246754
2014-08-28,51.09,52.17,50.94,51.96,610358,51.86,0.77,67.48051948051948
2014-08-29,51.98,52.51,51.883,52.4,840103,52.32,0.77,68.05194805194805
2014-09-02,52.4,52.95,51.78,51.88,1350449,52.12,0.77,67.37662337662339
2014-09-03,52.27,52.92,51.95,52.8,1544171,52.6,0.77,68.57142857142857
2014-09-04,52.99,53.59,52.9,53.34,1683830,53.36,0.77,69.27272727272728
2014-09-05,53.28,53.77,53.04,53.71,1361519,53.5,0.77,69.75324675324676
2014-09-08,53.65,54.28,52.81,52.84,1240040,53.17,0.77,68.62337662337663
2014-09-09,52.6,52.72,51.94,52.24,1022319,52.36,0.77,67.84415584415585
2014-09-10,52.32,52.37,51.7219,52.1,943884,52.01,0.77,67.66233766233766
2014-09-11,51.76,52.66,51.76,52.54,1482057,52.43,0.77,68.23376623376623
2014-09-12,52.58,53.23,52.39,52.53,1343675,52.71,0.77,68.22077922077922
2014-09-15,52.25,52.76,51.95,52.05,1570145,52.21,0.77,67.59740259740259
2014-09-16,51.77,52.53,51.49,52.13,1473095,52.19,0.77,67.7012987012987
2014-09-17,52.77,53.93,52.49,53.35,2162972,53.45,0.77,69.28571428571429
2014-09-18,53.57,53.645,53.2,53.52,1397105,53.46,0.77,69.50649350649351
2014-09-19,53.87,54.01,53.25,53.57,1873476,53.62,0.77,69.57142857142857
2014-09-22,53.51,53.83,52.72,52.81,2688373,53.17,0.77,68.58441558441558
2014-09-23,49.14,49.7,47.0501,47.8,10022143,48.09,0.77,62.077922077922075
2014-09-24,47.77,48.79,47.77,48.48,3258364,48.5,0.77,62.96103896103896
2014-09-25,48.21,48.31,47.06,47.52,2645509,47.51,0.77,61.714285714285715
2014-09-26,47.66,47.84,47.12,47.5,1457917,47.47,0.77,61.688311688311686
2014-09-29,47.11,47.5,46.84,47.11,1504665,47.17,0.77,61.18181818181818
2014-09-30,47.05,47.05,46.44,46.45,2296030,46.59,0.77,60.324675324675326
2014-10-01,46.39,46.415,45.24,45.31,2683709,45.6,0.77,58.84415584415584
2014-10-02,46.13,46.2,45.26,46.05,2651571,45.79,0.77,59.8051948051948
2014-10-03,46.33,47.257,46.256,46.83,2458481,46.89,0.77,60.81818181818181
2014-10-06,46.89,47.41,46.76,46.9,1845956,47.04,0.77,60.90909090909091
2014-10-07,46.76,47.26,46.44,46.44,2477434,46.75,0.77,60.31168831168831
2014-10-08,46.39,47.49,46.16,47.42,1884767,46.73,0.71,66.7887323943662
2014-10-09,47.13,47.73,46.29,46.3,2100638,46.72,0.71,65.21126760563381
2014-10-10,46.25,46.42,45.4,45.6,1919787,45.86,0.71,64.22535211267606
2014-10-13,45.27,45.28,43.82,43.9,4994365,44.49,0.71,61.83098591549296
2014-10-14,44.12,45.22,43.865,44.58,2720201,44.66,0.71,62.7887323943662
2014-10-15,43.84,45.32,43.27,45.06,2641809,44.26,0.71,63.464788732394375
2014-10-16,44.51,46.44,44.34,45.88,3308928,45.88,0.71,64.61971830985917
2014-10-17,46.34,47.425,46.23,46.71,2546256,46.84,0.71,65.7887323943662
2014-10-20,46.58,47.5,46.58,47.08,1643914,47.0,0.71,66.30985915492958
2014-10-21,47.38,48.91,47.31,48.8,2689010,48.45,0.71,68.73239436619718
2014-10-22,48.71,49.94,48.27,48.33,2904770,49.14,0.71,68.07042253521126
2014-10-23,49.58,53.31,49.58,52.73,6202979,52.01,0.71,74.26760563380282
2014-10-24,52.71,53.91,52.32,53.58,2161631,53.34,0.71,75.46478873239437
2014-10-27,53.56,54.97,53.56,54.77,2466350,54.59,0.71,77.14084507042254
2014-10-28,55.0,56.45,54.84,55.74,3067502,55.79,0.71,78.50704225352113
2014-10-29,55.89,55.89,54.32,54.96,2808597,54.95,0.71,77.40845070422536
2014-10-30,54.89,55.93,54.81,55.76,1576166,55.48,0.71,78.53521126760563
2014-10-31,56.64,56.865,55.65,55.91,2376814,56.04,0.71,78.74647887323944
2014-11-03,55.88,56.865,55.88,56.32,1709647,56.32,0.71,79.32394366197184
2014-11-04,55.91,56.07,54.92,55.43,1648669,55.37,0.71,78.07042253521126
2014-11-05,55.9,56.68,55.46,56.57,1340682,56.28,0.71,79.67605633802818
2014-11-06,56.13,56.63,55.25,56.26,2550341,56.04,0.71,79.2394366197183
2014-11-07,56.39,56.445,55.51,55.64,2280839,55.75,0.71,78.36619718309859
2014-11-10,55.64,56.35,55.5,56.08,1337499,55.98,0.71,78.98591549295774
2014-11-11,55.9,56.14,55.52,55.74,1207753,55.83,0.71,78.50704225352113
2014-11-12,55.47,56.07,55.1,55.9,1358946,55.65,0.71,78.73239436619718
2014-11-13,56.12,56.53,55.64,55.85,1703382,55.98,0.71,78.66197183098592
2014-11-14,55.8,55.98,55.44,55.65,1347415,55.67,0.71,78.38028169014085
2014-11-17,54.24,55.08,54.04,54.66,2004722,54.7,0.71,76.98591549295774
2014-11-18,54.73,55.43,54.37,55.13,1148488,55.16,0.71,77.64788732394366
2014-11-19,55.19,55.4625,54.79,55.03,1136176,55.09,0.71,77.50704225352113
2014-11-20,54.82,55.67,54.82,55.05,1183623,55.22,0.71,77.53521126760563
2014-11-21,55.67,56.36,55.18,56.09,1657379,55.94,0.71,79.00000000000001
2014-11-24,56.21,56.71,56.0,56.31,990523,56.34,0.71,79.30985915492958
2014-11-25,56.46,57.19,56.35,56.71,1522689,56.88,0.71,79.87323943661973
2014-11-26,56.86,56.9,55.99,56.25,862226,56.23,0.71,79.22535211267606
2014-11-28,56.52,57.28,56.26,56.98,610865,57.0,0.71,80.25352112676056
2014-12-01,56.64,56.64,55.86,56.14,1510046,56.25,0.71,79.07042253521128
2014-12-02,57.81,58.34,56.69,57.1,2328229,57.35,0.71,80.42253521126761
2014-12-03,56.53,58.9,56.53,58.73,1870596,58.55,0.71,82.71830985915493
2014-12-04,58.42,59.75,58.29,59.32,1797278,59.25,0.71,83.54929577464789
2014-12-05,59.15,59.18,58.6,59.07,1337784,58.94,0.71,83.19718309859155
2014-12-08,58.87,59.4,58.25,58.48,1417660,58.71,0.71,82.36619718309859
2014-12-09,57.98,59.55,57.93,59.45,1583172,58.84,0.71,83.7323943661972
2014-12-10,59.17,59.645,58.67,58.9,1466724,59.1,0.71,82.95774647887325
2014-12-11,59.02,60.66,59.02,59.51,2033986,59.98,0.71,83.8169014084507
2014-12-12,58.94,60.09,58.26,58.3,1843229,58.95,0.71,82.11267605633803
2014-12-15,58.82,59.26,57.82,58.84,2189132,58.66,0.71,82.87323943661973
2014-12-16,58.84,59.28,58.22,58.23,2752904,58.51,0.71,82.01408450704226
2014-12-17,58.25,60.33,58.155,60.11,2397889,59.27,0.71,84.66197183098592
2014-12-18,60.42,60.545,59.22,60.53,3831829,60.01,0.71,85.25352112676057
2014-12-19,65.57,67.43,64.66,67.32,6684570,66.39,0.71,94.8169014084507
2014-12-22,67.32,68.71,67.19,67.85,4509773,67.96,0.71,95.56338028169014
2014-12-23,67.66,68.3099,67.44,67.76,3970134,67.8,0.71,95.43661971830987
2014-12-24,67.82,68.06,67.53,67.61,807257,67.82,0.71,95.22535211267606
2014-12-26,67.8,68.31,67.23,67.61,845624,67.69,0.71,95.22535211267606
2014-12-29,67.29,67.96,67.02,67.87,1029656,67.79,0.71,95.59154929577466
2014-12-30,67.38,67.86,67.08,67.24,1092794,67.35,0.71,94.70422535211267
2014-12-31,67.52,67.95,66.5096,66.58,1620661,67.08,0.71,93.77464788732395
2015-01-02,67.04,67.71,65.86,66.47,2151275,66.7,0.71,93.61971830985915
2015-01-05,66.01,66.305,64.1,64.58,2120145,64.73,0.71,90.95774647887325
2015-01-06,64.97,65.08,63.06,63.77,2366558,63.87,0.71,89.81690140845072
2015-01-07,64.445,64.8,63.79,64.78,1654436,64.43,0.71,91.23943661971832
2015-01-08,65.66,66.3,65.48,66.09,1514706,65.99,0.61,108.34426229508198
2015-01-09,65.88,66.01,64.9,65.04,1545118,65.18,0.61,106.62295081967214
2015-01-12,64.93,65.23,64.18,64.35,1434514,64.5,0.61,105.49180327868852
2015-01-13,65.06,65.72,63.77,64.27,1274666,64.58,0.61,105.36065573770492
2015-01-14,63.98,64.075,62.58,63.42,1783588,63.22,0.61,103.9672131147541
2015-01-15,64.04,64.94,62.18,62.23,1286740,62.82,0.61,102.01639344262294
2015-01-16,61.93,63.56,61.83,63.51,1704931,62.98,0.61,104.11475409836065
2015-01-20,63.55,63.712,62.12,62.81,1151645,62.72,0.61,102.9672131147541
2015-01-21,62.6,63.36,62.21,63.01,1231213,62.89,0.61,103.29508196721311
2015-01-22,63.29,64.435,62.76,64.24,1084929,64.0,0.61,105.31147540983606
2015-01-23,64.38,65.845,64.27,64.87,1621644,65.23,0.61,106.34426229508198
2015-01-26,64.75,65.42,64.24,64.77,1397539,64.65,0.61,106.18032786885246
2015-01-27,63.9,64.51,63.39,63.7,1405130,63.96,0.61,104.42622950819673
2015-01-28,64.11,64.38,62.42,62.53,1172865,63.27,0.61,102.50819672131148
2015-01-29,62.6,63.45,62.22,63.31,918769,62.87,0.61,103.78688524590164
2015-01-30,62.7,63.2,62.02,62.1,1165574,62.42,0.61,101.8032786885246
2015-02-02,62.21,62.59,60.83,62.53,1253947,61.8,0.61,102.50819672131148
2015-02-03,63.2,63.91,62.7523,63.75,1640274,63.46,0.61,104.50819672131148
2015-02-04,63.61,64.82,63.45,64.46,1568014,64.44,0.61,105.67213114754098
2015-02-05,64.66,64.98,64.24,64.53,1384375,64.49,0.61,105.78688524590164
2015-02-06,64.54,64.97,64.14,64.42,853646,64.57,0.61,105.60655737704919
2015-02-09,63.96,65.01,63.81,64.55,1333297,64.57,0.61,105.81967213114754
2015-02-10,65.05,65.74,64.9,65.67,1621525,65.46,0.61,107.65573770491804
2015-02-11,65.42,66.08,64.77,65.97,1381037,65.57,0.61,108.14754098360656
2015-02-12,66.04,66.67,65.506,66.58,1066582,66.38,0.61,109.14754098360656
2015-02-13,66.51,67.73,66.51,67.68,1284403,67.31,0.61,110.95081967213116
2015-02-17,67.66,68.08,67.01,67.48,1013551,67.64,0.61,110.62295081967214
2015-02-18,67.17,67.685,66.89,67.51,1041425,67.44,0.61,110.672131147541
2015-02-19,67.55,68.41,67.34,68.3,1082001,68.13,0.61,111.9672131147541
2015-02-20,68.22,68.325,66.98,68.13,1143972,67.63,0.61,111.68852459016392
2015-02-23,68.2,68.33,67.26,67.61,585141,67.58,0.61,110.8360655737705
2015-02-24,66.6,67.67,65.87,67.28,876309,67.05,0.61,110.29508196721312
2015-02-25,67.41,68.15,67.4,68.1,686628,67.9,0.61,111.63934426229507
2015-02-26,68.12,68.3,67.57,67.73,870529,67.79,0.61,111.03278688524591
2015-02-27,67.75,67.98,66.99,67.11,879080,67.3,0.61,110.01639344262296
2015-03-02,67.32,68.23,67.15,67.77,1394934,67.74,0.61,111.09836065573771
2015-03-03,67.69,67.69,66.95,67.39,898709,67.3,0.61,110.47540983606558
2015-03-04,65.86,66.0,64.54,64.69,1740082,64.93,0.61,106.04918032786885
2015-03-05,64.69,65.02,64.53,64.62,1296674,64.67,0.61,105.9344262295082
2015-03-06,64.12,64.63,62.89,63.0,2098993,63.43,0.61,103.27868852459017
2015-03-09,62.84,63.45,62.46,63.2,1646389,63.1,0.61,103.60655737704919
2015-03-10,62.72,62.995,62.15,62.15,1754001,62.37,0.61,101.88524590163935
2015-03-11,62.23,62.45,61.98,62.0,1633850,62.18,0.61,101.63934426229508
2015-03-12,62.3,62.95,62.15,62.45,2225747,62.58,0.61,102.37704918032787
2015-03-13,62.67,63.42,62.31,63.32,1461006,63.1,0.61,103.8032786885246
2015-03-16,63.73,64.4,63.73,64.18,1474912,64.14,0.61,105.21311475409837
2015-03-17,63.96,64.86,63.85,64.72,1643128,64.53,0.61,106.09836065573771
2015-03-18,64.69,66.0,64.163,65.48,1197465,65.13,0.61,107.34426229508198
2015-03-19,65.21,65.83,65.16,65.64,976780,65.55,0.61,107.60655737704919
2015-03-20,66.14,66.69,65.52,66.55,2391022,66.38,0.61,109.09836065573771
2015-03-23,66.5,66.98,66.24,66.45,1034457,66.68,0.61,108.9344262295082
2015-03-24,66.4,67.84,66.2301,67.3,1623559,67.34,0.61,110.32786885245902
2015-03-25,67.23,67.45,66.18,66.35,2103740,66.68,0.61,108.77049180327869
2015-03-26,65.87,66.19,65.26,65.8,1862948,65.82,0.61,107.8688524590164
2015-03-27,65.74,66.81,65.66,66.69,1824496,66.53,0.61,109.32786885245902
2015-03-30,67.19,69.29,66.97,69.22,1894770,68.88,0.61,113.47540983606558
2015-03-31,69.19,69.6,68.7511,69.01,3272767,69.24,0.61,113.13114754098362
2015-04-01,69.01,69.21,67.67,68.39,2713584,68.28,0.61,112.11475409836066
2015-04-02,71.98,75.4,71.97,74.73,9037275,74.43,0.61,122.50819672131148
2015-04-06,74.16,75.22,73.77,73.95,3106025,74.21,0.61,121.22950819672131
2015-04-07,73.95,74.25,73.28,73.42,2881487,73.64,0.61,120.36065573770492
2015-04-08,73.62,74.07,73.36,74.07,2574811,73.76,0.61,121.42622950819671
2015-04-09,74.0,74.55,73.4001,74.11,1486838,73.95,0.61,121.49180327868852
2015-04-10,74.01,74.135,73.11,73.19,1175208,73.44,0.61,119.98360655737704
2015-04-13,73.34,73.74,72.91,73.01,1241975,73.29,0.61,119.68852459016395
2015-04-14,72.82,73.09,71.86,72.46,887246,72.54,0.61,118.78688524590163
2015-04-15,72.57,72.92,72.375,72.4,1016605,72.58,0.61,118.68852459016395
2015-04-16,72.42,72.45,71.57,71.68,926842,71.84,0.61,117.50819672131149
2015-04-17,71.22,71.39,70.13,70.61,1418252,70.63,0.61,115.75409836065575
2015-04-20,70.97,71.25,70.77,70.97,1265057,71.01,0.61,116.34426229508196
2015-04-21,71.33,71.91,70.75,70.88,1175983,70.95,0.61,116.1967213114754
2015-04-22,71.2,71.515,70.46,70.84,1366936,70.89,0.61,116.13114754098362
2015-04-23,70.78,71.05,70.3,70.72,1024695,70.68,0.61,115.93442622950819
2015-04-24,70.83,70.83,69.81,69.97,845687,70.01,0.68,102.8970588235294
2015-04-27,70.0,70.224,68.74,68.81,941695,69.37,0.68,101.19117647058823
2015-04-28,68.96,69.61,68.35,69.39,1221942,69.21,0.68,102.04411764705881
2015-04-29,69.21,69.28,68.37,68.76,947669,68.75,0.68,101.11764705882354
2015-04-30,68.44,68.83,67.69,68.11,1416618,68.2,0.68,100.16176470588235
2015-05-01,68.25,69.82,68.17,69.81,1296048,69.37,0.68,102.66176470588235
2015-05-04,70.05,71.36,69.93,71.33,1611143,70.94,0.68,104.8970588235294
2015-05-05,71.11,71.84,70.205,70.3,1637521,70.78,0.68,103.38235294117646
2015-05-06,70.35,70.71,69.4001,69.97,1337289,69.87,0.68,102.8970588235294
2015-05-07,69.93,71.03,69.78,70.84,1240468,70.78,0.68,104.17647058823529
2015-05-08,71.56,72.14,71.46,71.53,1105211,71.76,0.68,105.19117647058823
2015-05-11,71.35,72.25,71.26,71.35,1351084,71.76,0.68,104.92647058823528
2015-05-12,70.96,71.65,70.73,71.27,835015,71.27,0.68,104.80882352941175
2015-05-13,71.82,71.87,70.84,71.11,960893,71.27,0.68,104.5735294117647
2015-05-14,71.91,72.05,71.28,71.72,1597948,71.71,0.68,105.4705882352941
2015-05-15,71.91,72.45,71.7401,72.26,1741454,72.21,0.68,106.26470588235294
2015-05-18,72.45,73.2,72.32,73.0,1520866,72.88,0.68,107.35294117647058
2015-05-19,72.94,73.05,72.12,72.26,1036657,72.45,0.68,106.26470588235294
2015-05-20,72.38,72.63,72.1,72.3,996785,72.41,0.68,106.3235294117647
2015-05-21,72.01,72.94,71.92,72.51,1298517,72.62,0.68,106.63235294117646
2015-05-22,72.56,72.849,71.93,72.41,1286362,72.48,0.68,106.48529411764704
2015-05-26,72.36,72.68,71.61,71.71,868374,71.99,0.68,105.45588235294116
2015-05-27,72.15,72.99,71.87,72.84,1839579,72.67,0.68,107.11764705882352
2015-05-28,72.92,73.15,72.16,72.38,859698,72.5,0.68,106.44117647058822
2015-05-29,72.14,72.41,71.04,71.04,1481320,71.35,0.68,104.47058823529412
2015-06-01,71.44,72.05,70.83,71.7,856209,71.52,0.68,105.44117647058823
2015-06-02,71.37,72.23,71.36,72.1,874113,72.06,0.68,106.02941176470587
2015-06-03,72.15,73.14,72.1,72.81,1064867,72.82,0.68,107.0735294117647
2015-06-04,72.48,73.2,72.39,73.09,1287332,73.01,0.68,107.48529411764706
2015-06-05,73.11,73.76,72.85,73.7,1376916,73.57,0.68,108.38235294117646
2015-06-08,73.15,73.48,72.15,72.16,1706821,72.66,0.68,106.11764705882352
2015-06-09,72.05,72.85,72.05,72.59,819209,72.59,0.68,106.75
2015-06-10,72.85,73.341,72.81,73.15,1078953,73.14,0.68,107.57352941176471
2015-06-11,73.47,73.6899,72.67,72.78,798887,72.92,0.68,107.02941176470587
2015-06-12,72.53,73.12,72.37,72.86,1182489,72.84,0.68,107.1470588235294
2015-06-15,72.45,72.45,71.4,71.55,1685648,71.69,0.68,105.2205882352941
2015-06-16,71.57,72.22,71.54,72.2,1189358,71.96,0.68,106.17647058823529
2015-06-17,72.38,73.19,72.04,72.28,1371014,72.49,0.68,106.29411764705881
2015-06-18,72.4,72.8763,71.72,71.96,2922593,72.39,0.68,105.8235294117647
2015-06-19,69.14,70.88,68.25,69.27,6855474,69.65,0.68,101.86764705882352
2015-06-22,69.51,69.7399,67.89,68.03,4528276,68.34,0.68,100.04411764705881
2015-06-23,68.25,68.84,68.1,68.73,2000144,68.55,0.68,101.07352941176471
2015-06-24,68.66,69.15,68.11,68.12,1225222,68.42,0.68,100.17647058823529
2015-06-25,68.49,68.6799,67.8975,68.07,1158191,68.16,0.68,100.10294117647057
2015-06-26,68.03,68.45,67.76,68.41,2479019,68.27,0.68,100.60294117647058
2015-06-29,67.62,68.12,66.31,66.35,1533252,67.04,0.68,97.5735294117647
2015-06-30,66.82,67.19,65.96,66.21,1769533,66.36,0.68,97.36764705882351
2015-07-01,66.95,67.08,66.275,67.04,1447658,66.79,0.68,98.58823529411765
2015-07-02,67.34,67.52,66.54,66.67,1064661,66.78,0.68,98.04411764705883
2015-07-06,66.08,66.905,66.0,66.32,1422875,66.4,0.68,97.52941176470587
2015-07-07,66.64,66.71,65.49,66.6,1763956,66.2,0.68,97.94117647058822
2015-07-08,66.95,67.05,65.44,65.57,2080480,66.06,0.87,75.36781609195401
2015-07-09,66.71,66.71,66.17,66.25,1677002,66.42,0.87,76.14942528735632
2015-07-10,67.01,67.17,66.68,66.92,1106516,66.99,0.87,76.91954022988506
2015-07-13,67.68,68.36,67.36,68.27,1641084,68.16,0.87,78.47126436781609
2015-07-14,68.3,68.55,68.0,68.02,1268145,68.19,0.87,78.183908045977
2015-07-15,68.0,68.04,67.43,67.55,1032300,67.69,0.87,77.64367816091954
2015-07-16,67.82,68.99,67.63,68.87,1198947,68.61,0.87,79.16091954022988
2015-07-17,68.48,68.64,67.76,67.95,851345,67.99,0.87,78.10344827586208
2015-07-20,68.09,68.8,67.83,68.17,724151,68.4,0.87,78.35632183908046
2015-07-21,68.16,68.33,66.78,66.88,897653,67.13,0.87,76.8735632183908
2015-07-22,66.88,66.905,66.1,66.32,1373337,66.35,0.87,76.22988505747125
2015-07-23,66.66,66.82,65.11,65.19,1818737,65.88,0.87,74.93103448275862
2015-07-24,65.57,65.67,63.08,63.18,1998338,63.68,0.87,72.62068965517241
2015-07-27,63.05,63.17,61.625,61.96,2074827,62.09,0.87,71.2183908045977
2015-07-28,62.31,62.81,61.045,62.67,1613365,62.15,0.87,72.0344827586207
2015-07-29,62.87,64.36,62.87,64.26,1548063,63.81,0.87,73.86206896551725
2015-07-30,64.11,64.23,63.55,63.99,1017998,63.95,0.87,73.55172413793103
2015-07-31,64.19,64.87,63.85,64.51,967209,64.51,0.87,74.14942528735632
2015-08-03,65.58,65.58,63.7,64.13,1061695,64.29,0.87,73.71264367816092
2015-08-04,64.13,65.29,64.13,64.76,1279085,64.84,0.87,74.4367816091954
2015-08-05,65.15,65.8,64.55,64.77,1005467,65.01,0.87,74.44827586206897
2015-08-06,64.25,64.32,61.64,62.1,2448479,62.27,0.87,71.37931034482759
2015-08-07,62.1,62.89,61.64,62.15,1194057,62.1,0.87,71.4367816091954
2015-08-10,62.61,63.81,62.5,63.41,1255894,63.24,0.87,72.88505747126436
2015-08-11,62.86,63.0,62.15,62.76,1494694,62.69,0.87,72.13793103448276
2015-08-12,62.11,62.66,60.85,62.51,1636693,61.85,0.87,71.85057471264368
2015-08-13,62.65,63.18,62.04,62.62,1076333,62.79,0.87,71.97701149425288
2015-08-14,62.54,63.37,62.23,63.13,1068215,63.04,0.87,72.56321839080461
2015-08-17,62.93,63.55,62.34,63.53,923948,63.21,0.87,73.02298850574712
2015-08-18,63.65,64.07,63.3,63.5,1174362,63.56,0.87,72.98850574712644
2015-08-19,63.09,63.09,61.83,62.53,965101,62.41,0.87,71.8735632183908
2015-08-20,61.77,62.44,61.26,61.32,995120,61.75,0.87,70.48275862068965
2015-08-21,60.85,61.22,59.5,59.58,2233162,60.0,0.87,68.48275862068965
2015-08-24,56.11,60.07,55.265,57.7,2524923,58.19,0.87,66.32183908045977
2015-08-25,59.5,60.1,57.12,57.18,1633091,58.56,0.87,65.72413793103448
2015-08-26,58.61,58.79,56.79,58.5,1870908,57.96,0.87,67.24137931034483
2015-08-27,59.15,60.41,58.64,60.0,1618108,59.57,0.87,68.96551724137932
2015-08-28,60.0,61.18,59.93,61.02,1501933,60.71,0.87,70.13793103448276
2015-08-31,60.66,62.0,60.63,61.0,1936837,61.27,0.87,70.11494252873564
2015-09-01,59.83,60.21,58.28,58.56,2183260,58.84,0.87,67.3103448275862
2015-09-02,59.17,59.84,58.32,59.84,2811666,59.54,0.87,68.7816091954023
2015-09-03,60.1,61.38,59.94,60.58,1357775,60.76,0.87,69.63218390804597
2015-09-04,59.46,60.39,59.28,60.02,1258294,59.92,0.87,68.98850574712644
2015-09-08,59.64,60.28,58.53,60.11,3181595,59.56,0.87,69.0919540229885
2015-09-09,60.72,61.19,59.43,59.58,1601196,60.33,0.87,68.48275862068965
2015-09-10,59.53,60.5199,59.1,59.82,1388220,59.99,0.87,68.75862068965517
2015-09-11,59.86,60.52,59.57,60.21,1381100,60.11,0.87,69.20689655172414
2015-09-14,59.91,59.93,58.705,58.99,2526266,59.11,0.87,67.80459770114943
2015-09-15,59.26,61.22,58.55,60.82,2241440,60.42,0.87,69.9080459770115
2015-09-16,60.68,62.07,60.52,62.06,1807920,61.52,0.87,71.33333333333334
2015-09-17,62.1,62.96,61.68,61.96,2181379,62.17,0.87,71.2183908045977
2015-09-18,61.05,61.53,60.12,60.27,3183041,60.71,0.87,69.27586206896552
2015-09-21,60.75,62.68,60.725,62.66,3119759,62.08,0.87,72.02298850574712
2015-09-22,60.02,60.54,56.68,59.72,6101694,59.26,0.87,68.64367816091954
2015-09-23,58.55,59.89,57.88,59.32,3877591,58.91,0.87,68.183908045977
2015-09-24,58.68,59.44,58.22,59.07,2017533,58.81,0.87,67.89655172413794
2015-09-25,59.67,60.32,59.31,59.73,1279709,59.75,0.87,68.6551724137931
2015-09-28,59.28,59.45,57.8201,57.9,1682820,58.24,0.87,66.55172413793103
2015-09-29,57.88,58.31,57.29,57.96,1440828,57.81,0.87,66.62068965517241
2015-09-30,59.1,59.82,58.76,59.32,2284373,59.3,0.87,68.183908045977
2015-10-01,59.55,59.7499,57.71,58.65,2215262,58.47,0.87,67.41379310344827
2015-10-02,57.59,59.78,57.32,59.78,1728155,58.69,0.87,68.71264367816092
2015-10-05,60.1,60.59,59.64,60.48,1581822,60.19,0.87,69.51724137931033
2015-10-06,60.22,60.5,58.9,59.22,1419019,59.44,0.87,68.06896551724138
2015-10-07,59.59,60.33,58.85,59.48,1173501,59.45,0.87,68.36781609195403
2015-10-08,59.36,60.42,59.12,59.96,1468300,59.86,0.83,72.2409638554217
2015-10-09,59.16,59.26,57.96,58.77,2641588,58.64,0.83,70.80722891566266
2015-10-12,58.91,59.0,57.26,57.34,2430733,57.79,0.83,69.0843373493976
2015-10-13,57.21,57.66,56.75,56.91,2444395,57.04,0.83,68.56626506024097
2015-10-14,56.91,57.29,55.9,56.77,2092651,56.67,0.83,68.3975903614458
2015-10-15,56.97,57.22,56.25,56.98,1762187,56.87,0.83,68.65060240963855
2015-10-16,57.01,57.1,56.065,56.18,2319676,56.38,0.83,67.6867469879518
2015-10-19,56.12,56.94,56.0,56.85,2276362,56.7,0.83,68.49397590361447
2015-10-20,56.86,57.35,56.57,56.95,1462269,57.02,0.83,68.61445783132531
2015-10-21,57.26,57.34,56.67,57.3,2060403,57.09,0.83,69.03614457831326
2015-10-22,57.67,58.84,57.66,58.24,2330137,58.38,0.83,70.16867469879519
2015-10-23,58.76,58.83,57.48,58.05,1861531,57.92,0.83,69.93975903614458
2015-10-26,58.02,58.995,57.91,58.79,1534315,58.67,0.83,70.83132530120483
2015-10-27,58.49,58.84,57.85,58.21,1208410,58.2,0.83,70.13253012048193
2015-10-28,58.24,58.46,57.5,57.87,2230153,58.03,0.83,69.72289156626506
2015-10-29,57.92,58.55,57.68,58.41,2129210,58.2,0.83,70.37349397590361
2015-10-30,58.27,59.66,58.01,59.01,1492939,59.05,0.83,71.09638554216868
2015-11-02,59.08,59.34,58.525,58.77,1287786,58.95,0.83,70.80722891566266
2015-11-03,58.65,59.55,57.75,57.96,2286716,58.23,0.83,69.83132530120483
2015-11-04,57.41,58.25,56.23,57.15,2979861,56.89,0.83,68.855421686747
2015-11-05,57.33,57.55,56.73,57.06,2195496,57.08,0.83,68.74698795180724
2015-11-06,56.8,57.69,56.62,57.3,1740341,57.16,0.83,69.03614457831326
2015-11-09,57.19,57.213,56.14,56.45,1779887,56.49,0.83,68.01204819277109
2015-11-10,56.43,56.67,55.78,56.5,1145091,56.26,0.83,68.07228915662651
2015-11-11,56.68,56.8199,55.99,56.02,1193427,56.32,0.83,67.49397590361447
2015-11-12,55.6,56.1,55.45,55.45,1454086,55.71,0.83,66.80722891566266
2015-11-13,55.23,55.49,53.84,53.98,1833825,54.23,0.83,65.03614457831326
2015-11-16,53.8,55.05,53.46,55.02,1821126,54.39,0.83,66.28915662650603
2015-11-17,54.99,56.4,54.99,55.62,2071713,55.75,0.83,67.01204819277109
2015-11-18,55.9,56.69,55.66,56.68,1647024,56.29,0.83,68.28915662650603
2015-11-19,56.54,57.05,56.1,56.35,1427490,56.44,0.83,67.89156626506025
2015-11-20,56.7,57.645,56.6,57.41,1775871,57.29,0.83,69.16867469879519
2015-11-23,57.09,57.2258,56.46,56.63,1728288,56.81,0.83,68.2289156626506
2015-11-24,56.16,57.59,56.15,57.31,1516553,57.2,0.83,69.04819277108435
2015-11-25,57.46,58.206,57.26,57.89,1252480,57.95,0.83,69.74698795180723
2015-11-27,57.86,57.86,56.93,57.41,727639,57.39,0.83,69.16867469879519
2015-11-30,57.31,57.64,56.84,57.3,1633914,57.22,0.83,69.03614457831326
2015-12-01,57.36,57.95,56.79,57.26,1787306,57.22,0.83,68.98795180722891
2015-12-02,57.27,58.11,56.52,57.98,3108179,57.33,0.83,69.855421686747
2015-12-03,57.99,59.14,57.64,58.22,2907943,58.34,0.83,70.14457831325302
2015-12-04,58.34,59.56,58.13,59.22,1799849,59.0,0.83,71.34939759036145
2015-12-07,59.21,59.22,58.2,58.69,2152493,58.66,0.83,70.71084337349397
2015-12-08,58.28,59.75,58.2,59.25,1971707,59.14,0.83,71.3855421686747
2015-12-09,58.95,60.0,58.55,58.86,1588388,59.18,0.83,70.91566265060241
2015-12-10,58.78,59.17,58.47,58.65,1440818,58.8,0.83,70.66265060240964
2015-12-11,57.76,58.06,57.14,57.48,1921677,57.63,0.83,69.25301204819277
2015-12-14,57.65,58.72,57.2,57.86,2756653,57.78,0.83,69.71084337349397
2015-12-15,58.09,59.37,58.0,58.67,2746207,58.7,0.83,70.6867469879518
2015-12-16,58.75,59.035,57.22,58.66,3798002,57.97,0.83,70.67469879518072
2015-12-17,58.81,59.16,57.11,57.15,4761309,57.78,0.83,68.855421686747
2015-12-18,53.44,53.9,50.57,53.49,20302438,52.38,0.83,64.44578313253012
2015-12-21,53.08,53.25,51.0401,52.53,7230753,52.04,0.83,63.28915662650603
2015-12-22,52.66,52.79,51.19,51.62,4475452,51.7,0.83,62.19277108433735
2015-12-23,52.12,53.82,51.73,53.62,2923534,53.13,0.83,64.60240963855422
2015-12-24,53.52,53.75,53.01,53.23,850046,53.4,0.83,64.13253012048193
2015-12-28,53.0,53.32,52.3,53.18,1743240,52.89,0.83,64.07228915662651
2015-12-29,53.57,54.76,53.48,54.59,2071188,54.33,0.83,65.77108433734941
2015-12-30,54.37,54.955,54.25,54.56,1971163,54.63,0.83,65.73493975903615
2015-12-31,54.28,54.915,53.97,53.97,1689170,54.38,0.83,65.02409638554217
2016-01-04,53.1,53.1,51.915,52.37,3223099,52.37,0.83,63.096385542168676
2016-01-05,52.46,52.75,51.74,52.12,2752734,52.12,0.83,62.795180722891565
2016-01-06,49.78,50.72,47.7,48.31,7665991,48.79,0.83,58.20481927710844
2016-01-07,47.67,47.9,46.75,47.11,7094400,47.25,0.64,73.609375
2016-01-08,47.7,47.99,46.7,46.8,4827330,46.99,0.64,73.125
2016-01-11,46.96,47.19,46.1765,46.99,3452710,46.75,0.64,73.421875
2016-01-12,48.07,48.69,46.86,47.66,3438489,47.48,0.64,74.46875
2016-01-13,47.83,48.02,45.98,46.24,3750220,46.59,0.64,72.25
2016-01-14,46.26,47.35,45.44,47.06,3649460,46.63,0.64,73.53125
2016-01-15,45.6,45.94,44.09,45.02,5513557,44.84,0.64,70.34375
2016-01-19,45.16,45.5,42.385,42.99,5708040,43.46,0.64,67.171875
2016-01-20,42.4,45.16,41.88,44.89,6224812,43.54,0.64,70.140625
2016-01-21,44.94,47.12,44.87,45.78,4305329,46.12,0.64,71.53125
2016-01-22,46.58,46.85,45.46,45.85,2392191,45.92,0.64,71.640625
2016-01-25,45.68,45.86,44.9,44.98,3056069,45.24,0.64,70.28125
2016-01-26,45.19,46.02,44.81,45.99,2451341,45.61,0.64,71.859375
2016-01-27,45.57,46.05,44.22,44.64,4092159,45.24,0.64,69.75
2016-01-28,44.95,45.13,42.73,42.9,5784735,43.11,0.64,67.03125
2016-01-29,43.19,44.3,42.97,44.18,4488836,43.77,0.64,69.03125
2016-02-01,43.63,44.4,41.28,43.93,6358483,43.17,0.64,68.640625
2016-02-02,43.53,43.56,41.97,42.37,3539404,42.4,0.64,66.203125
2016-02-03,42.89,42.94,41.25,42.51,3042456,42.19,0.64,66.421875
2016-02-04,42.56,44.02,41.99,43.9,3168760,43.57,0.64,68.59375
2016-02-05,43.9,44.41,43.37,44.15,3118568,44.03,0.64,68.984375
2016-02-08,43.75,43.92,42.25,42.65,2890243,42.87,0.64,66.640625
2016-02-09,42.39,43.51,42.11,42.86,2623144,42.84,0.64,66.96875
2016-02-10,43.0,44.4,42.71,43.13,2559724,43.49,0.64,67.390625
2016-02-11,42.11,42.97,41.455,42.15,3104463,42.07,0.64,65.859375
2016-02-12,42.88,43.75,42.0875,43.63,2013708,43.3,0.64,68.171875
2016-02-16,44.33,46.19,44.13,46.04,3070589,45.63,0.64,71.9375
2016-02-17,46.74,48.94,46.69,47.95,4904127,48.12,0.64,74.921875
2016-02-18,47.77,47.98,46.36,46.64,2956904,46.95,0.64,72.875
2016-02-19,46.32,46.32,44.3,45.36,3717972,45.3,0.64,70.875
2016-02-22,46.01,46.93,45.65,45.85,2478445,46.02,0.64,71.640625
2016-02-23,45.82,46.33,44.54,45.47,2360965,45.47,0.64,71.046875
2016-02-24,44.71,45.28,43.47,45.19,2421279,44.69,0.64,70.609375
2016-02-25,45.22,46.27,44.75,46.26,2258475,45.65,0.64,72.28125
2016-02-26,46.6,47.605,46.22,47.2,2347830,47.09,0.64,73.75
2016-02-29,47.17,47.38,46.25,46.26,2119907,46.63,0.64,72.28125
2016-03-01,46.89,47.99,46.09,47.98,2803344,47.29,0.64,74.96875
2016-03-02,47.91,48.54,46.76,47.72,2293790,47.37,0.64,74.5625
2016-03-03,47.66,50.54,47.52,50.29,4314373,49.76,0.64,78.578125
2016-03-04,50.43,53.02,50.25,51.35,4386733,51.85,0.64,80.234375
2016-03-07,50.82,52.81,50.72,52.64,2874763,52.18,0.64,82.25
2016-03-08,52.1,53.225,50.48,50.7,2761825,51.19,0.64,79.21875
2016-03-09,50.91,51.06,49.99,50.99,1371422,50.63,0.64,79.671875
2016-03-10,50.98,51.67,50.3601,50.98,1690460,50.97,0.64,79.65625
2016-03-11,51.1,52.1,50.18,51.89,2487567,51.31,0.64,81.078125
2016-03-14,51.5,51.85,50.19,50.83,1784524,50.82,0.64,79.421875
2016-03-15,50.26,50.45,48.89,49.24,2223634,49.28,0.64,76.9375
2016-03-16,49.13,50.12,48.52,50.09,2341129,49.33,0.64,78.265625
2016-03-17,49.36,49.72,47.07,49.31,2463358,49.05,0.64,77.046875
2016-03-18,49.56,50.44,49.44,50.24,3421040,50.06,0.64,78.5
2016-03-21,50.3,50.66,49.86,50.57,1521129,50.35,0.64,79.015625
2016-03-22,50.12,50.645,49.96,50.2,2227641,50.24,0.64,78.4375
2016-03-23,50.04,50.04,48.31,48.44,2114086,48.82,0.64,75.6875
2016-03-24,48.21,48.89,47.11,48.83,2299530,48.24,0.64,76.296875
2016-03-28,48.24,49.11,48.1,48.9,1584942,48.81,0.64,76.40625
2016-03-29,48.55,50.58,48.52,50.43,2335322,50.05,0.64,78.796875
2016-03-30,50.66,51.17,50.21,50.81,1701570,50.83,0.64,79.390625
2016-03-31,50.81,51.37,50.28,51.1,2538272,51.06,0.64,79.84375
2016-04-01,50.57,51.78,49.77,51.75,4399898,51.06,0.64,80.859375
2016-04-04,51.74,51.75,50.79,51.15,3342717,51.22,0.64,79.921875
2016-04-05,50.5,51.36,50.5,51.22,2620660,51.05,0.64,80.03125
2016-04-06,51.4,53.47,51.2,53.29,5123477,52.95,0.64,83.265625
2016-04-07,54.66,54.66,48.78,49.48,11247484,50.5,0.64,77.3125
2016-04-08,49.75,51.69,49.43,50.98,4472178,50.95,0.64,79.65625
2016-04-11,51.26,52.49,50.83,50.88,2842224,51.59,0.64,79.5
2016-04-12,51.16,51.98,51.0664,51.59,2326195,51.63,0.64,80.609375
2016-04-13,52.18,53.97,51.99,53.94,3045614,53.42,0.64,84.28125
2016-04-14,54.2,54.33,53.16,53.62,3039046,53.82,0.64,83.78125
2016-04-15,53.57,54.0,53.01,53.67,1975759,53.65,0.64,83.859375
2016-04-18,53.24,53.79,52.76,53.43,1739955,53.38,0.64,83.484375
2016-04-19,53.66,54.39,53.49,54.33,2332207,53.99,0.64,84.890625
2016-04-20,54.39,54.4,53.26,54.14,2059912,53.93,0.64,84.59375
2016-04-21,54.1,54.72,51.675,52.43,2919092,52.52,0.64,81.921875
2016-04-22,51.55,53.56,50.63,53.22,2186075,52.78,0.72,73.91666666666667
2016-04-25,53.2,53.29,52.58,52.99,1344132,52.86,0.72,73.59722222222223
2016-04-26,53.38,55.87,53.07,55.47,2532219,55.23,0.72,77.04166666666667
2016-04-27,55.4,55.99,54.79,55.13,2357119,55.19,0.72,76.56944444444446
2016-04-28,54.85,55.355,53.78,53.93,1151808,54.6,0.72,74.90277777777779
2016-04-29,53.84,53.84,52.64,52.95,2613651,53.09,0.72,73.54166666666667
2016-05-02,53.21,53.275,51.95,52.2,2337275,52.3,0.72,72.5
2016-05-03,51.47,52.36,51.02,51.92,1811419,51.71,0.72,72.11111111111111
2016-05-04,51.55,52.19,50.99,51.29,1869326,51.43,0.72,71.23611111111111
2016-05-05,51.61,51.71,50.47,50.6,2077457,50.89,0.72,70.27777777777779
2016-05-06,50.41,50.83,49.84,50.41,1589656,50.4,0.72,70.01388888888889
2016-05-09,50.41,51.55,50.305,51.23,1382107,51.15,0.72,71.15277777777777
2016-05-10,51.44,52.8,51.2,52.5,1686511,52.29,0.72,72.91666666666667
2016-05-11,52.22,52.22,50.745,50.97,2178530,51.14,0.72,70.79166666666667
2016-05-12,51.15,51.3,50.49,51.0,1959089,50.87,0.72,70.83333333333334
2016-05-13,50.85,51.6,50.56,50.67,3717437,50.97,0.72,70.375
2016-05-16,50.66,51.09,50.3,50.64,2313535,50.67,0.72,70.33333333333334
2016-05-17,50.4,51.15,50.08,50.81,2286929,50.78,0.72,70.56944444444446
2016-05-18,50.79,51.13,50.32,50.79,3243397,50.69,0.72,70.54166666666667
2016-05-19,50.79,51.91,50.72,51.32,1910033,51.08,0.72,71.27777777777779
2016-05-20,51.5,52.73,51.31,52.73,2299681,52.33,0.72,73.23611111111111
2016-05-23,52.82,52.97,52.11,52.13,1515898,52.39,0.72,72.40277777777779
2016-05-24,52.28,53.14,51.91,52.89,1388539,52.79,0.72,73.45833333333334
2016-05-25,53.04,54.6,52.87,54.04,2317424,54.0,0.72,75.05555555555556
2016-05-26,54.08,54.42,53.15,53.39,1652445,53.44,0.72,74.15277777777779
2016-05-27,53.49,54.23,53.38,53.59,1986772,53.63,0.72,74.43055555555556
2016-05-31,53.83,54.16,53.47,53.66,2505609,53.73,0.72,74.52777777777777
2016-06-01,53.38,53.41,51.47,52.09,3458278,51.9,0.72,72.34722222222223
2016-06-02,51.77,52.3,51.11,52.09,3613827,51.87,0.72,72.34722222222223
2016-06-03,51.67,51.815,50.53,51.54,3729537,51.28,0.72,71.58333333333333
2016-06-06,51.27,52.005,50.74,51.92,2524936,51.5,0.72,72.11111111111111
2016-06-07,51.92,53.5,51.895,52.96,3061706,52.89,0.72,73.55555555555556
2016-06-08,53.13,53.49,52.5,52.52,1994379,52.73,0.72,72.94444444444446
2016-06-09,51.94,51.98,50.98,51.81,2414220,51.46,0.72,71.95833333333334
2016-06-10,51.145,51.145,49.135,49.25,2827630,49.67,0.72,68.40277777777779
2016-06-13,49.01,49.56,48.6501,49.14,2337624,49.26,0.72,68.25
2016-06-14,48.88,49.36,48.4,48.9,2882231,48.75,0.72,67.91666666666667
2016-06-15,48.9,50.27,48.85,49.36,2658818,49.67,0.72,68.55555555555556
2016-06-16,48.93,49.44,47.87,49.2,2490978,48.8,0.72,68.33333333333334
2016-06-17,49.85,51.01,49.85,50.12,5856205,50.37,0.72,69.61111111111111
2016-06-20,50.74,51.84,50.61,50.63,6157247,51.12,0.72,70.31944444444446
2016-06-21,49.11,49.6399,47.9,48.14,9808206,48.66,0.72,66.86111111111111
2016-06-22,47.98,48.26,46.36,46.5,6066496,46.86,0.72,64.58333333333334
2016-06-23,47.21,48.19,46.865,46.98,3706218,47.36,0.72,65.25
2016-06-24,45.69,46.68,45.47,46.32,4648050,46.32,0.72,64.33333333333334
2016-06-27,45.86,45.985,45.06,45.7,4533069,45.54,0.72,63.47222222222223
2016-06-28,46.61,47.29,46.23,46.71,2819647,46.62,0.72,64.875
2016-06-29,47.22,48.31,47.16,48.02,2751281,47.97,0.72,66.69444444444446
2016-06-30,47.91,49.13,47.38,49.03,3446083,48.55,0.72,68.09722222222223
2016-07-01,49.43,50.45,49.21,49.66,2408513,49.82,0.72,68.97222222222221
2016-07-05,49.07,49.2,47.0,47.76,3365940,47.58,0.72,66.33333333333333
2016-07-06,48.21,50.59,48.21,50.45,5203762,49.96,0.72,70.06944444444446
2016-07-07,50.4,51.09,49.99,50.44,1931473,50.42,0.91,55.42857142857142
2016-07-08,51.06,52.75,50.99,52.67,2457363,52.18,0.91,57.879120879120876
2016-07-11,52.74,53.67,52.68,53.32,2640858,53.17,0.91,58.59340659340659
2016-07-12,53.96,54.95,53.94,54.78,2880685,54.62,0.91,60.1978021978022
2016-07-13,54.69,55.0,54.28,54.6,1890922,54.62,0.91,60.0
2016-07-14,55.01,55.545,54.83,55.4,1769302,55.25,0.91,60.879120879120876
2016-07-15,55.77,55.78,55.09,55.23,1512429,55.4,0.91,60.692307692307686
2016-07-18,55.11,55.81,54.98,55.47,1987571,55.49,0.91,60.956043956043956
2016-07-19,54.95,55.29,54.49,54.72,1916353,54.84,0.91,60.13186813186813
2016-07-20,55.05,56.24,55.03,56.04,2236524,55.98,0.91,61.58241758241758
2016-07-21,57.11,58.72,56.575,57.56,4857568,57.9,0.91,63.252747252747255
2016-07-22,57.56,58.26,57.01,57.95,1445553,57.78,0.91,63.68131868131868
2016-07-25,57.87,58.22,57.37,57.8,1306666,57.7,0.91,63.51648351648351
2016-07-26,57.66,58.74,57.64,58.63,1406166,58.5,0.91,64.42857142857143
2016-07-27,58.64,58.92,58.04,58.44,1360508,58.39,0.91,64.21978021978022
2016-07-28,58.09,58.48,57.09,58.35,2012064,57.85,0.91,64.12087912087912
2016-07-29,58.33,58.48,57.72,58.26,1904041,58.13,0.91,64.02197802197801
2016-08-01,58.07,58.38,57.61,58.14,1226798,58.07,0.91,63.89010989010989
2016-08-02,57.97,58.16,55.25,55.57,3079240,55.83,0.91,61.065934065934066
2016-08-03,55.57,56.21,54.86,56.2,2001511,55.9,0.91,61.75824175824176
2016-08-04,56.27,57.74,56.27,57.52,2649802,57.29,0.91,63.20879120879121
2016-08-05,58.18,59.59,58.16,58.85,3296279,59.12,0.91,64.67032967032966
2016-08-08,58.79,58.94,58.3401,58.68,1323160,58.67,0.91,64.48351648351648
2016-08-09,58.54,59.65,58.54,58.74,2154815,59.05,0.91,64.54945054945055
2016-08-10,58.77,58.79,58.14,58.36,969025,58.39,0.91,64.13186813186813
2016-08-11,58.91,59.81,58.55,59.17,2089934,59.35,0.91,65.02197802197801
2016-08-12,59.17,60.34,59.13,59.56,1433462,59.75,0.91,65.45054945054945
2016-08-15,59.68,60.53,59.48,60.51,1452923,60.34,0.91,66.49450549450549
2016-08-16,60.34,60.49,59.71,60.16,1181305,60.21,0.91,66.1098901098901
2016-08-17,60.08,60.15,58.51,58.82,1990409,58.94,0.91,64.63736263736264
2016-08-18,59.15,59.51,58.23,59.15,3130766,58.96,0.91,65.0
2016-08-19,58.93,59.55,57.92,59.3,2963662,58.99,0.91,65.16483516483515
2016-08-22,59.2,59.25,58.32,58.93,2371243,58.75,0.91,64.75824175824175
2016-08-23,59.4,59.78,59.02,59.09,1703653,59.26,0.91,64.93406593406594
2016-08-24,58.96,59.31,58.09,58.22,1311684,58.41,0.91,63.97802197802198
2016-08-25,57.9,58.78,57.9,58.38,1261042,58.41,0.91,64.15384615384616
2016-08-26,58.55,59.55,58.41,58.7,1510163,58.85,0.91,64.50549450549451
2016-08-29,58.7,59.69,58.58,59.48,1039643,59.46,0.91,65.36263736263736
2016-08-30,59.19,59.73,58.88,59.5,830206,59.41,0.91,65.38461538461539
2016-08-31,59.52,59.53,58.2603,58.95,1472509,58.81,0.91,64.78021978021978
2016-09-01,59.03,59.48,58.39,59.01,1139266,58.88,0.91,64.84615384615384
2016-09-02,59.52,60.12,59.44,60.06,1029313,59.88,0.91,66.0
2016-09-06,59.99,60.1,59.24,59.52,2412199,59.47,0.91,65.4065934065934
2016-09-07,59.66,60.81,59.52,60.6,3740963,60.39,0.91,66.5934065934066
2016-09-08,60.3,60.54,59.94,60.17,1488720,60.25,0.91,66.12087912087912
2016-09-09,58.19,58.72,55.22,55.23,3490778,56.26,0.91,60.692307692307686
2016-09-12,54.94,57.11,54.72,56.8,2432623,56.28,0.91,62.41758241758241
2016-09-13,56.23,56.76,55.72,56.43,1860452,56.26,0.91,62.01098901098901
2016-09-14,56.58,57.06,55.95,56.73,1285944,56.66,0.91,62.340659340659336
2016-09-15,56.74,57.32,56.5061,56.9,2353364,56.93,0.91,62.527472527472526
2016-09-16,56.61,56.76,55.89,56.5,4607185,56.3,0.91,62.08791208791209
2016-09-19,57.16,57.7,56.56,56.58,4379130,56.97,0.91,62.175824175824175
2016-09-20,56.82,57.15,55.655,55.76,3982302,55.97,0.91,61.27472527472527
2016-09-21,53.98,54.886,53.23,54.62,5553683,54.22,0.91,60.021978021978015
2016-09-22,55.15,55.5,54.29,54.35,2636421,54.66,0.91,59.72527472527472
2016-09-23,53.95,54.4,53.51,53.74,2616840,53.82,0.91,59.05494505494506
2016-09-26,53.48,54.13,53.22,53.59,2371252,53.62,0.91,58.89010989010989
2016-09-27,53.57,54.11,53.45,53.7,1545515,53.72,0.91,59.010989010989015
2016-09-28,53.68,53.89,52.775,53.12,1802615,53.07,0.91,58.37362637362637
2016-09-29,52.94,53.3,52.07,52.17,1498891,52.56,0.91,57.32967032967033
2016-09-30,52.29,53.635,51.85,53.35,2290005,53.1,0.91,58.62637362637363
2016-10-03,52.84,52.845,51.57,52.52,2195119,52.55,0.91,57.714285714285715
2016-10-04,52.68,52.84,51.52,51.65,2174596,51.93,0.91,56.75824175824175
2016-10-05,52.32,53.95,52.005,53.1,2837927,53.36,0.91,58.35164835164835
2016-10-06,52.77,53.09,52.5785,52.78,1362542,52.83,0.85,62.09411764705882
2016-10-07,53.13,53.17,51.97,52.33,1800714,52.37,0.85,61.56470588235294
2016-10-10,52.75,53.33,52.62,52.64,975132,52.88,0.85,61.92941176470588
2016-10-11,52.44,52.48,50.93,51.14,1933118,51.38,0.85,60.16470588235294
2016-10-12,51.37,51.79,50.96,51.6,1689790,51.48,0.85,60.70588235294118
2016-10-13,51.11,51.62,50.61,51.51,1604091,51.24,0.85,60.6
2016-10-14,51.79,52.14,50.93,51.25,2190295,51.44,0.85,60.294117647058826
2016-10-17,51.25,51.44,50.95,51.11,1432227,51.16,0.85,60.129411764705885
2016-10-18,51.74,51.93,50.76,51.04,2122595,51.07,0.85,60.04705882352941
2016-10-19,51.19,51.94,51.03,51.76,1250343,51.6,0.85,60.89411764705882
2016-10-20,51.58,51.78,50.6,50.83,2469451,50.94,0.85,59.8
2016-10-21,50.45,50.535,49.84,50.05,2866919,50.1,0.85,58.88235294117647
2016-10-24,52.37,52.75,50.51,51.5,4061616,51.19,0.85,60.58823529411765
2016-10-25,51.13,51.28,50.6,50.93,1877746,50.91,0.85,59.91764705882353
2016-10-26,50.63,51.89,50.51,51.54,2474859,51.55,0.85,60.63529411764706
2016-10-27,51.5,51.53,50.51,50.59,2881522,50.73,0.85,59.517647058823535
2016-10-28,49.69,49.95,48.79,49.77,3640548,49.59,0.85,58.5529411764706
2016-10-31,49.81,50.07,49.36,49.94,1813381,49.84,0.85,58.752941176470586
2016-11-01,49.89,49.89,48.025,48.65,2226837,48.91,0.85,57.23529411764706
2016-11-02,48.48,49.2,48.34,48.73,1744167,48.86,0.85,57.32941176470588
2016-11-03,48.83,49.83,48.83,49.62,2777269,49.6,0.85,58.37647058823529
2016-11-04,49.58,51.84,49.38,50.51,3399184,51.08,0.85,59.423529411764704
2016-11-07,51.35,51.605,50.79,51.51,2655031,51.35,0.85,60.6
2016-11-08,49.91,50.405,48.47,48.68,4728040,48.99,0.85,57.27058823529412
2016-11-09,47.65,50.95,47.5,50.62,3232123,50.23,0.85,59.55294117647059
2016-11-10,50.89,53.51,50.88,52.73,3013544,52.64,0.85,62.035294117647055
2016-11-11,52.65,54.97,52.5001,54.78,3068270,54.03,0.85,64.44705882352942
2016-11-14,54.48,58.16,54.41,56.89,4188771,57.17,0.85,66.92941176470589
2016-11-15,57.21,57.21,55.97,56.24,3479634,56.31,0.85,66.16470588235295
2016-11-16,56.08,56.31,55.13,56.0,2019433,55.88,0.85,65.88235294117648
2016-11-17,55.29,56.16,54.17,55.7,1998460,55.63,0.85,65.52941176470588
2016-11-18,55.66,56.2,55.15,55.23,1697381,55.52,0.85,64.97647058823529
2016-11-21,55.95,56.85,55.52,56.57,1737087,56.23,0.85,66.5529411764706
2016-11-22,57.06,57.86,57.0,57.8,1797666,57.63,0.85,68.0
2016-11-23,57.62,58.41,57.4701,58.4,1383678,58.11,0.85,68.70588235294117
2016-11-25,58.36,58.86,58.24,58.38,455630,58.42,0.85,68.68235294117648
2016-11-28,58.28,58.61,57.32,57.37,1407986,57.57,0.85,67.49411764705883
2016-11-29,57.73,58.07,56.96,57.51,1141798,57.48,0.85,67.65882352941176
2016-11-30,57.56,58.04,57.35,57.79,1408704,57.79,0.85,67.98823529411764
2016-12-01,58.15,59.38,57.76,59.1,2332727,59.04,0.85,69.52941176470588
2016-12-02,59.16,59.27,57.9,57.99,2162962,58.45,0.85,68.22352941176472
2016-12-05,58.55,58.89,58.04,58.08,1956730,58.36,0.85,68.32941176470588
2016-12-06,58.66,60.56,58.66,60.5,2160523,59.96,0.85,71.17647058823529
2016-12-07,60.34,62.98,60.34,62.8,2005756,62.24,0.85,73.88235294117646
2016-12-08,62.87,64.88,62.77,64.16,2630174,64.02,0.85,75.48235294117647
2016-12-09,63.95,64.06,62.69,62.8,2252521,63.07,0.85,73.88235294117646
2016-12-12,62.78,63.325,62.08,62.8,3030704,62.81,0.85,73.88235294117646
2016-12-13,63.15,63.26,61.672,61.93,2328646,62.08,0.85,72.85882352941177
2016-12-14,61.95,62.315,61.27,61.42,2280999,61.83,0.85,72.25882352941177
2016-12-15,61.51,62.9225,61.51,62.82,1880208,62.53,0.85,73.90588235294118
2016-12-16,62.93,63.84,61.93,62.15,2806473,62.76,0.85,73.11764705882354
2016-12-19,62.15,62.78,62.021,62.36,3334914,62.44,0.85,73.36470588235294
2016-12-20,61.87,66.64,61.73,66.16,4930347,65.23,0.85,77.83529411764705
2016-12-21,66.02,66.43,65.57,66.0,2365431,66.01,0.85,77.64705882352942
2016-12-22,65.76,66.07,63.58,64.06,2334013,64.31,0.85,75.36470588235295
2016-12-23,64.04,64.8,63.44,64.04,1070167,63.95,0.85,75.34117647058824
2016-12-27,64.22,64.66,63.92,64.31,1216181,64.25,0.85,75.65882352941176
2016-12-28,64.61,65.95,63.55,63.79,1703473,64.3,0.85,75.04705882352941
2016-12-29,64.0,64.6,63.5,63.9,1098928,63.91,0.85,75.17647058823529
2016-12-30,64.2,64.58,63.52,64.39,1811620,64.3,0.85,75.75294117647059
2017-01-03,65.03,65.92,64.095,64.82,2302796,64.72,0.85,76.25882352941176
2017-01-04,65.18,67.6,65.08,66.76,3486140,66.92,0.85,78.54117647058824
2017-01-05,66.17,67.17,65.34,66.38,2052377,66.12,0.85,78.09411764705882
2017-01-06,66.19,66.51,65.37,65.4,1277629,65.81,0.72,90.83333333333334
2017-01-09,65.46,65.87,64.85,65.19,1557753,65.35,0.72,90.54166666666667
2017-01-10,65.01,66.73,65.0,65.68,2462621,66.07,0.72,91.22222222222223
2017-01-11,67.09,68.06,66.25,66.89,2432431,66.91,0.72,92.90277777777779
2017-01-12,66.95,67.1,65.48,66.81,1278234,66.44,0.72,92.79166666666667
2017-01-13,66.82,67.51,66.73,67.17,1063240,67.16,0.72,93.29166666666667
2017-01-17,67.17,67.32,66.2,66.47,1402640,66.65,0.72,92.31944444444444
2017-01-18,66.25,66.39,65.22,65.68,2267765,65.67,0.72,91.22222222222223
2017-01-19,65.67,66.88,65.67,66.47,1995154,66.43,0.72,92.31944444444444
2017-01-20,66.68,67.11,66.11,66.65,1306693,66.64,0.72,92.56944444444446
2017-01-23,66.2,67.35,66.13,67.13,1769008,66.9,0.72,93.23611111111111
2017-01-24,67.51,68.72,67.31,68.21,2608798,68.42,0.72,94.7361111111111
2017-01-25,68.19,68.385,67.85,68.2,2867313,68.14,0.72,94.72222222222223
2017-01-26,68.34,68.86,67.56,67.67,1622916,68.17,0.72,93.98611111111111
2017-01-27,67.87,67.97,67.18,67.46,1084634,67.53,0.72,93.69444444444444
2017-01-30,67.3,67.47,66.22,66.89,2534660,66.77,0.72,92.90277777777779
2017-01-31,66.85,66.92,65.74,66.71,3275869,66.28,0.72,92.65277777777777
2017-02-01,65.0,66.55,64.7,65.19,2931891,65.4,0.72,90.54166666666667
2017-02-02,65.37,65.77,64.63,65.0,1690037,65.1,0.72,90.27777777777779
2017-02-03,65.03,66.11,65.03,65.69,1428578,65.67,0.72,91.23611111111111
2017-02-06,65.37,65.59,64.67,65.11,1340421,65.05,0.72,90.43055555555556
2017-02-07,65.16,65.85,65.02,65.83,1669570,65.53,0.72,91.43055555555556
2017-02-08,65.53,66.94,65.5,66.76,2276280,66.58,0.72,92.72222222222223
2017-02-09,66.84,67.68,66.11,67.44,1432774,67.26,0.72,93.66666666666667
2017-02-10,67.72,67.91,66.75,67.54,1531224,67.37,0.72,93.80555555555557
2017-02-13,67.79,67.95,67.03,67.5,1437484,67.35,0.72,93.75
2017-02-14,67.5,68.31,67.3,68.22,1308864,67.99,0.72,94.75
2017-02-15,67.91,68.86,67.79,68.6,1793161,68.64,0.72,95.27777777777777
2017-02-16,68.5,69.11,68.2,68.28,1606937,68.53,0.72,94.83333333333334
2017-02-17,67.63,67.65,66.39,67.02,2383707,66.88,0.72,93.08333333333333
2017-02-21,67.58,68.57,67.19,68.25,1658361,68.06,0.72,94.79166666666667
2017-02-22,67.86,68.24,67.31,67.55,1453599,67.59,0.72,93.81944444444444
2017-02-23,67.47,67.785,65.96,66.07,1368882,66.57,0.72,91.76388888888889
2017-02-24,65.86,66.24,64.89,65.83,1961404,65.67,0.72,91.43055555555556
2017-02-27,65.94,66.21,65.6,66.07,1397873,66.04,0.72,91.76388888888889
2017-02-28,65.72,65.94,64.175,64.54,3043121,64.77,0.72,89.6388888888889
2017-03-01,65.51,66.44,62.64,65.18,6525726,64.67,0.72,90.52777777777779
2017-03-02,64.91,66.15,64.8,65.03,1833240,65.23,0.72,90.31944444444444
2017-03-03,65.24,65.55,64.46,64.87,1946123,64.87,0.72,90.09722222222223
2017-03-06,64.3,64.54,63.77,63.9,1760300,64.03,0.72,88.75
2017-03-07,63.72,64.83,63.6,63.81,1882236,64.02,0.72,88.625
2017-03-08,64.05,65.135,63.875,64.61,1348375,64.69,0.72,89.73611111111111
2017-03-09,64.28,64.98,63.61,63.77,1266759,64.08,0.72,88.56944444444446
2017-03-10,64.15,64.82,63.85,64.2,1139421,64.21,0.72,89.16666666666667
2017-03-13,64.16,64.37,63.27,63.39,1667928,63.56,0.72,88.04166666666667
2017-03-14,63.18,63.3907,62.18,62.98,2548092,62.62,0.72,87.47222222222221
2017-03-15,62.98,63.8,62.03,63.51,2689521,63.07,0.72,88.20833333333333
2017-03-16,63.57,63.96,62.65,63.54,1756186,63.38,0.72,88.25
2017-03-17,63.99,63.99,61.23,61.69,4293636,61.91,0.72,85.68055555555556
2017-03-20,61.59,62.01,60.93,61.17,2541698,61.25,0.72,84.95833333333334
2017-03-21,61.34,61.5,58.81,59.47,3509559,59.74,0.72,82.59722222222223
2017-03-22,59.43,61.01,58.92,60.07,2669036,60.17,0.72,83.43055555555556
2017-03-23,59.94,60.59,58.99,60.04,1862975,60.15,0.72,83.38888888888889
2017-03-24,60.21,60.66,59.18,59.6,1410458,59.79,0.72,82.77777777777779
2017-03-27,58.91,59.175,57.83,58.87,2728979,58.84,0.72,81.76388888888889
2017-03-28,58.88,59.92,58.64,59.76,2984619,59.42,0.72,83.0
2017-03-29,59.94,60.37,59.47,60.05,1489906,59.98,0.72,83.40277777777777
2017-03-30,59.92,60.73,59.92,60.06,1355231,60.21,0.72,83.41666666666667
2017-03-31,59.8,59.96,58.13,59.22,3993310,59.0,0.72,82.25
2017-04-03,58.2,58.5,56.01,56.67,5490157,56.77,0.72,78.70833333333334
2017-04-04,56.37,57.0,55.6,55.82,5023617,56.02,0.72,77.52777777777779
2017-04-05,57.0,58.05,56.5,56.66,7993564,57.27,0.72,78.69444444444444
2017-04-06,55.08,58.2,54.29,58.0,11001539,56.96,0.72,80.55555555555556
2017-04-07,57.8,58.17,55.71,56.5,7366364,56.46,0.72,78.47222222222223
2017-04-10,56.51,57.89,56.49,57.11,3355934,57.28,0.72,79.31944444444444
2017-04-11,57.1,57.61,56.35,57.24,2400718,57.08,0.72,79.5
2017-04-12,57.17,57.24,56.1,56.24,1620457,56.48,0.72,78.11111111111111
2017-04-13,56.15,56.5,55.37,55.37,1926368,55.73,0.72,76.90277777777777
2017-04-17,55.58,56.19,55.11,56.13,1687687,55.8,0.72,77.95833333333334
2017-04-18,55.75,55.94,55.05,55.61,2083482,55.59,0.72,77.23611111111111
2017-04-19,56.0,57.855,56.0,57.17,3642127,57.27,0.72,79.40277777777779
2017-04-20,57.51,58.9,57.51,58.8,3302178,58.46,0.72,81.66666666666667
2017-04-21,58.71,59.13,57.7,58.31,2821582,58.28,0.82,71.10975609756099
2017-04-24,59.69,59.89,58.845,59.69,2571464,59.42,0.82,72.79268292682927
2017-04-25,59.98,60.61,58.61,58.74,3043450,59.24,0.82,71.63414634146342
2017-04-26,58.91,60.48,58.75,59.96,4056506,59.94,0.82,73.1219512195122
2017-04-27,59.93,60.715,59.585,60.08,2006451,60.14,0.82,73.26829268292683
2017-04-28,60.055,60.055,58.305,58.5,3722327,58.66,0.82,71.34146341463415
2017-05-01,58.7,58.8,57.965,58.15,2152639,58.38,0.82,70.91463414634147
2017-05-02,58.18,58.59,56.53,57.88,3105091,57.65,0.82,70.58536585365854
2017-05-03,57.8,58.57,57.55,58.52,2088907,58.26,0.82,71.3658536585366
2017-05-04,58.6,59.26,58.45,58.71,1714176,58.79,0.82,71.59756097560977
2017-05-05,59.13,59.78,58.1,59.71,2180291,59.21,0.82,72.81707317073172
2017-05-08,59.81,60.729,59.55,60.28,2641679,60.22,0.82,73.51219512195122
2017-05-09,60.18,60.61,59.47,60.28,2184941,60.1,0.82,73.51219512195122
2017-05-10,60.19,60.47,59.55,59.93,1469757,59.89,0.82,73.08536585365854
2017-05-11,59.62,59.74,58.259,59.28,1741403,59.1,0.82,72.29268292682927
2017-05-12,58.95,59.46,58.59,59.39,1909782,59.17,0.82,72.42682926829269
2017-05-15,59.68,61.42,59.6,61.14,3147105,60.95,0.82,74.5609756097561
2017-05-16,61.33,61.74,60.66,61.66,3306478,61.38,0.82,75.19512195121952
2017-05-17,60.87,61.43,59.56,60.02,3084916,60.1,0.82,73.19512195121952
2017-05-18,61.23,64.66,61.03,63.71,7334737,63.3,0.82,77.69512195121952
2017-05-19,64.01,64.96,62.95,64.75,2533412,64.57,0.82,78.96341463414635
2017-05-22,65.06,65.8,64.9,65.03,1802279,65.17,0.82,79.3048780487805
2017-05-23,64.78,65.119,64.4,64.49,1986991,64.71,0.82,78.64634146341463
2017-05-24,64.28,64.83,63.97,64.51,1944581,64.54,0.82,78.67073170731709
2017-05-25,65.17,65.31,63.87,64.69,1736475,64.49,0.82,78.89024390243902
2017-05-26,64.47,64.92,64.05,64.72,1293156,64.57,0.82,78.92682926829269
2017-05-30,64.65,64.87,63.4,63.54,1662363,63.86,0.82,77.48780487804878
2017-05-31,63.68,63.74,61.78,62.83,2505154,62.47,0.82,76.6219512195122
2017-06-01,63.16,64.0,62.18,63.93,2706695,63.25,0.82,77.96341463414635
2017-06-02,63.89,64.33,62.84,63.6,1773888,63.36,0.82,77.5609756097561
2017-06-05,63.48,63.49,61.83,62.59,2609816,62.6,0.82,76.32926829268294
2017-06-06,62.05,62.34,61.16,61.64,2574877,61.61,0.82,75.17073170731707
2017-06-07,61.98,63.0,61.17,62.47,2444714,62.37,0.82,76.1829268292683
2017-06-08,62.34,62.89,60.55,60.76,2785268,61.12,0.82,74.09756097560975
2017-06-09,60.58,60.835,59.12,59.61,3397994,59.64,0.82,72.69512195121952
2017-06-12,59.56,61.43,59.56,60.8,2595328,60.69,0.82,74.14634146341463
2017-06-13,60.65,61.65,59.23,61.63,2619144,61.06,0.82,75.15853658536587
2017-06-14,61.67,61.95,60.74,61.83,1552401,61.51,0.82,75.40243902439025
2017-06-15,61.36,61.7326,60.46,61.55,2221753,61.28,0.82,75.0609756097561
2017-06-16,61.37,61.37,59.8,60.69,3041849,60.52,0.82,74.01219512195122
2017-06-19,60.92,61.93,59.985,61.65,4013731,61.26,0.82,75.1829268292683
2017-06-20,61.46,61.585,59.14,59.26,5646365,59.99,0.82,72.26829268292683
2017-06-21,63.82,63.95,58.34,59.74,11719503,60.78,0.82,72.85365853658537
2017-06-22,59.82,63.05,59.64,62.5,6826971,62.42,0.82,76.21951219512195
2017-06-23,62.43,62.61,61.2,61.71,3205616,61.71,0.82,75.25609756097562
2017-06-26,62.0,63.59,61.852,63.38,3068588,63.13,0.82,77.29268292682927
2017-06-27,63.75,64.28,63.0,63.1,1818715,63.45,0.82,76.95121951219512
2017-06-28,63.05,63.61,61.65,62.09,2867381,62.29,0.82,75.71951219512196
2017-06-29,62.27,63.095,61.85,62.26,1473322,62.35,0.82,75.92682926829268
2017-06-30,62.46,63.455,62.25,63.06,2035725,62.97,0.82,76.90243902439025
2017-07-03,63.4,64.5,62.94,63.74,1321010,63.87,0.82,77.73170731707317
2017-07-05,63.53,64.04,62.22,63.37,2197017,63.13,0.82,77.28048780487805
2017-07-06,63.34,64.23,62.961,63.51,2096749,63.76,0.82,77.45121951219512
2017-07-07,63.62,64.47,63.13,63.95,2068539,63.97,1.14,56.096491228070185
2017-07-10,63.51,64.32,63.25,64.2,1777620,63.92,1.14,56.31578947368422
2017-07-11,64.35,64.5,63.16,63.67,1618295,63.7,1.14,55.85087719298246
2017-07-12,64.15,65.3,63.72,64.2,1709597,64.38,1.14,56.31578947368422
2017-07-13,64.43,65.7,64.21,65.03,1660245,65.11,1.14,57.043859649122815
2017-07-14,65.02,65.285,64.08,64.42,1368184,64.46,1.14,56.50877192982457
2017-07-17,64.5,65.46,64.35,65.03,1156102,65.09,1.14,57.043859649122815
2017-07-18,64.77,65.19,64.09,64.74,1622987,64.62,1.14,56.78947368421053
2017-07-19,64.9,65.37,64.65,64.83,1201944,64.89,1.14,56.86842105263158
2017-07-20,64.83,65.18,63.85,64.38,1157623,64.39,1.14,56.473684210526315
2017-07-21,64.59,66.19,64.44,66.09,2720485,65.65,1.14,57.97368421052632
2017-07-24,65.78,66.22,65.19,65.7,1528559,65.66,1.14,57.63157894736843
2017-07-25,65.97,66.55,65.55,66.18,2211770,66.14,1.14,58.05263157894738
2017-07-26,66.3,66.99,65.82,66.73,1840985,66.67,1.14,58.535087719298254
2017-07-27,66.79,67.25,65.95,66.48,1294191,66.5,1.14,58.31578947368422
2017-07-28,66.38,66.88,65.75,66.79,1002673,66.56,1.14,58.587719298245624
2017-07-31,66.84,67.07,65.95,66.25,1185725,66.26,1.14,58.1140350877193
2017-08-01,66.16,66.7599,65.13,66.65,1323600,66.34,1.14,58.46491228070177
2017-08-02,65.5,66.45,65.38,65.72,1353273,65.79,1.14,57.64912280701755
2017-08-03,65.74,66.5,65.44,65.54,932419,65.8,1.14,57.49122807017545
2017-08-04,65.82,65.99,65.5,65.72,1077851,65.78,1.14,57.64912280701755
2017-08-07,65.61,66.315,65.29,65.83,1009329,65.96,1.14,57.745614035087726
2017-08-08,65.77,66.35,64.71,64.87,1019810,65.29,1.14,56.903508771929836
2017-08-09,64.51,65.25,64.09,65.23,1157602,64.92,1.14,57.21929824561404
2017-08-10,64.75,64.99,63.905,63.93,1567597,64.19,1.14,56.078947368421055
2017-08-11,63.74,64.94,63.71,64.42,944595,64.56,1.14,56.50877192982457
2017-08-14,64.98,65.54,64.6,64.92,917086,65.05,1.14,56.94736842105264
2017-08-15,64.82,65.78,63.9551,64.46,1351344,64.39,1.14,56.54385964912281
2017-08-16,64.71,65.65,64.71,64.82,1203266,65.02,1.14,56.859649122807014
2017-08-17,64.46,65.285,63.94,63.97,1146198,64.5,1.14,56.1140350877193
2017-08-18,63.82,64.72,63.67,63.97,1230578,64.16,1.14,56.1140350877193
2017-08-21,64.02,64.49,63.58,64.14,1309790,64.12,1.14,56.26315789473685
2017-08-22,64.27,64.4,63.44,63.85,1668541,63.91,1.14,56.00877192982457
2017-08-23,63.53,64.3399,63.28,64.05,1090367,64.03,1.14,56.184210526315795
2017-08-24,64.63,65.03,63.67,63.73,889434,64.02,1.14,55.90350877192983
2017-08-25,64.14,65.0,63.96,64.39,1551515,64.57,1.14,56.482456140350884
2017-08-28,64.3,64.4,63.12,63.48,1516883,63.49,1.14,55.684210526315795
2017-08-29,62.98,63.73,62.7442,63.56,1896956,63.49,1.14,55.75438596491229
2017-08-30,63.67,66.07,63.67,65.99,1741435,65.4,1.14,57.885964912280706
2017-08-31,66.13,67.47,66.13,67.15,2155942,67.01,1.14,58.903508771929836
2017-09-01,67.67,68.8,67.45,68.12,2308214,68.06,1.14,59.75438596491229
2017-09-05,68.09,69.12,67.92,69.02,2160226,68.63,1.14,60.54385964912281
2017-09-06,69.3,69.39,68.45,69.08,1515180,68.93,1.14,60.59649122807018
2017-09-07,69.15,69.52,68.17,68.34,1589229,68.47,1.14,59.94736842105264
2017-09-08,68.52,68.86,67.58,68.47,1628443,68.25,1.14,60.06140350877193
2017-09-11,68.5,69.03,68.02,68.5,1181662,68.39,1.14,60.08771929824562
2017-09-12,68.76,68.88,67.76,68.35,1484539,68.25,1.14,59.95614035087719
2017-09-13,68.59,69.92,68.18,69.09,2463751,69.26,1.14,60.60526315789475
2017-09-14,68.96,69.77,68.88,69.46,1544811,69.37,1.14,60.92982456140351
2017-09-15,69.27,69.66,67.99,68.08,3229883,68.39,1.14,59.71929824561404
2017-09-18,68.25,69.01,68.09,68.34,2110429,68.45,1.14,59.94736842105264
2017-09-19,69.07,69.46,68.125,68.46,1873891,68.59,1.14,60.05263157894737
2017-09-20,68.9,69.13,68.529,68.67,1640940,68.75,1.14,60.236842105263165
2017-09-21,68.91,69.98,68.36,68.84,2715020,68.82,1.14,60.38596491228071
2017-09-22,71.4,74.6,70.33,74.19,8937888,73.35,1.14,65.07894736842105
2017-09-25,73.79,75.56,73.27,74.29,3214173,74.21,1.14,65.16666666666667
2017-09-26,73.6,74.48,72.88,73.59,3638592,73.59,1.14,64.55263157894737
2017-09-27,73.95,75.82,73.95,75.35,2866577,75.19,1.14,66.09649122807018
2017-09-28,75.24,75.95,74.84,75.93,1911363,75.4,1.14,66.60526315789475
2017-09-29,76.1,76.4,75.55,75.81,1402204,75.92,1.14,66.50000000000001
2017-10-02,76.03,76.59,75.52,76.59,1593393,76.15,1.14,67.1842105263158
2017-10-03,76.86,77.64,76.21,76.33,1731079,76.64,1.14,66.95614035087719
2017-10-04,76.17,76.86,75.83,76.45,1627288,76.24,1.14,67.06140350877193
2017-10-05,75.2,76.65,75.09,76.37,2142773,76.27,0.99,77.14141414141415
2017-10-06,76.25,76.97,76.25,76.81,1298546,76.72,0.99,77.58585858585859
2017-10-09,76.83,77.31,76.04,76.18,1046077,76.55,0.99,76.94949494949496
2017-10-10,76.18,76.91,75.91,76.23,1305394,76.26,0.99,77.0
2017-10-11,76.27,76.37,75.72,76.06,1313501,76.06,0.99,76.82828282828284
2017-10-12,76.24,76.32,75.45,75.7,1519746,75.81,0.99,76.46464646464646
2017-10-13,75.66,76.0,75.29,75.44,929560,75.59,0.99,76.2020202020202
2017-10-16,75.18,75.55,74.91,75.46,1470123,75.33,0.99,76.22222222222221
2017-10-17,75.25,75.765,75.19,75.37,1191708,75.45,0.99,76.13131313131314
2017-10-18,75.78,76.08,75.2,75.26,1057762,75.45,0.99,76.02020202020202
2017-10-19,74.82,75.07,74.36,74.84,1027471,74.81,0.99,75.5959595959596
2017-10-20,75.22,75.42,74.97,75.14,1144294,75.16,0.99,75.8989898989899
2017-10-23,75.03,75.5799,74.35,74.39,1096998,74.73,0.99,75.14141414141415
2017-10-24,74.56,75.21,74.49,74.78,1355852,74.89,0.99,75.53535353535354
2017-10-25,74.47,74.64,73.525,74.17,1487311,74.15,0.99,74.91919191919192
2017-10-26,74.26,74.91,73.891,74.86,1319943,74.65,0.99,75.61616161616162
2017-10-27,74.64,74.64,73.65,74.36,1128968,74.09,0.99,75.11111111111111
2017-10-30,74.16,75.14,74.16,74.95,847211,74.82,0.99,75.70707070707071
2017-10-31,75.0,76.04,74.82,75.1,1135912,75.29,0.99,75.85858585858585
2017-11-01,75.3,75.505,74.16,74.46,1035404,74.62,0.99,75.2121212121212
2017-11-02,74.78,76.88,74.69,75.98,1270882,76.03,0.99,76.74747474747475
2017-11-03,75.98,76.14,75.07,75.19,699256,75.33,0.99,75.94949494949495
2017-11-06,75.3,75.79,74.86,74.91,720278,75.1,0.99,75.66666666666666
2017-11-07,74.73,74.9,72.92,73.42,1600486,73.5,0.99,74.16161616161617
2017-11-08,73.11,73.8,72.82,73.44,1358053,73.37,0.99,74.18181818181819
2017-11-09,72.96,73.35,71.8,72.18,1453632,72.34,0.99,72.90909090909092
2017-11-10,72.0,73.27,71.93,72.68,1337579,72.71,0.99,73.41414141414143
2017-11-13,72.66,73.02,72.21,72.35,1337730,72.48,0.99,73.08080808080807
2017-11-14,71.73,72.41,70.79,70.94,2540784,71.15,0.99,71.65656565656566
2017-11-15,70.46,71.32,69.75,70.72,2152805,70.75,0.99,71.43434343434343
2017-11-16,70.81,71.285,70.32,70.55,1643382,70.6,0.99,71.26262626262626
2017-11-17,69.08,69.93,68.66,69.45,2627249,69.51,0.99,70.15151515151516
2017-11-20,69.55,69.75,69.37,69.62,2879578,69.58,0.99,70.32323232323233
2017-11-21,69.67,69.67,68.46,68.75,2362434,68.79,0.99,69.44444444444444
2017-11-22,68.68,69.32,67.59,67.99,4742485,68.04,0.99,68.67676767676767
2017-11-24,68.24,68.7999,67.75,68.05,1226142,68.27,0.99,68.73737373737373
2017-11-27,68.24,68.57,67.68,67.87,1488270,68.05,0.99,68.55555555555556
2017-11-28,67.99,68.52,66.63,67.46,3213364,67.21,0.99,68.14141414141413
2017-11-29,67.75,69.86,67.625,68.5,3608636,68.75,0.99,69.1919191919192
2017-11-30,68.67,69.16,67.94,68.91,1992578,68.79,0.99,69.60606060606061
2017-12-01,69.02,69.05,67.285,68.38,1571489,68.32,0.99,69.07070707070707
2017-12-04,69.46,70.93,69.09,70.71,2748961,70.47,0.99,71.42424242424242
2017-12-05,70.73,70.95,67.7075,67.72,3143802,68.38,0.99,68.4040404040404
2017-12-06,67.24,67.37,65.55,66.55,2306096,66.55,0.99,67.22222222222221
2017-12-07,66.58,67.12,66.08,66.97,1828651,66.73,0.99,67.64646464646465
2017-12-08,67.07,67.6921,66.71,67.48,1635780,67.33,0.99,68.16161616161617
2017-12-11,68.01,68.2,67.53,67.97,1107779,67.92,0.99,68.65656565656566
2017-12-12,68.0,68.15,66.82,66.86,1379837,67.2,0.99,67.53535353535354
2017-12-13,66.91,67.79,66.135,67.47,1614691,67.27,0.99,68.15151515151516
2017-12-14,68.5,69.25,66.84,67.09,2388856,67.6,0.99,67.76767676767678
2017-12-15,67.55,68.34,67.26,67.73,2829079,67.73,0.99,68.41414141414141
2017-12-18,68.19,69.08,68.04,68.52,2270487,68.68,0.99,69.2121212121212
2017-12-19,68.52,68.64,67.34,67.85,3866131,67.92,0.99,68.53535353535354
2017-12-20,68.26,68.88,67.34,68.47,4614792,68.25,0.99,69.16161616161617
2017-12-21,67.54,67.56,64.81,66.0,6327998,65.77,0.99,66.66666666666667
2017-12-22,66.09,66.155,64.78,65.23,2431430,65.21,0.99,65.8888888888889
2017-12-26,65.15,65.74,65.05,65.55,1882707,65.45,0.99,66.2121212121212
2017-12-27,65.62,65.66,64.83,64.91,1501818,65.2,0.99,65.56565656565657
2017-12-28,65.03,65.07,64.38,64.81,1339246,64.73,0.99,65.46464646464646
2017-12-29,65.14,65.34,64.13,64.13,1447683,64.38,0.99,64.77777777777777
2018-01-02,64.26,64.81,63.56,64.76,2715525,64.23,0.99,65.41414141414143
2018-01-03,65.0,67.0,64.8,66.94,4196356,66.39,0.99,67.61616161616162
2018-01-04,67.25,68.955,67.25,68.25,4086690,68.17,0.82,83.23170731707317
2018-01-05,68.5,71.17,68.5,71.04,3797233,70.28,0.82,86.63414634146342
2018-01-08,71.9,72.19,69.41,70.05,3627548,70.05,0.82,85.42682926829268
2018-01-09,69.84,69.97,69.03,69.8,2362303,69.67,0.82,85.1219512195122
2018-01-10,69.75,70.34,69.3,70.3,2132113,70.05,0.82,85.73170731707317
2018-01-11,70.43,72.115,70.43,71.91,1936389,71.74,0.82,87.69512195121952
2018-01-12,71.82,72.805,71.76,72.33,1904958,72.36,0.82,88.20731707317073
2018-01-16,72.71,72.88,71.02,71.33,1521256,71.64,0.82,86.98780487804878
2018-01-17,71.36,71.56,69.74,69.84,1659553,70.18,0.82,85.17073170731709
2018-01-18,71.64,71.64,70.23,70.54,1162279,70.73,0.82,86.02439024390245
2018-01-19,70.93,70.93,69.88,70.58,1202953,70.43,0.82,86.07317073170732
2018-01-22,70.95,71.57,70.62,71.49,1767622,71.18,0.82,87.1829268292683
2018-01-23,71.42,71.42,69.79,70.54,1643755,70.6,0.82,86.02439024390245
2018-01-24,70.63,71.18,70.2,70.95,1345394,70.81,0.82,86.52439024390245
2018-01-25,71.37,71.72,71.03,71.54,1347800,71.45,0.82,87.24390243902441
2018-01-26,71.83,72.42,71.2,72.42,1104735,71.97,0.82,88.31707317073172
2018-01-29,72.33,72.55,71.83,72.36,1387516,72.31,0.82,88.2439024390244
2018-01-30,71.77,72.26,71.21,71.82,2077813,71.68,0.82,87.58536585365853
2018-01-31,72.14,72.55,71.04,71.37,2280282,71.61,0.82,87.03658536585367
2018-02-01,71.0,71.05,70.04,70.81,1266509,70.73,0.82,86.35365853658537
2018-02-02,70.6,70.73,68.74,68.75,2090357,69.43,0.82,83.84146341463415
2018-02-05,68.08,68.2,64.81,64.82,6224125,65.82,0.82,79.04878048780488
2018-02-06,63.51,66.1492,63.51,65.32,3749414,64.82,0.82,79.65853658536585
2018-02-07,64.89,66.06,64.59,65.4,1880847,65.56,0.82,79.75609756097562
2018-02-08,65.21,65.93,64.33,64.34,3096751,64.87,0.82,78.46341463414635
2018-02-09,64.93,65.33,62.44,64.49,3080346,64.05,0.82,78.64634146341463
2018-02-12,65.56,66.16,64.46,65.66,1473524,65.57,0.82,80.07317073170732
2018-02-13,65.22,65.29,62.3149,63.39,2663621,63.29,0.82,77.3048780487805
2018-02-14,62.8,64.25,62.63,63.78,2731869,63.4,0.82,77.78048780487805
2018-02-15,62.27,64.355,59.7,64.33,3921593,62.75,0.82,78.45121951219512
2018-02-16,64.27,64.94,63.79,64.43,1446050,64.4,0.82,78.57317073170734
2018-02-20,64.15,64.82,63.17,63.31,1927052,63.66,0.82,77.20731707317074
2018-02-21,63.52,63.52,60.92,60.98,3071775,61.54,0.82,74.36585365853658
2018-02-22,61.22,62.08,60.87,61.04,1552478,61.41,0.82,74.4390243902439
2018-02-23,61.51,62.95,61.2,62.76,1511386,62.23,0.82,76.53658536585365
2018-02-26,62.85,63.25,62.17,62.89,1054247,62.68,0.82,76.69512195121952
2018-02-27,62.71,63.28,62.03,62.04,1475512,62.4,0.82,75.65853658536585
2018-02-28,62.12,63.31,61.86,61.92,1815375,62.51,0.82,75.51219512195122
2018-03-01,62.2,62.2,59.9348,60.06,2078407,60.68,0.82,73.2439024390244
2018-03-02,59.73,60.14,59.03,59.97,2130497,59.71,0.82,73.13414634146342
2018-03-05,59.45,60.6,58.97,60.46,4780176,59.77,0.82,73.73170731707317
2018-03-06,60.84,61.76,60.21,61.49,2105293,60.95,0.82,74.98780487804879
2018-03-07,60.83,61.0,60.15,60.72,1670239,60.58,0.82,74.04878048780488
2018-03-08,60.94,61.06,60.41,60.76,1098217,60.78,0.82,74.09756097560975
2018-03-09,61.07,62.56,60.55,62.43,1788167,61.96,0.82,76.13414634146342
2018-03-12,62.65,63.18,62.41,62.5,1680754,62.68,0.82,76.21951219512195
2018-03-13,62.77,63.55,62.01,62.62,2323027,62.97,0.82,76.3658536585366
2018-03-14,63.0,63.22,62.1,62.8,1653005,62.81,0.82,76.58536585365854
2018-03-15,62.97,63.0,62.03,62.17,1297573,62.32,0.82,75.81707317073172
2018-03-16,62.21,63.38,62.045,62.87,1992865,62.92,0.82,76.67073170731707
2018-03-19,62.82,63.11,61.85,62.49,2205244,62.51,0.82,76.20731707317074
2018-03-20,61.77,62.63,61.24,61.93,2199332,61.97,0.82,75.52439024390245
2018-03-21,61.64,62.445,61.5,61.51,1528664,61.9,0.82,75.01219512195122
2018-03-22,61.15,61.57,59.98,60.0,1924850,60.42,0.82,73.17073170731707
2018-03-23,60.21,60.58,59.32,59.36,1672950,59.81,0.82,72.39024390243902
2018-03-26,60.42,60.74,59.5502,60.59,1327994,60.22,0.82,73.89024390243904
2018-03-27,60.59,61.11,59.59,59.75,3135089,60.28,0.82,72.8658536585366
2018-03-28,60.04,60.97,59.58,60.64,2505218,60.51,0.82,73.95121951219512
2018-03-29,60.64,62.55,60.64,61.94,2180675,62.02,0.82,75.53658536585365
2018-04-02,61.52,61.83,59.34,59.92,2745565,60.22,0.82,73.07317073170732
2018-04-03,59.97,60.55,59.2,59.96,3319264,59.75,0.82,73.1219512195122
2018-04-04,57.92,62.88,57.05,62.73,5087413,61.18,0.82,76.5
2018-04-05,63.54,63.54,61.24,62.24,2822988,62.4,0.82,75.90243902439025
2018-04-06,61.68,62.605,59.87,60.3,2296876,60.88,0.82,73.53658536585365
2018-04-09,60.7,60.87,58.66,58.77,2804695,59.3,0.82,71.67073170731707
2018-04-10,59.86,60.89,59.001,60.82,2354762,60.36,0.82,74.17073170731707
2018-04-11,60.3,60.75,59.65,60.5,1433627,60.32,0.82,73.78048780487805
2018-04-12,60.62,61.6,60.37,61.0,2121483,61.1,0.82,74.39024390243902
2018-04-13,61.36,63.03,61.08,61.72,2873909,61.92,0.82,75.26829268292683
2018-04-16,62.04,62.79,61.28,62.0,1237833,62.16,0.82,75.60975609756098
2018-04-17,62.77,63.4301,62.56,62.97,1344491,63.11,0.82,76.79268292682927
2018-04-18,63.31,64.18,63.06,63.27,1550593,63.61,0.82,77.15853658536587
2018-04-19,63.49,63.675,62.14,62.57,1309081,62.71,0.82,76.3048780487805
2018-04-20,62.56,62.99,60.87,61.16,1388615,61.46,0.82,74.58536585365853
2018-04-23,61.13,61.59,60.64,61.36,1242892,61.26,0.82,74.82926829268293
2018-04-24,61.83,62.98,61.02,61.32,1581417,61.68,0.68,90.17647058823529
2018-04-25,61.07,62.27,61.07,62.09,1292757,61.84,0.68,91.30882352941177
2018-04-26,62.7,62.705,61.37,62.09,1215131,61.96,0.68,91.30882352941177
2018-04-27,62.33,63.03,62.22,62.86,1460246,62.81,0.68,92.44117647058823
2018-04-30,63.02,63.66,62.5,62.5,1122165,62.81,0.68,91.91176470588235
2018-05-01,62.24,63.54,62.16,63.54,1299408,63.03,0.68,93.44117647058823
2018-05-02,63.19,64.2712,62.93,63.52,1250430,63.65,0.68,93.41176470588235
2018-05-03,63.37,64.11,62.86,63.32,1139187,63.43,0.68,93.11764705882352
2018-05-04,63.06,65.17,63.02,64.96,1214483,64.71,0.68,95.52941176470587
2018-05-07,65.09,65.28,64.15,64.17,1704791,64.59,0.68,94.36764705882352
2018-05-08,63.85,64.18,62.475,63.15,2068465,63.06,0.68,92.86764705882352
2018-05-09,63.82,64.625,63.07,64.11,1440912,63.95,0.68,94.27941176470587
2018-05-10,64.42,64.42,63.19,63.28,1757446,63.66,0.68,93.05882352941175
2018-05-11,63.19,63.9,63.12,63.8,1192362,63.6,0.68,93.8235294117647
2018-05-14,63.77,64.92,63.77,64.78,1648181,64.62,0.68,95.26470588235294
2018-05-15,64.6,65.22,64.47,65.0,1509325,64.89,0.68,95.58823529411764
2018-05-16,64.99,66.57,64.99,65.9,1643946,65.93,0.68,96.91176470588235
2018-05-17,65.99,66.94,65.603,66.72,1253688,66.59,0.68,98.11764705882352
2018-05-18,66.54,66.81,65.58,65.87,1240521,66.02,0.68,96.86764705882354
2018-05-21,66.14,66.77,65.91,66.47,901361,66.38,0.68,97.74999999999999
2018-05-22,66.94,66.94,65.09,65.16,1143550,65.57,0.68,95.8235294117647
2018-05-23,64.88,67.6,64.76,66.02,2566093,66.24,0.68,97.08823529411764
2018-05-24,65.94,66.98,65.65,66.81,1484147,66.51,0.68,98.25
2018-05-25,66.67,67.78,66.41,67.28,1536866,67.37,0.68,98.94117647058823
2018-05-29,67.66,69.695,67.52,68.27,2019903,68.47,0.68,100.39705882352939
2018-05-30,68.66,69.75,68.35,69.25,1443520,69.29,0.68,101.83823529411764
2018-05-31,69.37,69.41,68.53,68.92,1114347,68.91,0.68,101.35294117647058
2018-06-01,69.47,70.66,69.09,69.89,1473491,69.85,0.68,102.77941176470587
2018-06-04,70.12,71.49,70.12,71.45,1515091,71.19,0.68,105.0735294117647
2018-06-05,71.19,71.74,71.0,71.62,1549090,71.42,0.68,105.32352941176471
2018-06-06,72.16,72.99,71.49,72.62,2158547,72.42,0.68,106.79411764705883
2018-06-07,72.87,73.97,72.62,73.08,1139397,73.16,0.68,107.4705882352941
2018-06-08,73.08,73.8,72.67,73.79,1400357,73.29,0.68,108.51470588235294
2018-06-11,74.05,74.4575,73.54,73.82,1351176,73.98,0.68,108.55882352941175
2018-06-12,73.94,74.43,73.61,73.85,1993447,73.89,0.68,108.60294117647057
2018-06-13,74.0,74.12,72.69,73.09,1991539,73.12,0.68,107.48529411764706
2018-06-14,73.24,73.63,72.79,73.22,1273859,73.25,0.68,107.67647058823529
2018-06-15,72.49,73.4199,72.13,72.39,3372149,72.5,0.68,106.45588235294117
2018-06-18,71.98,72.54,71.69,72.4,3121293,72.28,0.68,106.47058823529412
2018-06-19,71.99,72.925,71.86,72.75,1619465,72.59,0.68,106.98529411764706
2018-06-20,73.47,73.92,72.38,72.77,1292138,72.83,0.68,107.01470588235293
2018-06-21,72.49,72.55,70.26,71.05,3183863,71.27,0.68,104.48529411764704
2018-06-22,77.75,81.67,76.2,80.19,12857742,79.58,0.68,117.92647058823528
2018-06-25,79.48,79.51,76.16,76.72,3385139,77.03,0.68,112.8235294117647
2018-06-26,76.01,76.47,75.07,75.39,3008941,75.54,0.68,110.86764705882352
2018-06-27,75.85,76.21,74.3,74.31,1515607,75.12,0.68,109.27941176470588
2018-06-28,74.15,74.425,73.29,73.45,2601899,73.62,0.68,108.01470588235294
2018-06-29,73.4,73.71,72.82,72.87,1593949,73.23,0.68,107.16176470588235
2018-07-02,72.69,73.8,72.08,73.74,2116238,73.36,0.68,108.44117647058822
2018-07-03,74.17,74.87,74.01,74.2,929075,74.45,0.68,109.11764705882352
2018-07-05,74.77,76.17,74.37,76.11,2152225,75.67,1.34,56.798507462686565
2018-07-06,75.77,76.7,75.66,76.41,1220969,76.35,1.34,57.022388059701484
2018-07-09,77.0,77.2494,76.49,76.6,1153481,76.71,1.34,57.164179104477604
2018-07-10,78.09,78.12,76.48,76.54,2248816,76.78,1.34,57.11940298507463
2018-07-11,75.87,76.32,75.45,75.72,1047484,75.73,1.34,56.50746268656716
2018-07-12,76.32,76.66,75.68,76.57,1103684,76.37,1.34,57.14179104477611
2018-07-13,76.57,77.73,76.57,76.92,1007549,77.13,1.34,57.40298507462686
2018-07-16,77.05,77.689,76.63,77.25,1261461,77.25,1.34,57.64925373134328
2018-07-17,77.0,77.775,77.0,77.67,655541,77.53,1.34,57.96268656716418
2018-07-18,76.87,77.42,76.74,77.37,1102630,77.15,1.34,57.73880597014925
2018-07-19,77.33,78.13,77.33,77.7,913618,77.8,1.34,57.98507462686567
2018-07-20,77.7,77.82,77.05,77.14,1123377,77.37,1.34,57.56716417910447
2018-07-23,77.0,78.28,76.9,77.71,1095953,77.75,1.34,57.99253731343283
2018-07-24,78.05,78.4,74.92,75.6,1465458,75.91,1.34,56.41791044776119
2018-07-25,74.33,75.29,74.11,75.2,1105290,74.72,1.34,56.11940298507463
2018-07-26,75.49,75.83,75.0,75.37,1090640,75.42,1.34,56.24626865671642
2018-07-27,75.59,76.05,74.465,74.82,933440,74.94,1.34,55.83582089552238
2018-07-30,74.86,75.54,74.61,75.09,1131214,75.1,1.34,56.03731343283582
2018-07-31,75.23,75.42,74.36,74.68,1296312,74.75,1.34,55.73134328358209
2018-08-01,74.22,75.01,72.9,73.23,1458513,73.44,1.34,54.649253731343286
2018-08-02,73.07,74.05,72.645,73.3,992712,73.37,1.34,54.70149253731343
2018-08-03,74.07,75.15,73.59,74.69,1699062,74.62,1.34,55.73880597014925
2018-08-06,74.69,75.72,73.98,75.45,1190958,75.31,1.34,56.30597014925373
2018-08-07,75.55,75.94,75.1,75.58,1657046,75.6,1.34,56.40298507462686
2018-08-08,75.69,75.82,74.78,74.93,996481,75.1,1.34,55.917910447761194
2018-08-09,75.23,75.5,74.12,74.17,1141823,74.49,1.34,55.350746268656714
2018-08-10,73.58,74.01,72.84,73.08,1199257,73.21,1.34,54.537313432835816
2018-08-13,73.6,73.905,72.185,72.39,1202096,72.66,1.34,54.02238805970149
2018-08-14,72.65,73.49,72.65,72.84,1136029,73.06,1.34,54.35820895522388
2018-08-15,72.38,73.0925,72.09,72.76,1090387,72.71,1.34,54.298507462686565
2018-08-16,73.15,73.4,72.72,72.8,804452,73.0,1.34,54.328358208955216
2018-08-17,72.8,73.82,72.75,73.63,793892,73.45,1.34,54.947761194029844
2018-08-20,73.72,75.07,73.71,74.8,1157829,74.63,1.34,55.82089552238806
2018-08-21,75.18,75.89,75.16,75.82,876415,75.68,1.34,56.5820895522388
2018-08-22,75.82,76.6,75.34,75.34,720590,75.54,1.34,56.223880597014926
2018-08-23,75.52,75.56,74.6,75.03,534174,75.01,1.34,55.992537313432834
2018-08-24,74.97,75.79,74.715,75.49,733805,75.48,1.34,56.33582089552238
2018-08-27,76.25,77.05,76.25,76.67,1198927,76.75,1.34,57.21641791044776
2018-08-28,76.78,77.375,76.67,77.12,873583,77.08,1.34,57.55223880597015
2018-08-29,77.9,78.14,77.11,77.68,1069305,77.71,1.34,57.97014925373134
2018-08-30,77.36,77.65,77.08,77.21,720858,77.3,1.34,57.61940298507462
2018-08-31,76.87,78.19,76.87,78.05,1105723,77.79,1.34,58.24626865671641
2018-09-04,77.91,79.255,77.59,78.85,1661591,78.64,1.34,58.84328358208955
2018-09-05,78.9,79.93,78.44,78.86,1614414,78.96,1.34,58.850746268656714
2018-09-06,78.95,79.33,78.17,78.24,1012792,78.45,1.34,58.38805970149253
2018-09-07,78.14,79.52,77.93,78.86,896448,78.87,1.34,58.850746268656714
2018-09-10,79.57,80.31,79.53,79.94,1336147,79.98,1.34,59.656716417910445
2018-09-11,80.0,80.7999,79.66,80.61,1342228,80.31,1.34,60.156716417910445
2018-09-12,80.57,80.81,80.26,80.68,739165,80.62,1.34,60.2089552238806
2018-09-13,80.82,80.91,80.07,80.18,768865,80.41,1.34,59.83582089552239
2018-09-14,80.19,80.68,79.4,80.52,724341,80.31,1.34,60.089552238805965
2018-09-17,80.65,80.87,79.66,79.85,775934,80.11,1.34,59.589552238805965
2018-09-18,79.55,79.55,77.77,78.06,1926308,78.2,1.34,58.25373134328358
2018-09-19,78.37,79.13,78.1605,78.57,1000449,78.62,1.34,58.63432835820895
2018-09-20,78.36,79.03,77.99,78.45,1151273,78.46,1.34,58.54477611940298
2018-09-21,78.51,79.12,78.01,78.17,2157485,78.37,1.34,58.33582089552239
2018-09-24,78.13,78.69,75.355,75.88,2039816,75.95,1.34,56.62686567164178
2018-09-25,76.16,76.47,74.7,75.88,3470195,75.87,1.34,56.62686567164178
2018-09-26,79.3,79.45,72.65,74.66,6361036,75.59,1.34,55.71641791044775
2018-09-27,74.88,74.88,73.38,73.82,2803202,73.85,1.34,55.089552238805965
2018-09-28,73.78,76.2,73.685,74.67,2457928,75.09,1.34,55.723880597014926
2018-10-01,75.31,75.34,73.52,73.69,1593485,74.13,1.34,54.992537313432834
2018-10-02,73.85,74.19,72.97,73.15,1741403,73.34,1.34,54.58955223880597
2018-10-03,73.89,74.3,73.13,73.51,1554761,73.67,1.34,54.85820895522388
2018-10-04,73.27,73.57,71.82,72.3,2533321,72.47,1.34,53.95522388059701
2018-10-05,71.77,72.46,70.44,70.89,2318644,71.2,1.25,56.712
2018-10-08,70.7,71.19,70.34,71.03,1337808,70.85,1.25,56.824
2018-10-09,70.8,71.2743,70.13,70.78,1801186,70.76,1.25,56.624
2018-10-10,70.61,70.7831,68.57,68.61,1852163,69.55,1.25,54.888
2018-10-11,68.43,69.82,67.51,67.85,1624562,68.7,1.25,54.279999999999994
2018-10-12,68.91,68.93,66.8901,67.86,1896993,67.74,1.25,54.288
2018-10-15,67.74,68.96,67.74,68.39,1042389,68.4,1.25,54.712
2018-10-16,68.87,70.86,68.328,70.76,1293157,70.13,1.25,56.608000000000004
2018-10-17,70.28,70.34,68.66,69.92,1434505,69.69,1.25,55.936
2018-10-18,69.61,69.62,68.05,68.42,1343473,68.63,1.25,54.736000000000004
2018-10-19,68.34,69.52,68.23,68.65,1081809,68.75,1.25,54.92
2018-10-22,68.94,69.28,68.01,68.43,746188,68.52,1.25,54.74400000000001
2018-10-23,67.6,69.41,66.9,69.0,1506052,68.36,1.25,55.2
2018-10-24,69.11,70.86,67.96,68.09,2072146,69.34,1.25,54.472
2018-10-25,68.45,71.17,68.36,70.65,1448651,70.36,1.25,56.52
2018-10-26,69.62,70.6,68.95,70.04,1661209,69.86,1.25,56.032000000000004
2018-10-29,71.23,72.15,69.765,70.66,1467762,71.06,1.25,56.528
2018-10-30,69.57,70.01,67.8,68.16,3268077,68.57,1.25,54.528
2018-10-31,69.22,69.47,67.83,67.91,2683704,68.43,1.25,54.327999999999996
2018-11-01,68.1,70.48,67.81,69.73,1825512,69.67,1.25,55.784000000000006
2018-11-02,70.23,70.77,68.94,69.79,1240998,69.61,1.25,55.83200000000001
2018-11-05,69.96,70.8,69.22,70.54,986009,70.19,1.25,56.432
2018-11-06,70.52,70.955,69.6,70.46,1124078,70.12,1.25,56.367999999999995
2018-11-07,70.73,70.85,67.4,68.15,2355700,68.13,1.25,54.52
2018-11-08,67.93,68.62,67.54,67.98,2109156,68.13,1.25,54.384
2018-11-09,67.66,68.63,65.44,65.72,2150157,66.18,1.25,52.576
2018-11-12,65.42,65.94,64.8,65.03,1619778,65.27,1.25,52.024
2018-11-13,65.4,66.51,65.12,65.57,1098675,65.86,1.25,52.455999999999996
2018-11-14,65.55,65.56,62.75,62.86,2768821,63.67,1.25,50.288
2018-11-15,62.5,63.5,61.55,63.21,1701031,62.77,1.25,50.568
2018-11-16,62.25,62.45,60.955,62.03,2264753,61.79,1.25,49.624
2018-11-19,61.97,63.1,61.97,62.21,1462872,62.4,1.25,49.768
2018-11-20,61.1,62.65,58.96,60.91,1723823,61.22,1.25,48.727999999999994
2018-11-21,61.02,62.77,60.98,62.46,1310586,62.37,1.25,49.968
2018-11-23,62.1,62.99,62.1,62.24,349092,62.51,1.25,49.792
2018-11-26,62.82,63.93,62.54,63.67,1295328,63.49,1.25,50.936
2018-11-27,63.46,65.05,63.405,64.65,1863480,64.65,1.25,51.720000000000006
2018-11-28,64.59,66.97,64.23,66.81,2702184,65.88,1.25,53.448
2018-11-29,66.48,66.8,65.74,66.09,1413756,66.26,1.25,52.872
2018-11-30,65.96,66.18,65.27,66.07,1361005,65.81,1.25,52.855999999999995
2018-12-03,67.13,67.68,65.66,65.67,2073656,66.11,1.25,52.536
2018-12-04,65.64,66.3223,63.54,64.05,2188018,64.43,1.25,51.239999999999995
2018-12-06,63.16,64.56,62.24,64.52,2358366,63.58,1.25,51.616
2018-12-07,64.51,65.1,62.29,62.56,1611581,63.31,1.25,50.048
2018-12-10,62.56,62.9,61.49,62.34,1139357,62.24,1.25,49.872
2018-12-11,63.05,64.28,62.12,63.19,1824934,63.16,1.25,50.552
2018-12-12,63.89,64.29,63.17,63.34,1050271,63.67,1.25,50.672000000000004
2018-12-13,63.34,63.62,62.01,62.36,1593749,62.56,1.25,49.888
2018-12-14,61.99,62.53,60.93,61.21,1220479,61.49,1.25,48.968
2018-12-17,60.79,61.93,59.79,60.26,1762572,60.78,1.25,48.208
2018-12-18,60.64,61.09,59.33,59.76,2539930,59.95,1.25,47.808
2018-12-19,59.49,60.15,57.5,57.78,2598573,58.72,1.25,46.224000000000004
2018-12-20,57.5,57.67,55.24,56.72,3168960,56.55,1.25,45.376
2018-12-21,58.33,60.57,55.58,58.96,7549710,58.72,1.25,47.168
2018-12-24,59.3,60.48,57.99,59.05,1750575,59.59,1.25,47.239999999999995
2018-12-26,59.41,62.64,59.2,62.59,2100708,61.12,1.25,50.072
2018-12-27,61.95,63.19,60.92,63.18,1968731,62.06,1.25,50.544
2018-12-28,63.66,64.1,62.16,62.49,1634726,62.78,1.25,49.992000000000004
2018-12-31,62.83,62.96,61.89,62.73,1511045,62.43,1.25,50.184
2019-01-02,61.9,63.25,61.59,62.97,1369268,62.74,1.25,50.376
2019-01-03,62.58,62.89,61.77,61.89,1319212,62.2,1.25,49.512
2019-01-04,62.74,64.36,62.525,63.61,1254438,63.64,1.25,50.888
2019-01-07,64.39,66.6,64.25,66.43,2028888,65.99,1.25,53.144000000000005
2019-01-08,66.0,66.0,63.285,64.91,2899956,64.35,1.09,59.55045871559632
2019-01-09,65.13,66.64,65.13,65.64,1309521,66.04,1.09,60.220183486238525
2019-01-10,64.82,64.84,63.88,64.61,1205919,64.35,1.09,59.27522935779816
2019-01-11,64.54,65.5,64.5,64.99,1223827,64.92,1.09,59.62385321100916
2019-01-14,64.4,65.27,64.13,64.86,1130138,64.95,1.09,59.5045871559633
2019-01-15,64.53,64.935,63.93,64.39,1230717,64.38,1.09,59.07339449541284
2019-01-16,63.53,64.39,62.33,63.97,1944179,63.57,1.09,58.688073394495405
2019-01-17,63.54,64.77,63.52,64.56,1328882,64.31,1.09,59.22935779816513
2019-01-18,64.15,64.2,61.18,61.92,4091697,62.13,1.09,56.80733944954128
2019-01-22,61.22,61.93,59.04,59.45,3835456,59.81,1.09,54.54128440366972
2019-01-23,59.5,59.56,57.95,58.98,2695094,58.81,1.09,54.11009174311926
2019-01-24,59.17,60.07,58.95,59.44,1535495,59.53,1.09,54.532110091743114
2019-01-25,60.13,60.86,59.61,60.31,1545275,60.33,1.09,55.330275229357795
2019-01-28,59.96,60.13,58.18,60.08,2044484,59.39,1.09,55.11926605504586
2019-01-29,59.64,59.805,58.04,58.39,1916378,58.59,1.09,53.568807339449535
2019-01-30,58.53,59.49,57.98,58.97,1553516,58.76,1.09,54.100917431192656
2019-01-31,59.03,59.41,58.505,58.78,1665509,58.89,1.09,53.92660550458715
2019-02-01,58.75,59.36,58.04,59.19,3114577,58.68,1.09,54.302752293577974
2019-02-04,59.34,61.38,59.14,61.34,2763285,60.59,1.09,56.27522935779817
2019-02-05,61.62,62.25,60.74,61.94,2431262,61.43,1.09,56.82568807339449
2019-02-06,61.64,62.1,60.88,60.99,1344776,61.13,1.09,55.95412844036697
2019-02-07,60.82,60.914,59.74,60.12,1641884,60.25,1.09,55.15596330275229
2019-02-08,59.85,60.53,59.54,60.38,1206899,60.24,1.09,55.39449541284404
2019-02-11,60.39,61.36,60.05,60.69,1441105,60.78,1.09,55.678899082568805
2019-02-12,60.85,61.43,60.205,60.85,2379266,60.75,1.09,55.825688073394495
2019-02-13,61.08,61.53,60.29,61.36,1730443,61.06,1.09,56.293577981651374
2019-02-14,60.85,61.86,60.06,61.16,1443705,61.32,1.09,56.110091743119256
2019-02-15,61.78,62.47,61.4895,62.06,1132154,62.12,1.09,56.93577981651376
2019-02-19,62.06,62.41,61.7,61.99,1244782,62.08,1.09,56.87155963302752
2019-02-20,62.23,62.88,62.17,62.4,1128761,62.53,1.09,57.24770642201835
2019-02-21,62.41,62.925,61.21,61.52,1015254,61.66,1.09,56.440366972477065
2019-02-22,61.38,61.76,60.46,60.54,1587383,60.91,1.09,55.54128440366972
2019-02-25,60.98,61.3793,59.75,59.8,1471959,60.29,1.09,54.86238532110091
2019-02-26,59.94,61.095,59.68,60.95,2116898,60.61,1.09,55.91743119266055
2019-02-27,61.02,61.85,60.14,60.3,1837233,60.68,1.09,55.32110091743119
2019-02-28,60.27,62.18,60.0,62.1,1923428,61.65,1.09,56.97247706422018
2019-03-01,62.2,63.155,61.0797,61.65,1985680,61.69,1.09,56.55963302752293
2019-03-04,61.44,61.62,59.22,59.83,2292789,59.96,1.09,54.88990825688073
2019-03-05,60.03,60.91,59.58,60.75,1698717,60.6,1.09,55.73394495412844
2019-03-06,61.06,61.69,60.84,61.0,1248060,61.2,1.09,55.96330275229357
2019-03-07,60.75,60.78,59.44,59.72,1046496,59.94,1.09,54.78899082568807
2019-03-08,59.76,59.79,58.19,58.38,1737954,58.56,1.09,53.559633027522935
2019-03-11,58.52,59.75,58.22,59.55,1619098,59.16,1.09,54.63302752293578
2019-03-12,59.62,61.72,59.62,60.99,3026643,61.13,1.09,55.95412844036697
2019-03-13,61.19,61.58,60.635,60.87,1766857,60.9,1.09,55.8440366972477
2019-03-14,60.78,60.97,59.93,60.61,1452799,60.49,1.09,55.605504587155956
2019-03-15,60.32,61.16,60.3,61.06,2186361,60.9,1.09,56.01834862385321
2019-03-18,61.09,61.165,60.095,60.49,1870310,60.47,1.09,55.49541284403669
2019-03-19,60.72,61.14,59.35,59.6,1701057,60.09,1.09,54.678899082568805
2019-03-20,59.53,61.23,59.53,60.62,2383815,60.54,1.09,55.61467889908256
2019-03-21,60.77,62.52,60.75,62.31,1610488,62.02,1.09,57.1651376146789
2019-03-22,62.16,62.62,61.51,61.63,1512857,61.97,1.09,56.54128440366972
2019-03-25,61.5,62.64,61.23,61.62,1425087,61.92,1.09,56.532110091743114
2019-03-26,61.79,63.33,61.79,62.88,2250605,62.78,1.09,57.68807339449541
2019-03-27,63.12,65.06,63.0205,63.84,3141440,64.36,1.09,58.56880733944954
2019-03-28,64.2,64.82,63.42,63.68,3708978,63.84,1.09,58.42201834862385
2019-03-29,66.69,70.99,65.64,69.8,8830561,69.32,1.09,64.03669724770641
2019-04-01,71.06,71.24,68.24,69.07,3626046,69.16,1.09,63.36697247706421
2019-04-02,69.11,70.7,68.97,69.79,2409898,69.67,1.09,64.02752293577981
2019-04-03,70.22,71.74,70.22,71.2,2663514,71.15,1.09,65.3211009174312
2019-04-04,71.45,72.1897,71.2,72.09,1179148,71.89,1.09,66.13761467889908
2019-04-05,72.2,72.4,71.64,72.04,1527247,72.04,1.09,66.09174311926606
2019-04-08,72.42,72.98,71.79,72.7,1320704,72.59,1.09,66.69724770642202
2019-04-09,72.85,73.73,72.56,73.31,1435610,73.32,1.09,67.25688073394495
2019-04-10,73.41,74.36,72.89,74.31,1140981,73.91,1.09,68.1743119266055
2019-04-11,74.07,74.63,73.32,73.9,1302626,73.92,1.09,67.79816513761467
2019-04-12,74.09,74.68,74.05,74.58,879380,74.45,1.09,68.42201834862385
2019-04-15,74.45,75.09,74.13,75.03,1092516,74.73,1.09,68.8348623853211
2019-04-16,75.2,76.01,74.99,75.94,1312839,75.64,1.09,69.66972477064219
2019-04-17,76.7,78.43,76.12,77.42,2672255,77.67,1.09,71.02752293577981
2019-04-18,77.29,77.36,75.81,77.0,1439237,76.78,1.09,70.64220183486238
2019-04-22,76.91,76.91,75.55,75.7,1167379,76.13,1.14,66.40350877192984
2019-04-23,76.1,77.54,75.81,77.34,1916737,77.11,1.14,67.8421052631579
2019-04-24,77.39,77.85,76.755,77.29,1087216,77.32,1.14,67.7982456140351
2019-04-25,76.92,77.28,76.33,76.33,1037947,76.66,1.14,66.95614035087719
2019-04-26,76.28,77.99,76.0825,77.97,1165630,77.63,1.14,68.39473684210527
2019-04-29,77.7,78.2,77.2,77.32,1380467,77.53,1.14,67.82456140350877
2019-04-30,77.24,78.0,76.6775,77.86,1900078,77.56,1.14,68.2982456140351
2019-05-01,77.94,79.26,77.73,78.35,1912687,78.62,1.14,68.7280701754386
2019-05-02,78.27,78.725,76.96,78.24,2085676,77.93,1.14,68.63157894736842
2019-05-03,78.1,78.79,77.59,78.62,906007,78.29,1.14,68.96491228070177
2019-05-06,77.65,78.66,77.4201,78.31,776347,78.26,1.14,68.69298245614036
2019-05-07,77.75,78.41,77.06,77.68,1024993,77.62,1.14,68.140350877193
2019-05-08,77.55,78.09,77.16,77.71,1058464,77.77,1.14,68.16666666666667
2019-05-09,77.07,78.78,76.995,78.53,773025,78.13,1.14,68.88596491228071
2019-05-10,78.5,79.61,77.39,79.07,1459853,78.77,1.14,69.35964912280701
2019-05-13,77.8,77.8,75.95,76.76,972091,76.61,1.14,67.33333333333334
2019-05-14,76.97,77.57,76.81,77.18,1341462,77.13,1.14,67.70175438596492
2019-05-15,76.63,77.04,75.84,75.9,1639824,76.3,1.14,66.57894736842107
2019-05-16,75.88,76.36,75.627,75.94,1616452,75.99,1.14,66.6140350877193
2019-05-17,75.38,77.255,75.1,76.39,997780,76.56,1.14,67.00877192982456
2019-05-20,75.95,77.43,75.8,76.86,1231067,76.89,1.14,67.42105263157896
2019-05-21,77.21,78.2,76.8,77.98,1067293,77.64,1.14,68.40350877192984
2019-05-22,77.28,78.39,77.03,77.9,1180338,78.0,1.14,68.33333333333334
2019-05-23,77.24,77.6865,76.13,76.78,981184,76.7,1.14,67.35087719298247
2019-05-24,77.28,77.86,76.28,76.48,1029321,76.67,1.14,67.08771929824562
2019-05-28,76.78,77.65,76.18,76.24,1860327,76.84,1.14,66.87719298245614
2019-05-29,75.85,77.31,75.81,77.13,1309911,76.67,1.14,67.65789473684211
2019-05-30,77.27,78.4,77.27,78.09,1192301,78.0,1.14,68.50000000000001
2019-05-31,78.15,78.8795,77.9,78.28,1812575,78.35,1.14,68.66666666666667
2019-06-03,78.05,80.0,77.785,79.41,2534868,79.51,1.14,69.65789473684211
2019-06-04,79.7,81.59,79.7,80.27,2585666,80.6,1.14,70.41228070175438
2019-06-05,80.59,80.92,79.88,80.04,1558642,80.29,1.14,70.21052631578948
2019-06-06,79.96,80.32,79.46,79.95,1876437,79.83,1.14,70.13157894736842
2019-06-07,80.38,80.565,79.69,79.89,1854620,80.07,1.14,70.07894736842105
2019-06-10,80.77,82.445,80.35,82.36,2575183,81.86,1.14,72.24561403508773
2019-06-11,82.99,83.33,80.54,81.22,1167837,81.41,1.14,71.24561403508773
2019-06-12,81.41,82.15,80.65,82.04,1369100,81.69,1.14,71.96491228070177
2019-06-13,82.17,82.5,81.6096,82.15,1173418,82.1,1.14,72.06140350877195
2019-06-14,83.67,84.0,82.65,83.54,1631741,83.5,1.14,73.28070175438597
2019-06-17,84.5,84.99,83.41,83.87,1877542,84.01,1.14,73.57017543859651
2019-06-18,84.29,84.345,83.03,83.67,1269739,83.55,1.14,73.39473684210527
2019-06-19,84.31,84.45,82.2,83.49,1398902,83.05,1.14,73.23684210526316
2019-06-20,84.0,84.1834,82.3223,83.0,2788192,83.01,1.14,72.80701754385966
2019-06-21,87.76,88.64,83.26,85.64,10383314,86.0,1.14,75.12280701754386
2019-06-24,84.81,84.81,81.16,82.64,4026972,82.81,1.14,72.49122807017544
2019-06-25,82.86,84.46,82.7177,83.37,2007447,83.45,1.14,73.13157894736842
2019-06-26,83.36,84.72,83.0,84.14,1696414,84.29,1.14,73.80701754385966
2019-06-27,84.75,87.06,84.67,86.86,1793679,86.32,1.14,76.19298245614036
2019-06-28,86.0,87.1,85.26,86.83,2175545,86.62,1.14,76.16666666666667
2019-07-01,87.75,88.23,86.36,87.16,1909136,87.13,1.14,76.45614035087719
2019-07-02,87.36,87.83,86.18,87.69,2423375,87.11,1.14,76.92105263157895
2019-07-03,87.7,89.09,87.68,88.9,1113003,88.67,1.6,55.5625
2019-07-05,88.49,89.28,88.125,88.48,1280838,88.72,1.6,55.3
2019-07-08,88.45,88.97,87.59,87.8,1237956,88.03,1.6,54.87499999999999
2019-07-09,87.46,87.71,86.94,87.58,1364972,87.34,1.6,54.7375
2019-07-10,87.5,88.0,87.27,87.41,1308983,87.5,1.6,54.631249999999994
2019-07-11,87.6,88.82,87.115,88.77,1061711,88.29,1.6,55.481249999999996
2019-07-12,88.8,89.37,88.09,88.94,1259769,88.99,1.6,55.5875
2019-07-15,89.29,89.4,88.47,88.79,999133,88.68,1.6,55.49375
2019-07-16,85.88,86.965,82.64,86.39,3758028,85.32,1.6,53.99375
2019-07-17,85.1,85.82,84.633,85.15,1767205,85.14,1.6,53.21875
2019-07-18,87.53,87.74,85.475,86.63,2124191,86.58,1.6,54.14375
2019-07-19,86.37,87.09,84.66,84.84,1932075,85.51,1.6,53.025
2019-07-22,84.7,85.18,84.21,84.76,1186705,84.74,1.6,52.975
2019-07-23,85.65,86.24,85.02,86.24,1285647,85.87,1.6,53.89999999999999
2019-07-24,86.11,88.99,86.04,88.84,1536694,88.25,1.6,55.525
2019-07-25,88.75,89.55,88.3495,89.33,1053577,89.09,1.6,55.83125
2019-07-26,89.79,91.42,89.53,91.17,1418424,90.82,1.6,56.981249999999996
2019-07-29,91.23,92.01,90.97,91.34,1399382,91.57,1.6,57.0875
2019-07-30,89.46,89.46,87.44,87.8,1597497,87.98,1.6,54.87499999999999
2019-07-31,87.87,88.83,87.47,87.76,1556613,88.1,1.6,54.85
2019-08-01,87.75,88.36,86.04,86.3,1033683,86.96,1.6,53.93749999999999
2019-08-02,86.32,86.81,85.79,86.0,1343649,86.27,1.6,53.75
2019-08-05,84.64,85.18,83.185,83.93,1244851,83.83,1.6,52.456250000000004
2019-08-06,83.97,85.92,83.29,85.89,1078259,84.85,1.6,53.68125
2019-08-07,85.04,85.145,82.08,82.87,1821383,82.97,1.6,51.79375
2019-08-08,83.18,84.38,82.975,84.03,1942551,83.96,1.6,52.51875
2019-08-09,84.15,84.47,83.34,84.03,1066366,84.08,1.6,52.51875
2019-08-12,84.34,84.99,83.06,83.72,886572,84.04,1.6,52.324999999999996
2019-08-13,83.4,86.67,83.24,85.39,1348792,85.48,1.6,53.36875
2019-08-14,84.11,85.22,83.14,83.75,1244620,84.19,1.6,52.34375
2019-08-15,83.68,84.5,83.25,84.25,885970,83.9,1.6,52.65625
2019-08-16,84.49,85.3,84.15,85.03,1112040,84.83,1.6,53.14375
2019-08-19,86.0,86.67,85.165,85.97,1409277,86.11,1.6,53.731249999999996
2019-08-20,86.05,86.05,83.18,83.34,1186274,84.05,1.6,52.0875
2019-08-21,84.07,84.07,82.58,83.17,1347372,83.25,1.6,51.981249999999996
2019-08-22,83.5,84.0003,82.99,83.72,945317,83.64,1.6,52.324999999999996
2019-08-23,82.48,82.98,80.62,80.83,1808840,81.46,1.6,50.51875
2019-08-26,81.2,81.48,80.15,80.61,1285722,80.65,1.6,50.381249999999994
2019-08-27,80.82,81.05,79.46,79.53,1533217,79.87,1.6,49.70625
2019-08-28,79.48,81.54,79.37,81.27,1153206,81.04,1.6,50.793749999999996
2019-08-29,81.9,83.7,81.9,82.79,875193,83.09,1.6,51.74375
2019-08-30,83.49,84.51,82.89,83.28,1091304,83.39,1.6,52.05
2019-09-03,81.81,83.055,81.81,82.56,1370436,82.49,1.6,51.6
2019-09-04,83.2,85.27,83.2,84.97,1481250,84.73,1.6,53.106249999999996
2019-09-05,85.93,87.36,85.87,86.73,1264290,86.71,1.6,54.20625
2019-09-06,86.5,87.35,85.54,86.0,1099690,86.24,1.6,53.75
2019-09-09,86.45,87.29,86.1,86.59,1058386,86.66,1.6,54.11875
2019-09-10,86.27,87.3,85.11,87.3,1528400,86.57,1.6,54.56249999999999
2019-09-11,86.44,86.94,83.63,85.32,1638669,85.25,1.6,53.324999999999996
2019-09-12,85.49,87.5,85.37,86.53,1461958,86.74,1.6,54.08125
2019-09-13,86.77,87.3,86.37,86.75,978482,86.74,1.6,54.21875
2019-09-16,85.5,85.78,83.96,84.26,1050591,84.48,1.6,52.6625
2019-09-17,83.5,86.34,83.11,86.08,1234597,85.75,1.6,53.8
2019-09-18,85.94,86.12,84.46,85.53,1279770,85.29,1.6,53.45625
2019-09-19,85.86,86.55,85.04,86.31,1241388,86.0,1.6,53.94375
2019-09-20,86.6,87.11,84.63,84.63,1819814,85.44,1.6,52.89375
2019-09-23,84.5,87.21,84.26,86.9,2744609,86.46,1.6,54.3125
2019-09-24,90.24,90.33,84.45,86.74,6442305,86.95,1.6,54.21249999999999
2019-09-25,86.62,87.63,85.29,86.08,1555568,86.24,1.6,53.8
2019-09-26,86.13,86.67,85.29,86.38,902227,86.15,1.6,53.9875
2019-09-27,86.86,87.52,86.61,87.48,1079807,87.23,1.6,54.675
2019-09-30,87.29,88.3464,87.105,88.0,1223711,87.85,1.6,55.0
2019-10-01,88.58,90.9,88.34,88.69,1783395,89.53,1.6,55.43125
2019-10-02,88.23,88.42,85.05,85.6,1269813,85.94,1.6,53.49999999999999
2019-10-03,84.91,85.27,83.39,84.65,1017922,84.25,1.6,52.90625
2019-10-04,84.52,85.66,84.31,85.6,883431,85.17,1.41,60.709219858156025
2019-10-07,85.43,87.07,85.37,86.31,1120996,86.49,1.41,61.21276595744681
2019-10-08,85.37,85.97,85.09,85.1,945331,85.52,1.41,60.354609929078016
2019-10-09,85.96,87.05,85.48,86.6,917645,86.44,1.41,61.41843971631206
2019-10-10,86.4,88.03,86.36,87.41,984695,87.47,1.41,61.99290780141844
2019-10-11,88.53,91.06,88.53,90.53,1767015,90.42,1.41,64.20567375886526
2019-10-14,90.0,90.44,89.43,90.03,689291,89.95,1.41,63.851063829787236
2019-10-15,90.75,93.05,90.75,92.42,1510615,92.2,1.41,65.54609929078015
2019-10-16,92.42,92.58,91.33,92.44,948271,92.2,1.41,65.56028368794327
2019-10-17,92.87,93.363,92.11,92.73,800558,92.7,1.41,65.76595744680851
2019-10-18,93.1,94.7,92.81,94.28,1804342,94.07,1.41,66.86524822695036
2019-10-21,95.0,96.36,94.7401,96.02,1270122,95.77,1.41,68.09929078014184
2019-10-22,95.02,95.615,93.13,94.18,1674484,94.18,1.41,66.79432624113475
2019-10-23,93.57,94.88,93.37,94.63,808245,94.38,1.41,67.11347517730496
2019-10-24,95.39,96.28,94.49,95.12,901130,95.08,1.41,67.46099290780143
2019-10-25,94.9,95.7141,94.54,94.77,869473,94.99,1.41,67.2127659574468
2019-10-28,94.91,95.67,94.59,94.98,978034,95.08,1.41,67.36170212765958
2019-10-29,95.17,96.0,94.77,95.35,724478,95.47,1.41,67.62411347517731
2019-10-30,94.94,95.74,94.67,94.77,840327,95.03,1.41,67.2127659574468
2019-10-31,94.69,94.875,92.58,93.17,996807,93.21,1.41,66.07801418439716
2019-11-01,93.79,94.96,93.15,94.86,852655,94.35,1.41,67.27659574468086
2019-11-04,95.58,96.06,95.165,95.42,778143,95.59,1.41,67.67375886524823
2019-11-05,95.42,96.2,95.21,95.49,865457,95.56,1.41,67.72340425531915
2019-11-06,95.4,95.4,93.56,94.27,775401,94.19,1.41,66.8581560283688
2019-11-07,94.54,95.44,93.92,94.09,783571,94.6,1.41,66.73049645390071
2019-11-08,94.22,94.6,93.46,93.88,786662,93.85,1.41,66.58156028368795
2019-11-11,93.37,94.63,93.37,94.16,657808,93.95,1.41,66.78014184397163
2019-11-12,93.8,96.47,93.8,95.26,1063685,95.42,1.41,67.56028368794327
2019-11-13,94.5,96.0,94.19,95.88,678538,95.57,1.41,68.0
2019-11-14,95.89,97.27,95.69,96.84,842316,96.56,1.41,68.68085106382979
2019-11-15,97.29,98.24,96.49,98.0,1202704,97.66,1.41,69.50354609929079
2019-11-18,98.31,99.89,97.73,99.73,1056829,99.13,1.41,70.73049645390071
2019-11-19,99.94,100.49,98.92,100.15,1175734,99.9,1.41,71.02836879432625
2019-11-20,99.91,99.91,98.28,99.57,695393,99.29,1.41,70.61702127659575
2019-11-21,99.57,99.645,97.9537,98.18,674775,98.41,1.41,69.63120567375887
2019-11-22,98.45,98.7,96.62,97.58,749142,97.68,1.41,69.20567375886525
2019-11-25,97.99,98.59,97.37,97.83,801276,97.97,1.41,69.38297872340426
2019-11-26,97.66,98.69,97.0,98.64,1087680,98.31,1.41,69.95744680851064
2019-11-27,98.81,98.97,98.01,98.31,640733,98.41,1.41,69.72340425531915
2019-11-29,98.04,98.27,97.01,97.26,402966,97.59,1.41,68.97872340425533
2019-12-02,97.34,97.57,96.4,96.69,971264,96.88,1.41,68.57446808510639
2019-12-03,95.16,96.31,94.01,95.99,1561993,95.82,1.41,68.07801418439716
2019-12-04,96.81,98.05,96.39,96.41,949033,96.96,1.41,68.37588652482269
2019-12-05,96.62,97.15,95.86,96.08,1341686,96.2,1.41,68.1418439716312
2019-12-06,96.97,98.15,96.68,97.37,1325187,97.48,1.41,69.0567375886525
2019-12-09,97.09,97.19,96.48,96.69,927183,96.86,1.41,68.57446808510639
2019-12-10,96.75,97.3,96.375,96.94,995494,96.77,1.41,68.7517730496454
2019-12-11,96.99,99.11,96.555,99.03,816502,98.51,1.41,70.2340425531915
2019-12-12,98.7,99.75,98.065,99.05,854707,99.08,1.41,70.2482269503546
2019-12-13,99.0,99.41,97.78,97.88,1033258,98.18,1.41,69.41843971631205
2019-12-16,99.2,99.415,97.97,98.0,1632235,98.27,1.41,69.50354609929079
2019-12-17,98.27,99.15,98.07,98.9,952504,98.8,1.41,70.14184397163122
2019-12-18,99.45,99.7891,98.28,98.64,1553059,98.69,1.41,69.95744680851064
2019-12-19,98.42,98.88,97.26,98.79,2015322,98.42,1.41,70.06382978723406
2019-12-20,94.4,95.1,92.6,92.71,6691618,93.34,1.41,65.7517730496454
2019-12-23,92.1,92.5,89.04,89.18,3592727,89.63,1.41,63.24822695035462
2019-12-24,89.04,89.335,88.574,88.86,975262,88.88,1.41,63.02127659574468
2019-12-26,88.94,89.3698,87.91,89.03,1716490,88.54,1.41,63.14184397163121
2019-12-27,89.28,89.68,87.73,88.4,1386909,88.34,1.41,62.69503546099291
2019-12-30,88.35,88.367,86.96,87.43,1435639,87.4,1.41,62.00709219858157
2019-12-31,87.22,88.05,87.13,87.67,1263785,87.65,1.41,62.17730496453901
2020-01-02,87.97,89.51,87.81,89.51,2009470,88.7,1.41,63.48226950354611
2020-01-03,88.39,88.7329,86.7,87.26,1487651,87.21,1.41,61.886524822695044
2020-01-06,86.49,87.58,86.18,87.05,1357364,86.92,1.41,61.73758865248227
2020-01-07,87.24,87.85,86.97,87.23,1212774,87.34,1.05,83.07619047619048
2020-01-08,87.22,87.82,86.946,87.08,1656707,87.33,1.05,82.93333333333332
2020-01-09,87.61,88.08,87.25,87.6,1163708,87.66,1.05,83.42857142857142
2020-01-10,87.9,89.81,87.9,89.09,2087245,89.15,1.05,84.84761904761905
2020-01-13,89.02,91.11,88.5595,91.03,1357002,90.29,1.05,86.6952380952381
2020-01-14,90.88,93.14,90.82,91.94,1561518,92.18,1.05,87.56190476190476
2020-01-15,91.59,93.83,91.24,92.88,1364407,93.02,1.05,88.45714285714286
2020-01-16,93.26,94.88,93.0,94.7,1218862,94.46,1.05,90.19047619047619
2020-01-17,95.0,96.01,94.83,95.68,1784131,95.46,1.05,91.12380952380953
2020-01-21,95.38,96.13,94.77,95.9,1557298,95.73,1.05,91.33333333333333
2020-01-22,96.43,97.86,96.19,97.35,1169793,97.38,1.05,92.71428571428571
2020-01-23,96.97,98.19,96.45,98.11,751721,97.81,1.05,93.43809523809523
2020-01-24,98.32,98.32,95.89,96.73,1100847,96.79,1.05,92.12380952380953
2020-01-27,95.44,96.71,95.12,95.98,1026375,96.26,1.05,91.4095238095238
2020-01-28,96.37,99.0,96.01,98.57,1112690,98.28,1.05,93.87619047619046
2020-01-29,99.0,99.72,98.45,98.5,906804,98.97,1.05,93.80952380952381
2020-01-30,97.68,99.38,97.23,99.36,917111,98.4,1.05,94.62857142857142
2020-01-31,99.04,99.33,97.02,97.04,1241759,97.6,1.05,92.41904761904762
2020-02-03,96.5,97.54,94.97,95.06,1908350,95.99,1.05,90.53333333333333
2020-02-04,96.49,97.19,95.61,96.75,1219269,96.63,1.05,92.14285714285714
2020-02-05,97.97,98.45,97.14,97.97,780235,97.83,1.05,93.3047619047619
2020-02-06,98.17,98.42,96.97,96.97,960769,97.25,1.05,92.35238095238094
2020-02-07,96.85,97.81,96.21,96.3,1035832,96.77,1.05,91.71428571428571
2020-02-10,95.97,97.76,95.93,97.65,853390,97.24,1.05,93.0
2020-02-11,98.25,99.625,98.05,98.84,955858,98.8,1.05,94.13333333333333
2020-02-12,99.19,99.52,98.18,98.23,665408,98.57,1.05,93.55238095238096
2020-02-13,97.47,99.585,97.33,98.89,758025,98.96,1.05,94.18095238095238
2020-02-14,98.58,99.07,97.97,98.81,749656,98.71,1.05,94.1047619047619
2020-02-18,98.96,99.36,98.05,98.27,780690,98.49,1.05,93.59047619047618
2020-02-19,98.54,100.4,98.3491,100.13,912224,99.68,1.05,95.36190476190475
2020-02-20,100.74,103.18,100.55,101.9,1093359,102.07,1.05,97.04761904761905
2020-02-21,101.43,101.66,100.39,101.21,893548,101.12,1.05,96.39047619047618
2020-02-24,98.32,99.42,97.26,97.45,966133,98.0,1.05,92.80952380952381
2020-02-25,97.78,98.083,93.01,93.29,1057832,94.56,1.05,88.84761904761905
2020-02-26,93.97,94.92,91.29,91.3,996728,92.45,1.05,86.95238095238095
2020-02-27,89.88,91.87,87.63,88.19,1525461,89.46,1.05,83.99047619047619
2020-02-28,85.77,87.31,84.01,87.31,2599895,86.14,1.05,83.15238095238095
2020-03-02,87.3,89.84,85.22,89.74,1844099,87.95,1.05,85.46666666666665
2020-03-03,89.45,91.14,84.95,86.16,1889251,87.35,1.05,82.05714285714285
2020-03-04,87.22,90.77,86.9,90.7,1249664,89.44,1.05,86.38095238095238
2020-03-05,88.03,88.08,85.0,85.93,1455337,86.08,1.05,81.83809523809524
2020-03-06,83.68,85.39,82.14,85.0,1696844,84.16,1.05,80.95238095238095
2020-03-09,80.1,80.5,75.2,75.21,3013464,77.26,1.05,71.62857142857142
2020-03-10,78.14,80.36,75.9,79.79,2280692,78.65,1.05,75.99047619047619
2020-03-11,76.92,78.13,75.06,76.21,2071156,76.44,1.05,72.58095238095237
2020-03-12,71.23,74.6,67.32,67.87,2535478,69.68,1.05,64.63809523809525
2020-03-13,72.44,72.55,65.1204,69.19,2577647,67.62,1.05,65.89523809523808
2020-03-16,63.13,63.13,51.27,54.95,4721083,56.09,1.05,52.333333333333336
2020-03-17,55.4,57.6,49.42,53.76,4020347,52.49,1.05,51.199999999999996
2020-03-18,50.21,50.4,37.59,48.22,4257701,43.96,1.05,45.923809523809524
2020-03-19,47.26,49.64,41.51,48.13,3127025,46.85,1.05,45.838095238095235
2020-03-20,49.06,52.37,44.02,44.27,4565058,47.46,1.05,42.161904761904765
2020-03-23,44.1,48.23,43.3346,47.7,2889161,46.24,1.05,45.42857142857143
2020-03-24,51.31,56.81,51.1053,56.32,2280099,53.93,1.05,53.63809523809524
2020-03-25,58.12,68.24,54.24,63.88,3063457,63.58,1.05,60.838095238095235
2020-03-26,64.9,67.45,60.46,60.92,2750010,62.33,1.05,58.01904761904762
2020-03-27,57.76,59.27,53.44,58.93,2497759,57.46,1.05,56.12380952380952
2020-03-30,57.46,58.9,54.21,55.75,2000697,56.3,1.05,53.095238095238095
2020-03-31,55.0,55.74,53.22,53.83,2441378,54.39,1.05,51.266666666666666
2020-04-01,49.41,53.71,48.1,52.36,3489751,51.02,1.05,49.86666666666667
2020-04-02,49.01,52.83,48.26,50.2,4710927,50.74,1.05,47.80952380952381
2020-04-03,48.75,49.89,47.06,48.6,3345951,48.57,1.05,46.285714285714285
2020-04-06,52.36,55.57,50.28,54.45,2572592,53.13,1.05,51.85714285714286
2020-04-07,58.38,60.98,56.05,58.01,2812553,58.5,1.05,55.24761904761905
2020-04-08,59.0,64.13,57.7,63.22,2100463,61.81,1.05,60.20952380952381
2020-04-09,64.97,70.265,64.5,66.5,2856506,67.83,1.05,63.33333333333333
2020-04-13,66.11,66.47,61.78,62.6,1930908,62.9,1.05,59.61904761904762
2020-04-14,63.85,66.18,63.85,64.39,2082999,64.83,1.05,61.32380952380952
2020-04-15,62.38,63.88,60.81,61.58,1474491,61.92,1.05,58.647619047619045
2020-04-16,61.69,61.98,58.93,59.07,2350095,59.82,1.05,56.25714285714285
2020-04-17,61.89,65.8477,61.89,65.22,4462248,64.21,1.05,62.114285714285714
2020-04-20,63.81,65.43,63.11,64.56,3932071,64.62,1.05,61.48571428571429
2020-04-21,61.35,64.01,61.23,63.58,3853126,62.96,1.32,48.166666666666664
2020-04-22,64.79,65.545,64.398,64.91,2447720,64.97,1.32,49.17424242424242
2020-04-23,65.03,66.835,64.84,65.99,2134155,66.02,1.32,49.992424242424235
2020-04-24,66.89,71.62,66.89,70.96,3352705,69.85,1.32,53.75757575757575
2020-04-27,71.86,75.8,71.8319,74.97,2798705,74.43,1.32,56.79545454545454
2020-04-28,76.69,79.48,73.685,74.1,2547987,75.37,1.32,56.136363636363626
2020-04-29,76.19,80.26,75.26,78.99,1894945,78.75,1.32,59.840909090909086
2020-04-30,77.68,77.72,73.35,73.65,1986320,74.52,1.32,55.79545454545455
2020-05-01,70.98,71.98,70.17,71.07,2100664,70.9,1.32,53.840909090909086
2020-05-04,69.99,71.72,69.4127,71.68,1945354,70.86,1.32,54.303030303030305
2020-05-05,73.04,74.48,72.76,72.97,1565866,73.39,1.32,55.280303030303024
2020-05-06,73.97,74.25,72.39,72.97,1455258,73.12,1.32,55.280303030303024
2020-05-07,73.74,74.95,72.3606,72.87,1486821,73.21,1.32,55.20454545454545
2020-05-08,75.01,76.94,73.82,76.69,1591431,76.07,1.32,58.098484848484844
2020-05-11,76.2,76.858,74.34,75.96,1027075,75.92,1.32,57.54545454545454
2020-05-12,77.51,78.68,74.73,74.78,1746964,76.52,1.32,56.65151515151515
2020-05-13,74.41,74.99,72.44,73.95,1672587,73.8,1.32,56.02272727272727
2020-05-14,71.23,75.245,70.72,75.17,1382289,73.2,1.32,56.946969696969695
2020-05-15,74.12,75.97,72.97,75.8,1518480,74.9,1.32,57.42424242424242
2020-05-18,80.02,83.7644,79.58,79.75,2079913,80.71,1.32,60.416666666666664
2020-05-19,79.66,81.19,78.42,78.95,1070851,80.01,1.32,59.81060606060606
2020-05-20,79.79,80.57,77.92,78.35,1261604,78.83,1.32,59.3560606060606
2020-05-21,78.56,80.53,77.79,80.42,981746,79.32,1.32,60.92424242424242
2020-05-22,80.68,81.79,79.76,81.55,1435919,81.04,1.32,61.780303030303024
2020-05-26,84.8,86.37,83.67,85.22,1788317,85.19,1.32,64.56060606060606
2020-05-27,87.82,89.8,86.06,89.21,2239184,88.38,1.32,67.58333333333333
2020-05-28,90.06,90.735,88.001,88.68,2046731,89.43,1.32,67.18181818181819
2020-05-29,87.51,89.69,85.931,88.05,1940561,88.03,1.32,66.70454545454545
2020-06-01,89.6,91.45,89.36,90.09,1755999,90.0,1.32,68.25
2020-06-02,91.16,92.1,89.865,92.03,1361716,91.32,1.32,69.71969696969697
2020-06-03,92.54,94.87,92.33,94.8,1268846,94.21,1.32,71.81818181818181
2020-06-04,93.7,94.91,92.485,93.13,1402725,93.53,1.32,70.5530303030303
2020-06-05,96.39,97.78,94.24,95.93,2042516,95.89,1.32,72.67424242424242
2020-06-08,97.05,98.45,96.89,98.35,1543086,97.8,1.32,74.50757575757575
2020-06-09,96.63,96.65,93.95,94.92,1771722,95.04,1.32,71.9090909090909
2020-06-10,94.73,94.73,90.83,91.99,1939297,92.53,1.32,69.68939393939394
2020-06-11,88.67,89.66,85.63,87.29,2175219,87.71,1.32,66.12878787878788
2020-06-12,91.0,92.0,87.64,89.98,1431344,89.79,1.32,68.16666666666667
2020-06-15,86.62,93.68,86.3,92.83,1663500,91.58,1.32,70.32575757575758
2020-06-16,96.6,97.76,94.05,96.36,1548668,96.22,1.32,73.0
2020-06-17,96.48,97.98,95.28,96.99,1354977,97.04,1.32,73.47727272727272
2020-06-18,96.01,98.69,95.9644,97.91,1944246,97.92,1.32,74.17424242424242
2020-06-19,98.45,98.96,89.68,91.87,6681710,93.1,1.32,69.59848484848484
2020-06-22,92.5,94.79,91.709,93.96,2167883,93.68,1.32,71.18181818181817
2020-06-23,95.0,95.39,91.035,92.21,2218906,92.44,1.32,69.8560606060606
2020-06-24,91.0,92.62,88.51,89.45,1746148,90.2,1.32,67.76515151515152
2020-06-25,89.21,89.96,88.31,89.59,1692290,89.28,1.32,67.87121212121212
2020-06-26,89.37,89.85,86.12,86.58,2834874,86.91,1.32,65.5909090909091
2020-06-29,87.8,89.07,85.42,88.98,943873,88.05,1.32,67.4090909090909
2020-06-30,88.66,90.47,88.08,89.55,994058,89.58,1.32,67.84090909090908
2020-07-01,89.28,90.94,88.34,89.02,944619,89.34,0.03,2967.3333333333335
2020-07-02,91.15,92.38,88.53,89.22,1273189,90.07,0.03,2974.0
2020-07-06,90.58,91.6899,89.57,90.38,1255869,90.43,0.03,3012.6666666666665
2020-07-07,89.87,90.53,87.94,88.59,1287397,88.95,0.03,2953.0
2020-07-08,88.74,89.64,87.67,88.7,1074119,88.52,0.03,2956.666666666667
2020-07-09,88.69,89.495,85.71,86.23,1450886,86.6,0.03,2874.3333333333335
2020-07-10,86.45,88.21,85.88,88.19,980758,87.49,0.03,2939.6666666666665
2020-07-13,89.07,90.33,87.19,87.28,1334789,88.63,0.03,2909.3333333333335
2020-07-14,86.95,91.51,86.76,91.35,1137093,89.89,0.03,3045.0
2020-07-15,92.58,95.06,92.18,95.04,1449759,94.25,0.03,3168.0000000000005
2020-07-16,94.84,95.72,93.91,95.22,1036915,95.06,0.03,3174.0
2020-07-17,95.56,95.96,94.56,95.02,968950,95.28,0.03,3167.3333333333335
2020-07-20,94.21,94.54,92.55,93.35,992282,93.45,0.03,3111.6666666666665
2020-07-21,93.81,96.32,93.71,95.27,854800,95.47,0.03,3175.6666666666665
2020-07-22,95.3,98.2,95.3,97.85,1396777,97.58,0.03,3261.6666666666665
2020-07-23,98.53,99.96,96.915,97.78,1337243,98.42,0.03,3259.3333333333335
2020-07-24,97.06,98.26,96.5116,97.46,941928,97.64,0.03,3248.6666666666665
2020-07-27,97.88,98.35,96.56,97.77,972080,97.58,0.03,3259.0
2020-07-28,97.45,99.44,97.05,97.17,931578,98.26,0.03,3239.0
2020-07-29,97.51,99.165,97.48,98.68,1363011,98.53,0.03,3289.3333333333335
2020-07-30,98.0,98.84,97.39,98.33,1278795,98.22,0.03,3277.6666666666665
2020-07-31,98.56,98.69,96.05,96.97,1108753,96.86,0.03,3232.3333333333335
2020-08-03,97.36,98.28,96.465,97.4,897850,97.27,0.03,3246.666666666667
2020-08-04,97.26,100.7,97.26,99.36,1449390,99.34,0.03,3312.0
2020-08-05,100.3,101.11,99.45,100.36,962443,100.37,0.03,3345.3333333333335
2020-08-06,99.68,101.15,99.18,100.65,1100298,100.51,0.03,3355.0000000000005
2020-08-07,99.76,100.64,99.1138,100.28,866535,99.91,0.03,3342.666666666667
2020-08-10,100.51,102.77,100.51,102.2,1382381,102.09,0.03,3406.666666666667
2020-08-11,103.0,104.83,102.5,103.99,1392516,103.84,0.03,3466.3333333333335
2020-08-12,104.7,106.74,104.36,106.24,1493126,105.93,0.03,3541.3333333333335
2020-08-13,105.46,105.86,104.08,104.36,837886,104.7,0.03,3478.666666666667
2020-08-14,104.6,104.93,103.59,104.35,582991,104.32,0.03,3478.3333333333335
2020-08-17,104.27,106.4,104.27,105.62,1203163,105.25,0.03,3520.666666666667
2020-08-18,106.87,107.43,105.66,106.63,1249554,106.7,0.03,3554.3333333333335
2020-08-19,107.07,107.5,105.71,106.78,793310,106.76,0.03,3559.3333333333335
2020-08-20,105.7,107.655,105.41,106.12,647188,106.66,0.03,3537.3333333333335
2020-08-21,106.13,107.41,105.64,106.92,707209,106.81,0.03,3564.0
2020-08-24,107.8,108.98,106.94,108.8,657975,108.3,0.03,3626.6666666666665
2020-08-25,108.82,109.31,106.99,107.04,663008,107.48,0.03,3568.0000000000005
2020-08-26,106.88,107.655,106.36,107.23,612132,107.06,0.03,3574.3333333333335
2020-08-27,107.78,108.41,106.26,106.54,742564,107.08,0.03,3551.3333333333335
2020-08-28,107.09,107.89,106.45,107.25,628898,107.04,0.03,3575.0
2020-08-31,107.29,107.77,106.18,106.93,1026708,107.0,0.03,3564.3333333333335
2020-09-01,106.61,109.1499,105.9,108.58,1101646,108.47,0.03,3619.3333333333335
2020-09-02,108.49,109.06,106.64,108.6,1103823,108.23,0.03,3620.0
2020-09-03,108.58,108.59,104.28,106.32,931212,106.21,0.03,3544.0
2020-09-04,106.66,108.12,104.29,105.58,633482,105.88,0.03,3519.3333333333335
2020-09-08,104.2399,107.11,103.44,104.62,1344972,105.37,0.03,3487.3333333333335
2020-09-09,105.01,105.84,103.92,105.15,1927736,104.78,0.03,3505.0000000000005
2020-09-10,105.0,106.47,102.37,102.46,1039720,103.88,0.03,3415.333333333333
2020-09-11,102.89,103.05,101.09,101.63,1287275,101.86,0.03,3387.6666666666665
2020-09-14,101.86,105.09,101.72,104.8,1125635,103.95,0.03,3493.3333333333335
2020-09-15,105.99,106.44,104.76,105.01,925377,105.37,0.03,3500.3333333333335
2020-09-16,105.69,106.0,104.32,104.51,953653,104.93,0.03,3483.666666666667
2020-09-17,103.23,104.23,102.15,102.99,854780,103.02,0.03,3433.0
2020-09-18,102.46,104.75,102.4518,103.07,1347480,103.18,0.03,3435.6666666666665
2020-09-21,102.11,102.11,99.38,101.12,1261444,100.72,0.03,3370.666666666667
2020-09-22,104.4,105.78,103.51,104.3,1800667,104.32,0.03,3476.6666666666665
2020-09-23,108.28,108.85,105.86,105.93,3949341,106.93,0.03,3531.0000000000005
2020-09-24,100.1,100.245,91.695,94.28,7461326,94.88,0.03,3142.666666666667
2020-09-25,95.25,95.51,92.495,94.03,3458360,93.96,0.03,3134.3333333333335
2020-09-28,95.88,96.28,94.44,95.05,1704162,95.2,0.03,3168.3333333333335
2020-09-29,94.71,94.8918,92.65,93.08,2119889,93.45,0.03,3102.6666666666665
2020-09-30,93.03,93.49,91.14,91.91,2737472,92.4,0.03,3063.6666666666665
2020-10-01,92.84,93.53,91.13,93.49,1777445,92.8,0.03,3116.3333333333335
2020-10-02,93.55,95.86,93.03,95.55,2585582,94.77,0.03,3185.0
2020-10-05,96.95,99.19,96.46,97.91,2275008,98.25,1.82,53.79670329670329
2020-10-06,98.82,98.8425,93.0,93.15,2036176,95.11,1.82,51.181318681318686
2020-10-07,93.86,95.04,93.44,94.1,1573446,94.28,1.82,51.7032967032967
2020-10-08,94.57,96.1,93.53,95.94,771473,95.41,1.82,52.71428571428571
2020-10-09,96.8,97.29,94.65,94.96,2183894,95.33,1.82,52.17582417582417
2020-10-12,94.98,95.2,92.49,92.51,1892035,93.44,1.82,50.82967032967033
2020-10-13,92.52,95.44,92.12,93.13,2151068,93.87,1.82,51.170329670329664
2020-10-14,93.74,93.92,91.305,91.58,1975120,92.2,1.82,50.318681318681314
2020-10-15,90.5,93.73,90.25,93.12,1688688,92.37,1.82,51.16483516483517
2020-10-16,93.38,94.33,92.51,93.74,1304086,93.58,1.82,51.505494505494504
2020-10-19,94.76,95.76,91.93,92.04,1079637,93.63,1.82,50.57142857142858
2020-10-20,92.24,92.77,91.08,91.13,1188041,91.95,1.82,50.07142857142857
2020-10-21,93.07,93.89,89.68,89.81,1110475,90.98,1.82,49.34615384615385
2020-10-22,89.53,91.68,89.0,91.42,1087209,90.86,1.82,50.23076923076923
2020-10-23,91.92,92.04,89.59,90.95,955795,90.77,1.82,49.972527472527474
2020-10-26,90.14,90.35,87.2722,88.79,1323464,88.54,1.82,48.785714285714285
2020-10-27,89.14,89.43,87.25,87.44,1284568,87.91,1.82,48.043956043956044
2020-10-28,85.03,88.46,84.7,87.88,1430402,87.29,1.82,48.285714285714285
2020-10-29,87.53,88.74,86.47,88.21,1392098,87.93,1.82,48.467032967032964
2020-10-30,87.41,88.44,85.79,86.44,1330410,86.69,1.82,47.49450549450549
2020-11-02,87.2,89.16,87.1072,89.08,1182247,88.5,1.82,48.94505494505494
2020-11-03,90.13,93.96,90.13,93.12,1164651,92.96,1.82,51.16483516483517
2020-11-04,91.85,94.19,91.54,91.55,1069037,92.37,1.82,50.302197802197796
2020-11-05,92.92,94.27,92.44,93.32,723780,93.32,1.82,51.27472527472527
2020-11-06,93.63,93.76,92.11,92.75,688017,92.85,1.82,50.96153846153846
2020-11-09,96.7,101.16,95.84,95.97,1509595,98.08,1.82,52.730769230769226
2020-11-10,96.21,96.65,92.94,94.31,1375930,94.66,1.82,51.81868131868132
2020-11-11,94.39,94.925,92.7,93.42,1181079,93.61,1.82,51.32967032967033
2020-11-12,92.88,93.96,91.66,93.1,1092756,92.88,1.82,51.153846153846146
2020-11-13,93.87,95.71,93.775,95.48,930479,94.97,1.82,52.46153846153846
2020-11-16,97.28,98.23,95.09,97.59,897509,97.26,1.82,53.620879120879124
2020-11-17,96.79,96.79,94.31,94.73,1220316,94.96,1.82,52.04945054945055
2020-11-18,94.53,95.5484,92.72,92.82,1402297,94.06,1.82,50.99999999999999
2020-11-19,92.68,94.55,92.06,94.53,968561,93.57,1.82,51.93956043956044
2020-11-20,94.46,95.37,93.76,94.55,1197365,94.78,1.82,51.950549450549445
2020-11-23,95.5,97.2,94.88,96.44,1256028,96.17,1.82,52.989010989010985
2020-11-24,97.36,97.82,95.82,96.04,1090971,96.73,1.82,52.769230769230774
2020-11-25,95.2,95.765,93.94,95.29,844421,94.97,1.82,52.35714285714286
2020-11-27,95.54,96.87,94.88,95.37,394103,95.64,1.82,52.401098901098905
2020-11-30,94.91,95.95,92.65,93.48,993718,93.57,1.82,51.362637362637365
2020-12-01,94.43,96.31,93.57,96.14,1308878,95.23,1.82,52.824175824175825
2020-12-02,95.47,96.69,93.3,96.47,1422995,95.23,1.82,53.005494505494504
2020-12-03,96.27,97.34,95.65,96.27,888426,96.38,1.82,52.895604395604394
2020-12-04,96.62,97.085,95.65,96.5,1018767,96.31,1.82,53.02197802197802
2020-12-07,96.43,97.3,95.58,96.06,1122449,96.09,1.82,52.78021978021978
2020-12-08,95.18,95.766,93.9,94.38,1229561,94.48,1.82,51.857142857142854
2020-12-09,92.87,95.09,92.16,94.87,1551377,94.02,1.82,52.12637362637363
2020-12-10,94.24,95.22,93.55,94.34,746222,94.45,1.82,51.83516483516483
2020-12-11,93.9,94.95,93.39,93.93,814556,94.15,1.82,51.60989010989011
2020-12-14,94.94,95.41,92.3,92.54,1466403,93.35,1.82,50.84615384615385
2020-12-15,93.88,96.38,93.81,96.13,1081723,95.6,1.82,52.818681318681314
2020-12-16,96.54,99.55,96.1601,99.08,1574626,98.57,1.82,54.43956043956044
2020-12-17,98.72,99.9,97.01,99.79,1563364,99.1,1.82,54.82967032967033
2020-12-18,99.37,100.44,97.94,98.25,4108596,98.55,1.82,53.98351648351648
2020-12-21,97.52,100.68,97.21,100.46,2917934,99.54,1.82,55.19780219780219
2020-12-22,96.62,98.83,91.83,92.33,9202946,93.52,1.82,50.730769230769226
2020-12-23,92.94,94.01,92.0,93.18,2563083,93.27,1.82,51.1978021978022
2020-12-24,93.28,93.4699,91.25,92.3,1052041,92.19,1.82,50.71428571428571
2020-12-28,92.84,92.84,90.8801,91.0,1356597,91.28,1.82,50.0
2020-12-29,91.01,92.45,90.295,92.24,1243510,91.65,1.82,50.68131868131868
2020-12-30,91.79,94.85,91.75,94.62,1324671,93.99,1.82,51.98901098901099
2020-12-31,94.18,95.0,92.89,94.46,1182569,94.26,1.82,51.9010989010989
2021-01-04,94.3,94.37,92.13,93.3,1677943,93.2,1.82,51.26373626373626
2021-01-05,93.24,94.31,92.36,94.2,1541694,93.73,1.82,51.75824175824176
2021-01-06,94.05,98.34,94.05,97.96,1725426,97.21,1.44,68.02777777777777
2021-01-07,98.62,100.61,97.43,100.3,1830675,99.77,1.44,69.65277777777777
2021-01-08,100.33,103.15,100.33,102.1,1623291,102.03,1.44,70.90277777777777
2021-01-11,101.04,104.71,100.88,104.64,1066663,103.85,1.44,72.66666666666667
2021-01-12,104.26,106.64,103.86,106.5,1336926,106.03,1.44,73.95833333333334
2021-01-13,106.66,108.22,105.44,105.49,1308176,106.5,1.44,73.25694444444444
2021-01-14,105.93,107.2299,105.23,106.35,983849,106.37,1.44,73.85416666666667
2021-01-15,105.38,107.0,104.86,106.44,1095608,106.15,1.44,73.91666666666667
2021-01-19,108.97,116.7,107.3,116.43,2806408,114.49,1.44,80.85416666666667
2021-01-20,117.06,124.91,116.77,122.79,4037889,122.44,1.44,85.27083333333334
2021-01-21,122.93,123.7,119.86,120.29,1973186,120.6,1.44,83.53472222222223
2021-01-22,119.78,120.48,117.7,118.64,1360781,118.75,1.44,82.38888888888889
2021-01-25,119.02,122.11,118.65,120.96,1791552,120.74,1.44,84.0
2021-01-26,121.26,128.5799,121.0775,127.79,2626220,126.44,1.44,88.74305555555556
2021-01-27,125.81,126.2,120.324,121.45,2619738,122.99,1.44,84.34027777777779
2021-01-28,121.49,123.53,120.21,121.29,1796802,121.68,1.44,84.22916666666667
2021-01-29,120.34,120.98,116.765,117.78,1520890,118.58,1.44,81.79166666666667
2021-02-01,119.61,120.0,116.74,116.91,1563499,117.84,1.44,81.1875
2021-02-02,118.16,123.56,117.555,123.04,1369361,121.59,1.44,85.44444444444446
2021-02-03,122.82,124.09,121.29,123.31,890451,122.97,1.44,85.63194444444444
2021-02-04,123.76,126.0,123.47,125.66,877658,125.44,1.44,87.26388888888889
2021-02-05,126.91,127.49,125.5491,126.17,1112005,126.32,1.44,87.61805555555556
2021-02-08,126.53,128.55,126.53,126.85,731733,127.24,1.44,88.09027777777777
2021-02-09,126.44,126.44,125.03,125.42,683497,125.65,1.44,87.09722222222223
2021-02-10,125.54,127.13,125.15,125.42,914595,125.95,1.44,87.09722222222223
2021-02-11,125.55,127.8,125.0501,126.84,484342,126.44,1.44,88.08333333333334
2021-02-12,125.53,126.64,124.7636,125.1,666229,125.37,1.44,86.875
2021-02-16,125.87,127.03,122.27,122.36,1188768,123.5,1.44,84.97222222222223
2021-02-17,121.75,123.16,119.53,122.51,942539,121.67,1.44,85.0763888888889
2021-02-18,121.71,122.47,119.37,120.24,993188,120.41,1.44,83.5
2021-02-19,120.8,122.77,120.69,121.32,948677,121.34,1.44,84.25
2021-02-22,120.78,121.58,119.32,119.38,757278,120.28,1.44,82.90277777777777
2021-02-23,118.81,119.54,115.57,119.26,768773,118.26,1.44,82.81944444444446
2021-02-24,119.26,121.99,119.0,121.84,781613,121.3,1.44,84.61111111111111
2021-02-25,121.85,124.185,118.26,118.92,992423,120.15,1.44,82.58333333333334
2021-02-26,119.29,122.02,118.48,119.51,1402804,120.21,1.44,82.99305555555556
2021-03-01,120.81,122.61,120.503,121.39,1588153,121.65,1.44,84.29861111111111
2021-03-02,121.59,121.91,119.62,120.98,1045591,120.9,1.44,84.0138888888889
2021-03-03,120.09,123.09,119.54,121.8,988652,121.93,1.44,84.58333333333333
2021-03-04,121.09,122.49,117.3,120.3,851919,120.16,1.44,83.54166666666667
2021-03-05,122.14,123.63,118.62,123.2,1629366,121.71,1.44,85.55555555555556
2021-03-08,123.66,129.9578,123.38,129.17,1830504,128.04,1.44,89.70138888888889
2021-03-09,129.84,132.54,128.53,128.67,1736394,130.31,1.44,89.35416666666666
2021-03-10,130.13,135.12,129.64,133.55,1080919,132.76,1.44,92.74305555555557
2021-03-11,134.04,136.34,132.77,132.97,1149690,134.3,1.44,92.34027777777779
2021-03-12,133.22,135.075,132.24,133.76,741470,133.88,1.44,92.88888888888889
2021-03-15,133.47,134.544,132.55,134.35,1036605,133.73,1.44,93.29861111111111
2021-03-16,133.85,133.85,130.31,131.12,1075014,131.68,1.44,91.05555555555556
2021-03-17,131.5,132.35,130.19,132.05,829996,131.72,1.44,91.7013888888889
2021-03-18,131.89,136.43,130.9105,134.56,1115717,134.8,1.44,93.44444444444444
2021-03-19,134.41,134.41,131.24,133.24,1923456,133.26,1.44,92.52777777777779
2021-03-22,133.49,133.99,130.41,132.3,829302,132.19,1.44,91.87500000000001
2021-03-23,131.56,132.38,130.56,131.02,693725,131.26,1.44,90.98611111111113
2021-03-24,131.02,132.7,128.16,128.35,1022846,129.85,1.44,89.13194444444444
2021-03-25,127.39,131.44,126.37,130.6,1164865,129.39,1.44,90.69444444444444
2021-03-26,132.3,133.94,130.98,133.81,672086,132.82,1.44,92.92361111111111
2021-03-29,135.33,136.4451,133.09,134.57,1033425,134.45,1.44,93.45138888888889
2021-03-30,135.23,136.54,134.42,135.83,1417212,135.66,1.44,94.3263888888889
2021-03-31,133.41,135.42,132.5,132.66,1696955,133.63,1.44,92.125
2021-04-01,126.45,129.25,122.56,123.31,4690780,124.7,1.44,85.63194444444444
2021-04-05,125.568,128.52,122.855,128.06,2070356,126.22,1.44,88.93055555555556
2021-04-06,127.28,127.83,124.685,126.33,1529525,126.01,1.44,87.72916666666667
2021-04-07,126.04,127.44,124.84,126.1,872670,126.43,1.44,87.56944444444444
2021-04-08,126.08,128.24,124.69,128.15,1023363,127.39,1.44,88.99305555555556
2021-04-09,128.9,132.12,128.15,131.63,1105027,130.83,1.44,91.40972222222223
2021-04-12,131.25,132.35,130.48,132.1,1180019,131.51,1.44,91.73611111111111
2021-04-13,131.5,131.5,128.84,130.15,1253844,130.09,1.44,90.38194444444446
2021-04-14,130.68,131.89,129.4394,129.62,774803,130.43,1.44,90.0138888888889
2021-04-15,129.03,129.79,127.79,129.19,736736,128.7,1.44,89.71527777777779
2021-04-16,130.31,130.6,129.19,129.97,707258,130.05,1.44,90.25694444444444
2021-04-19,130.0,130.38,128.82,130.1,721130,129.79,1.44,90.34722222222223
2021-04-20,130.5,130.89,126.4,127.8,687382,127.47,1.29,99.06976744186046
2021-04-21,127.53,129.53,126.86,128.93,537588,128.9,1.29,99.94573643410853
2021-04-22,129.79,130.83,128.3,129.05,692580,129.5,1.29,100.03875968992249
2021-04-23,129.69,131.6,128.36,131.08,589822,130.64,1.29,101.6124031007752
2021-04-26,131.99,132.33,130.31,131.43,1121606,131.16,1.29,101.88372093023256
2021-04-27,131.43,134.19,131.2269,133.05,646173,133.26,1.29,103.13953488372094
2021-04-28,132.81,134.8,132.22,134.09,593232,134.14,1.29,103.94573643410853
2021-04-29,134.98,136.0,131.87,133.19,569369,133.46,1.29,103.24806201550388
2021-04-30,132.65,133.5,131.885,133.24,774589,132.99,1.29,103.28682170542636
2021-05-03,134.25,138.0,134.2043,136.94,1378571,136.64,1.29,106.15503875968992
2021-05-04,136.88,137.95,134.99,137.41,907873,136.79,1.29,106.51937984496124
2021-05-05,138.0,138.77,137.13,137.9,1045227,138.01,1.29,106.89922480620154
2021-05-06,137.98,138.02,128.25,130.29,2564985,130.53,1.29,100.99999999999999
2021-05-07,129.77,130.67,128.52,129.99,1395879,129.83,1.29,100.76744186046513
2021-05-10,130.64,130.76,127.72,127.91,1260020,128.91,1.29,99.15503875968992
2021-05-11,126.69,127.26,122.74,123.42,1450404,123.9,1.29,95.67441860465117
2021-05-12,122.5,122.8,118.02,118.07,1202114,119.68,1.29,91.52713178294573
2021-05-13,118.4,122.08,117.33,121.11,1328154,120.38,1.29,93.88372093023256
2021-05-14,122.42,125.43,122.11,124.83,905638,124.78,1.29,96.76744186046511
2021-05-17,124.79,125.0,123.0389,124.44,660824,124.41,1.29,96.46511627906976
2021-05-18,123.96,124.536,119.91,120.16,1170972,120.94,1.29,93.14728682170542
2021-05-19,116.3,117.59,113.86,115.91,1578626,115.97,1.29,89.85271317829456
2021-05-20,115.92,117.84,114.02,117.19,1129008,116.45,1.29,90.84496124031007
2021-05-21,118.03,119.07,116.45,116.68,1171523,117.22,1.29,90.44961240310077
2021-05-24,116.0,116.27,113.06,113.88,1927062,114.13,1.29,88.27906976744185
2021-05-25,114.62,115.305,112.85,113.37,1713497,113.77,1.29,87.88372093023256
2021-05-26,113.39,115.34,112.97,114.79,1184389,114.35,1.29,88.98449612403101
2021-05-27,116.07,116.64,114.75,115.79,858811,115.9,1.29,89.75968992248062
2021-05-28,116.16,116.2,115.095,115.19,540903,115.4,1.29,89.29457364341084
2021-06-01,117.4,118.11,116.08,116.7,879345,117.2,1.29,90.46511627906976
2021-06-02,116.98,117.8,114.25,114.7,1119110,114.94,1.29,88.91472868217055
2021-06-03,114.16,114.84,113.09,113.81,836662,113.98,1.29,88.2248062015504
2021-06-04,114.81,114.81,112.63,114.05,573164,113.55,1.29,88.41085271317829
2021-06-07,114.01,115.05,112.63,114.56,880790,114.05,1.29,88.8062015503876
2021-06-08,114.52,115.87,113.11,115.03,769012,114.74,1.29,89.17054263565892
2021-06-09,114.89,115.73,114.13,115.0,908294,114.83,1.29,89.14728682170542
2021-06-10,115.5,116.43,114.94,115.0,914987,115.61,1.29,89.14728682170542
2021-06-11,115.44,118.72,115.44,116.85,957044,117.2,1.29,90.5813953488372
2021-06-14,117.19,118.39,116.97,118.1,1143742,117.93,1.29,91.55038759689921
2021-06-15,117.95,119.2,117.54,118.83,1180464,118.43,1.29,92.11627906976744
2021-06-16,118.58,118.87,116.27,117.47,953152,117.59,1.29,91.06201550387597
2021-06-17,117.51,118.46,114.25,115.92,1401668,115.8,1.29,89.86046511627907
2021-06-18,113.18,114.72,113.045,113.16,1807517,113.51,1.29,87.72093023255813
2021-06-21,114.31,116.85,114.308,116.09,1042231,116.0,1.29,89.9922480620155
2021-06-22,116.11,117.8186,115.4,117.45,1059650,117.04,1.29,91.04651162790698
2021-06-23,117.22,118.98,116.785,118.27,1319734,118.0,1.29,91.68217054263566
2021-06-24,119.25,120.73,119.08,119.43,1849215,119.79,1.29,92.5813953488372
2021-06-25,125.68,128.28,122.3,127.4,4504989,126.58,1.29,98.75968992248062
2021-06-28,127.56,129.34,124.83,129.01,2000502,127.91,2.68,48.13805970149253
2021-06-29,129.51,131.55,128.9,130.65,1959999,130.52,2.68,48.75
2021-06-30,130.07,131.31,129.03,129.15,1421533,129.92,2.68,48.190298507462686
2021-07-01,129.5,131.15,128.54,130.58,1061955,130.35,2.68,48.723880597014926
2021-07-02,130.76,134.37,130.36,133.82,1073305,133.22,2.68,49.93283582089552
2021-07-06,133.48,133.5,131.84,132.74,1216288,132.7,2.68,49.52985074626866
2021-07-07,132.03,137.53,132.03,136.88,1397978,136.03,2.68,51.07462686567164
2021-07-08,132.35,135.5,130.24,133.27,1311903,133.29,2.68,49.72761194029851
2021-07-09,135.45,135.66,133.375,134.84,752468,134.43,2.68,50.31343283582089
2021-07-12,134.47,136.45,134.0,135.42,693183,135.42,2.68,50.52985074626865
2021-07-13,134.32,135.06,131.52,131.74,1416554,132.31,2.68,49.156716417910445
2021-07-14,132.26,134.47,131.91,134.19,787699,133.71,2.68,50.07089552238806
2021-07-15,132.8,134.43,129.86,131.26,990079,131.66,2.68,48.9776119402985
2021-07-16,132.06,132.945,130.81,130.95,593865,131.68,2.68,48.861940298507456
2021-07-19,128.86,129.08,126.41,128.55,856284,128.17,2.68,47.96641791044776
2021-07-20,129.12,134.8,129.1193,134.38,866705,133.72,2.68,50.14179104477611
2021-07-21,134.85,138.0,134.72,135.93,996074,135.96,2.68,50.72014925373134
2021-07-22,135.89,135.89,133.719,134.41,624030,134.52,2.68,50.15298507462686
2021-07-23,135.29,135.6776,133.7958,134.84,1068278,134.71,2.68,50.31343283582089
2021-07-26,134.34,135.28,133.45,135.09,642598,134.6,2.68,50.406716417910445
2021-07-27,133.88,135.59,133.39,134.97,758075,134.71,2.68,50.361940298507456
2021-07-28,135.4,136.6107,133.01,133.3,526001,133.85,2.68,49.73880597014926
2021-07-29,134.02,135.61,133.08,134.97,724966,134.86,2.68,50.361940298507456
2021-07-30,133.73,136.45,133.27,133.95,616797,134.21,2.68,49.981343283582085
2021-08-02,135.7,137.1584,134.901,136.5,1028258,136.17,2.68,50.93283582089552
2021-08-03,136.51,139.95,136.2601,139.7,1439058,138.9,2.68,52.12686567164178
2021-08-04,138.91,139.9,135.9135,136.62,1043656,137.36,2.68,50.97761194029851
2021-08-05,137.47,138.42,135.82,136.0,542839,136.5,2.68,50.74626865671642
2021-08-06,137.37,137.83,133.9,134.02,739189,134.85,2.68,50.007462686567166
2021-08-09,133.44,133.89,130.52,132.85,877143,132.75,2.68,49.57089552238806
2021-08-10,132.57,136.0094,132.38,135.31,522834,135.13,2.68,50.48880597014925
2021-08-11,132.98,133.79,130.88,131.9,1346160,131.94,2.68,49.21641791044776
2021-08-12,132.2,132.89,128.74,129.34,880539,129.65,2.68,48.26119402985074
2021-08-13,128.86,129.75,127.7725,128.09,714930,128.33,2.68,47.79477611940298
2021-08-16,127.15,129.26,124.67,129.07,1140776,127.89,2.68,48.16044776119402
2021-08-17,128.0,128.37,125.88,127.47,1162414,127.08,2.68,47.56343283582089
2021-08-18,126.98,127.965,124.53,124.62,810477,125.7,2.68,46.5
2021-08-19,123.35,124.64,122.51,124.24,600924,124.02,2.68,46.35820895522387
2021-08-20,124.0,124.9,123.12,124.76,514671,124.47,2.68,46.55223880597015
2021-08-23,125.78,125.84,124.09,124.92,607964,124.95,2.68,46.61194029850746
2021-08-24,125.05,126.48,125.05,125.54,508353,125.69,2.68,46.843283582089555
2021-08-25,125.86,128.08,125.4,127.48,592038,127.42,2.68,47.56716417910447
2021-08-26,127.26,127.82,125.75,126.26,559106,126.56,2.68,47.11194029850746
2021-08-27,126.63,127.345,125.535,126.59,428016,126.63,2.68,47.23507462686567
2021-08-30,127.0,128.2,125.5,126.49,516855,126.96,2.68,47.197761194029844
2021-08-31,126.84,126.84,124.27,125.21,1088390,125.22,2.68,46.720149253731336
2021-09-01,126.02,127.55,125.845,127.34,835258,126.89,2.68,47.514925373134325
2021-09-02,127.25,127.75,125.86,126.44,690863,126.62,2.68,47.179104477611936
2021-09-03,125.74,127.63,125.29,127.15,607376,126.76,2.68,47.44402985074627
2021-09-07,126.77,128.583,126.32,126.92,933450,127.33,2.68,47.35820895522388
2021-09-08,127.26,131.42,126.5,131.39,1138876,130.03,2.68,49.02611940298507
2021-09-09,131.5,134.66,131.19,133.23,1100517,133.68,2.68,49.71268656716417
2021-09-10,133.97,135.64,132.7028,134.53,938318,134.5,2.68,50.19776119402985
2021-09-13,135.64,135.64,131.985,134.39,656403,133.54,2.68,50.145522388059696
2021-09-14,135.0,135.81,133.76,135.0,750570,135.05,2.68,50.373134328358205
2021-09-15,135.0,137.11,132.85,136.81,728187,135.72,2.68,51.048507462686565
2021-09-16,136.76,140.24,136.34,139.69,1215443,139.24,2.68,52.123134328358205
2021-09-17,139.03,142.079,138.9,140.29,1599664,140.62,2.68,52.34701492537313
2021-09-20,138.1,139.87,136.54,138.21,1091098,138.06,2.68,51.57089552238806
2021-09-21,139.1,140.84,136.675,136.98,918672,137.59,2.68,51.111940298507456
2021-09-22,138.33,141.66,137.51,140.51,1117867,140.06,2.68,52.429104477611936
2021-09-23,142.0,144.84,141.62,142.16,1134675,142.91,2.68,53.04477611940298
2021-09-24,142.18,144.51,141.765,144.42,851293,143.53,2.68,53.88805970149253
2021-09-27,145.52,146.98,144.86,145.24,1047157,145.64,2.68,54.19402985074627
2021-09-28,144.26,146.56,142.51,143.03,1080117,143.82,2.68,53.36940298507462
2021-09-29,143.82,147.73,143.82,146.45,1565998,146.19,2.68,54.645522388059696
2021-09-30,133.21,135.9833,127.95,127.96,5839723,130.9,2.68,47.74626865671641
2021-10-01,129.0,129.1,122.97,127.18,2837917,126.07,1.75,72.67428571428572
2021-10-04,125.76,126.86,122.393,122.54,1923935,123.8,1.75,70.02285714285715
2021-10-05,122.43,127.68,121.65,126.23,1769457,126.22,1.75,72.13142857142857
2021-10-06,125.19,129.34,125.0,129.27,1432682,128.44,1.75,73.86857142857143
2021-10-07,130.26,132.8,129.34,131.35,917042,131.21,1.75,75.05714285714285
2021-10-08,131.38,132.4,129.78,130.54,826409,131.0,1.75,74.5942857142857
2021-10-11,130.08,130.74,129.135,129.28,682787,129.72,1.75,73.87428571428572
2021-10-12,129.67,132.67,129.62,131.56,783498,131.49,1.75,75.17714285714285
2021-10-13,132.18,133.69,131.255,133.35,721697,132.78,1.75,76.2
2021-10-14,134.58,136.585,134.11,135.64,603040,135.6,1.75,77.50857142857141
2021-10-15,137.0,137.825,135.83,136.79,535414,136.97,1.75,78.16571428571429
2021-10-18,135.91,138.07,135.91,137.52,509180,137.3,1.75,78.58285714285715
2021-10-19,138.63,138.9,135.93,138.5,727695,137.65,1.75,79.14285714285714
2021-10-20,139.08,141.01,138.1,138.56,727092,138.99,1.75,79.17714285714285
2021-10-21,139.08,142.56,138.5,141.9,664766,141.41,1.75,81.08571428571429
2021-10-22,142.32,144.41,141.78,143.43,619943,143.25,1.75,81.96000000000001
2021-10-25,143.44,144.11,139.9178,139.97,921410,141.17,1.75,79.98285714285714
2021-10-26,140.39,140.39,135.64,137.44,1188696,137.45,1.75,78.53714285714285
2021-10-27,137.59,138.58,136.645,137.15,659890,137.58,1.75,78.37142857142858
2021-10-28,137.43,137.73,134.63,136.12,983761,135.96,1.75,77.78285714285714
2021-10-29,135.39,137.77,135.0,136.92,1079749,136.87,1.75,78.24
2021-11-01,138.06,139.35,136.58,138.95,1463940,138.04,1.75,79.39999999999999
2021-11-02,139.02,145.05,137.785,144.39,1911738,143.07,1.75,82.50857142857141
2021-11-03,144.91,147.57,144.53,147.51,1253840,146.6,1.75,84.29142857142857
2021-11-04,147.64,151.76,147.32,151.01,1213473,150.33,1.75,86.29142857142857
2021-11-05,152.77,154.74,152.76,154.69,1318442,153.94,1.75,88.39428571428572
2021-11-08,154.85,155.98,153.21,153.95,1547440,154.28,1.75,87.97142857142856
2021-11-09,153.27,155.2099,153.05,154.85,1000575,154.55,1.75,88.48571428571428
2021-11-10,153.39,154.945,151.46,151.95,883159,152.92,1.75,86.82857142857142
2021-11-11,151.59,152.07,150.12,150.15,737204,150.78,1.75,85.8
2021-11-12,150.15,150.61,148.28,148.81,645514,149.23,1.75,85.03428571428572
2021-11-15,150.19,150.9,148.48,149.62,526655,149.89,1.75,85.49714285714286
2021-11-16,148.87,150.0,146.33,148.01,1292348,148.08,1.75,84.57714285714285
2021-11-17,147.95,148.11,145.41,147.3,1042037,147.08,1.75,84.17142857142858
2021-11-18,148.5,148.5,145.13,146.04,891542,146.01,1.75,83.45142857142856
2021-11-19,146.23,147.71,144.53,146.99,905003,146.86,1.75,83.99428571428572
2021-11-22,147.99,149.96,147.02,147.09,706018,148.28,1.75,84.05142857142857
2021-11-23,147.0,147.92,143.485,146.32,724773,145.83,1.75,83.61142857142856
2021-11-24,144.49,147.72,143.12,147.36,496582,146.67,1.75,84.2057142857143
2021-11-26,144.12,146.99,143.47,145.75,543392,145.47,1.75,83.28571428571429
2021-11-29,147.59,148.84,145.66,146.48,718256,146.93,1.75,83.70285714285714
2021-11-30,145.62,146.93,141.04,141.25,1285012,141.98,1.75,80.71428571428571
2021-12-01,143.32,147.37,140.25,140.31,936993,143.34,1.75,80.17714285714285
2021-12-02,140.54,144.93,140.22,144.09,953904,143.81,1.75,82.33714285714287
2021-12-03,144.75,145.63,141.24,142.68,776891,142.7,1.75,81.53142857142858
2021-12-06,143.93,147.99,142.8,144.5,911629,145.63,1.75,82.57142857142857
2021-12-07,149.4,152.28,149.4,149.91,1342288,150.38,1.75,85.66285714285713
2021-12-08,149.66,151.18,148.03,148.84,649880,149.0,1.75,85.05142857142857
2021-12-09,148.34,149.45,146.45,146.6,669854,147.56,1.75,83.77142857142857
2021-12-10,147.54,149.77,146.46,149.48,618867,148.8,1.75,85.41714285714285
2021-12-13,149.83,150.315,142.96,143.25,864706,144.9,1.75,81.85714285714286
2021-12-14,141.09,144.91,140.22,141.31,814272,142.22,1.75,80.74857142857142
2021-12-15,141.29,142.645,139.475,141.99,932523,141.47,1.75,81.13714285714286
2021-12-16,144.68,145.17,136.78,137.4,1040308,139.2,1.75,78.51428571428572
2021-12-17,137.05,138.82,134.805,137.54,2080397,137.48,1.75,78.5942857142857
2021-12-20,135.07,135.3,130.44,131.75,1272396,131.76,1.75,75.28571428571429
2021-12-21,133.5,137.18,132.73,136.99,1694397,135.62,1.75,78.28
2021-12-22,139.7,139.8,127.52,127.87,4585245,131.05,1.75,73.06857142857143
2021-12-23,128.2,131.2,126.03,126.31,1909908,127.41,1.75,72.17714285714285
2021-12-27,126.99,127.88,124.865,127.49,1447976,126.8,1.75,72.85142857142857
2021-12-28,126.95,128.62,126.0,127.91,1246892,127.6,1.75,73.09142857142857
2021-12-29,128.29,128.67,127.28,127.54,952132,127.64,1.75,72.88000000000001
2021-12-30,127.74,128.88,127.37,128.19,1161158,128.09,1.75,73.25142857142858
2021-12-31,127.4,130.74,127.4,130.23,1298530,129.76,1.75,74.41714285714285
2022-01-03,130.01,130.57,126.92,127.01,1031462,127.91,1.75,72.57714285714286
2022-01-04,127.9,129.05,123.03,123.86,1568346,124.5,1.75,70.77714285714286
2022-01-05,123.87,124.47,119.31,119.35,1198914,121.27,1.75,68.2
2022-01-06,121.36,121.36,118.31,119.1,1159200,119.66,1.66,71.74698795180723
2022-01-07,118.99,123.18,118.43,121.08,2329426,120.95,1.66,72.93975903614458
2022-01-10,119.58,119.71,115.37,118.67,1405479,117.2,1.66,71.48795180722892
2022-01-11,118.3,119.42,114.57,119.15,1519231,117.95,1.66,71.77710843373495
2022-01-12,118.84,120.25,115.36,119.26,1613985,118.52,1.66,71.8433734939759
2022-01-13,120.19,120.58,117.19,117.47,1362728,118.32,1.66,70.76506024096386
2022-01-14,116.05,116.75,111.64,113.4,1290478,113.56,1.66,68.3132530120482
2022-01-18,111.79,112.0868,108.86,110.4,1854641,110.31,1.66,66.50602409638554
2022-01-19,110.97,112.68,107.58,107.63,1409047,109.56,1.66,64.83734939759036
2022-01-20,108.49,111.95,105.87,106.06,2158714,108.35,1.66,63.89156626506025
2022-01-21,105.0,109.57,102.47,108.1,2664460,107.42,1.66,65.12048192771084
2022-01-24,105.57,112.32,103.48,111.92,2378518,108.12,1.66,67.42168674698796
2022-01-25,109.48,111.64,106.775,109.94,2016462,109.53,1.66,66.2289156626506
2022-01-26,110.99,111.59,106.56,107.75,2433536,108.24,1.66,64.90963855421687
2022-01-27,110.4,110.52,104.54,105.54,2049754,106.52,1.66,63.578313253012055
2022-01-28,106.24,110.05,105.03,110.0,1595027,108.41,1.66,66.26506024096386
2022-01-31,109.4,111.61,108.42,111.17,1359727,110.59,1.66,66.96987951807229
2022-02-01,110.95,112.11,108.68,110.96,1102319,110.43,1.66,66.8433734939759
2022-02-02,110.94,111.1115,107.96,109.8,1521705,109.62,1.66,66.144578313253
2022-02-03,108.31,109.8,106.59,106.72,1514089,107.71,1.66,64.28915662650603
2022-02-04,106.11,107.77,103.43,106.25,1540710,105.63,1.66,64.00602409638554
2022-02-07,106.5,107.93,104.39,105.59,835242,105.9,1.66,63.608433734939766
2022-02-08,105.26,109.07,105.16,109.04,1476559,108.04,1.66,65.68674698795182
2022-02-09,110.8,114.425,110.8,112.69,2229228,113.17,1.66,67.8855421686747
2022-02-10,110.01,113.09,109.47,110.59,1200274,110.98,1.66,66.62048192771086
2022-02-11,110.44,111.425,107.6,108.48,1108414,109.33,1.66,65.34939759036145
2022-02-14,108.9,112.26,108.39,110.96,1058349,111.02,1.66,66.8433734939759
2022-02-15,112.46,113.54,110.7,113.32,1151969,112.6,1.66,68.26506024096385
2022-02-16,109.8,110.86,107.32,109.58,1553819,109.19,1.66,66.01204819277109
2022-02-17,109.73,110.13,106.54,107.48,1340654,107.9,1.66,64.74698795180723
2022-02-18,107.14,108.34,105.475,105.64,1533015,106.35,1.66,63.638554216867476
2022-02-22,104.73,105.47,99.9,101.17,1773761,101.62,1.66,60.945783132530124
2022-02-23,102.12,103.81,99.51,100.35,1620323,100.93,1.66,60.45180722891566
2022-02-24,97.59,105.415,96.39,105.15,1530630,102.76,1.66,63.34337349397591
2022-02-25,105.41,108.39,103.27,107.35,1252859,106.6,1.66,64.66867469879519
2022-02-28,107.1,109.54,106.64,109.33,1463446,108.58,1.66,65.86144578313254
2022-03-01,108.69,108.7,104.14,105.24,1659442,105.43,1.66,63.397590361445786
2022-03-02,105.34,107.27,104.0,105.8,1559868,106.03,1.66,63.734939759036145
2022-03-03,107.04,107.13,103.15,104.49,1048830,104.61,1.66,62.94578313253012
2022-03-04,103.48,104.725,101.81,103.07,1403286,103.06,1.66,62.09036144578313
2022-03-07,102.1,103.34,99.43,100.01,2641999,101.36,1.66,60.246987951807235
2022-03-08,100.01,104.85,98.66,99.95,1374172,101.07,1.66,60.21084337349398
2022-03-09,101.98,103.49,101.25,101.89,1336370,102.01,1.66,61.37951807228916
2022-03-10,99.95,101.49,98.53,100.75,1001245,99.94,1.66,60.69277108433735
2022-03-11,100.5,101.28,98.795,99.21,892499,99.62,1.66,59.765060240963855
2022-03-14,99.09,101.7,98.2,98.55,1248896,99.42,1.66,59.367469879518076
2022-03-15,98.96,102.29,98.61,100.92,1029002,100.6,1.66,60.79518072289157
2022-03-16,100.89,103.07,98.43,102.02,2006473,101.08,1.66,61.45783132530121
2022-03-17,100.74,103.96,99.7,103.92,1118223,102.2,1.66,62.60240963855422
2022-03-18,103.99,105.9,103.29,104.47,2572564,104.6,1.66,62.93373493975904
2022-03-21,104.47,105.68,101.38,102.59,1328689,102.63,1.66,61.80120481927711
2022-03-22,102.99,104.92,101.8,103.05,1655091,103.28,1.66,62.07831325301205
2022-03-23,102.13,102.71,98.54,98.92,1439306,99.77,1.66,59.59036144578314
2022-03-24,99.07,100.58,98.7,99.28,1436844,99.37,1.66,59.807228915662655
2022-03-25,99.87,99.87,95.89,97.27,1645397,97.26,1.66,58.596385542168676
2022-03-28,97.86,98.73,95.04,98.63,2218178,97.08,1.66,59.41566265060241
2022-03-29,101.25,104.61,100.63,103.82,2282893,103.01,1.66,62.54216867469879
2022-03-30,102.7,103.73,101.215,101.53,1304086,101.88,1.66,61.16265060240964
2022-03-31,101.16,101.22,96.48,96.48,1931149,97.64,1.66,58.12048192771085
2022-04-01,97.29,98.52,95.66,98.49,1527095,97.57,1.66,59.33132530120482
2022-04-04,98.56,102.57,98.23,101.37,1679408,101.5,1.66,61.06626506024097
2022-04-05,100.0,102.64,98.87,99.82,1489246,100.34,1.66,60.132530120481924
2022-04-06,96.07,98.4,95.22,97.76,2499019,96.83,1.66,58.89156626506025
2022-04-07,97.12,99.7,94.35,99.12,2007313,97.93,1.66,59.71084337349398
2022-04-08,98.64,103.23,97.86,102.22,2191750,101.62,1.66,61.57831325301205
2022-04-11,101.04,105.9,101.04,103.17,2923017,103.28,1.66,62.15060240963856
2022-04-12,99.63,101.5,93.23,93.33,8382652,96.63,1.66,56.22289156626506
2022-04-13,91.51,94.32,90.55,92.99,3595586,92.79,1.66,56.01807228915663
2022-04-14,93.7,94.61,91.52,91.79,2099946,92.51,0.98,93.66326530612245
2022-04-18,91.3,92.35,90.44,91.11,1601771,91.29,0.98,92.96938775510205
2022-04-19,91.43,96.77,91.29,96.29,1775475,95.39,0.98,98.25510204081634
2022-04-20,96.87,97.86,92.98,93.07,1746263,94.36,0.98,94.96938775510203
2022-04-21,93.5,93.86,90.02,90.67,2176300,91.18,0.98,92.52040816326532
2022-04-22,90.26,91.85,89.525,90.38,1811473,90.62,0.98,92.22448979591836
2022-04-25,89.61,90.65,87.49,90.45,2463591,89.32,0.98,92.29591836734694
2022-04-26,89.62,90.275,88.42,88.43,1476314,89.08,0.98,90.23469387755102
2022-04-27,88.05,90.82,87.15,88.87,1715760,88.92,0.98,90.68367346938776
2022-04-28,89.94,90.66,87.14,89.1,1414625,89.07,0.98,90.91836734693877
2022-04-29,88.78,89.85,85.645,85.78,1515571,86.87,0.98,87.53061224489797
2022-05-02,85.85,91.26,85.36,91.14,1953073,89.6,0.98,93.0
2022-05-03,90.87,95.67,90.3501,95.07,2642937,94.24,0.98,97.01020408163265
2022-05-04,94.41,100.345,93.94,100.18,2433527,97.56,0.98,102.22448979591837
2022-05-05,98.34,98.56,90.77,92.38,2123663,93.37,0.98,94.26530612244898
2022-05-06,92.17,96.18,90.49,94.7,2218293,94.32,0.98,96.63265306122449
2022-05-09,92.95,96.02,92.19,92.81,2102387,93.84,0.98,94.70408163265307
2022-05-10,94.21,96.33,89.28,92.22,2486130,92.71,0.98,94.10204081632654
2022-05-11,91.87,93.9,89.48,89.79,1695953,91.15,0.98,91.62244897959185
2022-05-12,89.16,93.83,88.75,91.26,2663597,91.15,0.98,93.12244897959184
2022-05-13,92.17,95.56,91.26,91.66,2184603,93.19,0.98,93.53061224489795
2022-05-16,91.91,93.9,90.04,92.66,2800558,92.37,0.98,94.55102040816327
2022-05-17,94.61,97.54,94.375,97.47,1711452,96.41,0.98,99.45918367346938
2022-05-18,95.08,95.24,88.17,89.8,2236296,90.76,0.98,91.63265306122449
2022-05-19,89.8,92.1999,88.03,90.8,2245586,90.12,0.98,92.65306122448979
2022-05-20,92.22,93.63,89.21,92.46,2106668,91.28,0.98,94.3469387755102
2022-05-23,93.18,93.29,89.505,90.89,1817079,90.97,0.98,92.74489795918367
2022-05-24,89.95,91.22,88.93,90.79,1504556,90.37,0.98,92.64285714285715
2022-05-25,89.75,96.34,89.47,95.94,1578678,94.96,0.98,97.89795918367346
2022-05-26,97.49,99.73,97.37,99.16,1475255,98.72,0.98,101.18367346938776
2022-05-27,99.32,100.31,97.79,100.29,1264085,99.22,0.98,102.33673469387756
2022-05-31,99.02,99.85,96.78,99.27,1716327,99.04,0.98,101.29591836734694
2022-06-01,100.01,100.82,97.65,98.46,1805254,98.75,0.98,100.46938775510203
2022-06-02,98.62,99.66,98.21,99.19,1159023,98.95,0.98,101.21428571428571
2022-06-03,97.62,98.31,94.86,96.35,1257990,96.14,0.98,98.31632653061224
2022-06-06,97.33,98.125,95.65,97.51,854748,97.48,0.98,99.5
2022-06-07,94.43,98.61,93.87,98.23,1336013,96.89,0.98,100.23469387755102
2022-06-08,98.57,103.01,98.57,102.24,1840374,101.7,0.98,104.3265306122449
2022-06-09,102.0,103.22,99.89,99.93,1102909,101.21,0.98,101.96938775510205
2022-06-10,97.61,99.345,95.32,96.03,1163851,96.27,0.98,97.98979591836735
2022-06-13,92.81,93.62,88.06,88.81,2047125,89.79,0.98,90.62244897959184
2022-06-14,89.08,91.78,89.08,89.79,1367658,90.04,0.98,91.62244897959185
2022-06-15,90.88,93.4,90.07,91.54,1115012,91.93,0.98,93.40816326530613
2022-06-16,89.03,89.55,84.37,85.76,2538791,85.64,0.98,87.51020408163266
2022-06-17,85.39,88.57,85.035,86.99,2731532,87.13,0.98,88.76530612244898
2022-06-21,88.82,89.6268,87.5,87.68,1626835,88.46,0.98,89.46938775510205
2022-06-22,86.84,90.1,86.7,89.75,1828193,88.98,0.98,91.58163265306122
2022-06-23,90.97,92.0,88.61,91.76,2470769,90.55,0.98,93.6326530612245
2022-06-24,91.79,99.22,90.25,98.36,4320374,97.16,0.98,100.36734693877551
2022-06-27,99.49,101.05,96.3125,98.62,2068842,98.48,1.57,62.81528662420382
2022-06-28,98.16,99.6398,94.35,94.4,1935002,95.62,1.57,60.12738853503185
2022-06-29,94.35,94.35,91.69,93.57,1418262,93.19,1.57,59.59872611464967
2022-06-30,92.43,92.43,87.59,90.48,1985251,90.13,1.57,57.63057324840764
2022-07-01,90.79,93.98,90.34,92.67,1593011,92.0,1.57,59.02547770700637
2022-07-05,90.4,95.91,90.225,95.82,1568214,93.92,1.57,61.03184713375796
2022-07-06,95.85,96.18,92.27,92.98,1248642,93.2,1.57,59.22292993630573
2022-07-07,93.03,95.43,92.75,94.87,1173571,94.54,1.57,60.42675159235669
2022-07-08,94.41,94.85,92.47,92.66,1041709,93.26,1.57,59.01910828025477
2022-07-11,91.85,93.03,88.71,88.84,1104620,89.9,1.57,56.5859872611465
2022-07-12,88.92,92.18,88.92,91.24,1487912,91.47,1.57,58.114649681528654
2022-07-13,89.84,91.365,88.72,90.6,992739,90.41,1.57,57.70700636942674
2022-07-14,88.72,89.365,86.6,89.11,1252867,88.53,1.57,56.75796178343949
2022-07-15,90.0,92.6,89.75,91.55,1070038,91.46,1.57,58.31210191082802
2022-07-18,92.6,94.84,92.15,92.82,976851,93.35,1.57,59.12101910828025
2022-07-19,94.26,96.27,93.3,96.16,1323913,95.27,1.57,61.2484076433121
2022-07-20,95.93,96.8,94.4,96.61,1267285,95.95,1.57,61.53503184713375
2022-07-21,96.3,96.7,93.89,96.01,1077161,95.46,1.57,61.152866242038215
2022-07-22,96.49,98.49,93.7,94.35,854750,94.9,1.57,60.09554140127388
2022-07-25,94.38,95.62,92.84,94.63,1195610,94.69,1.57,60.273885350318466
2022-07-26,93.22,93.5227,91.3,92.21,825399,92.45,1.57,58.73248407643312
2022-07-27,93.3,94.92,91.8,94.37,1093956,93.51,1.57,60.10828025477707
2022-07-28,94.26,98.26,93.59,97.98,1433443,96.89,1.57,62.40764331210191
2022-07-29,98.11,100.02,97.5,99.54,1209157,99.26,1.57,63.40127388535032
2022-08-01,98.77,102.59,98.77,101.96,1392353,101.6,1.57,64.94267515923566
2022-08-02,100.71,101.33,98.66,99.02,1274973,99.75,1.57,63.07006369426751
2022-08-03,100.53,100.9,98.48,99.8,1022784,99.94,1.57,63.566878980891715
2022-08-04,99.93,101.86,99.154,99.47,737244,99.95,1.57,63.35668789808917
2022-08-05,98.6,100.7,98.32,99.17,710800,99.36,1.57,63.1656050955414
2022-08-08,99.92,102.12,99.67,99.77,903851,100.46,1.57,63.54777070063694
2022-08-09,99.14,99.25,95.63,96.97,709818,96.72,1.57,61.76433121019108
2022-08-10,99.88,101.19,99.2407,100.02,968377,100.08,1.57,63.70700636942674
2022-08-11,101.34,103.26,101.26,101.7,936834,102.04,1.57,64.77707006369427
2022-08-12,102.11,102.3,100.58,101.59,658190,101.32,1.57,64.70700636942675
2022-08-15,101.22,102.2,100.475,101.42,788750,101.33,1.57,64.59872611464968
2022-08-16,101.07,106.24,101.07,104.22,1336314,104.43,1.57,66.38216560509554
2022-08-17,103.06,103.06,98.97,100.01,1472602,100.23,1.57,63.70063694267516
2022-08-18,99.99,99.99,97.93,98.74,809093,98.74,1.57,62.89171974522292
2022-08-19,97.56,98.15,95.56,96.27,1016489,96.32,1.57,61.31847133757961
2022-08-22,93.97,94.43,89.69,89.86,1387362,91.48,1.57,57.23566878980891
2022-08-23,90.11,91.275,89.07,90.34,1125633,90.19,1.57,57.54140127388535
2022-08-24,90.64,92.05,90.05,90.92,842619,91.16,1.57,57.910828025477706
2022-08-25,91.71,93.47,90.835,93.24,858773,92.51,1.57,59.38853503184713
2022-08-26,94.0,94.42,89.61,90.0,935058,90.75,1.57,57.324840764331206
2022-08-29,89.0,91.0,88.46,90.7,1021553,90.23,1.57,57.77070063694268
2022-08-30,91.89,92.1,89.385,90.33,1140743,90.31,1.57,57.53503184713375
2022-08-31,90.34,90.7262,88.34,88.44,1535445,88.98,1.57,56.331210191082796
2022-09-01,88.21,89.22,86.93,89.12,1113643,88.14,1.57,56.76433121019108
2022-09-02,90.34,90.56,87.05,87.56,1048933,88.07,1.57,55.77070063694268
2022-09-06,88.12,88.12,84.4,85.13,1698320,85.34,1.57,54.222929936305725
2022-09-07,84.96,88.69,84.8,88.52,1385423,87.48,1.57,56.38216560509554
2022-09-08,87.48,88.96,86.49,88.88,858069,88.09,1.57,56.61146496815286
2022-09-09,86.62,91.42,86.5,91.0,1961247,90.21,1.57,57.961783439490446
2022-09-12,92.43,93.34,90.6,91.08,1007557,91.49,1.57,58.01273885350318
2022-09-13,87.5,88.28,85.13,85.57,1240949,86.29,1.57,54.50318471337579
2022-09-14,85.93,86.51,83.3,85.4,1044434,85.07,1.57,54.39490445859873
2022-09-15,86.07,86.9,84.49,84.98,1090160,85.39,1.57,54.12738853503185
2022-09-16,84.25,85.535,83.075,84.73,1987593,84.64,1.57,53.968152866242036
2022-09-19,84.24,86.33,83.7,86.18,1089449,85.59,1.57,54.89171974522293
2022-09-20,84.76,85.08,80.5,82.19,1693134,82.51,1.57,52.35031847133757
2022-09-21,82.65,84.44,80.975,81.06,1272959,82.5,1.57,51.63057324840764
2022-09-22,80.56,81.56,79.57,79.77,1412590,80.06,1.57,50.808917197452224
2022-09-23,78.33,79.56,76.0,79.49,2517278,78.1,1.57,50.630573248407636
2022-09-26,79.49,81.38,79.08,79.97,1756039,80.1,1.57,50.93630573248407
2022-09-27,81.34,82.37,79.84,81.15,1532278,80.95,1.57,51.68789808917197
2022-09-28,82.35,86.85,82.12,86.42,3076853,85.15,1.57,55.044585987261144
2022-09-29,73.75,75.99,64.44,65.16,17197907,67.64,1.57,41.503184713375795
2022-09-30,65.0,67.66,63.605,66.02,5557297,66.23,0.79,83.56962025316454
2022-10-03,65.39,69.28,64.3,67.74,3580096,67.91,0.79,85.74683544303797
2022-10-04,69.16,70.17,67.19,68.45,2480681,68.42,0.79,86.64556962025317
2022-10-05,67.26,67.74,64.71,66.71,3143761,66.35,0.79,84.44303797468353
2022-10-06,66.89,67.83,64.48,65.39,2104469,65.54,0.79,82.77215189873418
2022-10-07,64.18,64.69,61.65,62.31,2247189,62.54,0.79,78.87341772151899
2022-10-10,62.4,65.04,61.87,63.6,2605056,63.76,0.79,80.50632911392405
2022-10-11,63.6,64.64,61.985,63.04,2310766,63.21,0.79,79.79746835443038
2022-10-12,63.18,63.29,61.73,62.11,1712549,62.29,0.79,78.62025316455696
2022-10-13,60.62,63.5953,59.2336,62.39,1978566,61.88,0.79,78.9746835443038
2022-10-14,63.0,63.75,60.11,60.2,1929272,61.15,0.79,76.20253164556962
2022-10-17,61.82,63.08,60.99,62.03,2476133,62.07,0.79,78.51898734177215
2022-10-18,63.7,64.97,59.8,60.69,5694256,60.95,0.79,76.82278481012658
2022-10-19,59.71,60.03,56.52,57.5,5548209,57.5,0.79,72.78481012658227
2022-10-20,57.92,58.85,56.43,56.47,2711935,57.25,0.79,71.48101265822784
2022-10-21,56.62,56.84,55.02,55.69,3294822,55.74,0.79,70.49367088607595
2022-10-24,55.28,58.47,54.85,58.23,4035202,56.91,0.79,73.70886075949366
2022-10-25,58.45,62.14,58.45,61.85,2076966,61.26,0.79,78.29113924050633
2022-10-26,61.9,62.92,61.01,61.55,1515659,61.87,0.79,77.91139240506328
2022-10-27,61.91,64.13,61.63,62.06,2377400,62.75,0.79,78.55696202531645
2022-10-28,61.81,63.82,61.35,63.79,1484180,63.21,0.79,80.74683544303797
2022-10-31,63.42,63.89,62.47,63.01,1312582,63.17,0.79,79.75949367088607
2022-11-01,64.84,64.845,62.07,64.35,2098874,63.96,0.79,81.45569620253164
2022-11-02,64.03,65.92,62.32,62.36,2331913,63.82,0.79,78.9367088607595
2022-11-03,61.54,64.4,60.7627,63.4,2151858,63.27,0.79,80.25316455696202
2022-11-04,64.51,64.8116,61.12,62.79,2781838,62.52,0.79,79.48101265822784
2022-11-07,63.3,65.08,61.32,64.63,3007844,63.54,0.79,81.81012658227847
2022-11-08,65.36,65.5,63.4053,64.77,1896480,64.51,0.79,81.9873417721519
2022-11-09,64.23,65.005,62.6601,64.66,3075214,64.09,0.79,81.84810126582278
2022-11-10,67.5,71.73,67.04,70.65,2868007,70.3,0.79,89.43037974683544
2022-11-11,70.59,75.93,70.3563,74.58,2294730,74.1,0.79,94.40506329113923
2022-11-14,74.28,75.05,71.81,73.97,2608774,74.04,0.79,93.63291139240506
2022-11-15,76.19,76.64,72.0,72.66,1977686,73.53,0.79,91.97468354430379
2022-11-16,70.3,70.31,67.64,68.35,2775819,68.92,0.79,86.51898734177215
2022-11-17,67.23,67.25,64.63,67.23,2056408,66.37,0.79,85.10126582278481
2022-11-18,67.82,67.95,65.4,66.56,1758894,66.22,0.79,84.25316455696202
2022-11-21,66.62,67.15,65.5,66.21,1189647,66.17,0.79,83.81012658227847
2022-11-22,66.49,67.34,65.81,67.14,1430671,66.69,0.79,84.9873417721519
2022-11-23,67.18,67.18,65.94,66.59,735113,66.55,0.79,84.29113924050633
2022-11-25,66.14,67.8799,66.14,66.76,567973,67.18,0.79,84.50632911392405
2022-11-28,66.0,66.66,65.33,65.56,1633917,65.78,0.79,82.9873417721519
2022-11-29,65.94,68.79,65.94,67.12,1724653,67.6,0.79,84.9620253164557
2022-11-30,66.65,69.39,65.49,69.36,1840600,68.08,0.79,87.79746835443038
2022-12-01,69.82,70.7148,68.43,69.1,1262756,69.4,0.79,87.46835443037973
2022-12-02,68.09,69.764,67.145,69.59,1307467,69.0,0.79,88.0886075949367
2022-12-05,68.83,69.72,66.87,67.39,1425126,67.65,0.79,85.30379746835443
2022-12-06,67.33,67.41,64.11,65.59,1782922,65.32,0.79,83.0253164556962
2022-12-07,65.16,66.32,63.99,65.1,1572945,65.03,0.79,82.40506329113923
2022-12-08,65.34,65.85,63.96,65.48,1268685,65.25,0.79,82.8860759493671
2022-12-09,64.75,66.86,64.45,65.7,1200348,65.88,0.79,83.16455696202532
2022-12-12,65.67,66.135,65.0,65.86,1649239,65.65,0.79,83.36708860759494
2022-12-13,68.26,69.32,65.67,67.18,2178173,66.92,0.79,85.0379746835443
2022-12-14,66.67,68.08,65.26,67.71,2733114,67.25,0.79,85.70886075949366
2022-12-15,66.72,66.84,64.43,65.39,2611647,65.42,0.79,82.77215189873418
2022-12-16,64.3,64.84,60.65,61.44,7556474,61.87,0.79,77.77215189873417
2022-12-19,61.0,61.9,57.63,58.09,4305678,59.26,0.79,73.53164556962025
2022-12-20,57.32,58.58,56.27,57.76,4290931,57.59,0.79,73.1139240506329
2022-12-21,58.54,60.02,57.5801,59.37,4610724,59.26,0.79,75.15189873417721
2022-12-22,52.1,57.28,52.1,57.2,16316988,55.2,0.79,72.40506329113924
2022-12-23,56.57,60.6294,56.2601,60.16,6668059,59.26,0.79,76.15189873417721
2022-12-27,59.81,61.105,58.22,60.42,4434542,59.94,0.79,76.48101265822784
2022-12-28,60.43,61.03,58.77,59.24,3137343,59.51,0.79,74.9873417721519
2022-12-29,59.885,61.9169,59.52,61.26,2410825,61.16,0.79,77.54430379746834
2022-12-30,60.4,61.17,59.61,60.89,2141010,60.6,0.79,77.07594936708861
2023-01-03,61.7,63.25,59.66,60.64,2448480,60.78,0.79,76.75949367088607
2023-01-04,62.0,65.14,61.705,65.12,3238181,64.26,0.79,82.43037974683544
2023-01-05,63.8,64.1,62.81,63.34,2967512,63.4,0.79,80.17721518987342
2023-01-06,63.67,65.82,62.59,65.78,2428274,64.9,0.24,274.08333333333337
2023-01-09,66.22,68.0709,66.01,67.07,2666555,67.07,0.24,279.4583333333333
2023-01-10,67.175,67.95,66.22,67.39,1974570,67.19,0.24,280.7916666666667
2023-01-11,66.0,68.67,66.0,67.43,3430515,67.53,0.24,280.95833333333337
2023-01-12,68.06,68.27,65.53,66.88,2957430,66.71,0.24,278.6666666666667
2023-01-13,65.37,66.67,64.86,65.0,2912938,65.33,0.24,270.83333333333337
2023-01-17,64.21,70.95,63.34,67.44,7422420,67.58,0.24,281.0
2023-01-18,67.46,68.78,63.35,63.41,2497447,65.24,0.24,264.2083333333333
2023-01-19,62.33,63.015,60.9053,62.19,2559222,62.08,0.24,259.125
2023-01-20,62.62,66.1,62.02,66.08,2469186,64.8,0.24,275.3333333333333
2023-01-23,66.52,67.95,65.94,67.33,2038352,67.02,0.24,280.5416666666667
2023-01-24,66.87,68.04,66.49,66.72,1174619,67.12,0.24,278.0
2023-01-25,65.63,66.535,64.84,66.31,2605829,65.99,0.24,276.2916666666667
2023-01-26,67.26,67.5562,65.03,66.26,1665632,65.99,0.24,276.08333333333337
2023-01-27,66.22,69.616,66.1,69.1,2275223,68.32,0.24,287.91666666666663
2023-01-30,68.69,71.59,67.88,69.04,3186123,70.15,0.24,287.6666666666667
2023-01-31,69.23,70.46,68.4,70.45,1960818,69.77,0.24,293.5416666666667
2023-02-01,70.19,76.35,70.19,75.84,3678294,73.61,0.24,316.0
2023-02-02,77.07,80.92,77.07,79.32,4546098,79.39,0.24,330.5
2023-02-03,77.7,79.9898,77.465,78.19,1913165,78.54,0.24,325.7916666666667
2023-02-06,77.34,78.03,76.23,77.86,1164258,77.43,0.24,324.4166666666667
2023-02-07,77.0,77.11,75.05,76.16,1904640,76.0,0.24,317.3333333333333
2023-02-08,75.73,77.4459,75.37,76.22,1323009,76.2,0.24,317.5833333333333
2023-02-09,77.17,77.515,73.72,74.48,1730354,75.07,0.24,310.33333333333337
2023-02-10,73.89,74.84,73.26,73.57,1510742,73.88,0.24,306.54166666666663
2023-02-13,73.42,75.25,73.0,75.1,1215728,74.72,0.24,312.91666666666663
2023-02-14,74.53,76.42,73.67,75.91,1306680,75.36,0.24,316.2916666666667
2023-02-15,74.44,75.69,72.59,75.55,1458946,74.76,0.24,314.7916666666667
2023-02-16,73.7,75.32,73.075,74.32,932301,74.39,0.24,309.66666666666663
2023-02-17,74.31,75.1,71.94,72.95,1791297,72.9,0.24,303.95833333333337
2023-02-21,72.0,72.04,67.6,68.59,2140356,68.76,0.24,285.7916666666667
2023-02-22,69.03,70.14,68.1,69.49,1603476,69.11,0.24,289.54166666666663
2023-02-23,70.0,70.1,67.56,69.11,1337879,68.66,0.24,287.9583333333333
2023-02-24,67.5,68.48,66.91,67.86,1466096,67.67,0.24,282.75
2023-02-27,69.01,69.24,66.93,67.13,1292084,67.63,0.24,279.7083333333333
2023-02-28,67.4,70.0,67.4,69.04,2109854,69.04,0.24,287.6666666666667
2023-03-01,68.36,69.35,67.81,68.76,1457648,68.54,0.24,286.50000000000006
2023-03-02,67.93,68.3903,67.085,67.86,1636391,67.88,0.24,282.75
2023-03-03,68.43,70.425,68.175,70.35,1293192,69.94,0.24,293.125
2023-03-06,70.79,70.99,68.48,68.77,1118727,69.52,0.24,286.5416666666667
2023-03-07,68.75,70.15,68.47,68.8,1306263,69.04,0.24,286.6666666666667
2023-03-08,68.99,71.09,68.74,70.48,1396461,70.19,0.24,293.6666666666667
2023-03-09,70.22,71.13,66.27,66.37,1970865,67.86,0.24,276.5416666666667
2023-03-10,65.02,65.66,62.76,63.73,3444821,64.19,0.24,265.5416666666667
2023-03-13,61.7,62.75,59.32,61.21,4770729,61.36,0.24,255.04166666666669
2023-03-14,63.01,63.14,59.56,60.33,2732882,60.75,0.24,251.375
2023-03-15,58.94,59.46,57.67,59.13,3883969,58.6,0.24,246.37500000000003
2023-03-16,58.11,59.13,57.1,58.48,4380842,58.31,0.24,243.66666666666666
2023-03-17,58.18,58.33,55.945,56.26,4569987,56.82,0.24,234.41666666666666
2023-03-20,56.5,58.29,56.26,56.76,2988313,57.04,0.24,236.5
2023-03-21,58.01,60.6,58.01,59.12,2962936,59.22,0.24,246.33333333333334
2023-03-22,59.97,60.41,57.42,57.46,1664600,58.75,0.24,239.41666666666669
2023-03-23,57.88,58.31,55.765,56.73,1888236,56.89,0.24,236.375
2023-03-24,56.19,58.01,55.88,57.78,3122581,57.3,0.24,240.75
2023-03-27,58.62,58.98,57.5,58.27,2544262,58.21,0.24,242.79166666666669
2023-03-28,58.16,59.4,57.905,58.27,1328862,58.56,0.24,242.79166666666669
2023-03-29,58.93,59.72,58.22,59.53,1318422,59.06,0.24,248.04166666666669
2023-03-30,60.8,61.91,60.58,61.1,1911654,61.19,0.24,254.58333333333334
2023-03-31,61.325,64.43,61.135,64.28,2080502,63.57,0.24,267.83333333333337
2023-04-03,64.58,65.24,63.95,64.58,1797666,64.47,0.24,269.0833333333333
2023-04-04,64.92,65.0,62.84,63.5,2024169,63.6,0.24,264.58333333333337
2023-04-05,62.97,63.37,61.15,62.44,1871833,62.01,0.24,260.1666666666667
2023-04-06,62.51,64.615,61.965,64.33,1671095,63.88,0.24,268.0416666666667
2023-04-10,63.8,66.11,63.56,65.86,3867746,65.49,0.24,274.4166666666667
2023-04-11,69.645,73.57,69.12,72.21,12741147,71.9,0.24,300.875
2023-04-12,73.0,73.055,67.26,68.58,5388471,68.92,0.24,285.75
2023-04-13,69.67,70.28,67.13,69.01,3072130,68.72,0.44,156.8409090909091
2023-04-14,69.6,71.5,68.49,69.46,2795769,69.64,0.44,157.86363636363635
2023-04-17,69.24,69.8,68.455,69.6,1613816,69.3,0.44,158.18181818181816
2023-04-18,69.37,69.94,68.67,69.07,1505972,69.13,0.44,156.97727272727272
2023-04-19,67.96,68.33,67.21,68.12,1836774,67.8,0.44,154.81818181818184
2023-04-20,67.15,68.01,66.25,67.45,1913736,67.42,0.44,153.29545454545456
2023-04-21,67.72,69.26,66.6475,69.16,1514347,68.4,0.44,157.1818181818182
2023-04-24,68.75,69.415,68.49,68.88,1136542,68.87,0.44,156.54545454545453
2023-04-25,68.43,68.8,67.35,67.36,1397178,67.71,0.44,153.0909090909091
2023-04-26,68.14,69.48,67.72,67.92,1912702,68.52,0.44,154.36363636363637
2023-04-27,68.06,70.43,67.84,70.4,1457714,69.66,0.44,160.0
2023-04-28,70.24,70.725,69.615,70.03,1308768,70.04,0.44,159.1590909090909
2023-05-01,70.09,70.94,69.66,70.48,1436328,70.46,0.44,160.1818181818182
2023-05-02,70.235,71.92,69.48,71.33,2274520,70.85,0.44,162.11363636363635
2023-05-03,71.31,72.88,70.61,70.67,1727837,71.84,0.44,160.61363636363637
2023-05-04,70.27,70.58,67.14,68.07,1960602,68.06,0.44,154.70454545454544
2023-05-05,69.25,71.305,68.99,70.61,1422180,70.54,0.44,160.47727272727272
2023-05-08,71.16,73.02,70.46,72.75,1709670,72.2,0.44,165.3409090909091
2023-05-09,71.8,72.97,71.37,72.53,1497864,72.26,0.44,164.8409090909091
2023-05-10,73.64,74.15,72.14,73.41,1666779,73.45,0.44,166.8409090909091
2023-05-11,73.25,73.5491,71.115,72.27,995805,72.15,0.44,164.25
2023-05-12,73.0,73.25,70.25,71.16,919246,71.03,0.44,161.72727272727272
2023-05-15,71.07,71.94,70.26,71.7,1324805,71.34,0.44,162.95454545454547
2023-05-16,71.59,71.59,68.97,69.06,1276852,69.57,0.44,156.95454545454547
2023-05-17,69.55,72.44,69.3,71.95,1383474,71.56,0.44,163.52272727272728
2023-05-18,71.41,73.26,71.061,73.13,944192,72.59,0.44,166.20454545454544
2023-05-19,73.06,73.06,70.75,71.75,1183459,71.58,0.44,163.0681818181818
2023-05-22,71.92,72.43,71.245,72.21,949736,72.13,0.44,164.11363636363635
2023-05-23,71.81,73.835,71.545,71.98,1664005,72.28,0.44,163.5909090909091
2023-05-24,71.35,71.74,69.1,70.15,1344658,69.99,0.44,159.4318181818182
2023-05-25,70.13,71.63,70.0,71.02,937878,70.96,0.44,161.4090909090909
2023-05-26,71.24,72.859,70.8,72.48,935068,72.09,0.44,164.72727272727275
2023-05-30,73.16,74.41,72.64,73.96,988022,73.62,0.44,168.09090909090907
2023-05-31,72.2,73.02,70.64,72.21,1721832,71.94,0.44,164.11363636363635
2023-06-01,72.49,72.57,71.14,71.81,1374511,71.96,0.44,163.20454545454547
2023-06-02,72.82,74.85,72.46,74.66,2017175,74.22,0.44,169.6818181818182
2023-06-05,74.66,75.72,73.5,75.26,1312827,75.02,0.44,171.04545454545456
2023-06-06,74.93,79.4,74.93,79.08,2781653,78.41,0.44,179.72727272727272
2023-06-07,80.0,81.13,78.72,79.13,2772353,79.81,0.44,179.8409090909091
2023-06-08,80.05,80.48,78.58,79.89,1379062,79.67,0.44,181.5681818181818
2023-06-09,80.37,80.71,78.31,78.81,1172201,79.33,0.44,179.11363636363637
2023-06-12,78.41,80.05,77.67,79.53,1327716,79.36,0.44,180.75
2023-06-13,80.2,81.225,80.135,80.61,1281347,80.75,0.44,183.20454545454544
2023-06-14,80.8,81.75,79.1,79.7,1325165,80.23,0.44,181.13636363636365
2023-06-15,78.71,81.14,78.62,80.85,1078869,80.63,0.44,183.75
2023-06-16,81.16,81.355,79.25,79.63,2316830,79.81,0.44,180.97727272727272
2023-06-20,79.32,80.16,78.37,78.59,1623532,78.89,0.44,178.61363636363637
2023-06-21,78.39,79.06,77.27,78.3,1706271,78.15,0.44,177.95454545454544
2023-06-22,77.97,78.68,77.025,78.32,2525752,78.19,0.44,177.99999999999997
2023-06-23,84.21,87.06,83.5,86.21,14449061,85.69,0.44,195.93181818181816
2023-06-26,86.41,86.52,80.96,81.25,4005487,82.29,1.44,56.423611111111114
2023-06-27,81.72,82.74,80.6181,82.42,2283515,81.87,1.44,57.236111111111114
2023-06-28,82.42,85.09,82.11,84.37,4015402,84.14,1.44,58.590277777777786
2023-06-29,84.33,85.21,83.87,84.34,1731370,84.43,1.44,58.56944444444445
2023-06-30,85.3,85.67,83.34,83.7,1970410,83.97,1.44,58.12500000000001
2023-07-03,83.09,84.0,81.94,82.16,934121,82.61,1.44,57.05555555555556
2023-07-05,82.17,82.72,81.5,82.24,1416590,82.25,1.44,57.11111111111111
2023-07-06,81.325,81.66,80.37,81.03,1616624,81.06,1.44,56.270833333333336
2023-07-07,80.95,82.37,80.85,81.39,1570235,81.57,1.44,56.520833333333336
2023-07-10,81.09,83.26,81.0,82.65,1518274,82.59,1.44,57.39583333333334
2023-07-11,83.37,85.43,83.26,84.32,1551889,84.48,1.44,58.55555555555555
2023-07-12,85.09,85.4,83.69,84.2,1139913,84.41,1.44,58.47222222222223
2023-07-13,84.05,84.69,83.235,83.42,1182699,83.73,1.44,57.93055555555556
2023-07-14,84.23,84.95,83.01,83.4,898770,83.56,1.44,57.91666666666667
2023-07-17,83.22,84.5,82.74,83.69,1126515,83.81,1.44,58.11805555555556
2023-07-18,83.45,86.56,83.25,85.81,1452207,85.68,1.44,59.59027777777778
2023-07-19,87.5,87.5,85.01,85.14,1273065,85.76,1.44,59.125
2023-07-20,85.01,85.37,83.51,84.96,1129236,84.64,1.44,59.0
2023-07-21,85.5,85.5,81.5,83.28,1931050,83.01,1.44,57.833333333333336
2023-07-24,83.43,84.43,82.655,83.79,1236344,83.6,1.44,58.18750000000001
2023-07-25,83.37,83.83,81.28,81.8,1371529,82.24,1.44,56.80555555555556
2023-07-26,82.17,83.39,81.35,83.01,908940,82.84,1.44,57.645833333333336
2023-07-27,83.56,84.3,81.85,82.06,901470,82.69,1.44,56.986111111111114
2023-07-28,83.18,83.2,81.58,82.52,894741,82.37,1.44,57.30555555555556
2023-07-31,82.54,82.9,81.69,82.61,1232582,82.29,1.44,57.36805555555556
2023-08-01,81.84,84.2,81.84,84.08,995698,83.53,1.44,58.38888888888889
2023-08-02,83.36,83.4,82.4801,83.24,1287338,83.1,1.44,57.80555555555556
2023-08-03,82.98,83.61,81.91,82.59,648865,82.71,1.44,57.35416666666667
2023-08-04,82.86,84.4004,82.4,83.29,1097703,83.45,1.44,57.840277777777786
2023-08-07,83.43,84.8,82.59,84.75,764573,84.27,1.44,58.85416666666667
2023-08-08,83.39,86.1,83.01,85.83,885112,85.27,1.44,59.604166666666664
2023-08-09,85.83,86.56,84.61,84.88,1326584,85.47,1.44,58.94444444444444
2023-08-10,84.86,85.32,82.74,83.18,1663881,83.61,1.44,57.76388888888889
2023-08-11,82.85,85.505,81.99,85.19,1388300,84.45,1.44,59.15972222222222
2023-08-14,84.57,85.5,83.6374,85.44,692985,85.1,1.44,59.333333333333336
2023-08-15,85.12,85.44,84.65,85.19,955518,85.1,1.44,59.15972222222222
2023-08-16,85.0,85.7899,84.48,84.82,1214130,85.2,1.44,58.90277777777778
2023-08-17,85.42,85.775,81.64,81.65,1200576,82.69,1.44,56.70138888888889
2023-08-18,80.8,82.56,78.71,82.49,1647970,81.38,1.44,57.28472222222222
2023-08-21,82.39,82.67,79.35,80.9,1568864,80.56,1.44,56.180555555555564
2023-08-22,80.9,80.9,78.7,79.14,1469095,79.33,1.44,54.958333333333336
2023-08-23,78.76,79.47,78.01,79.22,1253272,78.99,1.44,55.01388888888889
2023-08-24,78.88,79.11,77.445,78.33,1642326,78.19,1.44,54.395833333333336
2023-08-25,78.62,79.48,77.51,78.42,1059629,78.32,1.44,54.458333333333336
2023-08-28,78.83,80.25,78.64,79.95,836619,79.72,1.44,55.520833333333336
2023-08-29,80.03,81.685,79.58,81.46,944376,81.24,1.44,56.56944444444444
2023-08-30,81.36,83.98,81.325,82.25,2054066,82.86,1.44,57.11805555555556
2023-08-31,82.32,82.57,81.33,81.68,968832,81.75,1.44,56.72222222222223
2023-09-01,82.72,83.68,82.38,83.58,1113600,83.34,1.44,58.041666666666664
2023-09-05,82.97,83.66,81.83,82.35,1179729,82.69,1.44,57.1875
2023-09-06,81.97,82.695,80.853,81.56,1186214,81.57,1.44,56.63888888888889
2023-09-07,81.37,81.9,80.69,81.59,1693637,81.54,1.44,56.65972222222223
2023-09-08,81.38,82.405,80.95,81.18,967136,81.49,1.44,56.37500000000001
2023-09-11,81.86,82.78,80.85,81.14,980335,81.47,1.44,56.34722222222222
2023-09-12,80.22,82.1761,80.09,81.56,691491,81.59,1.44,56.63888888888889
2023-09-13,81.57,81.75,80.36,80.54,668043,80.82,1.44,55.930555555555564
2023-09-14,81.06,83.91,80.97,83.85,1825451,83.25,1.44,58.229166666666664
2023-09-15,84.04,84.56,82.41,83.24,1984962,83.4,1.44,57.80555555555556
2023-09-18,83.01,83.5925,81.99,82.41,936859,82.6,1.44,57.229166666666664
2023-09-19,82.12,82.12,80.27,82.04,1509047,81.46,1.44,56.97222222222223
2023-09-20,82.05,83.24,81.32,81.42,928450,82.24,1.44,56.54166666666667
2023-09-21,80.72,81.12,78.87,78.9,1452461,79.56,1.44,54.79166666666667
2023-09-22,79.13,79.5,76.425,76.66,1903554,77.27,1.44,53.23611111111111
2023-09-25,79.32,79.32,77.51,77.77,2805179,78.12,1.44,54.00694444444444
2023-09-26,77.08,78.7,76.73,78.25,2295048,78.11,1.44,54.34027777777778
2023-09-27,78.52,80.13,77.99,79.69,3992363,79.23,1.44,55.34027777777778
2023-09-28,70.39,73.32,68.9,69.01,13881970,70.9,1.44,47.923611111111114
2023-09-29,69.62,72.44,68.7301,70.73,5053387,70.84,0.75,94.30666666666667
2023-10-02,70.55,71.5213,69.52,69.74,2793542,70.18,0.75,92.98666666666666
2023-10-03,69.22,69.89,68.7,68.99,3447878,69.16,0.75,91.98666666666666
2023-10-04,68.73,69.24,67.95,68.19,3023578,68.39,0.75,90.92
2023-10-05,67.9,68.04,64.96,66.1,3394697,66.05,0.75,88.13333333333333
2023-10-06,65.78,67.13,64.38,66.21,2434421,66.1,0.75,88.27999999999999
2023-10-09,65.25,67.71,65.0001,67.68,1490354,67.02,0.75,90.24000000000001
2023-10-10,67.42,70.39,67.42,70.04,2537057,69.83,0.75,93.38666666666667
2023-10-11,70.41,70.6,68.01,69.1,2129324,68.78,0.75,92.13333333333333
2023-10-12,68.78,68.98,67.1,68.35,1900913,68.12,0.75,91.13333333333333
2023-10-13,68.36,68.96,67.47,68.23,1532405,68.01,0.75,90.97333333333334
2023-10-16,68.49,68.955,67.25,68.27,2044826,68.23,0.75,91.02666666666666
2023-10-17,67.7,69.1,67.52,68.47,1663559,68.6,0.75,91.29333333333334
2023-10-18,67.63,67.715,64.83,64.86,3717194,65.41,0.75,86.48
2023-10-19,64.9,65.25,63.19,63.42,2454194,63.93,0.75,84.56
2023-10-20,63.73,64.06,62.79,62.84,1996742,63.18,0.75,83.78666666666668
2023-10-23,62.33,63.74,61.73,61.88,1995662,62.44,0.75,82.50666666666667
2023-10-24,62.12,63.03,61.84,62.0,1839328,62.14,0.75,82.66666666666667
2023-10-25,61.44,61.54,59.73,60.53,2072191,60.56,0.75,80.70666666666666
2023-10-26,60.35,61.0,59.86,60.39,1812480,60.44,0.75,80.52
2023-10-27,61.09,61.65,59.85,60.51,1676169,60.81,0.75,80.67999999999999
2023-10-30,61.0,61.47,59.66,60.67,1703518,60.33,0.75,80.89333333333333
2023-10-31,61.11,61.94,60.7,61.09,1443782,61.21,0.75,81.45333333333333
2023-11-01,61.05,61.53,59.77,61.49,1479501,60.87,0.75,81.98666666666666
2023-11-02,62.45,63.91,62.45,63.64,1776287,63.41,0.75,84.85333333333334
2023-11-03,64.76,67.51,64.62,66.97,2759348,66.87,0.75,89.29333333333334
2023-11-06,66.47,66.62,64.97,66.05,1741291,65.75,0.75,88.06666666666666
2023-11-07,65.87,65.87,63.44,64.33,2258650,64.21,0.75,85.77333333333333
2023-11-08,64.2,64.54,63.42,64.08,1049815,64.05,0.75,85.44
2023-11-09,64.5,64.515,62.32,62.51,1356979,63.15,0.75,83.34666666666666
2023-11-10,63.1,63.42,61.73,63.37,1608959,62.89,0.75,84.49333333333333
2023-11-13,62.45,63.98,62.45,63.59,1116527,63.52,0.75,84.78666666666668
2023-11-14,65.93,68.67,65.515,68.23,2381495,68.02,0.75,90.97333333333334
2023-11-15,68.35,69.0,67.43,67.93,1658154,68.23,0.75,90.57333333333334
2023-11-16,66.79,67.25,62.76,64.15,3338833,64.13,0.75,85.53333333333335
2023-11-17,65.17,65.59,63.29,63.97,2196080,64.07,0.75,85.29333333333334
2023-11-20,63.73,65.61,63.25,65.04,1639238,64.76,0.75,86.72000000000001
2023-11-21,64.18,64.53,63.45,64.22,1820696,64.21,0.75,85.62666666666667
2023-11-22,64.54,64.91,63.32,63.86,1583063,63.98,0.75,85.14666666666666
2023-11-24,64.0,64.33,63.345,64.16,490655,64.06,0.75,85.54666666666667
2023-11-27,63.77,64.44,63.325,63.9,1243777,63.88,0.75,85.2
2023-11-28,63.96,63.98,62.91,63.68,1412923,63.54,0.75,84.90666666666667
2023-11-29,63.68,65.06,62.98,63.16,2003942,63.38,0.75,84.21333333333332
2023-11-30,63.93,64.405,62.9043,63.94,2031858,63.85,0.75,85.25333333333333
2023-12-01,63.75,67.495,63.26,67.39,2389634,66.41,0.75,89.85333333333334
2023-12-04,67.26,68.73,67.0,68.28,1609149,67.8175,0.75,91.04
2023-12-05,66.19,66.8,64.72,65.31,2113109,65.755,0.75,87.08
2023-12-06,66.54,67.87,65.48,65.93,1532711,66.455,0.75,87.90666666666668
2023-12-07,66.23,67.06,65.85,66.88,1552394,66.505,0.75,89.17333333333333
2023-12-08,66.92,68.03,66.81,67.22,1641879,67.245,0.75,89.62666666666667
2023-12-11,67.24,68.0,66.46,67.02,1115638,67.18,0.75,89.36
2023-12-12,66.54,66.78,65.38,65.96,1311697,66.165,0.75,87.94666666666666
2023-12-13,65.97,71.45,65.93,71.05,2991888,68.6,0.75,94.73333333333333
2023-12-14,72.47,76.38,72.47,75.0,4292681,74.08,0.75,100.0
2023-12-15,75.16,76.66,74.28,74.74,3902191,75.21,0.75,99.65333333333332
2023-12-18,74.96,76.01,74.21,75.39,2705330,75.1425,0.75,100.52
2023-12-19,75.2,77.43,75.01,76.64,3400639,76.07,0.75,102.18666666666667
2023-12-20,75.94,77.17,74.61,74.68,3818531,75.6,0.75,99.57333333333334
2023-12-21,84.2,84.2,77.23,78.55,7567985,81.045,0.75,104.73333333333333
2023-12-22,77.94,78.93,76.09,76.52,2309353,77.37,0.75,102.02666666666666
2023-12-26,76.41,76.47,74.32,76.18,2240717,75.845,0.75,101.57333333333334
2023-12-27,76.38,78.29,75.98,78.0,2110152,77.1625,0.75,104.0
2023-12-28,77.42,78.02,76.77,77.84,1057211,77.5125,0.75,103.78666666666668
2023-12-29,76.73,77.52,76.47,76.74,1408770,76.865,0.75,102.32
2024-01-02,76.55,77.63,75.41,76.2,2176332,76.4475,0.75,101.60000000000001
2024-01-03,74.53,75.28,72.16,72.53,2473401,73.625,0.75,96.70666666666666
2024-01-04,72.14,72.86,71.5,71.83,1653363,72.0825,0.75,95.77333333333333
2024-01-05,71.42,74.09,71.18,73.0,1535977,72.4225,0.52,140.3846153846154
2024-01-08,72.82,73.89,72.18,73.01,1469614,72.975,0.52,140.40384615384616
2024-01-09,72.23,72.78,71.64,72.53,1462798,72.295,0.52,139.48076923076923
2024-01-10,72.58,72.88,71.21,72.58,1742736,72.3125,0.52,139.57692307692307
2024-01-11,72.49,72.49,70.61,71.88,4046265,71.8675,0.52,138.23076923076923
2024-01-12,72.23,72.76,69.16,69.59,2116487,70.935,0.52,133.82692307692307
2024-01-16,68.87,69.94,68.22,69.62,1762803,69.1625,0.52,133.8846153846154
2024-01-17,68.26,69.25,66.86,67.84,2488605,68.0525,0.52,130.46153846153845
2024-01-18,68.01,68.91,67.89,68.56,2159430,68.3425,0.52,131.84615384615384
2024-01-19,68.64,70.16,67.1,69.15,1876575,68.7625,0.52,132.98076923076923
2024-01-22,69.87,71.14,69.61,70.16,1379879,70.195,0.52,134.9230769230769
2024-01-23,70.99,71.67,68.68,69.22,1457509,70.14,0.52,133.1153846153846
2024-01-24,70.13,70.25,67.24,67.45,1647704,68.7675,0.52,129.71153846153845
2024-01-25,68.51,69.2,67.5,69.08,1649389,68.5725,0.52,132.84615384615384
2024-01-26,69.42,70.61,69.4,70.11,1859227,69.885,0.52,134.82692307692307
2024-01-29,69.92,73.07,69.57,72.95,2239395,71.3775,0.52,140.28846153846155
2024-01-30,72.35,73.75,72.27,72.75,1930721,72.78,0.52,139.90384615384616
2024-01-31,71.97,73.97,71.04,71.18,2047521,72.04,0.52,136.8846153846154
2024-02-01,71.61,72.84,70.39,72.84,1961004,71.92,0.52,140.07692307692307
2024-02-02,71.43,73.99,70.15,72.79,1833947,72.09,0.52,139.98076923076923
2024-02-05,71.32,71.83,69.93,70.99,1661671,71.0175,0.52,136.51923076923075
2024-02-06,70.97,72.3,70.58,71.83,2046197,71.42,0.52,138.1346153846154
2024-02-07,72.47,73.19,71.78,72.3,1979900,72.435,0.52,139.03846153846152
2024-02-08,72.01,73.39,71.9,73.3,1490977,72.65,0.52,140.96153846153845
2024-02-09,73.56,74.86,72.9,74.79,1821271,74.0275,0.52,143.8269230769231
2024-02-12,75.14,77.47,75.08,76.95,1659005,76.16,0.52,147.98076923076923
2024-02-13,73.52,74.26,71.87,72.54,2504835,73.0475,0.52,139.5
2024-02-14,72.96,73.4,71.66,72.76,1418310,72.695,0.52,139.92307692307693
2024-02-15,73.27,74.64,73.14,74.33,1113073,73.845,0.52,142.94230769230768
2024-02-16,72.41,73.13,71.33,71.88,1255179,72.1875,0.52,138.23076923076923
2024-02-20,70.63,71.56,70.12,70.66,1131499,70.7425,0.52,135.8846153846154
2024-02-21,70.16,71.19,69.61,70.62,886838,70.395,0.52,135.80769230769232
2024-02-22,73.64,73.65,71.09,72.89,1967148,72.8175,0.52,140.1730769230769
2024-02-23,73.21,74.78,73.19,73.33,1464510,73.6275,0.52,141.01923076923077
2024-02-26,73.01,75.11,73.01,73.96,1227487,73.7725,0.52,142.23076923076923
2024-02-27,74.64,77.0,74.16,76.66,1435678,75.615,0.52,147.4230769230769
2024-02-28,76.07,76.81,75.48,76.71,1171649,76.2675,0.52,147.51923076923075
2024-02-29,77.56,79.15,77.21,79.0,2193428,78.23,0.52,151.9230769230769
2024-03-01,78.66,79.57,76.92,79.3,1300639,78.6125,0.52,152.5
2024-03-04,78.87,80.28,78.76,79.58,1053049,79.3725,0.52,153.03846153846152
2024-03-05,79.19,80.62,78.61,80.12,1207472,79.635,0.52,154.0769230769231
2024-03-06,81.5,81.66,79.9,80.58,1993925,80.91,0.52,154.96153846153845
2024-03-07,80.87,81.62,79.89,80.66,1171962,80.76,0.52,155.1153846153846
2024-03-08,81.5,83.12,81.06,81.77,1545783,81.8625,0.52,157.25
2024-03-11,81.35,82.03,80.42,81.13,1291652,81.2325,0.52,156.01923076923075
2024-03-12,81.0,82.57,80.6,82.01,1277692,81.545,0.52,157.71153846153845
2024-03-13,81.81,83.39,81.81,83.22,1232260,82.5575,0.52,160.03846153846152
2024-03-14,82.95,83.05,80.18,80.94,1594513,81.78,0.52,155.65384615384613
2024-03-15,80.73,81.95,80.13,80.74,1915464,80.8875,0.52,155.26923076923075
2024-03-18,81.18,81.39,79.62,79.83,1208204,80.505,0.52,153.51923076923077
2024-03-19,78.89,81.28,78.89,80.85,1140666,79.9775,0.52,155.48076923076923
2024-03-20,82.82,83.74,81.63,83.08,2050372,82.8175,0.52,159.76923076923077
2024-03-21,83.98,87.03,83.85,86.44,2249666,85.325,0.52,166.23076923076923
2024-03-22,86.21,86.78,85.28,85.53,1328759,85.95,0.52,164.48076923076923
2024-03-25,85.91,86.9,85.23,85.78,1334472,85.955,0.52,164.96153846153845
2024-03-26,86.3,87.4,85.63,85.75,1640048,86.27,0.52,164.90384615384616
2024-03-27,86.01,87.21,85.71,86.98,1637967,86.4775,0.52,167.26923076923077
2024-03-28,87.25,88.22,86.92,87.11,1937866,87.375,0.52,167.51923076923077
2024-04-01,86.33,86.61,85.08,85.94,2028906,85.99,0.52,165.26923076923075
2024-04-02,85.13,85.7,83.71,83.81,2115804,84.5875,0.52,161.17307692307693
2024-04-03,83.68,84.2,82.74,83.62,2722478,83.56,0.52,160.80769230769232
2024-04-04,83.94,84.53,80.28,80.67,2161320,82.355,0.52,155.1346153846154
2024-04-05,80.5,81.86,80.03,81.49,1693829,80.97,0.52,156.71153846153845
2024-04-08,83.07,83.78,82.24,82.87,1758966,82.99,0.52,159.3653846153846
2024-04-09,83.05,84.02,82.8,83.39,1844350,83.315,0.52,160.3653846153846
2024-04-10,80.52,80.92,78.9,79.3,3605847,79.91,0.52,152.5
2024-04-11,73.38,74.46,68.5,71.98,14125488,72.08,0.52,138.42307692307693
2024-04-12,70.97,72.47,70.5,71.41,4231192,71.3375,0.52,137.32692307692307
2024-04-15,71.06,71.93,69.02,69.46,3638042,70.3675,0.32,217.06249999999997
2024-04-16,69.57,70.14,68.92,69.8,3049402,69.6075,0.32,218.125
2024-04-17,69.99,70.25,68.51,68.53,2110152,69.32,0.32,214.15625
2024-04-18,68.83,69.67,67.72,67.91,2508444,68.5325,0.32,212.21874999999997
2024-04-19,68.0,68.75,67.87,68.34,1824702,68.24,0.32,213.5625
2024-04-22,68.4,68.69,67.31,67.88,1884367,68.07,0.32,212.12499999999997
2024-04-23,68.19,70.0,68.02,69.69,1563135,68.975,0.32,217.78125
2024-04-24,69.44,70.78,69.04,70.27,2882585,69.8825,0.32,219.59374999999997
2024-04-25,69.04,69.56,67.65,69.22,2809779,68.8675,0.32,216.3125
2024-04-26,69.07,70.21,69.05,69.59,2625796,69.48,0.32,217.46875
2024-04-29,70.02,70.65,69.18,69.35,1674157,69.8,0.32,216.71874999999997
2024-04-30,68.42,68.97,67.56,67.97,2072962,68.23,0.32,212.40625
2024-05-01,67.9,69.19,67.02,67.21,1788644,67.83,0.32,210.03124999999997
2024-05-02,68.67,68.71,65.83,68.04,2950149,67.8125,0.32,212.62500000000003
2024-05-03,69.43,70.34,68.65,68.71,1860154,69.2825,0.32,214.71874999999997
2024-05-06,69.68,70.41,69.22,69.59,1794492,69.725,0.32,217.46875
2024-05-07,69.96,70.92,69.22,69.23,1532979,69.8325,0.32,216.34375
2024-05-08,68.38,70.58,68.24,70.34,1674167,69.385,0.32,219.8125
2024-05-09,70.5,71.59,70.43,71.04,1741565,70.89,0.32,222.00000000000003
2024-05-10,71.19,71.94,70.81,71.71,1404958,71.4125,0.32,224.09374999999997
2024-05-13,72.41,76.79,72.24,74.9,3374687,74.085,0.32,234.0625
2024-05-14,76.2,77.78,75.16,75.76,2178313,76.225,0.32,236.75
2024-05-15,76.63,76.65,74.17,74.35,1797601,75.45,0.32,232.34374999999997
2024-05-16,74.26,74.74,72.88,72.98,1568866,73.715,0.32,228.0625
2024-05-17,72.4,73.18,71.81,72.82,1725666,72.5525,0.32,227.56249999999997
2024-05-20,73.04,73.27,72.07,72.57,1170134,72.7375,0.32,226.78124999999997
2024-05-21,72.55,72.84,71.48,71.97,1612160,72.21,0.32,224.90625
2024-05-22,71.7,71.97,69.53,69.76,1733035,70.74,0.32,218.0
2024-05-23,69.88,69.94,68.43,68.93,1345647,69.295,0.32,215.40625000000003
2024-05-24,69.42,69.89,68.97,69.88,733951,69.54,0.32,218.37499999999997
2024-05-28,70.17,70.43,68.94,69.15,1271477,69.6725,0.32,216.09375
2024-05-29,67.92,68.52,66.87,67.43,1595212,67.685,0.32,210.71875000000003
2024-05-30,68.12,69.89,67.77,69.65,1568675,68.8575,0.32,217.65625
2024-05-31,70.06,70.84,69.3,70.26,2273272,70.115,0.32,219.5625
2024-06-03,71.5,71.51,70.01,70.53,1551494,70.8875,0.32,220.40625
2024-06-04,69.95,71.14,69.65,70.98,1572315,70.43,0.32,221.8125
2024-06-05,71.03,72.36,70.1,72.3,1345850,71.4475,0.32,225.9375
2024-06-06,70.5,71.75,69.89,70.07,1713589,70.5525,0.32,218.96874999999997
2024-06-07,69.16,69.66,68.82,69.17,1766347,69.2025,0.32,216.15625
2024-06-10,69.03,69.38,68.36,68.47,1682567,68.81,0.32,213.96875
2024-06-11,68.21,69.54,67.59,68.88,1675673,68.555,0.32,215.24999999999997
2024-06-12,70.78,73.0,70.09,70.1,2093236,70.9925,0.32,219.06249999999997
2024-06-13,69.64,70.89,69.08,70.29,1348796,69.975,0.32,219.65625000000003
2024-06-14,69.36,69.94,68.01,69.91,2010918,69.305,0.32,218.46874999999997
2024-06-17,69.75,71.79,69.39,71.68,2075488,70.6525,0.32,224.00000000000003
2024-06-18,71.25,72.04,70.31,71.5,2820006,71.275,0.32,223.4375
2024-06-20,71.09,72.05,70.51,71.36,4955489,71.2525,0.32,223.0
2024-06-21,73.74,74.85,70.67,71.63,5677851,72.7225,0.32,223.84374999999997
2024-06-24,70.97,73.83,70.88,73.18,3581588,72.215,0.32,228.68750000000003
2024-06-25,73.0,73.65,71.24,71.77,2880595,72.415,0.32,224.28124999999997
2024-06-26,71.33,72.83,71.05,72.73,1936340,71.985,0.32,227.28125
2024-06-27,73.01,73.49,72.2,73.33,1365415,73.0075,0.97,75.5979381443299
2024-06-28,73.19,74.57,72.86,73.34,2223377,73.49,0.97,75.60824742268042
2024-07-01,73.15,73.96,71.18,71.21,1649487,72.375,0.97,73.41237113402062
2024-07-02,71.29,73.33,70.75,73.28,1900146,72.1625,0.97,75.54639175257732
2024-07-03,73.7,74.61,72.8,72.88,1315086,73.4975,0.97,75.1340206185567
2024-07-05,72.78,72.78,71.46,71.58,2293634,72.15,0.97,73.79381443298969
2024-07-08,72.19,73.34,72.13,73.0,1293567,72.665,0.97,75.25773195876289
2024-07-09,72.7,72.95,72.16,72.26,1280029,72.5175,0.97,74.49484536082475
2024-07-10,73.0,77.35,72.73,76.93,4778462,75.0025,0.97,79.30927835051547
2024-07-11,78.57,80.06,78.22,79.71,2759294,79.14,0.97,82.17525773195875
2024-07-12,78.5,81.69,77.7,80.93,2107616,79.705,0.97,83.43298969072166
2024-07-15,80.41,82.79,80.41,82.0,1567201,81.4025,0.97,84.5360824742268
2024-07-16,82.72,84.23,82.09,84.02,1972019,83.265,0.97,86.61855670103093
2024-07-17,83.02,83.85,82.57,82.9,1446100,83.085,0.97,85.4639175257732
2024-07-18,82.58,84.26,81.49,81.82,1881599,82.5375,0.97,84.35051546391752
2024-07-19,82.02,82.52,79.73,80.01,1459658,81.07,0.97,82.48453608247424
2024-07-22,80.5,80.89,78.94,80.79,1181686,80.28,0.97,83.28865979381445
2024-07-23,80.2,80.6,79.33,80.35,1117000,80.12,0.97,82.83505154639175
2024-07-24,80.0,82.08,79.86,79.9,1636300,80.46,0.97,82.37113402061857
2024-07-25,79.48,82.9,79.25,81.55,1247805,80.795,0.97,84.0721649484536
2024-07-26,82.61,83.63,82.12,83.02,1002712,82.845,0.97,85.58762886597938
2024-07-29,83.08,83.75,82.45,83.26,1022400,83.135,0.97,85.83505154639175
2024-07-30,83.55,84.49,82.67,84.32,1213457,83.7575,0.97,86.92783505154638
2024-07-31,84.5,86.21,83.78,84.44,1478600,84.7325,0.97,87.05154639175258
2024-08-01,85.1,85.73,80.2,81.6,2566900,83.1575,0.97,84.12371134020619
2024-08-02,79.37,79.37,77.65,78.38,2140226,78.6925,0.97,80.80412371134021
2024-08-05,74.8,76.81,73.28,74.7,2442397,74.8975,0.97,77.01030927835052
2024-08-06,74.71,76.76,73.71,75.36,2220495,75.135,0.97,77.69072164948454
2024-08-07,76.66,77.0,73.62,73.73,2565429,75.2525,0.97,76.01030927835052
2024-08-08,74.04,76.07,74.04,75.83,1162242,74.995,0.97,78.17525773195877
2024-08-09,75.82,75.83,74.39,75.69,1487300,75.4325,0.97,78.03092783505154
2024-08-12,75.71,75.98,73.5,73.57,1118401,74.69,0.97,75.84536082474226
2024-08-13,73.9,77.01,73.58,76.82,1450825,75.3275,0.97,79.19587628865979
2024-08-14,77.09,78.73,76.8,77.45,1414344,77.5175,0.97,79.84536082474227
2024-08-15,79.35,80.52,78.61,79.84,1530409,79.58,0.97,82.30927835051547
2024-08-16,79.75,80.91,79.26,79.86,1114218,79.945,0.97,82.3298969072165
2024-08-19,80.02,81.19,79.37,80.31,1028871,80.2225,0.97,82.79381443298969
2024-08-20,80.09,80.48,79.34,79.79,623200,79.925,0.97,82.25773195876289
2024-08-21,80.48,82.51,80.33,82.49,1257400,81.4525,0.97,85.04123711340206
2024-08-22,82.3,82.6,81.67,82.13,653500,82.175,0.97,84.6701030927835
2024-08-23,83.05,85.94,82.38,85.78,1635244,84.2875,0.97,88.43298969072166
2024-08-26,86.55,86.82,84.99,85.02,1524000,85.845,0.97,87.64948453608247
2024-08-27,84.54,84.82,83.28,84.41,1080584,84.2625,0.97,87.02061855670102
2024-08-28,84.02,85.33,83.75,84.75,1053700,84.4625,0.97,87.37113402061856
2024-08-29,85.47,85.89,83.97,85.31,1383310,85.16,0.97,87.94845360824743
2024-08-30,85.81,85.94,83.56,84.55,1163600,84.965,0.97,87.16494845360825
2024-09-03,83.53,84.22,82.43,83.03,1062028,83.3025,0.97,85.5979381443299
2024-09-04,82.82,83.05,81.83,81.85,1544900,82.3875,0.97,84.38144329896907
2024-09-05,82.35,82.52,80.58,80.91,1245605,81.59,0.97,83.41237113402062
2024-09-06,80.55,81.64,79.32,79.38,1047109,80.2225,0.97,81.83505154639175
2024-09-09,79.68,81.55,79.68,80.63,1468924,80.385,0.97,83.12371134020619
2024-09-10,79.51,79.83,75.16,77.72,2987744,78.055,0.97,80.12371134020619
2024-09-11,76.89,76.89,73.84,75.2,1938600,75.705,0.97,77.5257731958763
2024-09-12,75.44,76.91,74.61,76.28,1232501,75.81,0.97,78.63917525773196
2024-09-13,77.16,78.95,77.16,78.78,1489400,78.0125,0.97,81.21649484536083
2024-09-16,79.6,80.78,78.32,79.04,1271585,79.435,0.97,81.48453608247424
2024-09-17,79.73,80.52,78.92,79.39,1831651,79.64,0.97,81.84536082474227
2024-09-18,79.35,79.94,77.07,77.21,2652846,78.3925,0.97,79.59793814432989
2024-09-19,79.4,79.45,77.0,77.39,2873500,78.31,0.97,79.78350515463917
2024-09-20,77.15,77.91,75.53,76.1,3706700,76.6725,0.97,78.45360824742268
2024-09-23,76.42,77.18,75.83,76.45,1818146,76.47,0.97,78.81443298969073
2024-09-24,76.5,76.55,75.69,76.5,2471434,76.31,0.97,78.8659793814433
2024-09-25,76.41,76.42,74.36,74.49,3611920,75.42,0.97,76.79381443298969
2024-09-26,72.99,79.71,72.73,78.21,6531692,75.91,0.97,80.62886597938144
2024-09-27,78.87,79.17,76.29,77.32,2728204,77.9125,0.85,90.96470588235293
2024-09-30,76.93,77.83,76.41,77.38,2010900,77.1375,0.85,91.03529411764706
2024-10-01,76.82,78.61,75.84,78.17,2419748,77.36,0.85,91.96470588235294
2024-10-02,77.45,77.48,75.21,75.43,1681391,76.3925,0.85,88.74117647058824
2024-10-03,74.86,74.86,73.7,74.19,1494800,74.4025,0.85,87.28235294117647
2024-10-04,75.4,75.64,72.57,73.09,2158496,74.175,0.85,85.98823529411766
2024-10-07,72.5,73.12,71.06,72.27,2142304,72.2375,0.85,85.0235294117647
2024-10-08,72.2,73.16,71.07,72.13,1878803,72.14,0.85,84.85882352941177
2024-10-09,72.14,72.14,71.0,71.2,1701116,71.62,0.85,83.76470588235294
2024-10-10,70.75,71.66,69.95,71.11,1909642,70.8675,0.85,83.65882352941176
2024-10-11,71.2,72.37,71.19,72.14,1411700,71.725,0.85,84.87058823529412
2024-10-14,72.04,73.19,71.22,73.04,1490012,72.3725,0.85,85.92941176470589
2024-10-15,73.19,75.66,73.19,73.67,1924200,73.9275,0.85,86.67058823529412
2024-10-16,74.99,75.47,74.15,74.81,1250848,74.855,0.85,88.01176470588236
2024-10-17,75.01,75.31,74.26,75.12,1222710,74.925,0.85,88.3764705882353
2024-10-18,75.25,75.25,74.11,74.7,1198301,74.8275,0.85,87.88235294117648
2024-10-21,74.36,74.37,71.81,71.94,2117414,73.12,0.85,84.63529411764706
2024-10-22,71.4,72.02,70.82,71.48,1659600,71.43,0.85,84.09411764705884
2024-10-23,71.42,73.29,71.38,72.0,1753039,72.0225,0.85,84.70588235294117
2024-10-24,72.53,72.92,72.03,72.58,1079106,72.515,0.85,85.38823529411765
2024-10-25,72.59,72.74,71.94,72.0,1150053,72.3175,0.85,84.70588235294117
2024-10-28,73.16,74.36,72.88,74.31,1198535,73.6775,0.85,87.4235294117647
2024-10-29,73.5,74.03,73.02,73.71,994554,73.565,0.85,86.71764705882353
2024-10-30,73.88,75.71,73.66,74.05,1415464,74.325,0.85,87.11764705882352
2024-10-31,73.85,74.39,72.32,72.38,1296563,73.235,0.85,85.15294117647059
2024-11-01,72.62,74.26,72.06,72.3,1208300,72.81,0.85,85.05882352941177
2024-11-04,72.0,74.03,72.0,73.06,1251900,72.7725,0.85,85.95294117647059
2024-11-05,72.35,73.99,72.03,73.87,1151763,73.06,0.85,86.90588235294119
2024-11-06,77.0,78.16,76.61,76.93,2566608,77.175,0.85,90.50588235294119
2024-11-07,77.0,77.38,75.45,76.44,1384100,76.5675,0.85,89.92941176470588
2024-11-08,76.26,76.53,75.19,75.54,1391035,75.88,0.85,88.87058823529412
2024-11-11,75.69,77.43,75.63,76.78,1532500,76.3825,0.85,90.32941176470588
2024-11-12,76.32,77.23,76.32,76.69,1509037,76.64,0.85,90.2235294117647
2024-11-13,77.5,78.91,76.7,77.86,2170000,77.7425,0.85,91.60000000000001
2024-11-14,78.54,79.65,77.9,78.21,1465100,78.575,0.85,92.01176470588234
2024-11-15,77.95,78.41,77.16,78.03,1216026,77.8875,0.85,91.8
2024-11-18,78.05,78.93,77.06,77.1,1933716,77.785,0.85,90.70588235294117
2024-11-19,75.65,75.82,74.36,75.3,1727752,75.2825,0.85,88.58823529411765
2024-11-20,74.87,76.72,74.63,76.66,1924677,75.72,0.85,90.18823529411765
2024-11-21,77.91,81.33,77.5,80.63,3318121,79.3425,0.85,94.85882352941177
2024-11-22,81.27,81.93,80.47,81.6,2052273,81.3175,0.85,96.0
2024-11-25,83.08,86.49,82.18,85.15,3791225,84.225,0.85,100.1764705882353
2024-11-26,83.51,85.25,83.18,85.09,1605600,84.2575,0.85,100.10588235294118
2024-11-27,85.65,86.36,84.03,84.59,1510909,85.1575,0.85,99.51764705882354
2024-11-29,85.0,85.31,83.95,83.97,807500,84.5575,0.85,98.78823529411765
2024-12-02,83.81,84.16,83.01,83.18,1553726,83.54,0.85,97.85882352941178
2024-12-03,83.22,84.67,82.73,84.22,2224921,83.71,0.85,99.08235294117647
2024-12-04,84.0,84.64,83.33,83.63,1680300,83.9,0.85,98.38823529411765
2024-12-05,84.18,85.48,84.18,84.56,1592349,84.6,0.85,99.48235294117647
2024-12-06,85.5,86.6,85.24,86.23,4643500,85.8925,0.85,101.44705882352942
2024-12-09,86.45,87.98,86.42,87.2,2806008,87.0125,0.85,102.58823529411765
2024-12-10,87.5,87.5,85.09,86.08,1486200,86.5425,0.85,101.27058823529411
2024-12-11,87.0,87.87,86.55,87.0,1489116,87.105,0.85,102.3529411764706
2024-12-12,86.63,87.57,86.62,86.78,1281400,86.9,0.85,102.09411764705882
2024-12-13,86.79,86.79,85.53,86.26,1331248,86.3425,0.85,101.48235294117647
2024-12-16,86.29,86.97,85.05,85.98,2407104,86.0725,0.85,101.15294117647059
2024-12-17,85.2,85.87,83.08,83.12,3233500,84.3175,0.85,97.78823529411765
2024-12-18,84.18,84.69,81.2,81.42,4153036,82.8725,0.85,95.78823529411765
2024-12-19,91.25,91.25,82.99,84.23,5329656,87.43,0.85,99.09411764705884
2024-12-20,85.4,85.4,82.12,84.27,4192700,84.2975,0.85,99.14117647058823
2024-12-23,84.11,84.2,82.53,83.7,1864100,83.635,0.85,98.47058823529413
2024-12-24,84.0,85.2,83.63,84.91,901644,84.435,0.85,99.89411764705882
2024-12-26,84.23,85.54,83.79,85.17,1160343,84.6825,0.85,100.2
2024-12-27,84.1,85.31,83.27,83.77,1319900,84.1125,0.85,98.55294117647058
2024-12-30,83.33,83.35,82.04,82.06,1149007,82.695,0.85,96.54117647058824
2024-12-31,82.27,82.39,81.44,81.76,1280318,81.965,0.85,96.18823529411766
2025-01-02,82.14,82.87,81.14,81.22,1714612,81.8425,0.85,95.55294117647058
2025-01-03,80.75,81.33,79.5,80.07,1963259,80.4125,0.85,94.19999999999999
2025-01-06,80.85,81.28,79.61,79.75,1901858,80.3725,0.85,93.82352941176471
2025-01-07,79.76,80.29,78.53,79.12,1661041,79.425,0.8,98.9
2025-01-08,79.11,82.12,78.75,81.93,2336335,80.4775,0.8,102.41250000000001
2025-01-10,80.54,80.54,78.32,78.34,1793605,79.435,0.8,97.925
2025-01-13,77.64,78.57,77.0,78.5,1705740,77.9275,0.8,98.125
2025-01-14,79.13,79.78,78.61,79.57,1320900,79.2725,0.8,99.46249999999999
2025-01-15,82.04,82.08,80.04,80.28,1549100,81.11,0.8,100.35
2025-01-16,79.9,80.29,79.06,79.65,1466200,79.725,0.8,99.5625
2025-01-17,80.29,80.29,78.68,78.94,1483000,79.55,0.8,98.675
2025-01-21,79.45,80.26,78.45,79.5,1604250,79.415,0.8,99.375
2025-01-22,79.23,79.57,78.06,78.27,1747416,78.7825,0.8,97.83749999999999
2025-01-23,78.42,82.03,78.42,81.99,2270780,80.215,0.8,102.48749999999998
2025-01-24,81.91,82.99,81.91,82.73,1123138,82.385,0.8,103.4125
2025-01-27,82.81,85.08,82.75,84.53,1626300,83.7925,0.8,105.6625
2025-01-28,84.63,85.38,83.61,85.28,1401700,84.725,0.8,106.6
2025-01-29,85.2,86.34,84.93,85.7,1418501,85.5425,0.8,107.125
2025-01-30,86.97,88.87,86.6,87.59,1533600,87.5075,0.8,109.4875
2025-01-31,87.18,87.63,85.47,85.64,1443000,86.48,0.8,107.05
2025-02-03,84.35,85.17,83.0,84.24,1565693,84.19,0.8,105.29999999999998
2025-02-04,83.68,84.58,82.97,84.15,1451400,83.845,0.8,105.1875
2025-02-05,84.75,84.78,83.16,83.88,1405839,84.1425,0.8,104.85
2025-02-06,86.1,86.6,85.21,86.54,1650254,86.1125,0.8,108.175
2025-02-07,86.28,86.64,84.83,85.25,931120,85.75,0.8,106.5625
2025-02-10,86.73,86.73,84.36,85.45,1541119,85.8175,0.8,106.8125
2025-02-11,84.62,86.86,83.94,86.7,1087304,85.53,0.8,108.375
2025-02-12,85.22,86.67,84.26,86.44,1827321,85.6475,0.8,108.05
2025-02-13,86.99,88.18,86.68,87.6,1172444,87.3625,0.8,109.49999999999999
2025-02-14,88.17,89.24,87.85,88.9,1671162,88.54,0.8,111.125
2025-02-18,88.75,89.47,88.28,89.19,1542241,88.9225,0.8,111.4875
2025-02-19,88.41,88.52,86.04,87.44,1796628,87.6025,0.8,109.3
2025-02-20,87.35,87.7,84.89,85.6,1576800,86.385,0.8,106.99999999999999
2025-02-21,86.24,86.38,82.57,82.61,1614410,84.45,0.8,103.26249999999999
2025-02-24,83.27,83.64,81.87,82.89,1127300,82.9175,0.8,103.6125
2025-02-25,83.27,83.66,82.63,82.96,1276106,83.13,0.8,103.69999999999999
2025-02-26,83.29,84.09,82.27,82.52,1506200,83.0425,0.8,103.14999999999999
2025-02-27,82.26,82.94,81.35,81.96,1238602,82.1275,0.8,102.44999999999999
2025-02-28,82.36,83.22,81.83,82.97,1581739,82.595,0.8,103.71249999999999
2025-03-03,83.96,84.49,81.08,81.51,1504400,82.76,0.8,101.8875
2025-03-04,80.54,82.3,78.89,81.15,2043902,80.72,0.8,101.4375
2025-03-05,80.83,80.9,77.87,79.1,3091292,79.675,0.8,98.87499999999999
2025-03-06,77.87,79.37,77.22,77.48,2048200,77.985,0.8,96.85
2025-03-07,77.0,77.26,73.91,76.72,2401900,76.2225,0.8,95.89999999999999
2025-03-10,75.9,75.9,73.78,74.0,3050546,74.895,0.8,92.5
2025-03-11,73.58,74.14,70.86,72.77,2484933,72.8375,0.8,90.96249999999999
2025-03-12,73.2,74.19,71.93,72.54,2214037,72.965,0.8,90.675
2025-03-13,72.55,72.89,68.41,69.25,2519726,70.775,0.8,86.5625
2025-03-14,70.24,70.54,69.29,69.9,1959000,69.9925,0.8,87.375
2025-03-17,69.92,72.37,69.84,71.87,2421101,71.0,0.8,89.8375
2025-03-18,71.43,71.75,69.64,70.33,1711208,70.7875,0.8,87.9125
2025-03-19,70.67,71.68,67.2,70.83,3575500,70.095,0.8,88.5375
2025-03-20,70.12,72.3,69.82,71.69,2437217,70.9825,0.8,89.6125
2025-03-21,70.82,71.95,69.7,71.32,2971347,70.9475,0.8,89.14999999999999
2025-03-24,72.18,73.85,71.75,73.54,2447008,72.83,0.8,91.925
2025-03-25,73.54,74.5,73.13,74.26,1967904,73.8575,0.8,92.825
2025-03-26,75.59,76.42,74.92,75.07,2451213,75.5,0.8,93.83749999999999
2025-03-27,74.72,77.82,73.7,76.93,4564340,75.7925,0.8,96.16250000000001
2025-03-28,76.07,76.92,74.77,75.99,2800041,75.9375,0.8,94.98749999999998
2025-03-31,75.18,78.38,74.61,77.92,2810698,76.5225,0.8,97.39999999999999
2025-04-01,77.62,78.99,77.19,78.88,4104400,78.17,0.8,98.6
2025-04-02,78.04,82.79,77.65,82.77,4015200,80.3125,0.8,103.46249999999999
2025-04-03,79.29,80.17,76.14,76.46,4514441,78.015,0.8,95.57499999999999
2025-04-04,74.24,77.36,72.16,75.72,3650781,74.87,0.8,94.64999999999999
2025-04-07,73.55,77.19,71.31,73.76,4339734,73.9525,0.8,92.2
2025-04-08,75.37,77.98,71.94,73.31,4539027,74.65,0.8,91.6375
2025-04-09,72.12,81.79,72.03,80.06,7537803,76.5,0.8,100.075
2025-04-10,69.49,71.55,63.23,66.45,20279408,67.68,0.8,83.0625
2025-04-11,65.99,68.89,65.5,68.36,5219010,67.185,0.58,117.86206896551725
2025-04-14,69.02,70.0,67.05,67.5,4541939,68.3925,0.58,116.37931034482759
2025-04-15,67.67,68.2,66.76,67.73,3230101,67.59,0.58,116.77586206896554
2025-04-16,66.77,67.05,63.33,64.11,3787300,65.315,0.58,110.5344827586207
2025-04-17,64.04,64.77,63.63,64.59,2270752,64.2575,0.58,111.36206896551725
2025-04-21,63.76,64.19,61.67,62.33,2886800,62.9875,0.58,107.46551724137932
2025-04-22,63.05,65.75,63.05,65.05,3057628,64.225,0.58,112.15517241379311
2025-04-23,67.01,68.53,65.63,65.77,2489115,66.735,0.58,113.39655172413794
2025-04-24,65.93,66.34,64.72,65.68,2432443,65.6675,0.58,113.24137931034485
2025-04-25,65.13,65.65,64.55,65.03,2156229,65.09,0.58,112.12068965517243
2025-04-28,65.81,66.93,64.32,65.11,3041900,65.5425,0.58,112.25862068965517
2025-04-29,64.44,65.28,64.3,64.86,2785949,64.72,0.58,111.82758620689656
2025-04-30,63.58,64.74,62.15,64.67,3704934,63.785,0.58,111.50000000000001
2025-05-01,65.39,66.96,64.1,65.52,3454025,65.4925,0.58,112.96551724137932
2025-05-02,66.26,67.1,65.74,66.71,2086466,66.4525,0.58,115.01724137931035
2025-05-05,66.1,67.3,65.88,66.29,3236154,66.3925,0.58,114.29310344827589
2025-05-06,65.32,66.65,65.15,66.37,2310600,65.8725,0.58,114.43103448275863
2025-05-07,67.05,67.4,65.15,65.88,2776563,66.37,0.58,113.58620689655173
2025-05-08,66.15,67.81,65.38,66.55,3847900,66.4725,0.58,114.74137931034483
2025-05-09,67.05,67.06,65.68,66.1,2099324,66.4725,0.58,113.9655172413793
2025-05-12,69.81,70.26,68.24,69.06,3465707,69.3425,0.58,119.0689655172414
2025-05-13,69.47,70.37,69.08,69.56,2589325,69.62,0.58,119.93103448275863
2025-05-14,69.33,69.33,67.58,67.82,4084400,68.515,0.58,116.93103448275862
2025-05-15,67.34,67.93,66.62,67.9,2746080,67.4475,0.58,117.0689655172414
2025-05-16,67.5,67.86,67.0,67.25,2631724,67.4025,0.58,115.94827586206897
2025-05-19,66.25,68.44,65.86,67.97,2615918,67.13,0.58,117.1896551724138
